{"type":"FeatureCollection","features":[{"type":"Feature","properties":{"county_fips":"05017","county_name":"Chicot","state":"AR"},"geometry":{"type":"Polygon","coordinates":[[[-91.4604,33.0059],[-91.4535,33.5637],[-91.3496,33.5636],[-91.3508,33.5193],[-91.346,33.5336],[-91.3331,33.5335],[-91.3246,33.5187],[-91.2458,33.5172],[-91.2448,33.5536],[-91.2424,33.5615],[-91.2338,33.5613],[-91.2195,33.5302],[-91.1826,33.4992],[-91.2085,33.4686],[-91.2317,33.4571],[-91.2352,33.439],[-91.2068,33.4338],[-91.1765,33.4446],[-91.1698,33.452],[-91.177,33.4873],[-91.168,33.4983],[-91.1322,33.4816],[-91.1178,33.4581],[-91.1319,33.4301],[-91.2053,33.4142],[-91.2081,33.402],[-91.172,33.381],[-91.1488,33.3788],[-91.1212,33.3884],[-91.0963,33.4128],[-91.0903,33.4481],[-91.0758,33.4557],[-91.0598,33.4503],[-91.0644,33.4185],[-91.1422,33.349],[-91.1416,33.2995],[-91.1061,33.2418],[-91.0987,33.2385],[-91.0785,33.2833],[-91.0524,33.2854],[-91.0436,33.2746],[-91.0504,33.2512],[-91.0707,33.2273],[-91.1003,33.2194],[-91.0808,33.1822],[-91.0857,33.1372],[-91.1281,33.1289],[-91.1504,33.1307],[-91.1631,33.1422],[-91.1837,33.1417],[-91.202,33.1231],[-91.2002,33.1069],[-91.1212,33.0592],[-91.1283,33.0343],[-91.1618,33.0198],[-91.1661,33.0043],[-91.4604,33.0059]]]}},{"type":"Feature","properties":{"county_fips":"05121","county_name":"Randolph","state":"AR"},"geometry":{"type":"Polygon","coordinates":[[[-91.4069,36.4971],[-90.7842,36.4985],[-90.7681,36.4771],[-90.7792,36.437],[-90.7676,36.4325],[-90.7779,36.4258],[-90.7627,36.4288],[-90.7561,36.4227],[-90.7684,36.4207],[-90.7704,36.4133],[-90.7487,36.4129],[-90.7499,36.2802],[-90.7653,36.2871],[-90.7813,36.2839],[-90.7876,36.2939],[-90.795,36.2862],[-90.8062,36.2881],[-90.8098,36.1497],[-91.0549,36.1515],[-91.0657,36.1415],[-91.0638,36.1184],[-91.0735,36.1149],[-91.0812,36.1211],[-91.0718,36.1262],[-91.0858,36.1319],[-91.0829,36.1508],[-91.1197,36.1537],[-91.1424,36.1669],[-91.1612,36.2048],[-91.1853,36.2064],[-91.198,36.2211],[-91.2272,36.2249],[-91.2347,36.2421],[-91.2419,36.2257],[-91.2409,36.2577],[-91.2589,36.2579],[-91.2585,36.3309],[-91.276,36.3309],[-91.2749,36.3746],[-91.2924,36.3747],[-91.2915,36.3892],[-91.3101,36.3898],[-91.3087,36.4204],[-91.3491,36.4209],[-91.3619,36.4722],[-91.3985,36.4799],[-91.4069,36.4971]]]}},{"type":"Feature","properties":{"county_fips":"05073","county_name":"Lafayette","state":"AR"},"geometry":{"type":"Polygon","coordinates":[[[-93.8633,33.0989],[-93.8543,33.1039],[-93.8486,33.1402],[-93.8395,33.1483],[-93.8146,33.1358],[-93.8104,33.1551],[-93.7998,33.1625],[-93.7886,33.1599],[-93.7753,33.1394],[-93.7726,33.1662],[-93.7349,33.1566],[-93.7366,33.1661],[-93.7558,33.1675],[-93.7582,33.178],[-93.7284,33.184],[-93.7392,33.1986],[-93.7351,33.2082],[-93.7003,33.2259],[-93.7218,33.2221],[-93.729,33.2276],[-93.7083,33.2551],[-93.729,33.2801],[-93.7208,33.2883],[-93.6899,33.277],[-93.6867,33.3044],[-93.6927,33.3173],[-93.6649,33.3295],[-93.6815,33.3392],[-93.7076,33.3404],[-93.6979,33.3705],[-93.6718,33.3778],[-93.6867,33.3887],[-93.7043,33.3728],[-93.7184,33.3751],[-93.7201,33.3863],[-93.6991,33.3877],[-93.732,33.4198],[-93.7147,33.4391],[-93.7363,33.4271],[-93.7463,33.4407],[-93.7258,33.4457],[-93.7371,33.4578],[-93.72,33.482],[-93.4832,33.4762],[-93.4839,33.4474],[-93.3656,33.4445],[-93.4129,33.3625],[-93.4104,33.3525],[-93.429,33.3152],[-93.4228,33.3031],[-93.4362,33.2892],[-93.4331,33.2739],[-93.4407,33.2595],[-93.4817,33.2601],[-93.4906,33.0184],[-93.8071,33.0194],[-93.8075,33.0266],[-93.8279,33.0337],[-93.8189,33.0494],[-93.8406,33.0575],[-93.8368,33.077],[-93.8633,33.0989]]]}},{"type":"Feature","properties":{"county_fips":"05057","county_name":"Hempstead","state":"AR"},"geometry":{"type":"Polygon","coordinates":[[[-93.9695,33.7402],[-93.9526,33.739],[-93.957,33.7509],[-93.8316,33.7482],[-93.8231,34.0089],[-93.7498,34.0069],[-93.7,33.9952],[-93.6815,33.9833],[-93.6466,33.9829],[-93.6157,33.9592],[-93.5911,33.9643],[-93.5433,33.9506],[-93.5325,33.9549],[-93.5282,33.9429],[-93.4991,33.9457],[-93.4905,33.9567],[-93.476,33.9518],[-93.4777,33.9613],[-93.4673,33.9642],[-93.4565,33.9601],[-93.4609,33.8251],[-93.4712,33.8253],[-93.4832,33.4762],[-93.72,33.482],[-93.7493,33.5136],[-93.7417,33.5284],[-93.7475,33.5344],[-93.7646,33.5153],[-93.7565,33.5017],[-93.7727,33.4989],[-93.7802,33.5216],[-93.769,33.5321],[-93.7836,33.5278],[-93.7975,33.535],[-93.7837,33.556],[-93.8059,33.5419],[-93.8009,33.5648],[-93.8278,33.5738],[-93.8125,33.5981],[-93.8182,33.6133],[-93.8339,33.6072],[-93.8433,33.6181],[-93.8602,33.6172],[-93.8653,33.6314],[-93.8845,33.6274],[-93.8952,33.6397],[-93.9155,33.6289],[-93.9018,33.6473],[-93.9132,33.6632],[-93.9313,33.663],[-93.9305,33.6546],[-93.9405,33.6477],[-93.9467,33.6604],[-93.9645,33.6684],[-93.9606,33.6925],[-93.9667,33.7041],[-93.9513,33.7069],[-93.9512,33.7216],[-93.959,33.7279],[-93.9587,33.7138],[-93.9643,33.7134],[-93.9694,33.7278],[-93.9629,33.735],[-93.9695,33.7402]]]}},{"type":"Feature","properties":{"county_fips":"22031","county_name":"De Soto","state":"LA"},"geometry":{"type":"Polygon","coordinates":[[[-94.0418,31.9924],[-94.0426,32.1961],[-93.9512,32.1956],[-93.8619,32.252],[-93.8521,32.2897],[-93.8112,32.3095],[-93.8071,32.3278],[-93.7954,32.3377],[-93.7648,32.3456],[-93.7465,32.3412],[-93.7379,32.3262],[-93.7257,32.3285],[-93.7161,32.3167],[-93.698,32.3248],[-93.6464,32.3044],[-93.616,32.273],[-93.6143,32.2357],[-93.5934,32.2057],[-93.5569,32.1921],[-93.5353,32.1928],[-93.5095,32.1304],[-93.5243,32.1246],[-93.5398,32.1025],[-93.5141,32.0857],[-93.5042,32.0643],[-93.4803,32.057],[-93.4804,32.03],[-93.4605,32.0209],[-93.4582,32.0067],[-93.4418,31.9894],[-93.4066,31.988],[-93.3728,31.962],[-93.3678,31.9371],[-93.3532,31.9336],[-93.3779,31.9327],[-93.3775,31.9234],[-93.3988,31.9179],[-93.4143,31.9242],[-93.4147,31.9338],[-93.4239,31.9314],[-93.4406,31.9136],[-93.4412,31.8452],[-93.8796,31.8436],[-93.889,31.8557],[-93.8808,31.8648],[-93.893,31.8763],[-93.9025,31.8753],[-93.8974,31.8944],[-93.9267,31.8883],[-93.9322,31.8935],[-93.9233,31.9078],[-93.9535,31.9106],[-93.9618,31.924],[-93.9739,31.9217],[-94.0173,31.9893],[-94.0418,31.9924]]]}},{"type":"Feature","properties":{"county_fips":"22111","county_name":"Union","state":"LA"},"geometry":{"type":"Polygon","coordinates":[[[-92.7341,32.8048],[-92.734,32.8182],[-92.7255,32.8181],[-92.7247,33.0143],[-92.0668,33.0033],[-92.0714,32.9878],[-92.0818,32.9816],[-92.0761,32.9696],[-92.0856,32.9652],[-92.0726,32.9252],[-92.0796,32.921],[-92.0739,32.9166],[-92.0807,32.9146],[-92.0771,32.8942],[-92.0848,32.8786],[-92.0563,32.8431],[-92.0675,32.8321],[-92.0527,32.7947],[-92.0631,32.7622],[-92.0527,32.737],[-92.0696,32.7335],[-92.0598,32.727],[-92.0914,32.6866],[-92.1202,32.6736],[-92.1402,32.6748],[-92.1382,32.6608],[-92.2217,32.6103],[-92.2238,32.5904],[-92.2735,32.5809],[-92.2975,32.5879],[-92.3018,32.5825],[-92.4152,32.5829],[-92.4152,32.6703],[-92.519,32.6708],[-92.5191,32.7204],[-92.5483,32.7193],[-92.5672,32.7462],[-92.5847,32.7465],[-92.5938,32.7556],[-92.7254,32.7594],[-92.7254,32.8033],[-92.7341,32.8048]]]}},{"type":"Feature","properties":{"county_fips":"22115","county_name":"Vernon","state":"LA"},"geometry":{"type":"Polygon","coordinates":[[[-93.5782,31.0],[-93.5656,31.0132],[-93.5559,31.0037],[-93.5391,31.0083],[-93.5334,31.019],[-93.5085,31.0294],[-93.5312,31.0517],[-93.5189,31.0619],[-93.5277,31.0746],[-93.5522,31.0789],[-93.5493,31.0903],[-93.5635,31.094],[-93.5397,31.1144],[-93.5487,31.1558],[-93.5365,31.1585],[-93.5431,31.1707],[-93.5314,31.179],[-93.5351,31.1856],[-93.5551,31.1874],[-93.5443,31.2028],[-93.5515,31.2149],[-93.5415,31.2266],[-93.5505,31.2276],[-93.5565,31.2403],[-93.5359,31.2527],[-93.5354,31.2764],[-93.4426,31.2767],[-93.3905,31.3641],[-92.992,31.3604],[-92.9814,31.3394],[-92.9644,31.3396],[-92.9643,31.3324],[-92.9305,31.3322],[-92.9304,31.3244],[-92.8797,31.3174],[-92.8796,31.2885],[-92.8627,31.2885],[-92.8628,31.2742],[-92.8464,31.2741],[-92.8461,31.2529],[-92.8295,31.2521],[-92.8242,30.8772],[-93.4245,30.8835],[-93.4787,30.8592],[-93.5237,30.8798],[-93.5546,30.8775],[-93.5641,30.8686],[-93.573,30.8876],[-93.5492,30.8974],[-93.5584,30.9135],[-93.5452,30.9271],[-93.5432,30.9201],[-93.5309,30.9245],[-93.526,30.9375],[-93.5318,30.9582],[-93.5728,30.9707],[-93.5643,30.9896],[-93.5782,31.0]]]}},{"type":"Feature","properties":{"county_fips":"28001","county_name":"Adams","state":"MS"},"geometry":{"type":"Polygon","coordinates":[[[-91.655,31.2518],[-91.6413,31.2669],[-91.5642,31.2616],[-91.5186,31.2753],[-91.5121,31.2842],[-91.5087,31.3151],[-91.549,31.3473],[-91.5462,31.3825],[-91.5557,31.3864],[-91.569,31.3776],[-91.5763,31.4105],[-91.545,31.433],[-91.5218,31.3752],[-91.5042,31.365],[-91.4725,31.3713],[-91.4721,31.3959],[-91.5,31.4205],[-91.5151,31.4492],[-91.5149,31.5101],[-91.5225,31.5221],[-91.514,31.5321],[-91.4797,31.5304],[-91.4439,31.5425],[-91.4079,31.5694],[-91.4039,31.5898],[-91.4227,31.5971],[-91.4852,31.5862],[-91.513,31.6069],[-91.5167,31.6273],[-91.4977,31.6454],[-91.4743,31.6254],[-91.4367,31.6127],[-91.401,31.6204],[-91.3979,31.7094],[-91.365,31.7482],[-91.3179,31.7498],[-91.3069,31.711],[-91.3,31.7123],[-91.2918,31.6916],[-91.3001,31.6722],[-91.267,31.6639],[-91.2694,31.6474],[-91.249,31.6438],[-91.2333,31.6294],[-91.1538,31.6305],[-91.1582,31.3467],[-91.1846,31.348],[-91.1896,31.3569],[-91.2088,31.3548],[-91.218,31.3723],[-91.2571,31.3601],[-91.2628,31.3694],[-91.2743,31.37],[-91.2849,31.3567],[-91.2987,31.3647],[-91.3417,31.34],[-91.3509,31.3375],[-91.3555,31.3459],[-91.4238,31.3153],[-91.4684,31.3196],[-91.4711,31.2856],[-91.4962,31.2826],[-91.489,31.2652],[-91.4772,31.2595],[-91.4871,31.2275],[-91.5297,31.2145],[-91.5318,31.2324],[-91.5526,31.2386],[-91.5757,31.2245],[-91.5895,31.1911],[-91.6016,31.2086],[-91.6444,31.2344],[-91.655,31.2518]]]}},{"type":"Feature","properties":{"county_fips":"28143","county_name":"Tunica","state":"MS"},"geometry":{"type":"Polygon","coordinates":[[[-90.5918,34.6238],[-90.5832,34.652],[-90.5684,34.6689],[-90.5701,34.6934],[-90.5415,34.6831],[-90.5551,34.6462],[-90.5416,34.6286],[-90.5172,34.6309],[-90.466,34.6743],[-90.4637,34.6926],[-90.4742,34.7053],[-90.5324,34.6962],[-90.5719,34.7128],[-90.5636,34.7378],[-90.5456,34.7389],[-90.5394,34.7553],[-90.5478,34.7833],[-90.5264,34.8017],[-90.5111,34.7983],[-90.4925,34.7645],[-90.5242,34.7314],[-90.4917,34.7214],[-90.4484,34.7391],[-90.4765,34.7936],[-90.4694,34.8126],[-90.4554,34.8208],[-90.4844,34.8636],[-90.476,34.8858],[-90.4623,34.8917],[-90.4366,34.8827],[-90.4294,34.8666],[-90.4497,34.8399],[-90.4387,34.8252],[-90.3894,34.8307],[-90.3384,34.8585],[-90.3113,34.8442],[-90.3048,34.8604],[-90.2021,34.8604],[-90.2002,34.7244],[-90.2133,34.7226],[-90.2314,34.702],[-90.2202,34.6889],[-90.2258,34.6748],[-90.2185,34.6644],[-90.2252,34.6616],[-90.2146,34.6578],[-90.2163,34.6469],[-90.24,34.6262],[-90.2366,34.6076],[-90.2439,34.6022],[-90.2363,34.605],[-90.2399,34.5932],[-90.2111,34.5731],[-90.2183,34.5595],[-90.1986,34.5544],[-90.1985,34.5111],[-90.3043,34.5096],[-90.3019,34.4245],[-90.3995,34.4238],[-90.5678,34.524],[-90.5425,34.5401],[-90.5405,34.5579],[-90.5738,34.5921],[-90.5918,34.6238]]]}},{"type":"Feature","properties":{"county_fips":"47157","county_name":"Shelby","state":"TN"},"geometry":{"type":"Polygon","coordinates":[[[-90.3084,34.9957],[-90.2923,35.0414],[-90.2073,35.0258],[-90.1776,35.0638],[-90.1768,35.1121],[-90.1547,35.1309],[-90.095,35.1175],[-90.0665,35.1368],[-90.0687,35.156],[-90.1014,35.1711],[-90.1174,35.1901],[-90.1161,35.1986],[-90.0965,35.1948],[-90.0886,35.2123],[-90.0782,35.2097],[-90.0749,35.2181],[-90.0864,35.2382],[-90.1051,35.2544],[-90.1521,35.256],[-90.1688,35.2791],[-90.1573,35.3015],[-90.11,35.305],[-90.0962,35.3489],[-90.0783,35.3749],[-90.081,35.3859],[-90.0416,35.3966],[-89.7788,35.3878],[-89.7767,35.4052],[-89.7308,35.4011],[-89.7303,35.4068],[-89.7093,35.4095],[-89.7025,35.4086],[-89.7029,35.3891],[-89.6428,35.388],[-89.646,35.3723],[-89.6328,35.3758],[-89.644,34.9953],[-90.3084,34.9957]]]}},{"type":"Feature","properties":{"county_fips":"48419","county_name":"Shelby","state":"TX"},"geometry":{"type":"Polygon","coordinates":[[[-94.5114,31.974],[-94.0154,31.9802],[-93.9739,31.9217],[-93.9618,31.924],[-93.9535,31.9106],[-93.9233,31.9078],[-93.9322,31.8935],[-93.9221,31.8857],[-93.8974,31.8944],[-93.9025,31.8753],[-93.893,31.8763],[-93.8808,31.8648],[-93.889,31.8557],[-93.8731,31.8367],[-93.8733,31.8149],[-93.8393,31.8003],[-93.8346,31.7833],[-93.8226,31.7736],[-93.8361,31.7485],[-93.8135,31.7259],[-93.8163,31.7075],[-93.7945,31.7021],[-93.8128,31.6698],[-93.8221,31.674],[-93.8265,31.6669],[-93.816,31.6323],[-93.8168,31.6225],[-93.8272,31.6203],[-93.8187,31.6146],[-93.8381,31.6068],[-93.8363,31.5857],[-93.8992,31.6117],[-93.9261,31.5907],[-93.9845,31.5694],[-94.0908,31.6206],[-94.3991,31.6536],[-94.4067,31.6652],[-94.407,31.6954],[-94.4168,31.7059],[-94.4125,31.7464],[-94.4324,31.7752],[-94.4241,31.8002],[-94.4339,31.8245],[-94.4638,31.8565],[-94.462,31.8714],[-94.4775,31.8862],[-94.4807,31.9021],[-94.5113,31.9241],[-94.5114,31.974]]]}},{"type":"Feature","properties":{"county_fips":"05045","county_name":"Faulkner","state":"AR"},"geometry":{"type":"Polygon","coordinates":[[[-92.5992,35.0003],[-92.5437,35.059],[-92.5407,35.0877],[-92.5539,35.1178],[-92.543,35.1261],[-92.5339,35.1148],[-92.5217,35.1146],[-92.506,35.1382],[-92.5131,35.1435],[-92.5041,35.1475],[-92.5015,35.1633],[-92.5073,35.1669],[-92.4998,35.175],[-92.529,35.1903],[-92.5277,35.2095],[-92.5191,35.2171],[-92.5315,35.2243],[-92.5152,35.2331],[-92.5124,35.2445],[-92.5037,35.2408],[-92.5144,35.2563],[-92.4849,35.2755],[-92.4815,35.3684],[-92.1115,35.3626],[-92.1215,35.0122],[-92.2272,35.0146],[-92.2299,34.9275],[-92.4191,34.9316],[-92.4131,34.9249],[-92.4176,34.9137],[-92.4496,34.9033],[-92.4424,34.8711],[-92.4472,34.857],[-92.4364,34.843],[-92.4646,34.8628],[-92.4511,34.9052],[-92.4735,34.947],[-92.5611,34.957],[-92.5881,34.9756],[-92.5992,35.0003]]]}},{"type":"Feature","properties":{"county_fips":"05011","county_name":"Bradley","state":"AR"},"geometry":{"type":"Polygon","coordinates":[[[-92.3815,33.3406],[-92.3722,33.367],[-92.3762,33.377],[-92.3599,33.3797],[-92.356,33.4009],[-92.3283,33.4432],[-92.3224,33.4857],[-92.311,33.4999],[-92.3238,33.5315],[-92.3141,33.551],[-92.3259,33.5711],[-92.321,33.5856],[-92.3305,33.6031],[-92.3207,33.6341],[-92.3271,33.6617],[-92.3201,33.6823],[-92.3309,33.7077],[-91.9759,33.7044],[-91.9762,33.5297],[-92.0082,33.5297],[-91.999,33.5],[-92.0089,33.4868],[-92.0001,33.473],[-92.0152,33.4566],[-92.0127,33.4474],[-91.9921,33.4365],[-92.002,33.4155],[-91.9869,33.3872],[-91.9599,33.379],[-91.9695,33.3691],[-91.9713,33.3504],[-91.9893,33.3484],[-91.9735,33.3207],[-91.9773,33.3025],[-91.9933,33.298],[-92.0008,33.3041],[-92.0092,33.2973],[-92.0011,33.287],[-92.0058,33.2825],[-92.027,33.2745],[-92.0312,33.2828],[-92.042,33.2782],[-92.0365,33.2685],[-92.048,33.2635],[-92.0447,33.2566],[-92.0733,33.251],[-92.0712,33.2385],[-92.0887,33.2386],[-92.0937,33.2214],[-92.1161,33.2232],[-92.1142,33.2081],[-92.1281,33.2092],[-92.136,33.1966],[-92.1384,33.1878],[-92.1284,33.1836],[-92.1351,33.1834],[-92.1295,33.1798],[-92.1375,33.1629],[-92.1479,33.1617],[-92.1502,33.1704],[-92.1645,33.1613],[-92.1723,33.1646],[-92.1626,33.172],[-92.1675,33.1844],[-92.1815,33.1876],[-92.1744,33.1951],[-92.1802,33.214],[-92.1957,33.2017],[-92.223,33.2097],[-92.2231,33.221],[-92.2109,33.2249],[-92.2341,33.2332],[-92.225,33.2537],[-92.2668,33.2545],[-92.2709,33.2666],[-92.2927,33.2644],[-92.2975,33.281],[-92.3129,33.2723],[-92.3094,33.2646],[-92.3265,33.2627],[-92.3276,33.2796],[-92.3591,33.282],[-92.3503,33.2988],[-92.3787,33.3148],[-92.3815,33.3406]]]}},{"type":"Feature","properties":{"county_fips":"05085","county_name":"Lonoke","state":"AR"},"geometry":{"type":"Polygon","coordinates":[[[-92.1215,35.0122],[-92.1184,35.0673],[-92.0891,35.0648],[-92.0682,35.0752],[-92.05,35.0671],[-92.0129,35.0763],[-91.9954,35.0589],[-91.9494,35.0445],[-91.9253,35.0459],[-91.9021,35.0278],[-91.8952,35.0329],[-91.8754,35.0236],[-91.8526,35.0246],[-91.8113,35.0335],[-91.8025,35.0307],[-91.8037,34.9215],[-91.6937,34.9196],[-91.7008,34.6721],[-91.6753,34.663],[-91.6417,34.6352],[-91.6391,34.6228],[-91.6596,34.6],[-91.665,34.5798],[-91.6522,34.5667],[-91.6364,34.5664],[-91.633,34.5533],[-91.679,34.507],[-91.6834,34.4925],[-91.6755,34.4829],[-92.0303,34.4895],[-92.0297,34.6217],[-92.1091,34.6229],[-92.0929,34.7048],[-92.0971,34.722],[-92.0788,34.7218],[-92.0708,35.0116],[-92.1215,35.0122]]]}},{"type":"Feature","properties":{"county_fips":"05037","county_name":"Cross","state":"AR"},"geometry":{"type":"Polygon","coordinates":[[[-91.0426,35.1482],[-91.0393,35.443],[-90.7161,35.4498],[-90.5024,35.4416],[-90.503,35.1433],[-91.0426,35.1482]]]}},{"type":"Feature","properties":{"county_fips":"22001","county_name":"Acadia","state":"LA"},"geometry":{"type":"Polygon","coordinates":[[[-92.6323,30.3171],[-92.6186,30.3342],[-92.6278,30.3471],[-92.6297,30.3789],[-92.6072,30.3867],[-92.6049,30.4119],[-92.5946,30.4203],[-92.6006,30.4375],[-92.6231,30.4566],[-92.632,30.4812],[-92.2448,30.4802],[-92.2442,30.4367],[-92.1764,30.4369],[-92.1758,30.3497],[-92.1586,30.3499],[-92.1585,30.3208],[-92.1415,30.3208],[-92.1422,30.2846],[-92.1595,30.2846],[-92.1593,30.27],[-92.1763,30.2702],[-92.1761,30.2411],[-92.2102,30.2419],[-92.2146,30.2222],[-92.2479,30.211],[-92.251,30.1707],[-92.2753,30.1461],[-92.2904,30.1488],[-92.3002,30.1306],[-92.3241,30.1235],[-92.3235,30.1142],[-92.3465,30.0859],[-92.4247,30.0491],[-92.4847,30.0648],[-92.4924,30.0761],[-92.5209,30.0871],[-92.5294,30.1066],[-92.5539,30.1156],[-92.5818,30.0974],[-92.6245,30.0897],[-92.6183,30.1042],[-92.6284,30.1262],[-92.6217,30.1327],[-92.6286,30.1348],[-92.6077,30.1594],[-92.6183,30.1761],[-92.5925,30.1799],[-92.5945,30.1971],[-92.5832,30.2004],[-92.6067,30.2087],[-92.6266,30.2304],[-92.6225,30.2789],[-92.6282,30.2967],[-92.6213,30.308],[-92.6323,30.3171]]]}},{"type":"Feature","properties":{"county_fips":"22067","county_name":"Morehouse","state":"LA"},"geometry":{"type":"Polygon","coordinates":[[[-92.0856,32.9652],[-92.0761,32.9696],[-92.0818,32.9816],[-92.0714,32.9878],[-92.0689,33.0082],[-91.4327,33.0026],[-91.4389,32.991],[-91.4495,32.9902],[-91.4486,32.9825],[-91.439,32.9855],[-91.4411,32.9745],[-91.477,32.9416],[-91.4759,32.9266],[-91.4975,32.9061],[-91.4947,32.8908],[-91.5184,32.8767],[-91.5412,32.8766],[-91.567,32.855],[-91.5777,32.83],[-91.5736,32.8254],[-91.6053,32.7829],[-91.5959,32.7725],[-91.5972,32.7489],[-91.6389,32.7025],[-91.6234,32.695],[-91.622,32.6799],[-91.6374,32.6685],[-91.6369,32.6582],[-91.663,32.6186],[-91.672,32.6112],[-91.7134,32.6106],[-91.7348,32.5879],[-91.7423,32.5589],[-91.7698,32.5544],[-91.7982,32.5706],[-91.8108,32.5695],[-91.8169,32.5547],[-91.8377,32.5435],[-91.8395,32.5185],[-91.8664,32.5225],[-91.8892,32.5434],[-91.8978,32.5357],[-91.901,32.5133],[-91.9104,32.5058],[-91.9044,32.5276],[-91.9207,32.5474],[-91.9272,32.5699],[-91.9228,32.5799],[-91.9434,32.5871],[-91.9216,32.6246],[-91.9242,32.6453],[-91.9103,32.6511],[-91.9117,32.6614],[-91.9235,32.6676],[-91.9347,32.6588],[-91.9477,32.6648],[-91.9673,32.6862],[-91.9753,32.7116],[-91.9931,32.7045],[-92.0086,32.7084],[-92.0189,32.7005],[-92.0404,32.7126],[-92.0429,32.7035],[-92.0306,32.6972],[-92.0499,32.6861],[-92.0428,32.6992],[-92.0559,32.6981],[-92.0521,32.7152],[-92.0657,32.7096],[-92.0482,32.7198],[-92.0652,32.723],[-92.0599,32.7297],[-92.0696,32.7335],[-92.0521,32.7414],[-92.0631,32.759],[-92.0527,32.7947],[-92.0675,32.8321],[-92.0557,32.8399],[-92.0842,32.8759],[-92.0771,32.8942],[-92.0807,32.9146],[-92.0739,32.9166],[-92.0796,32.921],[-92.0726,32.9252],[-92.0856,32.9652]]]}},{"type":"Feature","properties":{"county_fips":"22081","county_name":"Red River","state":"LA"},"geometry":{"type":"Polygon","coordinates":[[[-93.6147,32.2375],[-93.2131,32.2358],[-93.2111,32.1922],[-93.1919,32.1784],[-93.1857,32.1429],[-93.1524,32.1045],[-93.1643,32.0933],[-93.1617,32.0831],[-93.1361,32.0562],[-93.1419,32.0406],[-93.1589,32.0277],[-93.1581,32.0094],[-93.1212,31.9726],[-93.2385,31.9728],[-93.2395,31.9036],[-93.2537,31.9133],[-93.2795,31.8871],[-93.3027,31.8976],[-93.3189,31.8884],[-93.3505,31.8987],[-93.3463,31.9068],[-93.36,31.9239],[-93.3534,31.9354],[-93.3678,31.9371],[-93.3728,31.962],[-93.4066,31.988],[-93.4418,31.9894],[-93.4582,32.0067],[-93.4605,32.0209],[-93.4804,32.03],[-93.4803,32.057],[-93.5042,32.0643],[-93.5141,32.0857],[-93.5413,32.1047],[-93.5095,32.1304],[-93.5207,32.1446],[-93.5289,32.1855],[-93.5373,32.1935],[-93.5569,32.1921],[-93.5934,32.2057],[-93.6147,32.2375]]]}},{"type":"Feature","properties":{"county_fips":"22039","county_name":"Evangeline","state":"LA"},"geometry":{"type":"Polygon","coordinates":[[[-92.6338,30.4833],[-92.6141,30.5065],[-92.6236,30.5188],[-92.5994,30.5352],[-92.5943,30.5573],[-92.5827,30.566],[-92.5975,30.5817],[-92.5978,30.896],[-92.5481,30.9031],[-92.5191,30.8931],[-92.4953,30.9015],[-92.4802,30.9182],[-92.4803,30.9523],[-92.4187,30.975],[-92.4089,30.9931],[-92.3882,31.0016],[-92.3418,30.9815],[-92.344,30.9704],[-92.3254,30.9703],[-92.3308,30.9633],[-92.2807,30.9651],[-92.2807,30.936],[-92.2383,30.8922],[-92.2378,30.8483],[-92.2126,30.8486],[-92.208,30.7867],[-92.1723,30.7679],[-92.1725,30.6739],[-92.2005,30.6562],[-92.2116,30.6169],[-92.2115,30.5681],[-92.2624,30.5683],[-92.2627,30.5387],[-92.4494,30.5342],[-92.4614,30.524],[-92.4643,30.4953],[-92.4775,30.4954],[-92.4933,30.4805],[-92.6338,30.4833]]]}},{"type":"Feature","properties":{"county_fips":"22043","county_name":"Grant","state":"LA"},"geometry":{"type":"Polygon","coordinates":[[[-92.9735,31.7089],[-92.6209,31.7096],[-92.6193,31.7973],[-92.3626,31.7966],[-92.3613,31.7814],[-92.3441,31.7695],[-92.3449,31.7592],[-92.3368,31.7605],[-92.3583,31.7436],[-92.3501,31.7381],[-92.3587,31.723],[-92.3687,31.7223],[-92.3725,31.7015],[-92.349,31.6978],[-92.3471,31.6906],[-92.3594,31.683],[-92.3501,31.6807],[-92.3563,31.6703],[-92.3657,31.6723],[-92.3624,31.6592],[-92.3691,31.6598],[-92.3606,31.6429],[-92.3689,31.6314],[-92.3553,31.6376],[-92.3546,31.6303],[-92.346,31.6296],[-92.3522,31.6238],[-92.3663,31.628],[-92.3688,31.6169],[-92.3837,31.6187],[-92.343,31.5958],[-92.306,31.589],[-92.3229,31.577],[-92.3,31.567],[-92.3025,31.5484],[-92.2803,31.5421],[-92.2976,31.5351],[-92.275,31.5306],[-92.2751,31.5361],[-92.2696,31.5292],[-92.2799,31.5142],[-92.2752,31.506],[-92.283,31.5021],[-92.2766,31.4954],[-92.2577,31.4953],[-92.2491,31.5059],[-92.2386,31.5001],[-92.2483,31.4845],[-92.2412,31.4776],[-92.2301,31.4774],[-92.2392,31.4904],[-92.2168,31.4921],[-92.2114,31.4805],[-92.1961,31.4779],[-92.6586,31.3881],[-92.669,31.4036],[-92.6817,31.396],[-92.6958,31.4024],[-92.6772,31.4156],[-92.6944,31.4282],[-92.6805,31.4461],[-92.7026,31.4466],[-92.708,31.4637],[-92.7052,31.4716],[-92.6906,31.473],[-92.6993,31.491],[-92.6842,31.4928],[-92.6833,31.499],[-92.7019,31.4944],[-92.7171,31.5246],[-92.7613,31.5474],[-92.7562,31.5579],[-92.8014,31.597],[-92.8409,31.6012],[-92.8691,31.6172],[-92.9063,31.6236],[-92.9028,31.6595],[-92.9216,31.6635],[-92.9277,31.6774],[-92.9642,31.6802],[-92.9599,31.7013],[-92.9735,31.7089]]]}},{"type":"Feature","properties":{"county_fips":"22083","county_name":"Richland","state":"LA"},"geometry":{"type":"Polygon","coordinates":[[[-92.0345,32.2787],[-92.0198,32.2976],[-92.0062,32.3542],[-92.0115,32.3632],[-91.9942,32.4011],[-91.9443,32.4488],[-91.9386,32.4838],[-91.904,32.509],[-91.896,32.5377],[-91.8872,32.5439],[-91.8664,32.5225],[-91.8453,32.5173],[-91.8388,32.52],[-91.8377,32.5435],[-91.8169,32.5547],[-91.8108,32.5695],[-91.7982,32.5706],[-91.7698,32.5544],[-91.7423,32.5589],[-91.7351,32.5715],[-91.7397,32.5783],[-91.7199,32.6057],[-91.706,32.6132],[-91.672,32.6112],[-91.6471,32.6399],[-91.6376,32.6673],[-91.5969,32.6671],[-91.5962,32.5821],[-91.4453,32.582],[-91.4314,32.5622],[-91.4414,32.5429],[-91.4689,32.5345],[-91.4852,32.503],[-91.4803,32.4984],[-91.4857,32.4769],[-91.4716,32.4356],[-91.4853,32.4369],[-91.4868,32.4138],[-91.4765,32.4056],[-91.6351,32.4058],[-91.6495,32.3894],[-91.6691,32.3885],[-91.6802,32.384],[-91.6802,32.3736],[-91.6975,32.3711],[-91.7035,32.3425],[-91.7142,32.3432],[-91.7232,32.3336],[-91.7608,32.3354],[-91.7591,32.3177],[-91.7661,32.3107],[-91.7579,32.3098],[-91.7663,32.3056],[-91.7618,32.2985],[-91.7691,32.295],[-91.7625,32.2932],[-91.7741,32.2774],[-91.7715,32.2481],[-91.7803,32.243],[-91.7767,32.2388],[-91.7869,32.2391],[-91.7922,32.2251],[-91.8129,32.222],[-91.8232,32.19],[-91.8373,32.1762],[-91.8751,32.1739],[-91.8947,32.1516],[-91.9005,32.1531],[-91.8929,32.1628],[-91.9106,32.1691],[-91.9328,32.1652],[-91.9425,32.1755],[-91.9806,32.1666],[-91.9761,32.1792],[-91.9837,32.1918],[-91.9738,32.2036],[-92.0001,32.1904],[-92.0091,32.1935],[-91.978,32.2162],[-91.9831,32.2243],[-92.0001,32.2117],[-91.9912,32.2255],[-92.0075,32.2311],[-91.9862,32.2508],[-92.0014,32.2568],[-91.9921,32.2638],[-91.9934,32.2768],[-92.0345,32.2787]]]}},{"type":"Feature","properties":{"county_fips":"28089","county_name":"Madison","state":"MS"},"geometry":{"type":"Polygon","coordinates":[[[-90.4514,32.5786],[-90.4278,32.5857],[-90.4044,32.5747],[-90.371,32.6026],[-90.3687,32.5955],[-90.3565,32.6021],[-90.3502,32.6131],[-90.337,32.6059],[-90.3221,32.6162],[-90.3112,32.6407],[-90.2977,32.6471],[-90.2881,32.6418],[-90.2778,32.6604],[-90.2445,32.6587],[-90.2275,32.668],[-90.2229,32.6599],[-90.1977,32.6638],[-90.154,32.6916],[-90.1359,32.6877],[-90.132,32.7022],[-90.0996,32.7003],[-90.0761,32.7295],[-90.0576,32.7312],[-90.0395,32.7476],[-90.0172,32.8032],[-90.0175,32.827],[-89.9954,32.834],[-89.9833,32.8645],[-89.9659,32.8796],[-89.73,32.8851],[-89.7303,32.6342],[-89.7613,32.6067],[-89.7709,32.6061],[-89.7686,32.6],[-89.7829,32.5966],[-89.7859,32.5837],[-89.794,32.593],[-89.7952,32.5845],[-89.8086,32.5908],[-89.8139,32.5819],[-89.8329,32.5902],[-89.837,32.5854],[-89.84,32.5933],[-89.8465,32.5827],[-89.8589,32.5848],[-89.867,32.5645],[-89.8863,32.5632],[-89.8959,32.5544],[-89.8932,32.5424],[-89.9113,32.5373],[-89.9112,32.5287],[-89.9233,32.5289],[-89.9294,32.5133],[-89.9419,32.5132],[-89.9606,32.4914],[-89.9816,32.4982],[-89.9928,32.4828],[-90.0025,32.4859],[-90.0193,32.4773],[-90.0407,32.4417],[-90.0681,32.4386],[-90.0629,32.42],[-90.0753,32.4191],[-90.0641,32.3999],[-90.2438,32.4001],[-90.2436,32.4875],[-90.4499,32.4884],[-90.4514,32.5786]]]}},{"type":"Feature","properties":{"county_fips":"48245","county_name":"Jefferson","state":"TX"},"geometry":{"type":"Polygon","coordinates":[[[-94.4449,30.113],[-94.4311,30.1136],[-94.4283,30.1055],[-94.4012,30.0972],[-94.3762,30.1091],[-94.365,30.1015],[-94.3508,30.1091],[-94.3421,30.1031],[-94.3155,30.1177],[-94.3004,30.1141],[-94.2792,30.1319],[-94.2756,30.1701],[-94.2361,30.1653],[-94.2037,30.1888],[-94.1876,30.1789],[-94.1764,30.1879],[-94.169,30.1734],[-94.1179,30.1641],[-94.1135,30.1483],[-94.1009,30.143],[-94.1091,30.1367],[-94.0796,30.1271],[-94.0743,30.1165],[-94.0873,30.1049],[-94.0921,30.0823],[-94.0519,30.0787],[-94.043,30.0637],[-94.0275,30.066],[-94.0359,30.0414],[-94.0309,30.0264],[-94.001,30.031],[-93.9968,30.0131],[-93.9831,30.0218],[-93.9818,30.0089],[-93.9606,30.0134],[-93.9544,30.0011],[-93.9311,29.9911],[-93.9138,29.996],[-93.9035,29.9855],[-93.8602,29.9774],[-93.8439,29.9548],[-93.839,29.9264],[-93.8543,29.865],[-93.9164,29.825],[-93.9292,29.803],[-93.9224,29.785],[-93.8939,29.7673],[-93.8916,29.7446],[-93.87,29.7355],[-93.838,29.6906],[-93.8377,29.679],[-93.9848,29.6824],[-94.0565,29.6712],[-94.3541,29.5626],[-94.358,29.8875],[-94.4422,29.8871],[-94.4449,30.113]]]}},{"type":"Feature","properties":{"county_fips":"48457","county_name":"Tyler","state":"TX"},"geometry":{"type":"Polygon","coordinates":[[[-94.658,31.012],[-94.5619,31.059],[-94.5485,31.0534],[-94.5475,31.0591],[-94.5089,31.0433],[-94.4923,31.045],[-94.4732,31.0264],[-94.4442,31.034],[-94.4511,31.0034],[-94.4343,31.0069],[-94.436,31.0138],[-94.4138,31.0265],[-94.3824,31.0264],[-94.375,31.0353],[-94.3547,31.0322],[-94.3538,31.0394],[-94.3388,31.0373],[-94.3251,31.02],[-94.2932,31.0428],[-94.2828,31.0361],[-94.2799,31.0177],[-94.2384,31.0137],[-94.2331,30.9863],[-94.2414,30.9925],[-94.2447,30.966],[-94.2279,30.9578],[-94.2337,30.9517],[-94.227,30.9504],[-94.2286,30.9397],[-94.2238,30.9477],[-94.221,30.9353],[-94.21,30.938],[-94.1994,30.9283],[-94.2159,30.9015],[-94.2,30.8921],[-94.2051,30.8865],[-94.1899,30.872],[-94.201,30.8635],[-94.1913,30.8381],[-94.1801,30.834],[-94.1859,30.8314],[-94.1783,30.8231],[-94.1877,30.8243],[-94.1891,30.8182],[-94.1778,30.8123],[-94.1802,30.7956],[-94.1501,30.7902],[-94.1328,30.7646],[-94.1399,30.7559],[-94.1282,30.7465],[-94.1382,30.7319],[-94.1295,30.7194],[-94.1374,30.7143],[-94.123,30.7009],[-94.1258,30.6841],[-94.0913,30.6882],[-94.0824,30.6677],[-94.0864,30.6573],[-94.0731,30.6561],[-94.0795,30.6608],[-94.0739,30.6676],[-94.0531,30.6485],[-94.0598,30.647],[-94.0516,30.6418],[-94.0532,30.6292],[-94.0758,30.618],[-94.0697,30.6107],[-94.0812,30.6072],[-94.0793,30.5981],[-94.0959,30.5768],[-94.0859,30.5697],[-94.0939,30.5673],[-94.0859,30.5473],[-94.0706,30.541],[-94.0683,30.5283],[-94.5457,30.527],[-94.658,31.012]]]}},{"type":"Feature","properties":{"county_fips":"05139","county_name":"Union","state":"AR"},"geometry":{"type":"Polygon","coordinates":[[[-92.9888,33.0173],[-92.9785,33.3771],[-92.7942,33.3726],[-92.7561,33.3876],[-92.7262,33.3843],[-92.7149,33.3705],[-92.6608,33.356],[-92.6459,33.3685],[-92.624,33.3592],[-92.5988,33.361],[-92.6032,33.3644],[-92.5944,33.3737],[-92.5617,33.362],[-92.5473,33.3663],[-92.5464,33.3595],[-92.5318,33.3556],[-92.5354,33.3482],[-92.5268,33.3325],[-92.5193,33.332],[-92.5242,33.3169],[-92.4999,33.3276],[-92.4881,33.3155],[-92.4807,33.3278],[-92.4708,33.3143],[-92.46,33.3202],[-92.471,33.3063],[-92.4585,33.304],[-92.473,33.2937],[-92.4601,33.2832],[-92.4529,33.2874],[-92.443,33.2734],[-92.4327,33.2766],[-92.4314,33.2695],[-92.3771,33.28],[-92.3569,33.302],[-92.3503,33.2963],[-92.3591,33.282],[-92.3276,33.2796],[-92.325,33.2621],[-92.3094,33.2646],[-92.3129,33.2723],[-92.2975,33.281],[-92.2927,33.2644],[-92.2709,33.2666],[-92.2668,33.2545],[-92.225,33.2537],[-92.2341,33.2332],[-92.2109,33.2249],[-92.2222,33.2219],[-92.2243,33.2117],[-92.1957,33.2017],[-92.1802,33.214],[-92.1744,33.1951],[-92.1815,33.1876],[-92.1726,33.1894],[-92.1746,33.1827],[-92.1675,33.1844],[-92.1628,33.1733],[-92.1715,33.1634],[-92.1599,33.1619],[-92.1615,33.1684],[-92.1502,33.1704],[-92.1467,33.1613],[-92.1107,33.1574],[-92.1083,33.1458],[-92.1195,33.1444],[-92.1132,33.1331],[-92.1181,33.1219],[-92.1274,33.1203],[-92.1437,33.0983],[-92.1326,33.0967],[-92.1295,33.0705],[-92.1151,33.071],[-92.1088,33.0325],[-92.0827,33.0312],[-92.069,33.0082],[-92.9888,33.0173]]]}},{"type":"Feature","properties":{"county_fips":"05003","county_name":"Ashley","state":"AR"},"geometry":{"type":"Polygon","coordinates":[[[-92.1437,33.0983],[-92.1274,33.1203],[-92.1181,33.1219],[-92.1132,33.1331],[-92.1195,33.1444],[-92.1083,33.1458],[-92.1117,33.1587],[-92.1372,33.1612],[-92.1295,33.1798],[-92.1351,33.1834],[-92.1284,33.1836],[-92.1384,33.1878],[-92.1281,33.2092],[-92.1142,33.2081],[-92.1161,33.2232],[-92.0937,33.2214],[-92.0863,33.2402],[-92.0712,33.2385],[-92.0733,33.251],[-92.0447,33.2566],[-92.048,33.2635],[-92.0365,33.2685],[-92.042,33.2782],[-92.0312,33.2828],[-92.027,33.2745],[-92.0015,33.2856],[-92.0092,33.2973],[-92.0008,33.3041],[-91.9933,33.298],[-91.9773,33.3025],[-91.9735,33.3207],[-91.9893,33.3484],[-91.9713,33.3504],[-91.9695,33.3691],[-91.9599,33.379],[-91.9869,33.3872],[-91.9902,33.3983],[-91.4574,33.389],[-91.4604,33.0059],[-92.069,33.0082],[-92.0827,33.0312],[-92.1088,33.0325],[-92.1151,33.071],[-92.1295,33.0705],[-92.1326,33.0967],[-92.1437,33.0983]]]}},{"type":"Feature","properties":{"county_fips":"05041","county_name":"Desha","state":"AR"},"geometry":{"type":"Polygon","coordinates":[[[-91.5577,33.7833],[-91.5487,33.9768],[-91.4657,33.9758],[-91.4652,34.0047],[-91.4223,33.9985],[-91.422,34.0117],[-91.3879,33.9798],[-91.3733,33.9822],[-91.3544,34.0048],[-91.3313,33.9836],[-91.326,33.9892],[-91.3403,34.0126],[-91.3316,34.0166],[-91.3184,34.004],[-91.312,33.9746],[-91.3225,33.9668],[-91.3477,33.9713],[-91.3576,33.9628],[-91.3533,33.9569],[-91.3118,33.9594],[-91.2902,33.9685],[-91.2908,33.9556],[-91.2708,33.9415],[-91.2625,33.9573],[-91.2519,33.9568],[-91.2302,33.9778],[-91.2365,33.9428],[-91.2292,33.9405],[-91.2155,33.9546],[-91.1702,33.9587],[-91.1618,33.9435],[-91.1742,33.9286],[-91.1642,33.9213],[-91.1544,33.9302],[-91.1369,33.9262],[-91.1515,33.9373],[-91.1407,33.9462],[-91.1521,33.9536],[-91.1357,33.962],[-91.1588,33.979],[-91.1622,34.0058],[-91.1844,34.0175],[-91.1969,34.0502],[-91.1851,34.0826],[-91.1677,34.0943],[-91.1499,34.0854],[-91.1507,34.1035],[-91.1413,34.1017],[-91.1424,34.1113],[-91.1236,34.1063],[-91.1179,34.119],[-90.9556,34.1189],[-90.9213,34.0935],[-90.8881,34.0978],[-90.8719,34.0867],[-90.8878,34.0554],[-90.8912,34.0279],[-90.9195,34.0213],[-90.9646,34.0268],[-90.9882,34.0192],[-90.9615,33.9799],[-90.9709,33.9619],[-91.0001,33.9664],[-91.0189,34.0032],[-91.0487,33.9927],[-91.0747,34.009],[-91.0862,34.0064],[-91.0878,33.9593],[-91.0231,33.9432],[-91.0102,33.9316],[-91.0346,33.8983],[-91.0698,33.8727],[-91.0702,33.8453],[-91.0491,33.816],[-90.9968,33.7969],[-90.9894,33.7806],[-91.0184,33.7641],[-91.0534,33.7783],[-91.1084,33.7717],[-91.1294,33.7837],[-91.145,33.7681],[-91.1488,33.7314],[-91.1262,33.7092],[-91.1019,33.7049],[-91.0605,33.7151],[-91.0304,33.6878],[-91.0368,33.6713],[-91.0914,33.6578],[-91.1334,33.6768],[-91.1604,33.7066],[-91.2239,33.6937],[-91.2306,33.6771],[-91.2245,33.6652],[-91.16,33.6429],[-91.1374,33.6269],[-91.1295,33.6016],[-91.1649,33.5702],[-91.2424,33.5615],[-91.2458,33.5172],[-91.3246,33.5187],[-91.3331,33.5335],[-91.346,33.5336],[-91.3508,33.5193],[-91.3496,33.5636],[-91.4535,33.5637],[-91.4503,33.7805],[-91.5577,33.7833]]]}},{"type":"Feature","properties":{"county_fips":"22029","county_name":"Concordia","state":"LA"},"geometry":{"type":"Polygon","coordinates":[[[-91.8674,31.3162],[-91.8626,31.3575],[-91.852,31.3711],[-91.8316,31.379],[-91.809,31.3706],[-91.7909,31.3739],[-91.7768,31.3852],[-91.7857,31.395],[-91.8344,31.4016],[-91.8545,31.4199],[-91.8641,31.4662],[-91.8544,31.4825],[-91.8559,31.496],[-91.8426,31.5032],[-91.8288,31.4972],[-91.8071,31.4388],[-91.7797,31.4409],[-91.7501,31.4306],[-91.7221,31.4424],[-91.7314,31.4658],[-91.8027,31.4765],[-91.8038,31.4888],[-91.7839,31.5025],[-91.7759,31.5235],[-91.8224,31.5634],[-91.8275,31.588],[-91.8063,31.631],[-91.7758,31.6486],[-91.7645,31.6442],[-91.7457,31.6149],[-91.7122,31.6332],[-91.7056,31.6459],[-91.7143,31.676],[-91.6925,31.7373],[-91.6804,31.7436],[-91.6625,31.7294],[-91.6392,31.7282],[-91.5981,31.7621],[-91.5517,31.7228],[-91.5353,31.7377],[-91.5447,31.7523],[-91.4224,31.7552],[-91.378,31.7476],[-91.4,31.6979],[-91.401,31.6204],[-91.4367,31.6127],[-91.4743,31.6254],[-91.4977,31.6454],[-91.5167,31.6273],[-91.513,31.6069],[-91.4852,31.5862],[-91.4227,31.5971],[-91.4039,31.5898],[-91.4079,31.5694],[-91.4439,31.5425],[-91.4797,31.5304],[-91.514,31.5321],[-91.5225,31.5221],[-91.5149,31.5101],[-91.5151,31.4492],[-91.5,31.4205],[-91.4721,31.3959],[-91.4725,31.3713],[-91.5042,31.365],[-91.5218,31.3752],[-91.545,31.433],[-91.5763,31.4105],[-91.569,31.3776],[-91.5557,31.3864],[-91.5462,31.3825],[-91.549,31.3473],[-91.5087,31.3151],[-91.5121,31.2842],[-91.5186,31.2753],[-91.5539,31.263],[-91.6377,31.2677],[-91.654,31.2558],[-91.6444,31.2344],[-91.5901,31.1937],[-91.5915,31.1731],[-91.6242,31.1337],[-91.6265,31.1191],[-91.5641,31.0668],[-91.5604,31.0495],[-91.5717,31.0298],[-91.6369,30.9994],[-91.6625,30.9704],[-91.6559,31.0056],[-91.6438,31.024],[-91.6492,31.0372],[-91.6644,31.0448],[-91.7,31.0391],[-91.7238,31.0443],[-91.7101,31.0734],[-91.7188,31.0892],[-91.7034,31.1057],[-91.7176,31.1191],[-91.719,31.1346],[-91.7027,31.1618],[-91.6837,31.163],[-91.6773,31.188],[-91.7062,31.2089],[-91.7228,31.1996],[-91.7585,31.2222],[-91.7832,31.2234],[-91.811,31.2371],[-91.8137,31.2502],[-91.8343,31.2663],[-91.8237,31.2776],[-91.8236,31.2932],[-91.8542,31.2961],[-91.8674,31.3162]]]}},{"type":"Feature","properties":{"county_fips":"22035","county_name":"East Carroll","state":"LA"},"geometry":{"type":"Polygon","coordinates":[[[-91.4562,32.5404],[-91.4414,32.5429],[-91.4416,32.5531],[-91.4309,32.5605],[-91.4445,32.5847],[-91.3949,32.6124],[-91.4059,32.6223],[-91.403,32.6404],[-91.3941,32.6454],[-91.4036,32.6806],[-91.3978,32.6933],[-91.3751,32.6893],[-91.3738,32.7189],[-91.3433,32.7497],[-91.3398,32.8217],[-91.3477,32.8246],[-91.3404,32.8599],[-91.3284,32.8726],[-91.319,32.865],[-91.3076,32.8804],[-91.3122,32.9133],[-91.3021,32.9263],[-91.3094,32.9352],[-91.2979,32.9492],[-91.2768,32.9542],[-91.277,32.9756],[-91.2677,32.9751],[-91.2739,32.9872],[-91.2622,32.9924],[-91.265,33.0051],[-91.1661,33.0043],[-91.1733,32.9861],[-91.2018,32.9612],[-91.1994,32.9523],[-91.214,32.9303],[-91.1998,32.9085],[-91.1754,32.9],[-91.1517,32.9019],[-91.134,32.9177],[-91.1355,32.9797],[-91.1118,32.9884],[-91.0943,32.9844],[-91.0804,32.9628],[-91.0819,32.9448],[-91.0648,32.9265],[-91.0644,32.9011],[-91.1056,32.8584],[-91.1279,32.8551],[-91.145,32.8429],[-91.1617,32.8125],[-91.1644,32.7858],[-91.1569,32.7803],[-91.1653,32.7513],[-91.1545,32.7423],[-91.0772,32.7325],[-91.0547,32.7192],[-91.0639,32.7029],[-91.1183,32.6741],[-91.1498,32.644],[-91.1513,32.6159],[-91.1411,32.5972],[-91.1199,32.5848],[-91.0498,32.6072],[-91.0384,32.6364],[-91.0258,32.6466],[-91.0035,32.6248],[-91.0102,32.6019],[-91.0702,32.5625],[-91.1076,32.5622],[-91.1331,32.5379],[-91.4562,32.5404]]]}},{"type":"Feature","properties":{"county_fips":"22011","county_name":"Beauregard","state":"LA"},"geometry":{"type":"Polygon","coordinates":[[[-93.7417,30.403],[-93.7227,30.4196],[-93.7268,30.4297],[-93.7171,30.4231],[-93.6978,30.4406],[-93.7069,30.444],[-93.7063,30.4581],[-93.699,30.4588],[-93.7174,30.4838],[-93.7098,30.4826],[-93.7167,30.494],[-93.7065,30.5099],[-93.7403,30.5396],[-93.7292,30.5449],[-93.7239,30.5592],[-93.7278,30.5741],[-93.6929,30.5944],[-93.6922,30.5857],[-93.6851,30.5866],[-93.6787,30.5941],[-93.6891,30.6114],[-93.682,30.6186],[-93.6831,30.6408],[-93.6204,30.6942],[-93.6245,30.7011],[-93.6095,30.7231],[-93.619,30.7403],[-93.6083,30.7478],[-93.6144,30.7599],[-93.5921,30.7637],[-93.5927,30.7751],[-93.5832,30.7786],[-93.5894,30.7867],[-93.5819,30.789],[-93.5838,30.8018],[-93.5613,30.8076],[-93.5642,30.8175],[-93.5546,30.8232],[-93.5536,30.8351],[-93.5685,30.8451],[-93.5573,30.8521],[-93.5619,30.8583],[-93.5546,30.8775],[-93.5237,30.8798],[-93.4787,30.8592],[-93.4245,30.8835],[-92.9787,30.8781],[-92.9791,30.598],[-93.1307,30.5981],[-93.1312,30.4031],[-93.3852,30.4027],[-93.3845,30.4902],[-93.4863,30.4905],[-93.4862,30.4025],[-93.7417,30.403]]]}},{"type":"Feature","properties":{"county_fips":"40141","county_name":"Tillman","state":"OK"},"geometry":{"type":"Polygon","coordinates":[[[-99.2351,34.4011],[-99.234,34.4285],[-99.228,34.4196],[-99.2216,34.4254],[-99.2308,34.4414],[-99.2285,34.4514],[-99.2131,34.457],[-99.221,34.4629],[-99.2149,34.481],[-99.2246,34.481],[-99.2221,34.4928],[-99.2084,34.5037],[-99.1957,34.545],[-99.1796,34.5397],[-99.1711,34.5472],[-99.1845,34.5623],[-99.1633,34.588],[-99.1322,34.5921],[-99.1246,34.583],[-99.1115,34.5922],[-99.0831,34.5904],[-99.0918,34.6131],[-99.0818,34.6138],[-99.0803,34.6223],[-99.1031,34.6379],[-99.001,34.6379],[-99.0011,34.5944],[-98.826,34.5944],[-98.8261,34.5074],[-98.662,34.5075],[-98.662,34.3334],[-98.6097,34.3337],[-98.61,34.1572],[-98.6481,34.1644],[-98.6906,34.133],[-98.7343,34.1358],[-98.742,34.1255],[-98.757,34.1246],[-98.7656,34.1364],[-98.7884,34.1467],[-98.7962,34.1428],[-98.813,34.1584],[-98.8556,34.1616],[-98.8601,34.1499],[-98.8681,34.1496],[-98.8729,34.1666],[-98.9183,34.1818],[-98.9525,34.2126],[-98.9608,34.213],[-98.9663,34.2013],[-98.9741,34.2036],[-98.9873,34.2212],[-99.0131,34.2032],[-99.0363,34.2069],[-99.0435,34.1982],[-99.0795,34.2115],[-99.1266,34.203],[-99.1306,34.2194],[-99.1513,34.2076],[-99.1895,34.2143],[-99.1963,34.2815],[-99.2078,34.2838],[-99.2135,34.3107],[-99.2058,34.3201],[-99.2101,34.3377],[-99.1954,34.3415],[-99.1927,34.3549],[-99.2076,34.3742],[-99.2203,34.3751],[-99.2102,34.3934],[-99.2289,34.3877],[-99.226,34.4],[-99.2351,34.4011]]]}},{"type":"Feature","properties":{"county_fips":"28113","county_name":"Pike","state":"MS"},"geometry":{"type":"Polygon","coordinates":[[[-90.5476,30.9997],[-90.5482,31.3496],[-90.2604,31.3503],[-90.2596,31.0007],[-90.5476,30.9997]]]}},{"type":"Feature","properties":{"county_fips":"28151","county_name":"Washington","state":"MS"},"geometry":{"type":"Polygon","coordinates":[[[-91.2359,33.4406],[-91.2317,33.4571],[-91.2085,33.4686],[-91.1826,33.4992],[-91.2187,33.5294],[-90.7613,33.5294],[-90.7638,33.2704],[-90.7163,33.27],[-90.7314,33.2646],[-90.7323,33.2297],[-90.679,33.1997],[-90.6869,33.1869],[-90.6881,33.1485],[-90.7006,33.1251],[-90.6796,33.1146],[-90.6796,33.1025],[-90.7018,33.0963],[-90.9145,33.0974],[-90.9143,33.0077],[-91.1663,33.0114],[-91.1575,33.0227],[-91.1283,33.0343],[-91.1212,33.0592],[-91.2002,33.1069],[-91.202,33.1231],[-91.1837,33.1417],[-91.1631,33.1422],[-91.1504,33.1307],[-91.1281,33.1289],[-91.0857,33.1372],[-91.0808,33.1822],[-91.1003,33.2194],[-91.0707,33.2273],[-91.0504,33.2512],[-91.0436,33.2746],[-91.0524,33.2854],[-91.0785,33.2833],[-91.0987,33.2385],[-91.1061,33.2418],[-91.1416,33.2995],[-91.1422,33.349],[-91.0644,33.4185],[-91.0581,33.4465],[-91.0707,33.4559],[-91.087,33.4513],[-91.0967,33.4376],[-91.0995,33.4072],[-91.1212,33.3884],[-91.1488,33.3788],[-91.1769,33.3828],[-91.2092,33.4063],[-91.1994,33.4183],[-91.1763,33.417],[-91.1319,33.4301],[-91.1169,33.452],[-91.1322,33.4816],[-91.1717,33.497],[-91.1774,33.4816],[-91.1698,33.452],[-91.1765,33.4446],[-91.2068,33.4338],[-91.2359,33.4406]]]}},{"type":"Feature","properties":{"county_fips":"28033","county_name":"DeSoto","state":"MS"},"geometry":{"type":"Polygon","coordinates":[[[-90.3177,34.8711],[-90.2579,34.8934],[-90.2413,34.919],[-90.2459,34.9487],[-90.2961,34.9765],[-90.3084,34.9957],[-89.7243,34.9952],[-89.7234,34.7723],[-89.9122,34.7725],[-89.9155,34.7582],[-89.9557,34.7374],[-89.9541,34.7269],[-89.9818,34.7262],[-89.9827,34.7203],[-90.0301,34.7079],[-90.0542,34.7126],[-90.0606,34.7282],[-90.0729,34.721],[-90.0906,34.7358],[-90.107,34.7333],[-90.1172,34.754],[-90.139,34.762],[-90.1575,34.7547],[-90.1715,34.759],[-90.1746,34.7435],[-90.1879,34.7388],[-90.1838,34.7335],[-90.1996,34.7224],[-90.2021,34.8604],[-90.3048,34.8604],[-90.3177,34.8711]]]}},{"type":"Feature","properties":{"county_fips":"28021","county_name":"Claiborne","state":"MS"},"geometry":{"type":"Polygon","coordinates":[[[-91.2481,31.8698],[-91.2028,31.908],[-91.1806,31.918],[-91.1847,31.9351],[-91.1932,31.9357],[-91.1883,31.961],[-91.1774,31.9733],[-91.1644,31.9826],[-91.1041,31.9904],[-91.0759,32.0168],[-91.0881,32.0345],[-91.1563,32.0527],[-91.162,32.0654],[-91.1558,32.0756],[-91.1349,32.0804],[-91.1037,32.0503],[-91.0823,32.0476],[-91.0815,32.0778],[-91.0347,32.1011],[-91.0307,32.1143],[-90.9903,32.097],[-90.9703,32.0946],[-90.9612,32.1052],[-90.966,32.0879],[-90.9577,32.0903],[-90.951,32.0816],[-90.9525,32.0902],[-90.9434,32.0891],[-90.9439,32.0783],[-90.9384,32.0853],[-90.918,32.0807],[-90.9125,32.0865],[-90.9207,32.0874],[-90.9145,32.0977],[-90.9254,32.0997],[-90.9169,32.1021],[-90.9217,32.1178],[-90.9127,32.1185],[-90.9077,32.1319],[-90.879,32.1144],[-90.8823,32.1215],[-90.8751,32.1276],[-90.8705,32.12],[-90.8461,32.1282],[-90.8438,32.1386],[-90.8581,32.142],[-90.8438,32.159],[-90.8261,32.1563],[-90.8297,32.1449],[-90.8207,32.1371],[-90.8094,32.1476],[-90.8112,32.1555],[-90.7983,32.1428],[-90.7929,32.1516],[-90.7721,32.154],[-90.7668,32.163],[-90.7904,32.1782],[-90.7772,32.1936],[-90.7505,32.1958],[-90.7544,32.2062],[-90.7385,32.2056],[-90.7319,32.215],[-90.7395,32.2155],[-90.7286,32.2251],[-90.7144,31.9776],[-90.7168,31.8446],[-90.733,31.83],[-90.7363,31.7861],[-90.8527,31.7854],[-90.8404,31.8041],[-90.8427,31.8267],[-91.0137,31.8619],[-91.2481,31.8698]]]}},{"type":"Feature","properties":{"county_fips":"20093","county_name":"Kearny","state":"KS"},"geometry":{"type":"Polygon","coordinates":[[[-101.5428,37.8276],[-101.5423,38.2632],[-101.1033,38.2646],[-101.1038,37.829],[-101.0899,37.8291],[-101.0897,37.7363],[-101.5271,37.7363],[-101.527,37.8276],[-101.5428,37.8276]]]}},{"type":"Feature","properties":{"county_fips":"47167","county_name":"Tipton","state":"TN"},"geometry":{"type":"MultiPolygon","coordinates":[[[[-90.0568,35.4039],[-90.0027,35.4305],[-90.0119,35.4626],[-90.0477,35.5026],[-90.0491,35.5223],[-90.0381,35.5497],[-89.9894,35.56],[-89.9585,35.5417],[-89.9587,35.5238],[-89.9119,35.5128],[-89.9024,35.525],[-89.9097,35.538],[-89.8944,35.5502],[-89.8812,35.5779],[-89.8845,35.585],[-89.8602,35.5846],[-89.8424,35.5976],[-89.8447,35.6048],[-89.8241,35.6031],[-89.8265,35.6144],[-89.8148,35.6179],[-89.8177,35.6237],[-89.8071,35.6205],[-89.7936,35.6399],[-89.7797,35.6354],[-89.7591,35.6426],[-89.7581,35.6504],[-89.7391,35.6394],[-89.7291,35.6474],[-89.727,35.6365],[-89.6943,35.6451],[-89.6885,35.6359],[-89.6759,35.6404],[-89.6659,35.6314],[-89.651,35.6387],[-89.6504,35.6485],[-89.631,35.6451],[-89.6326,35.6503],[-89.623,35.6523],[-89.613,35.6432],[-89.6157,35.6369],[-89.6022,35.6238],[-89.5979,35.6301],[-89.5537,35.6044],[-89.5458,35.6098],[-89.5103,35.5808],[-89.4842,35.5744],[-89.4889,35.5714],[-89.4885,35.5681],[-89.4774,35.562],[-89.4827,35.5466],[-89.4699,35.5466],[-89.4742,35.403],[-89.544,35.4047],[-89.5852,35.3975],[-89.645,35.3712],[-89.6428,35.388],[-89.7029,35.3891],[-89.7025,35.4086],[-89.7093,35.4095],[-89.7303,35.4068],[-89.7308,35.4011],[-89.7767,35.4052],[-89.7788,35.3878],[-90.044,35.3967],[-90.0568,35.4039]]],[[[-90.1793,35.3852],[-90.1689,35.4219],[-90.1294,35.4421],[-90.1144,35.4725],[-90.088,35.4786],[-90.0678,35.4662],[-90.0741,35.434],[-90.062,35.4152],[-90.0695,35.4081],[-90.0543,35.3893],[-90.078,35.3845],[-90.1116,35.4096],[-90.1293,35.4138],[-90.1462,35.3995],[-90.1355,35.3767],[-90.1653,35.374],[-90.1793,35.3852]]]]}},{"type":"Feature","properties":{"county_fips":"47009","county_name":"Blount","state":"TN"},"geometry":{"type":"Polygon","coordinates":[[[-84.1883,35.6105],[-84.1517,35.6275],[-84.1345,35.6474],[-84.1347,35.6646],[-84.1538,35.6739],[-84.1728,35.7128],[-84.168,35.7416],[-84.152,35.7576],[-84.1795,35.7684],[-84.1717,35.7817],[-84.1727,35.8044],[-84.1553,35.7941],[-84.1395,35.8001],[-84.1424,35.822],[-84.1342,35.8342],[-84.1466,35.8488],[-84.1301,35.8501],[-84.1211,35.831],[-84.079,35.8508],[-84.0669,35.8306],[-84.055,35.8276],[-84.0475,35.8523],[-84.0328,35.8529],[-84.0206,35.8393],[-84.0098,35.8437],[-84.0104,35.8641],[-84.0286,35.8758],[-84.0087,35.8753],[-83.9961,35.8839],[-83.9741,35.8635],[-83.9461,35.8762],[-83.9068,35.8544],[-83.9075,35.8466],[-83.8535,35.8411],[-83.8118,35.8784],[-83.7887,35.8841],[-83.7794,35.8593],[-83.7843,35.8567],[-83.769,35.8475],[-83.7499,35.8087],[-83.7388,35.8115],[-83.7473,35.7984],[-83.7261,35.7634],[-83.73,35.7543],[-83.7189,35.7477],[-83.7165,35.729],[-83.7013,35.7193],[-83.7053,35.7116],[-83.6805,35.7079],[-83.6743,35.6855],[-83.6628,35.6906],[-83.663,35.5691],[-83.7717,35.5621],[-83.8256,35.5238],[-83.8801,35.5187],[-83.9118,35.476],[-83.937,35.4715],[-83.9494,35.4612],[-83.9652,35.4711],[-83.9396,35.4889],[-83.9598,35.4903],[-83.9745,35.5011],[-83.9873,35.4875],[-84.0098,35.511],[-84.008,35.5205],[-83.9934,35.5278],[-83.9959,35.5529],[-84.0855,35.5414],[-84.0948,35.5533],[-84.0878,35.5599],[-84.0962,35.5755],[-84.1118,35.5768],[-84.1123,35.5875],[-84.131,35.5763],[-84.1487,35.5838],[-84.1489,35.5913],[-84.1819,35.5989],[-84.1883,35.6105]]]}},{"type":"Feature","properties":{"county_fips":"48067","county_name":"Cass","state":"TX"},"geometry":{"type":"Polygon","coordinates":[[[-94.654,32.8795],[-94.6523,33.2689],[-94.6348,33.2514],[-94.608,33.2475],[-94.6051,33.2566],[-94.5905,33.2594],[-94.5784,33.2477],[-94.569,33.2643],[-94.53,33.2674],[-94.5179,33.2821],[-94.4867,33.2803],[-94.4852,33.2879],[-94.4684,33.2943],[-94.4442,33.2812],[-94.4343,33.2875],[-94.4157,33.284],[-94.4113,33.2708],[-94.3978,33.2706],[-94.4003,33.2653],[-94.3794,33.2557],[-94.3609,33.2649],[-94.3447,33.2527],[-94.3256,33.2567],[-94.312,33.2488],[-94.2977,33.2556],[-94.2644,33.2453],[-94.2593,33.237],[-94.2294,33.243],[-94.2392,33.2583],[-94.2327,33.2699],[-94.2404,33.274],[-94.2158,33.2848],[-94.2185,33.2969],[-94.1909,33.298],[-94.1869,33.3055],[-94.1729,33.3015],[-94.1637,33.312],[-94.1305,33.2926],[-94.1205,33.2925],[-94.1246,33.2982],[-94.1168,33.3005],[-94.1135,33.2946],[-94.1101,33.3094],[-94.1004,33.2979],[-94.0995,33.3057],[-94.0929,33.2984],[-94.0826,33.3046],[-94.089,33.2961],[-94.0837,33.2931],[-94.0808,33.2993],[-94.0733,33.292],[-94.0671,33.2947],[-94.0714,33.3004],[-94.0561,33.298],[-94.043,33.2712],[-94.0429,32.8811],[-94.654,32.8795]]]}},{"type":"Feature","properties":{"county_fips":"51051","county_name":"Dickenson","state":"VA"},"geometry":{"type":"Polygon","coordinates":[[[-82.5538,37.2028],[-82.4492,37.2439],[-82.3553,37.2652],[-82.3418,37.2809],[-82.3246,37.2832],[-82.3094,37.3001],[-82.2925,37.3058],[-82.2506,37.2729],[-82.2363,37.212],[-82.202,37.1559],[-82.1916,37.1563],[-82.1838,37.1364],[-82.1749,37.1332],[-82.172,37.1154],[-82.1582,37.1109],[-82.1628,37.0991],[-82.136,37.0613],[-82.137,37.0503],[-82.1605,37.0372],[-82.174,37.039],[-82.184,37.0268],[-82.1964,37.031],[-82.2549,36.9902],[-82.2744,37.0015],[-82.2847,36.9985],[-82.3624,36.9557],[-82.3788,36.9808],[-82.4784,37.0228],[-82.4768,37.0345],[-82.4916,37.0434],[-82.4944,37.06],[-82.5461,37.1251],[-82.5538,37.2028]]]}},{"type":"Feature","properties":{"county_fips":"05025","county_name":"Cleveland","state":"AR"},"geometry":{"type":"Polygon","coordinates":[[[-92.4756,33.9727],[-92.4716,34.0571],[-91.9537,34.0642],[-91.953,33.9772],[-91.9764,33.9773],[-91.9759,33.7044],[-92.3309,33.7077],[-92.3329,33.7319],[-92.3419,33.743],[-92.3271,33.7778],[-92.3412,33.8047],[-92.3356,33.811],[-92.3391,33.8356],[-92.3945,33.8848],[-92.4005,33.9134],[-92.4102,33.9168],[-92.4213,33.9404],[-92.4361,33.9463],[-92.456,33.9724],[-92.4756,33.9727]]]}},{"type":"Feature","properties":{"county_fips":"47079","county_name":"Henry","state":"TN"},"geometry":{"type":"Polygon","coordinates":[[[-88.5303,36.152],[-88.5163,36.5014],[-88.0533,36.4971],[-88.0522,36.4691],[-88.0615,36.4441],[-87.9909,36.3601],[-88.096,36.3587],[-88.0923,36.3403],[-88.1028,36.3101],[-88.0911,36.2964],[-88.0831,36.2571],[-88.1005,36.2544],[-88.1006,36.2337],[-88.1134,36.2233],[-88.1358,36.2187],[-88.1376,36.2014],[-88.1705,36.1746],[-88.1676,36.1626],[-88.1765,36.1477],[-88.2045,36.1239],[-88.2126,36.1203],[-88.2117,36.146],[-88.5303,36.152]]]}},{"type":"Feature","properties":{"county_fips":"48347","county_name":"Nacogdoches","state":"TX"},"geometry":{"type":"Polygon","coordinates":[[[-94.9781,31.7935],[-94.9541,31.7969],[-94.9423,31.8183],[-94.9484,31.8261],[-94.9346,31.8347],[-94.9375,31.8456],[-94.4517,31.844],[-94.4241,31.8002],[-94.4324,31.7752],[-94.4125,31.7464],[-94.4168,31.7059],[-94.407,31.6954],[-94.4067,31.6652],[-94.3984,31.6613],[-94.4034,31.6583],[-94.3953,31.6386],[-94.3657,31.6328],[-94.3671,31.624],[-94.3575,31.6232],[-94.3502,31.6064],[-94.3399,31.6087],[-94.3282,31.5925],[-94.3109,31.589],[-94.3134,31.5755],[-94.3056,31.5709],[-94.3069,31.5307],[-94.3001,31.5268],[-94.3105,31.5162],[-94.3022,31.5051],[-94.3077,31.4923],[-94.3161,31.4956],[-94.3129,31.461],[-94.325,31.4394],[-94.3053,31.4219],[-94.3128,31.4043],[-94.3269,31.4],[-94.3228,31.388],[-94.3309,31.3633],[-94.3134,31.3375],[-94.3222,31.3236],[-94.3151,31.3084],[-94.3396,31.2633],[-94.3289,31.2507],[-94.3398,31.2408],[-94.3245,31.2302],[-94.3266,31.2248],[-94.335,31.2232],[-94.3507,31.2475],[-94.3571,31.2469],[-94.3576,31.2596],[-94.383,31.2741],[-94.3952,31.3019],[-94.4477,31.3178],[-94.456,31.3519],[-94.4711,31.373],[-94.4662,31.3788],[-94.4927,31.3951],[-94.5028,31.4108],[-94.5376,31.3986],[-94.5451,31.4319],[-94.5815,31.4332],[-94.5829,31.4437],[-94.5943,31.4494],[-94.6042,31.4405],[-94.6279,31.4389],[-94.6639,31.4594],[-94.6981,31.4524],[-94.7642,31.4691],[-94.8039,31.4905],[-94.8225,31.4839],[-94.84,31.5077],[-94.8511,31.5052],[-94.8612,31.5148],[-94.8639,31.5256],[-94.884,31.5297],[-94.8844,31.5409],[-94.894,31.5412],[-94.9005,31.5525],[-94.8896,31.5663],[-94.8918,31.578],[-94.9191,31.5726],[-94.9262,31.61],[-94.9421,31.6386],[-94.9542,31.6397],[-94.9483,31.657],[-94.9571,31.6703],[-94.9507,31.6797],[-94.9659,31.6978],[-94.9544,31.7232],[-94.9726,31.7374],[-94.9673,31.7538],[-94.9438,31.7524],[-94.9263,31.7619],[-94.9747,31.7819],[-94.9781,31.7935]]]}},{"type":"Feature","properties":{"county_fips":"48223","county_name":"Hopkins","state":"TX"},"geometry":{"type":"Polygon","coordinates":[[[-95.8625,32.9796],[-95.8618,33.2193],[-95.8442,33.2339],[-95.7867,33.254],[-95.7742,33.2769],[-95.7565,33.2882],[-95.7582,33.2967],[-95.6978,33.3083],[-95.6833,33.3],[-95.647,33.3112],[-95.6129,33.3483],[-95.5841,33.3594],[-95.5568,33.351],[-95.5346,33.3595],[-95.5139,33.3463],[-95.465,33.3568],[-95.4562,33.3684],[-95.4413,33.3627],[-95.4182,33.371],[-95.3697,33.37],[-95.3452,33.3604],[-95.3146,33.3671],[-95.3086,33.3772],[-95.309,32.9626],[-95.6654,32.9604],[-95.6677,32.9796],[-95.8625,32.9796]]]}},{"type":"Feature","properties":{"county_fips":"48405","county_name":"San Augustine","state":"TX"},"geometry":{"type":"Polygon","coordinates":[[[-94.399,31.6502],[-94.0908,31.6206],[-93.9845,31.5694],[-93.9832,31.4661],[-94.0442,31.41],[-94.0217,31.3659],[-94.0416,31.3405],[-94.0371,31.3329],[-94.0473,31.2985],[-94.0291,31.2514],[-94.0386,31.2177],[-94.0387,31.1761],[-94.0487,31.1515],[-94.0378,31.1294],[-94.0457,31.1166],[-94.1296,31.0993],[-94.1439,31.1148],[-94.1576,31.1146],[-94.1927,31.1355],[-94.1898,31.1397],[-94.2075,31.1513],[-94.2029,31.154],[-94.2196,31.1644],[-94.219,31.1733],[-94.2492,31.1775],[-94.2506,31.1883],[-94.2622,31.1803],[-94.2699,31.1962],[-94.3061,31.2129],[-94.3126,31.2237],[-94.3266,31.2248],[-94.3245,31.2302],[-94.3398,31.2408],[-94.3289,31.2507],[-94.3396,31.2633],[-94.3151,31.3084],[-94.3222,31.3236],[-94.3134,31.3375],[-94.3309,31.3633],[-94.3228,31.388],[-94.3269,31.4],[-94.3128,31.4043],[-94.3053,31.4219],[-94.325,31.4394],[-94.3129,31.461],[-94.3161,31.4956],[-94.3077,31.4923],[-94.3022,31.5051],[-94.3105,31.5162],[-94.3001,31.5268],[-94.3069,31.5307],[-94.3056,31.5709],[-94.3134,31.5755],[-94.3109,31.589],[-94.3282,31.5925],[-94.3399,31.6087],[-94.3502,31.6064],[-94.3575,31.6232],[-94.3671,31.624],[-94.3657,31.6328],[-94.3953,31.6386],[-94.399,31.6502]]]}},{"type":"Feature","properties":{"county_fips":"22015","county_name":"Bossier","state":"LA"},"geometry":{"type":"Polygon","coordinates":[[[-93.8452,32.9504],[-93.8266,32.9667],[-93.8009,32.9656],[-93.8031,32.9738],[-93.8233,32.9681],[-93.8205,32.9893],[-93.8104,32.9974],[-93.8238,33.0115],[-93.8146,33.0194],[-93.521,33.0186],[-93.5148,33.0121],[-93.5305,32.9832],[-93.5307,32.9676],[-93.5196,32.9651],[-93.5137,32.9404],[-93.4976,32.9225],[-93.4808,32.9272],[-93.4696,32.9177],[-93.4698,32.9044],[-93.4827,32.904],[-93.4807,32.8909],[-93.4655,32.8792],[-93.4643,32.8689],[-93.448,32.8663],[-93.4567,32.8628],[-93.4552,32.8507],[-93.4673,32.8481],[-93.454,32.8216],[-93.4625,32.8105],[-93.4712,32.8119],[-93.4597,32.8062],[-93.4742,32.7876],[-93.4651,32.7724],[-93.4697,32.7612],[-93.4449,32.7614],[-93.4411,32.4105],[-93.3727,32.4102],[-93.393,32.3943],[-93.4183,32.4012],[-93.4283,32.3884],[-93.4223,32.3752],[-93.3998,32.3628],[-93.4266,32.3095],[-93.4184,32.2841],[-93.4074,32.2848],[-93.4054,32.2782],[-93.4081,32.2505],[-93.4205,32.2384],[-93.4718,32.2376],[-93.4621,32.2504],[-93.4834,32.2569],[-93.4776,32.2429],[-93.4902,32.2436],[-93.4922,32.2656],[-93.5108,32.2747],[-93.5015,32.2857],[-93.5247,32.2733],[-93.5144,32.2971],[-93.5367,32.2901],[-93.5533,32.2937],[-93.5385,32.295],[-93.5385,32.3036],[-93.5273,32.3103],[-93.5389,32.3184],[-93.545,32.3065],[-93.5506,32.3195],[-93.563,32.3204],[-93.5615,32.3267],[-93.5441,32.3264],[-93.5553,32.3314],[-93.5566,32.3456],[-93.5644,32.3317],[-93.5788,32.3275],[-93.583,32.3319],[-93.5727,32.3405],[-93.5846,32.3357],[-93.5849,32.3479],[-93.621,32.3509],[-93.6033,32.3781],[-93.6256,32.3619],[-93.6271,32.3996],[-93.6493,32.3777],[-93.6486,32.388],[-93.6357,32.3959],[-93.6481,32.4027],[-93.668,32.4041],[-93.6633,32.3878],[-93.6856,32.3955],[-93.6852,32.409],[-93.6599,32.4157],[-93.6916,32.4235],[-93.68,32.4336],[-93.6734,32.4209],[-93.6614,32.4276],[-93.6931,32.448],[-93.6823,32.4645],[-93.6899,32.463],[-93.6996,32.4776],[-93.6962,32.4905],[-93.7017,32.4958],[-93.7175,32.4883],[-93.7056,32.4988],[-93.7428,32.5143],[-93.7456,32.5328],[-93.7529,32.5282],[-93.7677,32.5395],[-93.7553,32.5376],[-93.7461,32.5468],[-93.7382,32.5331],[-93.7286,32.5348],[-93.7404,32.5509],[-93.7664,32.5533],[-93.7358,32.5837],[-93.7426,32.5917],[-93.7569,32.5875],[-93.7706,32.5934],[-93.7399,32.5985],[-93.76,32.6061],[-93.7513,32.6302],[-93.7879,32.6432],[-93.7644,32.6411],[-93.7769,32.6581],[-93.7596,32.6633],[-93.7555,32.672],[-93.7702,32.6775],[-93.7865,32.6674],[-93.7871,32.7246],[-93.8026,32.7262],[-93.8196,32.7109],[-93.8263,32.7166],[-93.8232,32.7351],[-93.7854,32.7684],[-93.7836,32.7861],[-93.791,32.7981],[-93.8014,32.7985],[-93.8168,32.7823],[-93.8243,32.7905],[-93.7943,32.8125],[-93.7852,32.8574],[-93.7899,32.8615],[-93.7996,32.8469],[-93.8147,32.8516],[-93.8001,32.8683],[-93.8191,32.8817],[-93.8215,32.8997],[-93.802,32.9318],[-93.8141,32.9426],[-93.8452,32.9504]]]}},{"type":"Feature","properties":{"county_fips":"22077","county_name":"Pointe Coupee","state":"LA"},"geometry":{"type":"Polygon","coordinates":[[[-91.8226,30.8594],[-91.8027,30.8677],[-91.8037,30.9779],[-91.7805,30.9867],[-91.7726,31.0047],[-91.7486,31.0194],[-91.7193,31.0067],[-91.703,31.0186],[-91.6809,31.0156],[-91.6583,30.9944],[-91.6615,30.9644],[-91.6449,30.929],[-91.6607,30.895],[-91.6566,30.851],[-91.6296,30.8405],[-91.588,30.8473],[-91.5675,30.8368],[-91.5591,30.8398],[-91.5636,30.8833],[-91.5761,30.8934],[-91.6107,30.8992],[-91.614,30.9181],[-91.5493,30.9162],[-91.532,30.9037],[-91.5156,30.8752],[-91.5395,30.7912],[-91.5538,30.7794],[-91.5903,30.7691],[-91.5937,30.7491],[-91.553,30.7308],[-91.5001,30.741],[-91.4504,30.7362],[-91.3806,30.7588],[-91.3531,30.7218],[-91.3335,30.6544],[-91.3098,30.6501],[-91.3652,30.5884],[-91.365,30.5696],[-91.3985,30.5688],[-91.4077,30.5403],[-91.4151,30.5402],[-91.4148,30.5115],[-91.4817,30.511],[-91.4816,30.4974],[-91.5265,30.4972],[-91.5578,30.4885],[-91.5563,30.4829],[-91.5835,30.4826],[-91.5834,30.497],[-91.7562,30.4981],[-91.7501,30.5086],[-91.7314,30.5121],[-91.7573,30.5642],[-91.754,30.6174],[-91.741,30.6325],[-91.7464,30.6588],[-91.7315,30.6698],[-91.734,30.7034],[-91.7579,30.741],[-91.7552,30.7566],[-91.7688,30.7854],[-91.8073,30.8111],[-91.7995,30.8343],[-91.8226,30.8594]]]}},{"type":"Feature","properties":{"county_fips":"22125","county_name":"West Feliciana","state":"LA"},"geometry":{"type":"MultiPolygon","coordinates":[[[[-91.6625,30.9704],[-91.6369,30.9994],[-91.1761,30.9991],[-91.1826,30.9736],[-91.1952,30.9625],[-91.1947,30.9455],[-91.1867,30.9375],[-91.2078,30.9183],[-91.2066,30.893],[-91.2182,30.892],[-91.2255,30.8699],[-91.2196,30.8645],[-91.2292,30.8543],[-91.2306,30.8106],[-91.2436,30.8035],[-91.2355,30.7924],[-91.2498,30.7859],[-91.2676,30.7573],[-91.2801,30.7565],[-91.2861,30.7345],[-91.2964,30.7265],[-91.2919,30.7166],[-91.3207,30.6994],[-91.3052,30.6734],[-91.3101,30.654],[-91.3384,30.6649],[-91.3531,30.7218],[-91.3806,30.7588],[-91.4504,30.7362],[-91.5001,30.741],[-91.553,30.7308],[-91.5937,30.7491],[-91.5903,30.7691],[-91.5538,30.7794],[-91.5395,30.7912],[-91.5156,30.8752],[-91.532,30.9037],[-91.5493,30.9162],[-91.614,30.9181],[-91.6107,30.8992],[-91.5761,30.8934],[-91.5636,30.8833],[-91.5591,30.8398],[-91.5675,30.8368],[-91.588,30.8473],[-91.6296,30.8405],[-91.6526,30.848],[-91.6614,30.8571],[-91.6607,30.895],[-91.6449,30.929],[-91.6625,30.9704]]],[[[-91.7501,31.0188],[-91.7238,31.0443],[-91.7,31.0391],[-91.6598,31.044],[-91.6438,31.0252],[-91.6583,30.9944],[-91.6711,31.0106],[-91.691,31.0193],[-91.7176,31.0067],[-91.7501,31.0188]]]]}},{"type":"Feature","properties":{"county_fips":"22025","county_name":"Catahoula","state":"LA"},"geometry":{"type":"Polygon","coordinates":[[[-92.0231,31.2858],[-92.0148,31.289],[-92.0165,31.3024],[-92.0109,31.2924],[-91.9963,31.2972],[-92.0083,31.3089],[-92.0017,31.3177],[-92.008,31.3258],[-92.0056,31.9274],[-91.9036,31.9275],[-91.9045,31.9714],[-91.8843,31.9709],[-91.8637,31.9585],[-91.8599,31.9652],[-91.8515,31.9533],[-91.8443,31.959],[-91.8503,31.9449],[-91.8414,31.9351],[-91.8279,31.9354],[-91.8342,31.9299],[-91.8235,31.9178],[-91.8137,31.9227],[-91.801,31.9172],[-91.8015,31.9061],[-91.7947,31.9034],[-91.8049,31.8932],[-91.7787,31.8877],[-91.7848,31.8795],[-91.7798,31.8719],[-91.7568,31.8846],[-91.7327,31.8812],[-91.7206,31.8942],[-91.7069,31.8955],[-91.6885,31.9187],[-91.6674,31.9267],[-91.648,31.9547],[-91.6475,31.9705],[-91.5964,31.9704],[-91.597,31.8832],[-91.5753,31.8833],[-91.5792,31.8654],[-91.5703,31.8628],[-91.5687,31.827],[-91.5784,31.7982],[-91.5362,31.7427],[-91.5377,31.7318],[-91.5552,31.7236],[-91.5951,31.7619],[-91.6392,31.7282],[-91.6625,31.7294],[-91.6839,31.7432],[-91.6966,31.7318],[-91.7143,31.676],[-91.7056,31.6459],[-91.7122,31.6332],[-91.7457,31.6149],[-91.7645,31.6442],[-91.7758,31.6486],[-91.8151,31.6192],[-91.8269,31.5917],[-91.8248,31.5674],[-91.7759,31.5235],[-91.8046,31.4795],[-91.779,31.4681],[-91.7314,31.4658],[-91.7209,31.4495],[-91.7241,31.4388],[-91.7387,31.4316],[-91.7594,31.4311],[-91.7797,31.4409],[-91.8071,31.4388],[-91.8288,31.4972],[-91.8426,31.5032],[-91.8571,31.4945],[-91.8544,31.4825],[-91.8641,31.4662],[-91.8545,31.4199],[-91.8344,31.4016],[-91.7771,31.3882],[-91.7893,31.3746],[-91.809,31.3706],[-91.8422,31.3773],[-91.8615,31.3599],[-91.8658,31.3083],[-91.8478,31.2937],[-91.8236,31.2932],[-91.827,31.2728],[-91.8508,31.2621],[-91.8888,31.2916],[-91.9269,31.2948],[-91.9463,31.2677],[-91.9354,31.2384],[-91.9226,31.2379],[-91.9205,31.2313],[-91.9444,31.2211],[-91.9466,31.2397],[-91.9558,31.2457],[-91.9835,31.2237],[-91.9948,31.2296],[-91.9922,31.239],[-92.0041,31.242],[-91.988,31.2489],[-92.0043,31.262],[-91.9917,31.2735],[-92.0021,31.2703],[-92.0106,31.2833],[-92.0231,31.2858]]]}},{"type":"Feature","properties":{"county_fips":"28157","county_name":"Wilkinson","state":"MS"},"geometry":{"type":"Polygon","coordinates":[[[-91.6369,30.9994],[-91.5784,31.024],[-91.5599,31.0541],[-91.5676,31.0702],[-91.6215,31.1103],[-91.6242,31.1337],[-91.5915,31.1731],[-91.5828,31.2142],[-91.5605,31.2356],[-91.534,31.2346],[-91.5297,31.2145],[-91.4871,31.2275],[-91.4772,31.2595],[-91.489,31.2652],[-91.4962,31.2826],[-91.4711,31.2856],[-91.4684,31.3196],[-91.4238,31.3153],[-91.3555,31.3459],[-91.3509,31.3375],[-91.3417,31.34],[-91.2987,31.3647],[-91.2873,31.3561],[-91.2743,31.37],[-91.2628,31.3694],[-91.2571,31.3601],[-91.218,31.3723],[-91.2088,31.3548],[-91.1896,31.3569],[-91.1846,31.348],[-91.1627,31.3507],[-91.1546,31.3431],[-91.1452,31.3475],[-91.118,31.3203],[-91.1012,31.3265],[-91.0879,31.3175],[-91.08,31.2888],[-91.0595,31.2819],[-91.0602,30.999],[-91.6369,30.9994]]]}},{"type":"Feature","properties":{"county_fips":"05039","county_name":"Dallas","state":"AR"},"geometry":{"type":"Polygon","coordinates":[[[-92.9606,33.9753],[-92.9491,33.9863],[-92.8931,33.9833],[-92.8861,34.1557],[-92.5205,34.1459],[-92.4936,34.1443],[-92.4917,34.1329],[-92.4687,34.1374],[-92.4488,34.1232],[-92.4359,34.127],[-92.4055,34.1154],[-92.4005,34.1092],[-92.4055,34.107],[-92.3752,34.0867],[-92.3736,34.0745],[-92.3368,34.0634],[-92.4716,34.0571],[-92.4756,33.9727],[-92.456,33.9724],[-92.4361,33.9463],[-92.4213,33.9404],[-92.4102,33.9168],[-92.4005,33.9134],[-92.3945,33.8848],[-92.3418,33.8402],[-92.3356,33.811],[-92.3412,33.8047],[-92.3342,33.7951],[-92.8932,33.8101],[-92.8997,33.8163],[-92.8883,33.8236],[-92.8933,33.8344],[-92.8789,33.837],[-92.8764,33.8449],[-92.8838,33.8561],[-92.9059,33.8626],[-92.9026,33.8811],[-92.9126,33.8935],[-92.8931,33.9038],[-92.9095,33.9097],[-92.909,33.9185],[-92.92,33.9259],[-92.9134,33.9332],[-92.9331,33.9316],[-92.9282,33.9469],[-92.9385,33.9496],[-92.9389,33.9684],[-92.9479,33.9622],[-92.9606,33.9753]]]}},{"type":"Feature","properties":{"county_fips":"05117","county_name":"Prairie","state":"AR"},"geometry":{"type":"Polygon","coordinates":[[[-91.8036,34.9258],[-91.7982,35.0425],[-91.7445,35.0471],[-91.7015,35.063],[-91.6794,35.0505],[-91.652,35.0496],[-91.6385,35.0264],[-91.5852,35.0253],[-91.584,35.0916],[-91.4653,35.0895],[-91.468,35.0839],[-91.446,35.0678],[-91.4754,35.067],[-91.4759,35.0564],[-91.4612,35.052],[-91.44,35.0617],[-91.4417,35.0522],[-91.3638,35.052],[-91.3684,34.9009],[-91.3868,34.9002],[-91.3439,34.8756],[-91.3647,34.8682],[-91.3599,34.8463],[-91.3771,34.8343],[-91.3706,34.8248],[-91.3748,34.666],[-91.447,34.6675],[-91.4475,34.6531],[-91.4479,34.6091],[-91.4123,34.6086],[-91.4126,34.5938],[-91.377,34.5929],[-91.3778,34.5635],[-91.5944,34.568],[-91.5959,34.4805],[-91.6782,34.4819],[-91.6834,34.4925],[-91.6751,34.5133],[-91.633,34.5533],[-91.6364,34.5664],[-91.6522,34.5667],[-91.665,34.5798],[-91.6596,34.6],[-91.6391,34.6228],[-91.6417,34.6352],[-91.6753,34.663],[-91.7008,34.6721],[-91.6937,34.9196],[-91.8036,34.9258]]]}},{"type":"Feature","properties":{"county_fips":"05067","county_name":"Jackson","state":"AR"},"geometry":{"type":"Polygon","coordinates":[[[-91.5845,35.4423],[-91.5821,35.5303],[-91.3697,35.5264],[-91.3689,35.64],[-91.3212,35.6395],[-91.3233,35.6477],[-91.3406,35.6528],[-91.3376,35.6624],[-91.3531,35.6781],[-91.347,35.6884],[-91.3556,35.6957],[-91.354,35.7092],[-91.3454,35.7213],[-91.3396,35.7123],[-91.3326,35.7179],[-91.3276,35.7302],[-91.3333,35.7403],[-91.311,35.7567],[-91.3113,35.7658],[-91.2919,35.7655],[-91.2909,35.7731],[-91.2801,35.7743],[-91.2883,35.7807],[-91.281,35.792],[-91.272,35.7882],[-91.2475,35.7994],[-91.2611,35.8039],[-91.2596,35.811],[-91.2306,35.8139],[-91.2394,35.8213],[-91.2322,35.8243],[-91.2485,35.8331],[-91.2085,35.8497],[-91.2216,35.8517],[-91.2099,35.862],[-91.2182,35.8813],[-91.2075,35.8718],[-91.211,35.8831],[-91.1977,35.8841],[-91.1985,35.89],[-91.0326,35.885],[-91.0396,35.3543],[-91.2516,35.3576],[-91.253,35.4458],[-91.3503,35.445],[-91.3473,35.4391],[-91.5845,35.4423]]]}},{"type":"Feature","properties":{"county_fips":"05091","county_name":"Miller","state":"AR"},"geometry":{"type":"Polygon","coordinates":[[[-94.0434,33.5516],[-94.0004,33.5644],[-93.9942,33.558],[-93.9981,33.5446],[-93.9844,33.535],[-93.9734,33.5538],[-93.9835,33.5629],[-93.9806,33.5697],[-93.964,33.5725],[-93.9581,33.553],[-93.9501,33.5501],[-93.9315,33.5801],[-93.9032,33.5709],[-93.9159,33.5862],[-93.9057,33.5953],[-93.8973,33.5804],[-93.8631,33.6102],[-93.833,33.6028],[-93.8193,33.6139],[-93.8125,33.5981],[-93.8278,33.5738],[-93.8,33.5634],[-93.8082,33.5438],[-93.7978,33.5423],[-93.7837,33.556],[-93.7975,33.535],[-93.7836,33.5278],[-93.769,33.5321],[-93.7802,33.5216],[-93.7727,33.4989],[-93.7565,33.5017],[-93.7634,33.5189],[-93.7434,33.5325],[-93.7493,33.5136],[-93.72,33.482],[-93.7366,33.4604],[-93.727,33.4439],[-93.7464,33.4419],[-93.7363,33.4271],[-93.7147,33.4391],[-93.732,33.4198],[-93.6991,33.3877],[-93.7235,33.3822],[-93.706,33.3723],[-93.6867,33.3887],[-93.6718,33.3778],[-93.6959,33.3722],[-93.7082,33.3533],[-93.7076,33.3404],[-93.6815,33.3392],[-93.6649,33.3295],[-93.6927,33.3173],[-93.6867,33.3044],[-93.6899,33.277],[-93.7208,33.2883],[-93.729,33.2801],[-93.7083,33.2551],[-93.729,33.2276],[-93.7218,33.2221],[-93.7003,33.2259],[-93.7351,33.2082],[-93.7392,33.1986],[-93.7284,33.184],[-93.7582,33.178],[-93.7558,33.1675],[-93.7366,33.1661],[-93.734,33.1578],[-93.7726,33.1662],[-93.7753,33.1394],[-93.7886,33.1599],[-93.7998,33.1625],[-93.8114,33.1531],[-93.8125,33.1366],[-93.8329,33.1485],[-93.8486,33.1402],[-93.854,33.1049],[-93.8642,33.0966],[-93.8373,33.0777],[-93.8406,33.0575],[-93.8189,33.0494],[-93.8279,33.0337],[-93.8075,33.0266],[-93.8071,33.0194],[-94.043,33.0192],[-94.0434,33.5516]]]}},{"type":"Feature","properties":{"county_fips":"22085","county_name":"Sabine","state":"LA"},"geometry":{"type":"Polygon","coordinates":[[[-93.8796,31.8436],[-93.4412,31.8452],[-93.4417,31.7145],[-93.3384,31.7142],[-93.3376,31.5383],[-93.2368,31.5379],[-93.2366,31.3645],[-93.3905,31.3641],[-93.4426,31.2767],[-93.5354,31.2764],[-93.5359,31.2527],[-93.5565,31.2403],[-93.5505,31.2276],[-93.5415,31.2266],[-93.5515,31.2149],[-93.5443,31.2028],[-93.5525,31.1856],[-93.5885,31.1656],[-93.6003,31.1762],[-93.6073,31.2054],[-93.5966,31.2297],[-93.618,31.2325],[-93.6217,31.2486],[-93.6139,31.2594],[-93.6203,31.271],[-93.6415,31.2699],[-93.6474,31.2817],[-93.6599,31.282],[-93.6674,31.2971],[-93.6869,31.3052],[-93.6736,31.3245],[-93.6684,31.353],[-93.6466,31.3586],[-93.6393,31.3715],[-93.6701,31.3657],[-93.6741,31.3977],[-93.7049,31.4109],[-93.6925,31.4382],[-93.7089,31.4417],[-93.7039,31.4555],[-93.7221,31.4535],[-93.7495,31.4687],[-93.7455,31.4804],[-93.7519,31.4831],[-93.7276,31.4889],[-93.7116,31.5128],[-93.7422,31.5155],[-93.7477,31.5307],[-93.7601,31.5239],[-93.7877,31.5273],[-93.8186,31.5548],[-93.8184,31.5709],[-93.8349,31.5862],[-93.8381,31.6068],[-93.8187,31.6146],[-93.8272,31.6203],[-93.8168,31.6225],[-93.8265,31.6669],[-93.8221,31.674],[-93.8128,31.6698],[-93.795,31.7048],[-93.8163,31.7075],[-93.8135,31.7259],[-93.8361,31.7485],[-93.8226,31.7736],[-93.8346,31.7833],[-93.8393,31.8003],[-93.8733,31.8149],[-93.8796,31.8436]]]}},{"type":"Feature","properties":{"county_fips":"22119","county_name":"Webster","state":"LA"},"geometry":{"type":"Polygon","coordinates":[[[-93.5307,32.9676],[-93.5305,32.9832],[-93.5163,33.0025],[-93.521,33.0186],[-93.2386,33.018],[-93.2377,32.716],[-93.1867,32.7162],[-93.1861,32.6729],[-93.1779,32.6728],[-93.1811,32.6544],[-93.1736,32.6331],[-93.1822,32.5861],[-93.1682,32.5497],[-93.1668,32.5111],[-93.1464,32.47],[-93.1521,32.466],[-93.1476,32.4547],[-93.2372,32.4543],[-93.2369,32.4102],[-93.4411,32.4105],[-93.4449,32.7614],[-93.4697,32.7612],[-93.4651,32.7724],[-93.4742,32.7876],[-93.4597,32.8062],[-93.462,32.8064],[-93.4712,32.8119],[-93.4625,32.8105],[-93.454,32.8216],[-93.4673,32.8481],[-93.4552,32.8507],[-93.4567,32.8628],[-93.448,32.8663],[-93.4643,32.8689],[-93.4655,32.8792],[-93.4807,32.8909],[-93.4827,32.904],[-93.4698,32.9044],[-93.4696,32.9177],[-93.4808,32.9272],[-93.4976,32.9225],[-93.5137,32.9404],[-93.5196,32.9651],[-93.5307,32.9676]]]}},{"type":"Feature","properties":{"county_fips":"22107","county_name":"Tensas","state":"LA"},"geometry":{"type":"Polygon","coordinates":[[[-91.5787,31.8639],[-91.5692,31.8936],[-91.5114,31.93],[-91.5128,31.9541],[-91.5283,31.9608],[-91.5122,31.9754],[-91.5148,31.9854],[-91.4969,31.9924],[-91.4949,32.0031],[-91.5102,32.0213],[-91.4898,32.0924],[-91.5104,32.1006],[-91.5012,32.1058],[-91.5066,32.1429],[-91.4933,32.1561],[-91.4936,32.2032],[-91.3214,32.2029],[-91.2706,32.2312],[-91.2348,32.21],[-91.2026,32.2395],[-91.1338,32.2493],[-91.1212,32.2392],[-91.1214,32.213],[-91.1642,32.1969],[-91.1746,32.155],[-91.1655,32.1343],[-91.1113,32.125],[-91.0816,32.134],[-91.0308,32.1206],[-91.0347,32.1011],[-91.0815,32.0778],[-91.0802,32.0484],[-91.1037,32.0503],[-91.1393,32.0818],[-91.1603,32.0704],[-91.1613,32.0598],[-91.1514,32.0493],[-91.0881,32.0345],[-91.0759,32.0168],[-91.1041,31.9904],[-91.1644,31.9826],[-91.1848,31.9656],[-91.1932,31.9357],[-91.1847,31.9351],[-91.1806,31.918],[-91.2028,31.908],[-91.2349,31.8769],[-91.2677,31.8627],[-91.2681,31.8531],[-91.245,31.8314],[-91.2556,31.8127],[-91.2822,31.8148],[-91.2934,31.8602],[-91.3279,31.8548],[-91.3457,31.8429],[-91.3655,31.7616],[-91.2739,31.7712],[-91.2596,31.7613],[-91.2755,31.7455],[-91.365,31.7482],[-91.3802,31.7332],[-91.378,31.7476],[-91.4009,31.7538],[-91.5448,31.7517],[-91.5784,31.7982],[-91.5687,31.827],[-91.5703,31.8628],[-91.5787,31.8639]]]}},{"type":"Feature","properties":{"county_fips":"22017","county_name":"Caddo","state":"LA"},"geometry":{"type":"Polygon","coordinates":[[[-94.0426,32.1961],[-94.043,33.0192],[-93.8146,33.0194],[-93.8238,33.0115],[-93.8104,32.9974],[-93.8205,32.9893],[-93.8233,32.9681],[-93.8031,32.9738],[-93.8009,32.9656],[-93.8266,32.9667],[-93.8452,32.9504],[-93.8141,32.9426],[-93.802,32.9318],[-93.8215,32.8997],[-93.8191,32.8817],[-93.8001,32.8683],[-93.815,32.8526],[-93.7996,32.8469],[-93.7886,32.8618],[-93.7851,32.845],[-93.7943,32.8125],[-93.8243,32.7905],[-93.8168,32.7823],[-93.7943,32.7995],[-93.7832,32.7831],[-93.7911,32.7593],[-93.8238,32.7344],[-93.8263,32.7166],[-93.8196,32.7109],[-93.8026,32.7262],[-93.7871,32.7246],[-93.7865,32.6674],[-93.7702,32.6775],[-93.7555,32.672],[-93.7596,32.6633],[-93.7769,32.6581],[-93.7644,32.6411],[-93.7879,32.6432],[-93.7513,32.6302],[-93.76,32.6061],[-93.7399,32.5985],[-93.7706,32.5934],[-93.7569,32.5875],[-93.7426,32.5917],[-93.7358,32.5837],[-93.7664,32.5533],[-93.7404,32.5509],[-93.7286,32.5348],[-93.7382,32.5331],[-93.7461,32.5468],[-93.7553,32.5376],[-93.7677,32.5395],[-93.7529,32.5282],[-93.7456,32.5328],[-93.7428,32.5143],[-93.7056,32.4988],[-93.7175,32.4883],[-93.7017,32.4958],[-93.6962,32.4905],[-93.6996,32.4776],[-93.6899,32.463],[-93.6823,32.4645],[-93.6931,32.448],[-93.6614,32.4276],[-93.6734,32.4209],[-93.68,32.4336],[-93.6916,32.4235],[-93.6599,32.4157],[-93.6852,32.409],[-93.6856,32.3955],[-93.6633,32.3878],[-93.668,32.4041],[-93.6481,32.4027],[-93.6357,32.3959],[-93.6486,32.388],[-93.6493,32.3777],[-93.6334,32.3985],[-93.6252,32.3983],[-93.6311,32.3846],[-93.6256,32.3619],[-93.6033,32.3781],[-93.621,32.3509],[-93.5849,32.3479],[-93.5846,32.3357],[-93.5727,32.3405],[-93.583,32.3319],[-93.5788,32.3275],[-93.5644,32.3317],[-93.5566,32.3456],[-93.5553,32.3314],[-93.5441,32.3264],[-93.5615,32.3267],[-93.563,32.3204],[-93.5506,32.3195],[-93.545,32.3065],[-93.5389,32.3184],[-93.5273,32.3103],[-93.5385,32.3036],[-93.5385,32.295],[-93.5533,32.2937],[-93.5367,32.2901],[-93.5162,32.2984],[-93.5247,32.2733],[-93.5015,32.2857],[-93.5108,32.2747],[-93.4922,32.2656],[-93.4902,32.2436],[-93.4776,32.2429],[-93.4863,32.257],[-93.4621,32.2504],[-93.4694,32.2372],[-93.6147,32.2375],[-93.6143,32.2696],[-93.6464,32.3044],[-93.698,32.3248],[-93.7161,32.3167],[-93.7257,32.3285],[-93.7379,32.3262],[-93.7465,32.3412],[-93.7648,32.3456],[-93.8015,32.3332],[-93.8112,32.3095],[-93.8521,32.2897],[-93.8619,32.252],[-93.9512,32.1956],[-94.0426,32.1961]]]}},{"type":"Feature","properties":{"county_fips":"48373","county_name":"Polk","state":"TX"},"geometry":{"type":"Polygon","coordinates":[[[-95.2002,30.8246],[-94.9392,31.042],[-94.8429,31.1466],[-94.7516,31.1056],[-94.7236,31.1085],[-94.6984,31.0962],[-94.6709,31.0956],[-94.6707,31.0884],[-94.6585,31.0849],[-94.649,31.099],[-94.6431,31.0881],[-94.6143,31.0848],[-94.5989,31.0686],[-94.5616,31.063],[-94.658,31.012],[-94.5379,30.4911],[-94.8655,30.495],[-94.8674,30.5108],[-94.8334,30.5305],[-94.8304,30.5416],[-94.8752,30.5461],[-94.9105,30.5615],[-94.9373,30.558],[-94.9657,30.5766],[-95.0286,30.5785],[-95.0355,30.5856],[-95.0318,30.5973],[-95.0071,30.6071],[-95.0089,30.6277],[-95.0159,30.6271],[-95.0247,30.6498],[-95.0132,30.6485],[-95.0103,30.6567],[-95.039,30.6629],[-95.0342,30.6742],[-95.0545,30.6714],[-95.0546,30.6802],[-95.09,30.6718],[-95.1024,30.6585],[-95.115,30.661],[-95.1107,30.672],[-95.1195,30.6773],[-95.1099,30.6942],[-95.1349,30.6933],[-95.1471,30.7174],[-95.146,30.7424],[-95.1322,30.7553],[-95.1394,30.7762],[-95.1319,30.7832],[-95.174,30.8076],[-95.181,30.8188],[-95.2002,30.8246]]]}},{"type":"Feature","properties":{"county_fips":"48241","county_name":"Jasper","state":"TX"},"geometry":{"type":"Polygon","coordinates":[[[-94.4423,31.03],[-94.4578,31.0333],[-94.0641,31.1123],[-94.0629,31.1149],[-94.0569,31.1119],[-94.0423,31.1194],[-94.039,31.1343],[-93.9111,31.1581],[-93.8657,30.9472],[-93.9015,30.2427],[-94.1186,30.2429],[-94.0965,30.2587],[-94.1048,30.2662],[-94.1136,30.2629],[-94.1178,30.3006],[-94.1018,30.3105],[-94.1061,30.3218],[-94.0829,30.3457],[-94.1013,30.3656],[-94.102,30.3841],[-94.1086,30.3873],[-94.1039,30.3942],[-94.1167,30.3975],[-94.1134,30.4065],[-94.1201,30.4107],[-94.1128,30.415],[-94.1194,30.4263],[-94.0945,30.4656],[-94.1031,30.4687],[-94.0789,30.4901],[-94.0829,30.5106],[-94.067,30.5319],[-94.0859,30.5473],[-94.0939,30.5673],[-94.0859,30.5697],[-94.0959,30.5768],[-94.0793,30.5981],[-94.0812,30.6072],[-94.0697,30.6107],[-94.0758,30.618],[-94.0532,30.6292],[-94.0516,30.6418],[-94.0598,30.647],[-94.0531,30.6485],[-94.0739,30.6676],[-94.0795,30.6608],[-94.0731,30.6561],[-94.0864,30.6573],[-94.0824,30.6677],[-94.0913,30.6882],[-94.1258,30.6841],[-94.123,30.7009],[-94.1374,30.7143],[-94.1295,30.7194],[-94.1382,30.7319],[-94.1282,30.7465],[-94.1399,30.7559],[-94.1328,30.7646],[-94.1501,30.7902],[-94.1802,30.7956],[-94.1778,30.8123],[-94.1891,30.8182],[-94.1877,30.8243],[-94.1783,30.8231],[-94.1859,30.8314],[-94.1801,30.834],[-94.1913,30.8381],[-94.201,30.8635],[-94.1899,30.872],[-94.2051,30.8865],[-94.2,30.8921],[-94.2159,30.9015],[-94.1994,30.9283],[-94.21,30.938],[-94.221,30.9353],[-94.2238,30.9477],[-94.2286,30.9397],[-94.227,30.9504],[-94.2337,30.9517],[-94.2279,30.9578],[-94.2447,30.966],[-94.2414,30.9925],[-94.2331,30.9863],[-94.2384,31.0137],[-94.2799,31.0177],[-94.2828,31.0361],[-94.2932,31.0428],[-94.3251,31.02],[-94.3388,31.0373],[-94.3538,31.0394],[-94.3547,31.0322],[-94.375,31.0353],[-94.3824,31.0264],[-94.4138,31.0265],[-94.436,31.0138],[-94.4343,31.0069],[-94.4511,31.0034],[-94.4423,31.03]]]}},{"type":"Feature","properties":{"county_fips":"22099","county_name":"St. Martin","state":"LA"},"geometry":{"type":"MultiPolygon","coordinates":[[[[-91.472,29.9563],[-91.2553,29.9716],[-91.2297,29.9327],[-91.232,29.9182],[-91.2071,29.8979],[-91.1986,29.8597],[-91.1845,29.8467],[-91.1318,29.837],[-91.0994,29.8147],[-91.0927,29.801],[-91.1002,29.772],[-91.0895,29.7555],[-91.0954,29.737],[-91.1066,29.7335],[-91.1,29.6994],[-91.1341,29.7241],[-91.1809,29.7285],[-91.2152,29.7512],[-91.3523,29.7666],[-91.3865,29.7837],[-91.3736,29.8344],[-91.4129,29.9042],[-91.472,29.948],[-91.472,29.9563]]],[[[-91.9887,30.3696],[-91.9803,30.4034],[-91.97,30.4102],[-91.9369,30.3947],[-91.8693,30.4172],[-91.8127,30.3943],[-91.6789,30.3947],[-91.6943,30.4017],[-91.7187,30.4489],[-91.7397,30.453],[-91.7562,30.4981],[-91.7013,30.4977],[-91.6925,30.4813],[-91.6748,30.4745],[-91.6401,30.4427],[-91.6248,30.3948],[-91.6278,30.3796],[-91.6481,30.3651],[-91.6255,30.3542],[-91.6211,30.3099],[-91.59,30.277],[-91.588,30.2571],[-91.5628,30.2419],[-91.5106,30.2407],[-91.4753,30.2292],[-91.4902,30.2019],[-91.472,30.1867],[-91.4725,30.1427],[-91.4613,30.1312],[-91.4712,30.1107],[-91.4639,30.1027],[-91.3888,30.1024],[-91.3718,30.0816],[-91.3688,30.0588],[-91.4882,30.0582],[-91.5077,30.0336],[-91.6002,30.033],[-91.6122,30.0677],[-91.6306,30.0719],[-91.6589,30.1082],[-91.6695,30.1129],[-91.6784,30.105],[-91.6995,30.1208],[-91.7266,30.1224],[-91.7653,30.1084],[-91.7687,30.0964],[-91.7605,30.0909],[-91.8013,30.0701],[-91.8182,30.0439],[-91.8756,30.0678],[-91.8958,30.0572],[-91.9071,30.0726],[-91.9512,30.0728],[-91.9341,30.1197],[-91.9055,30.1546],[-91.9213,30.1882],[-91.9547,30.1868],[-91.9629,30.1759],[-91.98,30.1825],[-91.9788,30.2088],[-91.9579,30.2119],[-91.9428,30.2366],[-91.9589,30.2372],[-91.9681,30.259],[-91.9769,30.2606],[-91.9489,30.2768],[-91.9662,30.3244],[-91.9529,30.3387],[-91.9538,30.36],[-91.9887,30.3696]]]]}},{"type":"Feature","properties":{"county_fips":"22059","county_name":"LaSalle","state":"LA"},"geometry":{"type":"Polygon","coordinates":[[[-92.3844,31.6204],[-92.3688,31.6169],[-92.3663,31.628],[-92.3522,31.6238],[-92.346,31.6296],[-92.3546,31.6303],[-92.3553,31.6376],[-92.3689,31.6314],[-92.3606,31.6429],[-92.3691,31.6598],[-92.3624,31.6592],[-92.3657,31.6723],[-92.3563,31.6703],[-92.3501,31.6807],[-92.3594,31.683],[-92.3471,31.6906],[-92.349,31.6978],[-92.3725,31.7015],[-92.3687,31.7223],[-92.3587,31.723],[-92.3501,31.7381],[-92.3583,31.7436],[-92.3368,31.7605],[-92.3449,31.7592],[-92.3441,31.7695],[-92.3613,31.7814],[-92.3571,31.8038],[-92.3626,31.8057],[-92.3405,31.8134],[-92.3427,31.8235],[-92.3361,31.8231],[-92.3414,31.8315],[-92.3291,31.8489],[-92.3377,31.854],[-92.3216,31.8616],[-92.3248,31.8869],[-92.3126,31.8962],[-92.3125,31.9277],[-92.0056,31.9274],[-92.008,31.3258],[-92.0221,31.33],[-92.0302,31.3438],[-92.0801,31.3231],[-92.0885,31.3376],[-92.0724,31.3432],[-92.0833,31.3649],[-92.1028,31.3773],[-92.1135,31.375],[-92.1205,31.3795],[-92.115,31.3859],[-92.1491,31.4051],[-92.1619,31.4346],[-92.1551,31.4504],[-92.169,31.4576],[-92.1604,31.4658],[-92.164,31.4718],[-92.1818,31.4757],[-92.1897,31.4685],[-92.1986,31.4802],[-92.2127,31.4816],[-92.2168,31.4921],[-92.2392,31.4904],[-92.2301,31.4774],[-92.2389,31.4767],[-92.2483,31.4845],[-92.2386,31.5001],[-92.2491,31.5059],[-92.2577,31.4953],[-92.2766,31.4954],[-92.283,31.5021],[-92.2752,31.506],[-92.2799,31.5142],[-92.2696,31.5292],[-92.2751,31.5361],[-92.275,31.5306],[-92.2976,31.5351],[-92.2803,31.5421],[-92.3025,31.5484],[-92.3,31.567],[-92.3229,31.577],[-92.306,31.589],[-92.343,31.5958],[-92.3844,31.6204]]]}},{"type":"Feature","properties":{"county_fips":"22021","county_name":"Caldwell","state":"LA"},"geometry":{"type":"Polygon","coordinates":[[[-92.3125,31.9277],[-92.3122,32.2773],[-92.1648,32.2767],[-92.1526,32.2588],[-92.1063,32.2587],[-92.1065,32.2769],[-91.9934,32.2768],[-91.9921,32.2638],[-92.0014,32.2568],[-91.9862,32.2508],[-92.0075,32.2311],[-91.9912,32.2255],[-92.0001,32.2117],[-91.9831,32.2243],[-91.978,32.2162],[-92.0064,32.2016],[-92.0081,32.1916],[-91.9753,32.2043],[-91.9727,32.1986],[-91.9837,32.1918],[-91.9761,32.1792],[-91.9806,32.1666],[-91.9425,32.1755],[-91.9328,32.1652],[-91.9106,32.1691],[-91.8929,32.1628],[-91.9005,32.1531],[-91.8947,32.1516],[-91.8975,32.142],[-91.8831,32.1323],[-91.8852,32.1198],[-91.8741,32.126],[-91.8695,32.1154],[-91.8758,32.1059],[-91.8676,32.0996],[-91.8751,32.0883],[-91.8975,32.0861],[-91.9014,32.075],[-91.9025,32.083],[-91.9134,32.085],[-91.9332,32.0664],[-91.9221,32.0663],[-91.9164,32.0571],[-91.9088,32.0611],[-91.9132,32.0533],[-91.8982,32.0396],[-91.9038,32.0396],[-91.9028,32.0254],[-91.8944,32.0106],[-91.9021,31.9958],[-91.8898,31.9717],[-91.9045,31.9714],[-91.9036,31.9275],[-92.3125,31.9277]]]}},{"type":"Feature","properties":{"county_fips":"28049","county_name":"Hinds","state":"MS"},"geometry":{"type":"Polygon","coordinates":[[[-90.7183,32.0484],[-90.7269,32.2415],[-90.7136,32.2524],[-90.7282,32.2592],[-90.7142,32.2632],[-90.7195,32.2773],[-90.6959,32.2977],[-90.7078,32.3167],[-90.6993,32.3311],[-90.7074,32.339],[-90.7047,32.3473],[-90.6929,32.3543],[-90.628,32.3395],[-90.6362,32.3745],[-90.6227,32.3834],[-90.5994,32.4363],[-90.5858,32.4451],[-90.5978,32.4503],[-90.6041,32.4813],[-90.5868,32.4874],[-90.5891,32.4953],[-90.5823,32.494],[-90.5787,32.5037],[-90.5701,32.4996],[-90.5707,32.5063],[-90.5302,32.5109],[-90.5222,32.5031],[-90.5235,32.5193],[-90.499,32.5239],[-90.4841,32.543],[-90.4651,32.5477],[-90.45,32.5738],[-90.4499,32.4884],[-90.2436,32.4875],[-90.2438,32.4001],[-90.0657,32.3995],[-90.0739,32.3887],[-90.0815,32.3953],[-90.0874,32.3847],[-90.0952,32.3891],[-90.1062,32.3555],[-90.114,32.3605],[-90.1101,32.3444],[-90.1397,32.3221],[-90.1522,32.3237],[-90.1506,32.3117],[-90.1627,32.3062],[-90.1514,32.291],[-90.1571,32.2938],[-90.1656,32.2839],[-90.1777,32.2903],[-90.1843,32.2619],[-90.2053,32.2519],[-90.1993,32.2409],[-90.2085,32.2352],[-90.1905,32.2267],[-90.1854,32.2186],[-90.1905,32.2036],[-90.1817,32.2016],[-90.1966,32.1956],[-90.1963,32.1852],[-90.2057,32.191],[-90.2126,32.18],[-90.2435,32.1767],[-90.2419,32.1551],[-90.2548,32.1512],[-90.2436,32.1512],[-90.2475,32.1352],[-90.241,32.1217],[-90.2512,32.1124],[-90.2367,32.1002],[-90.2466,32.1003],[-90.2466,32.0931],[-90.2268,32.0943],[-90.2358,32.0904],[-90.2267,32.0798],[-90.2363,32.0647],[-90.2303,32.0497],[-90.7183,32.0484]]]}},{"type":"Feature","properties":{"county_fips":"28053","county_name":"Humphreys","state":"MS"},"geometry":{"type":"Polygon","coordinates":[[[-90.7329,33.2351],[-90.7314,33.2646],[-90.7144,33.2705],[-90.5552,33.2705],[-90.5555,33.3292],[-90.4532,33.3295],[-90.4538,33.2673],[-90.4132,33.2353],[-90.4096,33.2453],[-90.3671,33.2393],[-90.3751,33.2464],[-90.367,33.2609],[-90.3767,33.2814],[-90.3632,33.2764],[-90.357,33.2971],[-90.3362,33.3079],[-90.3307,33.1353],[-90.3437,33.1342],[-90.3536,33.1228],[-90.347,33.1012],[-90.3541,33.0942],[-90.3662,33.1037],[-90.3689,33.1255],[-90.3838,33.1206],[-90.3829,33.1075],[-90.3655,33.0955],[-90.3693,33.0855],[-90.3849,33.0873],[-90.3971,33.1047],[-90.4144,33.1016],[-90.4196,33.116],[-90.4287,33.109],[-90.4222,33.099],[-90.432,33.0959],[-90.4283,33.0573],[-90.4154,33.049],[-90.3838,33.0476],[-90.3819,33.0215],[-90.364,33.0099],[-90.4493,33.009],[-90.4499,32.9233],[-90.6566,32.9225],[-90.658,33.0965],[-90.7019,33.0961],[-90.6789,33.1038],[-90.6796,33.1146],[-90.7006,33.1236],[-90.6881,33.1485],[-90.6869,33.1869],[-90.679,33.1997],[-90.7329,33.2351]]]}},{"type":"Feature","properties":{"county_fips":"28029","county_name":"Copiah","state":"MS"},"geometry":{"type":"Polygon","coordinates":[[[-90.7368,31.6985],[-90.733,31.83],[-90.7168,31.8446],[-90.7183,32.0484],[-90.2303,32.0497],[-90.2478,32.0307],[-90.2436,32.0226],[-90.2336,32.0243],[-90.2396,32.0206],[-90.2343,32.0172],[-90.2133,32.0243],[-90.2328,32.0089],[-90.2224,31.9885],[-90.2061,31.988],[-90.1981,31.9579],[-90.1875,31.952],[-90.1983,31.9419],[-90.183,31.9374],[-90.1787,31.9427],[-90.1716,31.9349],[-90.1703,31.9045],[-90.1441,31.8911],[-90.132,31.8583],[-90.1389,31.8481],[-90.1589,31.8455],[-90.1446,31.8299],[-90.1273,31.8256],[-90.1369,31.826],[-90.1507,31.7999],[-90.1408,31.7894],[-90.1125,31.7913],[-90.1075,31.7777],[-90.1141,31.7682],[-90.1232,31.775],[-90.1281,31.7697],[-90.1231,31.752],[-90.1313,31.756],[-90.1841,31.7315],[-90.2299,31.7237],[-90.259,31.7039],[-90.3801,31.7002],[-90.3794,31.6852],[-90.4136,31.6853],[-90.4142,31.7005],[-90.7368,31.6985]]]}},{"type":"Feature","properties":{"county_fips":"22105","county_name":"Tangipahoa","state":"LA"},"geometry":{"type":"Polygon","coordinates":[[[-90.5669,30.4871],[-90.5672,30.9997],[-90.3473,31.0004],[-90.3468,30.9056],[-90.33,30.9022],[-90.33,30.8912],[-90.317,30.8912],[-90.3141,30.8641],[-90.2989,30.8476],[-90.2902,30.8221],[-90.2933,30.8065],[-90.2628,30.7659],[-90.267,30.7518],[-90.2535,30.7355],[-90.2532,30.6643],[-90.2434,30.6448],[-90.2513,30.6233],[-90.2432,30.596],[-90.2494,30.5876],[-90.2436,30.3616],[-90.1921,30.3108],[-90.1606,30.2343],[-90.3205,30.299],[-90.3503,30.2968],[-90.3737,30.2834],[-90.4858,30.277],[-90.4847,30.3281],[-90.4745,30.3486],[-90.4791,30.3576],[-90.4893,30.3555],[-90.4921,30.366],[-90.5036,30.3628],[-90.501,30.3842],[-90.515,30.3919],[-90.5209,30.4158],[-90.5461,30.4303],[-90.5529,30.4757],[-90.5669,30.4871]]]}},{"type":"Feature","properties":{"county_fips":"48361","county_name":"Orange","state":"TX"},"geometry":{"type":"Polygon","coordinates":[[[-94.118,30.2169],[-94.1176,30.2417],[-93.7052,30.2439],[-93.7122,30.2198],[-93.7192,30.2185],[-93.7178,30.194],[-93.7055,30.1929],[-93.7126,30.1902],[-93.702,30.1678],[-93.7065,30.1474],[-93.6977,30.1529],[-93.6886,30.1404],[-93.7007,30.1381],[-93.7014,30.1223],[-93.7078,30.1207],[-93.7024,30.1127],[-93.7238,30.0941],[-93.7236,30.0832],[-93.7341,30.0861],[-93.6994,30.0592],[-93.7109,30.0544],[-93.7173,30.0657],[-93.7421,30.0208],[-93.7894,29.9878],[-93.819,29.9148],[-93.8543,29.865],[-93.8388,29.9369],[-93.859,29.9765],[-93.9035,29.9855],[-93.9138,29.996],[-93.9311,29.9911],[-93.9544,30.0011],[-93.9606,30.0134],[-93.9818,30.0089],[-93.9831,30.0218],[-93.9968,30.0131],[-94.001,30.031],[-94.0295,30.0255],[-94.0359,30.0414],[-94.0275,30.066],[-94.043,30.0637],[-94.0519,30.0787],[-94.0921,30.0823],[-94.0873,30.1049],[-94.0737,30.1141],[-94.0796,30.1271],[-94.1091,30.1367],[-94.1009,30.143],[-94.1135,30.1483],[-94.1145,30.1738],[-94.1065,30.1932],[-94.0979,30.1884],[-94.0912,30.2046],[-94.118,30.2169]]]}},{"type":"Feature","properties":{"county_fips":"48315","county_name":"Marion","state":"TX"},"geometry":{"type":"Polygon","coordinates":[[[-94.7094,32.8713],[-94.7059,32.8792],[-94.0429,32.8811],[-94.0431,32.693],[-94.0907,32.6892],[-94.0994,32.7056],[-94.1179,32.7087],[-94.113,32.7151],[-94.0958,32.7122],[-94.0885,32.7228],[-94.1024,32.7249],[-94.0927,32.7343],[-94.1434,32.7415],[-94.1733,32.6953],[-94.2213,32.7027],[-94.2357,32.7155],[-94.2252,32.7276],[-94.2338,32.7426],[-94.2554,32.7517],[-94.2598,32.7453],[-94.2805,32.7496],[-94.2862,32.7301],[-94.2957,32.7239],[-94.317,32.7298],[-94.3288,32.7161],[-94.3631,32.7009],[-94.3725,32.7042],[-94.3839,32.6933],[-94.5073,32.6937],[-94.7021,32.7931],[-94.7021,32.8205],[-94.6724,32.8348],[-94.6977,32.8431],[-94.698,32.8592],[-94.7094,32.8713]]]}},{"type":"Feature","properties":{"county_fips":"05103","county_name":"Ouachita","state":"AR"},"geometry":{"type":"Polygon","coordinates":[[[-93.119,33.3803],[-93.1044,33.7771],[-93.0868,33.7762],[-93.0687,33.7885],[-93.0354,33.7704],[-92.9928,33.7774],[-92.9812,33.7884],[-92.9427,33.797],[-92.9288,33.8225],[-92.9279,33.8151],[-92.9169,33.8212],[-92.8965,33.8064],[-92.583,33.8023],[-92.5853,33.7365],[-92.5996,33.7229],[-92.5994,33.7112],[-92.6351,33.693],[-92.6526,33.6608],[-92.7267,33.6491],[-92.735,33.6197],[-92.7135,33.6055],[-92.7149,33.5566],[-92.7188,33.5518],[-92.7294,33.5637],[-92.7495,33.5439],[-92.7593,33.5523],[-92.7746,33.5519],[-92.7767,33.5393],[-92.7592,33.5319],[-92.7623,33.5183],[-92.773,33.5114],[-92.7537,33.5027],[-92.7652,33.4922],[-92.741,33.484],[-92.7357,33.495],[-92.7165,33.4829],[-92.7216,33.4657],[-92.7281,33.4681],[-92.7169,33.4519],[-92.7036,33.4585],[-92.7057,33.4315],[-92.6555,33.4354],[-92.6557,33.4235],[-92.6435,33.4255],[-92.6463,33.4158],[-92.634,33.4115],[-92.6359,33.4045],[-92.6461,33.4054],[-92.6437,33.3965],[-92.6177,33.4096],[-92.5899,33.4026],[-92.5807,33.3736],[-92.5686,33.3789],[-92.5672,33.3672],[-92.5944,33.3737],[-92.6032,33.3644],[-92.5988,33.361],[-92.624,33.3592],[-92.6459,33.3685],[-92.6608,33.356],[-92.673,33.3571],[-92.6902,33.3686],[-92.7149,33.3705],[-92.7201,33.3822],[-92.7561,33.3876],[-92.7942,33.3726],[-93.119,33.3803]]]}},{"type":"Feature","properties":{"county_fips":"05013","county_name":"Calhoun","state":"AR"},"geometry":{"type":"Polygon","coordinates":[[[-92.7767,33.5393],[-92.7746,33.5519],[-92.7593,33.5523],[-92.7495,33.5439],[-92.7294,33.5637],[-92.7188,33.5518],[-92.7149,33.5566],[-92.7135,33.6055],[-92.735,33.6197],[-92.7267,33.6491],[-92.6526,33.6608],[-92.6351,33.693],[-92.5994,33.7112],[-92.5996,33.7229],[-92.5853,33.7365],[-92.583,33.8023],[-92.3335,33.7942],[-92.3271,33.7778],[-92.3419,33.743],[-92.3201,33.6823],[-92.3271,33.6617],[-92.3207,33.6341],[-92.3305,33.6031],[-92.321,33.5856],[-92.3259,33.5711],[-92.3141,33.551],[-92.323,33.5244],[-92.311,33.4999],[-92.3224,33.4857],[-92.3283,33.4432],[-92.356,33.4009],[-92.3599,33.3797],[-92.3762,33.377],[-92.3787,33.3148],[-92.3503,33.2988],[-92.3583,33.3017],[-92.3771,33.28],[-92.4314,33.2695],[-92.4327,33.2766],[-92.4453,33.2744],[-92.4529,33.2874],[-92.4601,33.2832],[-92.4738,33.2953],[-92.4585,33.304],[-92.471,33.3063],[-92.46,33.3202],[-92.4708,33.3143],[-92.4807,33.3278],[-92.4881,33.3155],[-92.4999,33.3276],[-92.5242,33.3169],[-92.5193,33.332],[-92.5268,33.3325],[-92.5354,33.3482],[-92.5318,33.3556],[-92.5464,33.3595],[-92.5473,33.3663],[-92.5617,33.362],[-92.5686,33.3789],[-92.5807,33.3736],[-92.5899,33.4026],[-92.6177,33.4096],[-92.6437,33.3965],[-92.6461,33.4054],[-92.6359,33.4045],[-92.634,33.4115],[-92.6463,33.4158],[-92.6435,33.4255],[-92.6557,33.4235],[-92.6555,33.4354],[-92.7046,33.4308],[-92.7036,33.4585],[-92.7169,33.4519],[-92.7281,33.4681],[-92.7216,33.4657],[-92.7165,33.4829],[-92.7357,33.495],[-92.741,33.484],[-92.7652,33.4922],[-92.7537,33.5027],[-92.773,33.5114],[-92.7623,33.5183],[-92.7592,33.5319],[-92.7767,33.5393]]]}},{"type":"Feature","properties":{"county_fips":"05095","county_name":"Monroe","state":"AR"},"geometry":{"type":"Polygon","coordinates":[[[-91.4479,34.6091],[-91.447,34.6675],[-91.3748,34.666],[-91.3706,34.8248],[-91.3771,34.8343],[-91.3599,34.8463],[-91.3647,34.8682],[-91.3439,34.8756],[-91.3603,34.8804],[-91.3724,34.8964],[-91.3834,34.8957],[-91.3849,34.9039],[-91.3692,34.8998],[-91.3687,34.9127],[-91.2947,34.9125],[-91.2931,34.9852],[-91.2381,34.9848],[-91.2374,35.0043],[-91.1497,35.0025],[-91.1525,34.9118],[-91.1172,34.9118],[-91.1174,34.8671],[-91.1,34.8671],[-91.1025,34.7349],[-91.0495,34.7342],[-91.0548,34.4708],[-91.0003,34.4694],[-91.0027,34.3364],[-91.0631,34.3366],[-91.078,34.3483],[-91.0926,34.3437],[-91.1078,34.3534],[-91.1045,34.3641],[-91.1307,34.3811],[-91.136,34.4016],[-91.1664,34.413],[-91.1532,34.4212],[-91.1616,34.4354],[-91.1697,34.4333],[-91.1749,34.4506],[-91.1907,34.44],[-91.2176,34.4423],[-91.2203,34.4536],[-91.2063,34.4547],[-91.2225,34.4624],[-91.2102,34.4842],[-91.228,34.4794],[-91.2521,34.4877],[-91.2518,34.5023],[-91.2668,34.5052],[-91.262,34.5273],[-91.3002,34.5326],[-91.2916,34.5618],[-91.3778,34.5635],[-91.377,34.5929],[-91.4126,34.5938],[-91.4123,34.6086],[-91.4479,34.6091]]]}},{"type":"Feature","properties":{"county_fips":"48005","county_name":"Angelina","state":"TX"},"geometry":{"type":"Polygon","coordinates":[[[-95.0049,31.424],[-94.8659,31.5269],[-94.8612,31.5148],[-94.8511,31.5052],[-94.84,31.5077],[-94.8225,31.4839],[-94.8039,31.4905],[-94.7923,31.4792],[-94.7773,31.4805],[-94.7642,31.4691],[-94.7337,31.4652],[-94.7287,31.4572],[-94.6859,31.451],[-94.6647,31.4595],[-94.6279,31.4389],[-94.6042,31.4405],[-94.5943,31.4494],[-94.5829,31.4437],[-94.5815,31.4332],[-94.5451,31.4319],[-94.5376,31.3986],[-94.5028,31.4108],[-94.4861,31.3897],[-94.4692,31.3834],[-94.4711,31.373],[-94.456,31.3519],[-94.4477,31.3178],[-94.3952,31.3019],[-94.383,31.2741],[-94.3576,31.2596],[-94.3571,31.2469],[-94.3507,31.2475],[-94.335,31.2232],[-94.3126,31.2237],[-94.3061,31.2129],[-94.2699,31.1962],[-94.2622,31.1803],[-94.2506,31.1883],[-94.2492,31.1775],[-94.219,31.1733],[-94.2196,31.1644],[-94.2029,31.154],[-94.2075,31.1513],[-94.1898,31.1397],[-94.1927,31.1355],[-94.1576,31.1146],[-94.1439,31.1148],[-94.1296,31.0993],[-94.4732,31.0264],[-94.4923,31.045],[-94.5089,31.0433],[-94.5269,31.0559],[-94.5548,31.0549],[-94.5745,31.0686],[-94.5989,31.0686],[-94.6143,31.0848],[-94.6431,31.0881],[-94.649,31.099],[-94.6585,31.0849],[-94.6707,31.0884],[-94.6709,31.0956],[-94.6984,31.0962],[-94.7236,31.1085],[-94.7516,31.1056],[-94.7961,31.1308],[-94.8133,31.1305],[-94.8563,31.1501],[-94.85,31.1549],[-94.8551,31.1726],[-94.8501,31.1786],[-94.8664,31.2087],[-94.8584,31.2205],[-94.8646,31.2257],[-94.8604,31.2345],[-94.8757,31.2505],[-94.8976,31.2578],[-94.8767,31.2834],[-94.8861,31.2956],[-94.8965,31.2961],[-94.897,31.3234],[-94.9176,31.3395],[-94.9578,31.3428],[-94.9614,31.3525],[-94.9498,31.3598],[-94.959,31.365],[-94.9573,31.3791],[-94.9502,31.3822],[-94.9778,31.3994],[-94.9767,31.4091],[-95.0049,31.424]]]}},{"type":"Feature","properties":{"county_fips":"48401","county_name":"Rusk","state":"TX"},"geometry":{"type":"Polygon","coordinates":[[[-94.9848,31.8461],[-94.9854,32.3708],[-94.6398,32.3708],[-94.6008,32.36],[-94.5792,32.3949],[-94.5557,32.4075],[-94.5421,32.3994],[-94.526,32.4023],[-94.5272,32.3933],[-94.517,32.3876],[-94.5017,32.3979],[-94.4918,32.3941],[-94.4934,32.3565],[-94.5261,32.2791],[-94.5562,32.2502],[-94.5803,32.2025],[-94.5807,32.1593],[-94.6016,32.08],[-94.6,31.9732],[-94.5114,31.974],[-94.5113,31.9241],[-94.4807,31.9021],[-94.4525,31.8441],[-94.9848,31.8461]]]}},{"type":"Feature","properties":{"county_fips":"22123","county_name":"West Carroll","state":"LA"},"geometry":{"type":"Polygon","coordinates":[[[-91.6389,32.7025],[-91.5972,32.7489],[-91.5959,32.7725],[-91.6053,32.7829],[-91.5736,32.8254],[-91.5777,32.83],[-91.567,32.855],[-91.5412,32.8766],[-91.5184,32.8767],[-91.4947,32.8908],[-91.4975,32.9061],[-91.4759,32.9266],[-91.4798,32.9373],[-91.4385,32.9788],[-91.439,32.9855],[-91.4499,32.9834],[-91.4495,32.9902],[-91.4389,32.991],[-91.4358,33.0061],[-91.2616,33.0017],[-91.2622,32.9924],[-91.2739,32.9872],[-91.2677,32.9751],[-91.277,32.9756],[-91.2768,32.9542],[-91.2979,32.9492],[-91.3094,32.9352],[-91.3021,32.9263],[-91.3122,32.9133],[-91.3076,32.8804],[-91.319,32.865],[-91.3284,32.8726],[-91.3404,32.8599],[-91.3477,32.8246],[-91.3398,32.8217],[-91.3433,32.7497],[-91.3738,32.7189],[-91.3751,32.6893],[-91.3978,32.6933],[-91.4036,32.6806],[-91.3941,32.6454],[-91.403,32.6404],[-91.4059,32.6223],[-91.3976,32.6089],[-91.4266,32.5999],[-91.4453,32.582],[-91.5962,32.5821],[-91.5969,32.6671],[-91.6376,32.6673],[-91.6205,32.688],[-91.6389,32.7025]]]}},{"type":"Feature","properties":{"county_fips":"28137","county_name":"Tate","state":"MS"},"geometry":{"type":"Polygon","coordinates":[[[-90.2439,34.6022],[-90.2366,34.6076],[-90.24,34.6262],[-90.2163,34.6469],[-90.2146,34.6578],[-90.2252,34.6616],[-90.2185,34.6644],[-90.2258,34.6748],[-90.2202,34.6889],[-90.2314,34.702],[-90.2133,34.7226],[-90.1965,34.7207],[-90.1838,34.7335],[-90.1889,34.7379],[-90.1746,34.7435],[-90.1715,34.759],[-90.1289,34.7605],[-90.107,34.7333],[-90.0906,34.7358],[-90.0729,34.721],[-90.0606,34.7282],[-90.0542,34.7126],[-90.0301,34.7079],[-89.9827,34.7203],[-89.9818,34.7262],[-89.9541,34.7269],[-89.9557,34.7374],[-89.9155,34.7582],[-89.9122,34.7725],[-89.7234,34.7723],[-89.7223,34.6855],[-89.6692,34.6856],[-89.6684,34.5544],[-90.2049,34.5544],[-90.2189,34.5609],[-90.2108,34.5636],[-90.2111,34.5731],[-90.2399,34.5932],[-90.2363,34.605],[-90.2439,34.6022]]]}},{"type":"Feature","properties":{"county_fips":"48351","county_name":"Newton","state":"TX"},"geometry":{"type":"Polygon","coordinates":[[[-93.9111,31.1581],[-93.6003,31.1762],[-93.5885,31.1656],[-93.5489,31.1866],[-93.5317,31.1808],[-93.5431,31.1707],[-93.5365,31.1585],[-93.5487,31.1558],[-93.5397,31.1144],[-93.5635,31.094],[-93.5493,31.0903],[-93.5522,31.0789],[-93.5277,31.0746],[-93.5189,31.0619],[-93.5312,31.0517],[-93.5085,31.0294],[-93.5334,31.019],[-93.5391,31.0083],[-93.5559,31.0037],[-93.5656,31.0132],[-93.5782,31.0],[-93.5643,30.9896],[-93.5728,30.9707],[-93.5318,30.9582],[-93.526,30.9375],[-93.5309,30.9245],[-93.5432,30.9201],[-93.5452,30.9271],[-93.5584,30.9135],[-93.5492,30.8974],[-93.5663,30.8948],[-93.5741,30.8845],[-93.5591,30.8699],[-93.5573,30.8521],[-93.5685,30.8451],[-93.5536,30.8351],[-93.5541,30.8249],[-93.5642,30.8175],[-93.5613,30.8076],[-93.5838,30.8018],[-93.5819,30.789],[-93.5894,30.7867],[-93.5832,30.7786],[-93.5927,30.7751],[-93.5921,30.7637],[-93.6144,30.7599],[-93.6083,30.7478],[-93.619,30.7403],[-93.6095,30.7231],[-93.6172,30.7186],[-93.6299,30.6799],[-93.655,30.6702],[-93.6831,30.6408],[-93.682,30.6186],[-93.6891,30.6114],[-93.6787,30.5941],[-93.6881,30.5857],[-93.6929,30.5944],[-93.7219,30.5803],[-93.7292,30.5449],[-93.7403,30.5396],[-93.7065,30.5099],[-93.7167,30.494],[-93.7098,30.4826],[-93.7174,30.4838],[-93.699,30.4588],[-93.7063,30.4581],[-93.7069,30.444],[-93.6978,30.4406],[-93.7171,30.4231],[-93.7268,30.4297],[-93.7227,30.4196],[-93.7577,30.3904],[-93.7517,30.361],[-93.7658,30.3333],[-93.7556,30.3296],[-93.7439,30.304],[-93.7046,30.2899],[-93.7052,30.2439],[-93.9015,30.2427],[-93.8657,30.9472],[-93.9111,31.1581]]]}},{"type":"Feature","properties":{"county_fips":"22047","county_name":"Iberville","state":"LA"},"geometry":{"type":"Polygon","coordinates":[[[-91.7013,30.4977],[-91.5834,30.497],[-91.5835,30.4826],[-91.5563,30.4829],[-91.5578,30.4885],[-91.5265,30.4972],[-91.4852,30.4973],[-91.4125,30.4324],[-91.3945,30.4086],[-91.3946,30.3948],[-91.3636,30.3842],[-91.3372,30.3534],[-91.3197,30.3447],[-91.3113,30.3225],[-91.1421,30.3233],[-91.1328,30.3135],[-91.1184,30.3125],[-91.093,30.3206],[-91.0368,30.3147],[-91.021,30.3215],[-91.0736,30.1609],[-91.0902,30.1537],[-91.0898,30.1087],[-91.1066,30.1085],[-91.106,30.0627],[-91.2242,30.0256],[-91.2254,30.0423],[-91.2419,30.0295],[-91.2691,30.0593],[-91.3535,30.0609],[-91.3667,30.0547],[-91.3718,30.0816],[-91.3888,30.1024],[-91.4639,30.1027],[-91.4721,30.1142],[-91.4613,30.1312],[-91.4725,30.1427],[-91.472,30.1867],[-91.4902,30.2019],[-91.4753,30.2292],[-91.5106,30.2407],[-91.5628,30.2419],[-91.588,30.2571],[-91.59,30.277],[-91.6211,30.3099],[-91.6255,30.3542],[-91.6481,30.3651],[-91.6278,30.3796],[-91.6248,30.3948],[-91.6401,30.4427],[-91.6748,30.4745],[-91.6925,30.4813],[-91.7013,30.4977]]]}},{"type":"Feature","properties":{"county_fips":"22041","county_name":"Franklin","state":"LA"},"geometry":{"type":"Polygon","coordinates":[[[-91.9332,32.0664],[-91.9134,32.085],[-91.9025,32.083],[-91.9014,32.075],[-91.8975,32.0861],[-91.8682,32.0916],[-91.8758,32.1059],[-91.8697,32.1183],[-91.8757,32.1271],[-91.8852,32.1198],[-91.8831,32.1323],[-91.8981,32.1474],[-91.8804,32.1713],[-91.8317,32.18],[-91.8129,32.222],[-91.7922,32.2251],[-91.7869,32.2391],[-91.7767,32.2388],[-91.7692,32.2572],[-91.7741,32.2774],[-91.7625,32.2932],[-91.7691,32.295],[-91.7618,32.2985],[-91.7663,32.3056],[-91.7579,32.3098],[-91.7661,32.3107],[-91.7591,32.3177],[-91.7608,32.3354],[-91.7232,32.3336],[-91.7142,32.3432],[-91.7035,32.3425],[-91.6975,32.3711],[-91.6802,32.3736],[-91.6802,32.384],[-91.6691,32.3885],[-91.6495,32.3894],[-91.6351,32.4058],[-91.4765,32.4056],[-91.4846,32.3977],[-91.4507,32.3617],[-91.4698,32.3511],[-91.4853,32.3663],[-91.5012,32.3448],[-91.4949,32.3388],[-91.4746,32.3415],[-91.4716,32.3175],[-91.504,32.3143],[-91.5051,32.2927],[-91.5267,32.3007],[-91.5245,32.2514],[-91.5448,32.2594],[-91.5573,32.2507],[-91.5309,32.2348],[-91.5095,32.2442],[-91.52,32.2235],[-91.538,32.2205],[-91.5464,32.2062],[-91.4936,32.2032],[-91.4933,32.1561],[-91.5066,32.1429],[-91.5012,32.1058],[-91.5104,32.1006],[-91.4898,32.0924],[-91.5102,32.0213],[-91.4949,32.0031],[-91.4969,31.9924],[-91.5148,31.9854],[-91.5122,31.9754],[-91.5283,31.9608],[-91.5128,31.9541],[-91.5102,31.9398],[-91.525,31.9155],[-91.5469,31.9118],[-91.5753,31.8833],[-91.597,31.8832],[-91.5964,31.9704],[-91.6475,31.9705],[-91.648,31.9547],[-91.6674,31.9267],[-91.6885,31.9187],[-91.7069,31.8955],[-91.7206,31.8942],[-91.7327,31.8812],[-91.7568,31.8846],[-91.7818,31.8725],[-91.7787,31.8877],[-91.8049,31.8932],[-91.7947,31.9034],[-91.8015,31.9061],[-91.801,31.9172],[-91.8137,31.9227],[-91.8227,31.9172],[-91.8342,31.9299],[-91.8279,31.9354],[-91.8414,31.9351],[-91.8503,31.9449],[-91.8443,31.959],[-91.8498,31.9526],[-91.8601,31.9572],[-91.8599,31.9652],[-91.8637,31.9585],[-91.8898,31.9717],[-91.9021,31.9958],[-91.8944,32.0106],[-91.9028,32.0254],[-91.9038,32.0396],[-91.8982,32.0396],[-91.9132,32.0533],[-91.9088,32.0611],[-91.9164,32.0571],[-91.9221,32.0663],[-91.9332,32.0664]]]}},{"type":"Feature","properties":{"county_fips":"22127","county_name":"Winn","state":"LA"},"geometry":{"type":"Polygon","coordinates":[[[-92.976,31.7124],[-92.9686,31.731],[-92.9674,31.7813],[-92.9526,31.7837],[-92.942,31.815],[-92.9512,31.8249],[-92.9384,31.8234],[-92.9495,31.839],[-92.9501,31.8553],[-92.9089,31.8508],[-92.8991,31.857],[-92.9062,31.8687],[-92.8926,31.9014],[-92.8946,31.9172],[-92.8846,31.9395],[-92.8722,31.9459],[-92.885,31.9566],[-92.8829,31.9816],[-92.901,31.988],[-92.8847,32.0121],[-92.8985,32.0449],[-92.8958,32.055],[-92.9118,32.0768],[-92.9049,32.0902],[-92.9317,32.1233],[-92.9391,32.1479],[-92.3119,32.146],[-92.3126,31.8962],[-92.3248,31.8869],[-92.3216,31.8616],[-92.3377,31.854],[-92.3291,31.8489],[-92.3414,31.8315],[-92.3405,31.8134],[-92.3622,31.8081],[-92.3589,31.7975],[-92.6193,31.7973],[-92.6209,31.7096],[-92.976,31.7124]]]}},{"type":"Feature","properties":{"county_fips":"28119","county_name":"Quitman","state":"MS"},"geometry":{"type":"Polygon","coordinates":[[[-90.451,34.0729],[-90.4506,34.2624],[-90.399,34.2615],[-90.3995,34.4238],[-90.3019,34.4245],[-90.3043,34.5096],[-90.1985,34.5111],[-90.1941,34.3014],[-90.1345,34.2656],[-90.1357,34.0729],[-90.451,34.0729]]]}},{"type":"Feature","properties":{"county_fips":"05107","county_name":"Phillips","state":"AR"},"geometry":{"type":"Polygon","coordinates":[[[-91.1175,34.121],[-91.1108,34.1312],[-91.0995,34.1298],[-91.0957,34.1408],[-91.0785,34.1442],[-91.0903,34.1541],[-91.0832,34.1612],[-91.0943,34.1761],[-91.087,34.1809],[-91.0941,34.1895],[-91.0867,34.2023],[-91.0716,34.1994],[-91.0606,34.2168],[-91.0654,34.2384],[-91.0792,34.2512],[-91.0628,34.2547],[-91.0779,34.2823],[-91.0707,34.298],[-91.0648,34.2879],[-91.0583,34.2896],[-91.0647,34.3104],[-91.0528,34.3111],[-91.0643,34.3195],[-91.0545,34.3234],[-91.0563,34.3367],[-91.0027,34.3364],[-91.0003,34.4694],[-91.0548,34.4708],[-91.052,34.6457],[-90.5873,34.6414],[-90.5911,34.6192],[-90.5405,34.5579],[-90.5425,34.5401],[-90.5813,34.5156],[-90.5927,34.4906],[-90.5777,34.431],[-90.5862,34.4092],[-90.606,34.3933],[-90.6409,34.3889],[-90.6585,34.3757],[-90.6668,34.3558],[-90.6614,34.3154],[-90.6781,34.313],[-90.6931,34.3226],[-90.6762,34.3711],[-90.7158,34.3603],[-90.7573,34.3674],[-90.7692,34.3584],[-90.7687,34.3478],[-90.7428,34.3213],[-90.7352,34.3026],[-90.7529,34.2746],[-90.7656,34.2695],[-90.8296,34.2786],[-90.8381,34.22],[-90.8471,34.2061],[-90.8966,34.2258],[-90.9063,34.2444],[-90.9232,34.2465],[-90.9355,34.2378],[-90.9345,34.2179],[-90.9255,34.207],[-90.8876,34.1824],[-90.8544,34.1868],[-90.8124,34.1808],[-90.8076,34.1618],[-90.8159,34.1499],[-90.8361,34.1379],[-90.8535,34.1375],[-90.91,34.1655],[-90.9586,34.1355],[-90.9556,34.1189],[-91.1175,34.121]]]}},{"type":"Feature","properties":{"county_fips":"22005","county_name":"Ascension","state":"LA"},"geometry":{"type":"Polygon","coordinates":[[[-91.1066,30.1085],[-91.0898,30.1087],[-91.0902,30.1537],[-91.0736,30.1609],[-91.021,30.3215],[-91.0142,30.3348],[-90.987,30.3457],[-90.8585,30.3438],[-90.8491,30.3291],[-90.8366,30.3256],[-90.8397,30.319],[-90.8291,30.3175],[-90.8253,30.2937],[-90.8136,30.2924],[-90.8103,30.2755],[-90.7982,30.2847],[-90.7847,30.2803],[-90.7872,30.257],[-90.7667,30.2392],[-90.7425,30.236],[-90.7195,30.19],[-90.7047,30.1869],[-90.6986,30.176],[-90.6831,30.1827],[-90.6733,30.198],[-90.679,30.2067],[-90.6703,30.2149],[-90.6623,30.2121],[-90.6588,30.2268],[-90.6476,30.2327],[-90.6319,30.2212],[-90.6421,30.1664],[-90.9156,30.1133],[-90.9356,30.0856],[-90.9659,30.0653],[-90.9847,30.0651],[-91.0057,30.0791],[-91.0558,30.0706],[-91.0747,30.0817],[-91.0893,30.0768],[-91.0891,30.0628],[-91.106,30.0627],[-91.1066,30.1085]]]}},{"type":"Feature","properties":{"county_fips":"22065","county_name":"Madison","state":"LA"},"geometry":{"type":"MultiPolygon","coordinates":[[[[-91.0583,32.181],[-91.025,32.1626],[-91.0029,32.1621],[-91.005,32.1429],[-91.0176,32.1252],[-91.0532,32.1242],[-91.0485,32.1502],[-91.0583,32.181]]],[[[-91.5573,32.2507],[-91.5448,32.2594],[-91.5245,32.2514],[-91.5267,32.3007],[-91.5051,32.2927],[-91.504,32.3143],[-91.4716,32.3175],[-91.4746,32.3415],[-91.4949,32.3388],[-91.5012,32.3448],[-91.4853,32.3663],[-91.4698,32.3511],[-91.4507,32.3617],[-91.4846,32.3977],[-91.4756,32.4039],[-91.4873,32.4247],[-91.4853,32.4369],[-91.4716,32.4356],[-91.4857,32.4769],[-91.4803,32.4984],[-91.4852,32.503],[-91.4689,32.5345],[-91.4576,32.5378],[-91.1331,32.5379],[-91.1076,32.5622],[-91.0702,32.5625],[-91.0804,32.5564],[-91.0754,32.5467],[-91.0071,32.5164],[-90.9876,32.4924],[-91.0042,32.4821],[-91.0381,32.4904],[-91.0937,32.5491],[-91.1167,32.5001],[-91.116,32.4831],[-91.0953,32.4587],[-91.0529,32.4384],[-91.0296,32.4335],[-90.9939,32.4509],[-90.9696,32.4395],[-90.9678,32.4183],[-90.9941,32.4039],[-91.0045,32.3681],[-91.0001,32.3577],[-90.9124,32.3395],[-90.8921,32.3706],[-90.8756,32.3724],[-90.9026,32.3196],[-90.9222,32.2986],[-90.9478,32.2835],[-90.9641,32.2969],[-90.9795,32.2937],[-90.983,32.2703],[-90.9694,32.2525],[-90.9803,32.2436],[-90.9838,32.2106],[-90.9952,32.1921],[-91.0025,32.1959],[-91.0029,32.2231],[-91.039,32.2423],[-91.0503,32.2379],[-91.0614,32.2186],[-91.0837,32.2264],[-91.113,32.2066],[-91.124,32.2111],[-91.1216,32.24],[-91.1394,32.2497],[-91.2026,32.2395],[-91.2348,32.21],[-91.2706,32.2312],[-91.3214,32.2029],[-91.4936,32.2032],[-91.5464,32.2062],[-91.538,32.2205],[-91.52,32.2235],[-91.5095,32.2442],[-91.5309,32.2348],[-91.5573,32.2507]]]]}},{"type":"Feature","properties":{"county_fips":"28149","county_name":"Warren","state":"MS"},"geometry":{"type":"Polygon","coordinates":[[[-91.1737,32.1642],[-91.158,32.202],[-91.1336,32.2134],[-91.113,32.2066],[-91.0837,32.2264],[-91.0614,32.2186],[-91.0503,32.2379],[-91.039,32.2423],[-91.0029,32.2231],[-91.0025,32.1959],[-90.9952,32.1921],[-90.9838,32.2106],[-90.9803,32.2436],[-90.9694,32.2525],[-90.983,32.2703],[-90.9795,32.2937],[-90.9641,32.2969],[-90.9478,32.2835],[-90.9222,32.2986],[-90.9026,32.3196],[-90.8756,32.3724],[-90.8921,32.3706],[-90.9124,32.3395],[-91.0001,32.3577],[-91.0045,32.3681],[-90.9941,32.4039],[-90.9678,32.4183],[-90.9669,32.4355],[-90.9939,32.4509],[-91.0296,32.4335],[-91.0953,32.4587],[-91.1121,32.4761],[-91.1173,32.495],[-91.0937,32.5491],[-91.0458,32.4955],[-90.9992,32.4826],[-90.9876,32.4924],[-90.9949,32.5086],[-91.0617,32.5364],[-91.0804,32.5564],[-91.0435,32.5763],[-90.964,32.5756],[-90.9634,32.4112],[-90.9512,32.4444],[-90.9398,32.4521],[-90.9188,32.4441],[-90.8947,32.4486],[-90.8815,32.4408],[-90.8709,32.4516],[-90.8614,32.4428],[-90.8606,32.5752],[-90.7628,32.5774],[-90.7298,32.5657],[-90.7256,32.5758],[-90.7317,32.5873],[-90.7227,32.5921],[-90.7201,32.6189],[-90.6899,32.6187],[-90.6902,32.5894],[-90.6555,32.5898],[-90.6542,32.546],[-90.588,32.5461],[-90.5879,32.5318],[-90.5539,32.5319],[-90.5555,32.505],[-90.5787,32.5037],[-90.5823,32.494],[-90.5891,32.4953],[-90.5868,32.4874],[-90.6041,32.4813],[-90.5978,32.4503],[-90.5858,32.4451],[-90.5994,32.4363],[-90.6227,32.3834],[-90.6362,32.3745],[-90.628,32.3395],[-90.6929,32.3543],[-90.7047,32.3473],[-90.7074,32.339],[-90.6993,32.3311],[-90.7078,32.3167],[-90.6959,32.2977],[-90.7195,32.2773],[-90.7142,32.2632],[-90.7282,32.2592],[-90.7136,32.2524],[-90.7395,32.2155],[-90.7319,32.215],[-90.7385,32.2056],[-90.7533,32.2075],[-90.7505,32.1958],[-90.7772,32.1936],[-90.791,32.1769],[-90.7668,32.163],[-90.7697,32.1553],[-90.7929,32.1516],[-90.7983,32.1428],[-90.8112,32.1555],[-90.8094,32.1476],[-90.8207,32.1371],[-90.8297,32.1449],[-90.8261,32.1563],[-90.8438,32.159],[-90.8581,32.142],[-90.8438,32.1386],[-90.8461,32.1282],[-90.8705,32.12],[-90.8751,32.1276],[-90.8823,32.1215],[-90.879,32.1144],[-90.9069,32.1323],[-90.9127,32.1185],[-90.9217,32.1178],[-90.9169,32.1021],[-90.9254,32.0997],[-90.9145,32.0977],[-90.9207,32.0874],[-90.9139,32.0838],[-90.9384,32.0853],[-90.9439,32.0783],[-90.9434,32.0891],[-90.9525,32.0902],[-90.951,32.0816],[-90.9577,32.0903],[-90.966,32.0879],[-90.9612,32.1052],[-90.9703,32.0946],[-90.9903,32.097],[-91.0307,32.1143],[-91.0064,32.14],[-91.0029,32.1621],[-91.025,32.1626],[-91.0583,32.181],[-91.0485,32.1502],[-91.0532,32.1242],[-91.0816,32.134],[-91.1113,32.125],[-91.1628,32.1327],[-91.1737,32.1642]]]}},{"type":"Feature","properties":{"county_fips":"48203","county_name":"Harrison","state":"TX"},"geometry":{"type":"Polygon","coordinates":[[[-94.702,32.4218],[-94.7021,32.7931],[-94.5073,32.6937],[-94.3839,32.6933],[-94.3725,32.7042],[-94.3631,32.7009],[-94.3288,32.7161],[-94.317,32.7298],[-94.2957,32.7239],[-94.2862,32.7301],[-94.2805,32.7496],[-94.2598,32.7453],[-94.2554,32.7517],[-94.2338,32.7426],[-94.2252,32.7276],[-94.2357,32.7155],[-94.2213,32.7027],[-94.1733,32.6953],[-94.1434,32.7415],[-94.0927,32.7343],[-94.1024,32.7249],[-94.0885,32.7228],[-94.0958,32.7122],[-94.113,32.7151],[-94.1179,32.7087],[-94.0994,32.7056],[-94.0907,32.6892],[-94.0431,32.693],[-94.0429,32.3923],[-94.3487,32.3323],[-94.3506,32.3266],[-94.3678,32.3463],[-94.3721,32.3411],[-94.3829,32.3457],[-94.3846,32.3668],[-94.4114,32.3713],[-94.4405,32.3621],[-94.4468,32.3721],[-94.4766,32.3785],[-94.4799,32.3906],[-94.4999,32.3978],[-94.5142,32.3875],[-94.5272,32.3933],[-94.526,32.4023],[-94.5421,32.3994],[-94.5544,32.4076],[-94.5887,32.3914],[-94.5998,32.3998],[-94.6459,32.3995],[-94.669,32.409],[-94.6766,32.4244],[-94.702,32.4218]]]}},{"type":"Feature","properties":{"county_fips":"05001","county_name":"Arkansas","state":"AR"},"geometry":{"type":"Polygon","coordinates":[[[-91.7117,34.2339],[-91.7053,34.4827],[-91.5959,34.4805],[-91.5944,34.568],[-91.2916,34.5618],[-91.3002,34.5326],[-91.262,34.5273],[-91.2668,34.5052],[-91.2518,34.5023],[-91.2521,34.4877],[-91.228,34.4794],[-91.2174,34.4872],[-91.2089,34.4825],[-91.2227,34.4639],[-91.2063,34.4547],[-91.2203,34.4536],[-91.2176,34.4423],[-91.1907,34.44],[-91.1762,34.4515],[-91.1697,34.4333],[-91.1616,34.4354],[-91.1532,34.4212],[-91.1664,34.413],[-91.136,34.4016],[-91.1307,34.3811],[-91.1045,34.3641],[-91.1078,34.3534],[-91.0926,34.3437],[-91.078,34.3483],[-91.0532,34.3322],[-91.0554,34.322],[-91.0643,34.3195],[-91.0521,34.3133],[-91.0645,34.3118],[-91.0583,34.2896],[-91.0648,34.2879],[-91.0707,34.298],[-91.0779,34.2823],[-91.0628,34.2547],[-91.0788,34.2484],[-91.0654,34.2384],[-91.0606,34.2168],[-91.0716,34.1994],[-91.0867,34.2023],[-91.0941,34.1895],[-91.087,34.1809],[-91.0943,34.1761],[-91.0832,34.1612],[-91.0903,34.1541],[-91.0785,34.1442],[-91.0957,34.1408],[-91.0995,34.1298],[-91.1108,34.1312],[-91.1236,34.1063],[-91.1424,34.1113],[-91.1413,34.1017],[-91.1507,34.1035],[-91.1499,34.0854],[-91.1677,34.0943],[-91.1864,34.081],[-91.1836,34.0726],[-91.194,34.0726],[-91.1878,34.0621],[-91.1969,34.0502],[-91.1952,34.0353],[-91.1846,34.0302],[-91.1844,34.0175],[-91.1622,34.0058],[-91.1588,33.979],[-91.1357,33.962],[-91.1521,33.9536],[-91.1407,33.9462],[-91.1515,33.9373],[-91.1369,33.9262],[-91.1544,33.9302],[-91.1711,33.923],[-91.1732,33.9317],[-91.1618,33.9435],[-91.1702,33.9587],[-91.2177,33.954],[-91.2329,33.9406],[-91.2394,33.9492],[-91.2302,33.9778],[-91.2519,33.9568],[-91.2625,33.9573],[-91.2708,33.9415],[-91.2908,33.9556],[-91.2902,33.9685],[-91.3501,33.9553],[-91.3576,33.9628],[-91.3477,33.9713],[-91.3225,33.9668],[-91.312,33.9746],[-91.3184,34.004],[-91.3316,34.0166],[-91.3401,34.0107],[-91.3283,33.9847],[-91.3364,33.9835],[-91.3544,34.0048],[-91.3733,33.9822],[-91.3919,33.9816],[-91.4382,34.028],[-91.4335,34.0612],[-91.4451,34.0806],[-91.4318,34.0874],[-91.4424,34.0878],[-91.438,34.0964],[-91.4482,34.1211],[-91.4432,34.1263],[-91.4635,34.1357],[-91.4933,34.1273],[-91.4965,34.15],[-91.5152,34.1429],[-91.5208,34.1641],[-91.5148,34.1711],[-91.5274,34.1833],[-91.5298,34.2176],[-91.561,34.2255],[-91.5957,34.2124],[-91.5928,34.2287],[-91.5991,34.2315],[-91.7117,34.2339]]]}},{"type":"Feature","properties":{"county_fips":"05147","county_name":"Woodruff","state":"AR"},"geometry":{"type":"Polygon","coordinates":[[[-91.479,35.0611],[-91.4732,35.0677],[-91.446,35.0678],[-91.4686,35.085],[-91.4626,35.1022],[-91.4528,35.0883],[-91.4526,35.1016],[-91.4242,35.1048],[-91.4276,35.1114],[-91.4444,35.1054],[-91.4389,35.1184],[-91.4508,35.1405],[-91.428,35.1379],[-91.4355,35.1541],[-91.4618,35.1562],[-91.4595,35.1671],[-91.4377,35.1654],[-91.4222,35.177],[-91.4359,35.1819],[-91.4264,35.1839],[-91.4308,35.1929],[-91.4131,35.1943],[-91.4046,35.2146],[-91.3967,35.2116],[-91.3929,35.1924],[-91.3807,35.188],[-91.3771,35.1957],[-91.3905,35.2018],[-91.3805,35.2164],[-91.3948,35.2212],[-91.3779,35.2231],[-91.3886,35.2371],[-91.3713,35.2641],[-91.3776,35.2675],[-91.3818,35.2533],[-91.3919,35.2523],[-91.4006,35.2646],[-91.4118,35.2648],[-91.414,35.3046],[-91.4287,35.2931],[-91.4374,35.2961],[-91.425,35.3329],[-91.4448,35.3463],[-91.423,35.3589],[-91.4384,35.3689],[-91.411,35.3609],[-91.4257,35.3751],[-91.4064,35.3864],[-91.3849,35.3747],[-91.4002,35.3937],[-91.3684,35.4083],[-91.3722,35.4202],[-91.3656,35.4305],[-91.3609,35.4113],[-91.3504,35.4104],[-91.3458,35.4247],[-91.3578,35.4291],[-91.3477,35.4379],[-91.3503,35.445],[-91.253,35.4458],[-91.2516,35.3576],[-91.0396,35.3543],[-91.0454,35.001],[-91.2374,35.0043],[-91.2381,34.9848],[-91.2931,34.9852],[-91.2947,34.9125],[-91.3687,34.9127],[-91.3638,35.052],[-91.4417,35.0522],[-91.44,35.0617],[-91.4612,35.052],[-91.479,35.0611]]]}},{"type":"Feature","properties":{"county_fips":"22055","county_name":"Lafayette","state":"LA"},"geometry":{"type":"Polygon","coordinates":[[[-92.2847,30.1474],[-92.2753,30.1461],[-92.251,30.1707],[-92.2479,30.211],[-92.2146,30.2222],[-92.2102,30.2419],[-92.1761,30.2411],[-92.1763,30.2702],[-92.1593,30.27],[-92.1595,30.2846],[-92.1422,30.2846],[-92.1422,30.2988],[-92.0892,30.3305],[-92.0771,30.3652],[-92.0491,30.3816],[-92.027,30.3599],[-92.0148,30.3717],[-91.9538,30.36],[-91.9529,30.3387],[-91.9662,30.3244],[-91.9489,30.2768],[-91.9769,30.2606],[-91.9681,30.259],[-91.9637,30.2407],[-91.9428,30.2366],[-91.9429,30.2301],[-91.9579,30.2119],[-91.9788,30.2088],[-91.98,30.1825],[-91.9629,30.1759],[-91.9547,30.1868],[-91.9213,30.1882],[-91.9055,30.1546],[-91.9341,30.1197],[-91.9646,30.037],[-92.0662,30.0739],[-92.0892,30.1129],[-92.0875,30.1277],[-92.1281,30.1159],[-92.2029,30.1427],[-92.2271,30.1369],[-92.2847,30.1474]]]}},{"type":"Feature","properties":{"county_fips":"22101","county_name":"St. Mary","state":"LA"},"geometry":{"type":"Polygon","coordinates":[[[-91.881,29.7133],[-91.7113,29.8461],[-91.6243,29.9455],[-91.472,29.9563],[-91.472,29.948],[-91.4129,29.9042],[-91.3736,29.8344],[-91.3865,29.7837],[-91.3523,29.7666],[-91.2152,29.7512],[-91.1809,29.7285],[-91.1341,29.7241],[-91.0953,29.6963],[-91.1052,29.643],[-91.0826,29.6268],[-91.1172,29.6175],[-91.1216,29.608],[-91.1394,29.6089],[-91.1614,29.593],[-91.1729,29.5974],[-91.177,29.6096],[-91.2009,29.5987],[-91.2252,29.5763],[-91.2272,29.5579],[-91.2684,29.5402],[-91.2723,29.5295],[-91.265,29.5108],[-91.2734,29.4792],[-91.2935,29.4778],[-91.3494,29.4961],[-91.3441,29.5028],[-91.3521,29.5138],[-91.3874,29.5201],[-91.3892,29.5134],[-91.4147,29.5137],[-91.4245,29.5186],[-91.4273,29.5398],[-91.4343,29.5434],[-91.4656,29.5452],[-91.5414,29.5263],[-91.5255,29.5519],[-91.5374,29.5659],[-91.5356,29.5848],[-91.5546,29.6358],[-91.5781,29.6396],[-91.6261,29.6288],[-91.6475,29.6355],[-91.6266,29.6556],[-91.623,29.671],[-91.6168,29.7197],[-91.6279,29.7411],[-91.6729,29.7462],[-91.7138,29.7371],[-91.7371,29.7503],[-91.7529,29.7498],[-91.8583,29.7061],[-91.881,29.7133]]]}},{"type":"Feature","properties":{"county_fips":"48199","county_name":"Hardin","state":"TX"},"geometry":{"type":"Polygon","coordinates":[[[-94.7327,30.4901],[-94.5379,30.4911],[-94.5457,30.527],[-94.0717,30.526],[-94.0841,30.5056],[-94.0789,30.4901],[-94.1031,30.4687],[-94.0945,30.4656],[-94.1194,30.4263],[-94.1128,30.415],[-94.1201,30.4107],[-94.1134,30.4065],[-94.1167,30.3975],[-94.1039,30.3942],[-94.1086,30.3873],[-94.102,30.3841],[-94.1013,30.3656],[-94.0829,30.3457],[-94.0966,30.3386],[-94.0988,30.3224],[-94.1061,30.3218],[-94.1018,30.3105],[-94.1178,30.3006],[-94.1142,30.2861],[-94.1205,30.283],[-94.1136,30.2629],[-94.1048,30.2662],[-94.0965,30.2587],[-94.1183,30.2444],[-94.1178,30.2159],[-94.0917,30.2058],[-94.0911,30.1984],[-94.0982,30.1985],[-94.0979,30.1884],[-94.1065,30.1932],[-94.1105,30.1878],[-94.1159,30.1603],[-94.169,30.1734],[-94.1764,30.1879],[-94.1876,30.1789],[-94.1951,30.1891],[-94.2096,30.1877],[-94.2211,30.1706],[-94.2313,30.1726],[-94.2361,30.1653],[-94.2756,30.1701],[-94.2792,30.1319],[-94.2926,30.1177],[-94.3307,30.1147],[-94.3421,30.1031],[-94.3508,30.1091],[-94.365,30.1015],[-94.3762,30.1091],[-94.4124,30.0982],[-94.4386,30.1158],[-94.5963,30.1121],[-94.7327,30.4901]]]}},{"type":"Feature","properties":{"county_fips":"22079","county_name":"Rapides","state":"LA"},"geometry":{"type":"Polygon","coordinates":[[[-92.9815,31.3469],[-92.9472,31.3468],[-92.9473,31.3677],[-92.9133,31.3682],[-92.9135,31.3897],[-92.8884,31.3896],[-92.8885,31.404],[-92.8715,31.4045],[-92.8717,31.4186],[-92.847,31.4188],[-92.8468,31.4335],[-92.8131,31.4409],[-92.8134,31.4548],[-92.7958,31.4553],[-92.7791,31.4765],[-92.7617,31.4764],[-92.7616,31.4862],[-92.7189,31.5175],[-92.7019,31.4944],[-92.6826,31.4979],[-92.6993,31.491],[-92.6906,31.473],[-92.7052,31.4716],[-92.708,31.4637],[-92.7026,31.4466],[-92.6805,31.4461],[-92.6944,31.4282],[-92.6772,31.4156],[-92.6958,31.4024],[-92.6817,31.396],[-92.669,31.4036],[-92.6586,31.3881],[-92.1961,31.4779],[-92.1897,31.4685],[-92.1818,31.4757],[-92.164,31.4718],[-92.1604,31.4658],[-92.169,31.4576],[-92.1551,31.4504],[-92.1619,31.4346],[-92.1491,31.4051],[-92.115,31.3859],[-92.1205,31.3795],[-92.1135,31.375],[-92.1028,31.3773],[-92.0833,31.3649],[-92.0724,31.3432],[-92.0872,31.3391],[-92.1151,31.3116],[-92.1471,31.3019],[-92.1624,31.3003],[-92.1767,31.3112],[-92.1804,31.3284],[-92.1939,31.3339],[-92.209,31.3271],[-92.22,31.3326],[-92.2332,31.3215],[-92.2338,31.1515],[-92.2246,31.1441],[-92.2345,31.1279],[-92.2167,30.9914],[-92.2127,30.9759],[-92.205,30.9736],[-92.2086,30.9622],[-92.3308,30.9633],[-92.3254,30.9703],[-92.344,30.9704],[-92.3418,30.9815],[-92.3882,31.0016],[-92.4089,30.9931],[-92.4187,30.975],[-92.4803,30.9523],[-92.4802,30.9182],[-92.5089,30.896],[-92.5264,30.8936],[-92.5271,30.8996],[-92.5481,30.9031],[-92.5673,30.8962],[-92.7209,30.8987],[-92.721,30.8914],[-92.8239,30.8921],[-92.8295,31.2521],[-92.8461,31.2529],[-92.8464,31.2741],[-92.8628,31.2742],[-92.8627,31.2885],[-92.8796,31.2885],[-92.8797,31.3174],[-92.9304,31.3244],[-92.9305,31.3322],[-92.9643,31.3324],[-92.9644,31.3396],[-92.9814,31.3394],[-92.9815,31.3469]]]}},{"type":"Feature","properties":{"county_fips":"05069","county_name":"Jefferson","state":"AR"},"geometry":{"type":"Polygon","coordinates":[[[-92.2333,34.0624],[-92.2325,34.2309],[-92.2128,34.2304],[-92.208,34.4929],[-91.7053,34.4827],[-91.7117,34.2339],[-91.5991,34.2315],[-91.5928,34.2287],[-91.5957,34.2124],[-91.574,34.2237],[-91.5365,34.2231],[-91.5284,34.2154],[-91.5274,34.1833],[-91.515,34.1725],[-91.5208,34.1641],[-91.5152,34.1429],[-91.4948,34.149],[-91.4913,34.127],[-91.476,34.1354],[-91.4519,34.1339],[-91.4429,34.1254],[-91.4482,34.1211],[-91.438,34.0964],[-91.4424,34.0878],[-91.4318,34.0874],[-91.4451,34.0806],[-91.4623,34.0855],[-91.4622,34.065],[-91.4818,34.0586],[-91.4905,34.0632],[-91.4904,34.0745],[-91.5077,34.0744],[-91.5458,34.1046],[-91.5636,34.1047],[-91.5839,34.0888],[-91.6035,34.0872],[-91.6106,34.0965],[-91.6057,34.1144],[-91.5852,34.1226],[-91.585,34.1304],[-91.6251,34.1292],[-91.7123,34.1762],[-91.7274,34.1753],[-91.7267,34.0651],[-91.7447,34.065],[-91.7451,34.094],[-91.7979,34.0947],[-91.9537,34.0934],[-91.9537,34.0642],[-92.2333,34.0624]]]}},{"type":"Feature","properties":{"county_fips":"05093","county_name":"Mississippi","state":"AR"},"geometry":{"type":"Polygon","coordinates":[[[-90.2888,35.9964],[-89.7331,36.0008],[-89.7229,35.9891],[-89.7185,35.9631],[-89.6443,35.9209],[-89.642,35.8956],[-89.65,35.8818],[-89.6691,35.8745],[-89.7149,35.9062],[-89.7431,35.9112],[-89.7672,35.8909],[-89.7739,35.8677],[-89.7621,35.8572],[-89.6974,35.8367],[-89.6965,35.8206],[-89.7282,35.8027],[-89.7654,35.8112],[-89.7817,35.8052],[-89.7996,35.7883],[-89.799,35.7594],[-89.8255,35.7452],[-89.8468,35.7441],[-89.8524,35.7554],[-89.8631,35.7571],[-89.8941,35.7508],[-89.912,35.7583],[-89.9583,35.7266],[-89.9557,35.6901],[-89.9345,35.6649],[-89.8989,35.6509],[-89.8622,35.6704],[-89.8512,35.6574],[-89.8518,35.6443],[-89.8566,35.6344],[-89.8903,35.6164],[-89.9113,35.6176],[-89.9566,35.5906],[-89.942,35.5569],[-89.9107,35.5475],[-89.9132,35.5367],[-89.9023,35.5302],[-89.9089,35.5142],[-89.9244,35.5113],[-89.9587,35.5238],[-89.9585,35.5417],[-89.9894,35.56],[-90.0381,35.5497],[-90.0491,35.5223],[-90.0477,35.5026],[-90.0119,35.4626],[-90.0027,35.4305],[-90.0481,35.4117],[-90.0568,35.4039],[-90.0416,35.3966],[-90.0543,35.3893],[-90.0695,35.4081],[-90.062,35.4152],[-90.0741,35.434],[-90.0678,35.4662],[-90.079,35.4769],[-90.1077,35.4769],[-90.1401,35.4367],[-90.2869,35.4384],[-90.2888,35.9964]]]}},{"type":"Feature","properties":{"county_fips":"05145","county_name":"White","state":"AR"},"geometry":{"type":"Polygon","coordinates":[[[-92.1197,35.0666],[-92.1115,35.3626],[-91.8522,35.3584],[-91.85,35.4365],[-91.8355,35.4418],[-91.8287,35.4547],[-91.8192,35.4498],[-91.796,35.4556],[-91.7936,35.5341],[-91.5821,35.5303],[-91.5845,35.4423],[-91.3473,35.4391],[-91.3578,35.4291],[-91.3458,35.4247],[-91.3504,35.4104],[-91.3609,35.4113],[-91.3656,35.4305],[-91.3722,35.4202],[-91.3684,35.4083],[-91.4002,35.3937],[-91.3849,35.3747],[-91.4064,35.3864],[-91.4257,35.3751],[-91.411,35.3609],[-91.4384,35.3689],[-91.423,35.3589],[-91.4448,35.3463],[-91.425,35.3329],[-91.4374,35.2961],[-91.4287,35.2931],[-91.414,35.3046],[-91.4118,35.2648],[-91.4006,35.2646],[-91.3882,35.2513],[-91.3776,35.2675],[-91.371,35.2605],[-91.3886,35.2371],[-91.379,35.2212],[-91.3948,35.2212],[-91.3805,35.2164],[-91.3905,35.2018],[-91.3776,35.1971],[-91.379,35.1894],[-91.3929,35.1924],[-91.3967,35.2116],[-91.4046,35.2146],[-91.4131,35.1943],[-91.4308,35.1929],[-91.4264,35.1839],[-91.4359,35.1819],[-91.4222,35.177],[-91.4377,35.1654],[-91.4567,35.1692],[-91.4631,35.1611],[-91.4355,35.1541],[-91.428,35.1379],[-91.452,35.138],[-91.4389,35.1184],[-91.4444,35.1054],[-91.4243,35.107],[-91.4526,35.1016],[-91.45,35.0889],[-91.4598,35.0922],[-91.461,35.1025],[-91.4653,35.0895],[-91.584,35.0916],[-91.5852,35.0253],[-91.6079,35.0208],[-91.6402,35.0271],[-91.6442,35.0427],[-91.6561,35.0516],[-91.6794,35.0505],[-91.7015,35.063],[-91.7445,35.0471],[-91.7982,35.0425],[-91.8025,35.0307],[-91.8754,35.0236],[-91.8952,35.0329],[-91.9021,35.0278],[-91.9253,35.0459],[-91.9494,35.0445],[-91.9954,35.0589],[-92.0129,35.0763],[-92.05,35.0671],[-92.0682,35.0752],[-92.0891,35.0648],[-92.1197,35.0666]]]}},{"type":"Feature","properties":{"county_fips":"22053","county_name":"Jefferson Davis","state":"LA"},"geometry":{"type":"Polygon","coordinates":[[[-93.1312,30.4236],[-93.0654,30.4243],[-93.0656,30.4385],[-92.7757,30.4376],[-92.774,30.4882],[-92.6303,30.488],[-92.6231,30.4566],[-92.6006,30.4375],[-92.5946,30.4203],[-92.6061,30.4087],[-92.6043,30.3901],[-92.631,30.3746],[-92.6248,30.3662],[-92.6278,30.3471],[-92.6185,30.3361],[-92.6243,30.3194],[-92.6323,30.3171],[-92.6213,30.308],[-92.6282,30.2967],[-92.6225,30.2789],[-92.6266,30.2304],[-92.6067,30.2087],[-92.5933,30.2074],[-92.5832,30.2004],[-92.5945,30.1971],[-92.5925,30.1799],[-92.6183,30.1761],[-92.6077,30.1594],[-92.6286,30.1348],[-92.6217,30.1327],[-92.6284,30.1262],[-92.6185,30.0945],[-92.6284,30.0918],[-92.6384,30.0718],[-92.6543,30.079],[-92.66,30.0696],[-92.6739,30.0706],[-92.7372,30.0375],[-92.9966,30.0385],[-92.9965,30.0826],[-92.8875,30.0827],[-92.9094,30.1207],[-92.907,30.1307],[-92.8894,30.141],[-92.8933,30.1563],[-92.9963,30.157],[-92.9971,30.2607],[-93.0307,30.2606],[-93.031,30.3794],[-93.1311,30.38],[-93.1312,30.4236]]]}},{"type":"Feature","properties":{"county_fips":"22113","county_name":"Vermilion","state":"LA"},"geometry":{"type":"Polygon","coordinates":[[[-92.7357,30.0379],[-92.6739,30.0706],[-92.66,30.0696],[-92.6543,30.079],[-92.6384,30.0718],[-92.6284,30.0918],[-92.5818,30.0974],[-92.5571,30.116],[-92.5294,30.1066],[-92.5209,30.0871],[-92.4924,30.0761],[-92.4847,30.0648],[-92.4247,30.0491],[-92.3465,30.0859],[-92.3235,30.1142],[-92.3241,30.1235],[-92.3002,30.1306],[-92.2889,30.1494],[-92.2589,30.1393],[-92.2029,30.1427],[-92.1281,30.1159],[-92.0875,30.1277],[-92.0892,30.1129],[-92.0662,30.0739],[-91.9679,30.0382],[-91.9939,29.9824],[-91.9722,29.8336],[-91.9856,29.8197],[-91.9782,29.7999],[-92.0836,29.7591],[-92.1444,29.7164],[-92.1498,29.726],[-92.1309,29.737],[-92.1236,29.7535],[-92.1319,29.7658],[-92.1472,29.7658],[-92.1469,29.7576],[-92.1573,29.7529],[-92.1626,29.7622],[-92.1733,29.7613],[-92.1758,29.7522],[-92.1666,29.7461],[-92.1711,29.7398],[-92.1999,29.7532],[-92.2089,29.7459],[-92.2001,29.7257],[-92.1691,29.7002],[-92.1039,29.6991],[-92.1366,29.6675],[-92.1058,29.6118],[-92.0995,29.6129],[-92.1033,29.6201],[-92.0656,29.62],[-92.0346,29.6315],[-92.0089,29.6129],[-92.0381,29.6182],[-92.0707,29.6],[-92.0666,29.592],[-92.0437,29.5913],[-92.0456,29.5851],[-92.1454,29.5865],[-92.2555,29.5402],[-92.3235,29.5315],[-92.5575,29.5761],[-92.5615,29.5896],[-92.5758,29.5838],[-92.5668,29.5772],[-92.6161,29.5858],[-92.616,30.0383],[-92.7357,30.0379]]]}},{"type":"Feature","properties":{"county_fips":"22097","county_name":"St. Landry","state":"LA"},"geometry":{"type":"Polygon","coordinates":[[[-92.493,30.4816],[-92.4775,30.4954],[-92.4643,30.4953],[-92.4614,30.524],[-92.4494,30.5342],[-92.2627,30.5387],[-92.2624,30.5683],[-92.2115,30.5681],[-92.2116,30.6169],[-92.2005,30.6562],[-92.1725,30.6739],[-92.1723,30.7679],[-92.2114,30.7932],[-92.2126,30.8486],[-91.8153,30.8481],[-91.7995,30.8343],[-91.8073,30.8111],[-91.7688,30.7854],[-91.7552,30.7566],[-91.7579,30.741],[-91.734,30.7034],[-91.7315,30.6698],[-91.7464,30.6588],[-91.741,30.6325],[-91.754,30.6174],[-91.7573,30.5642],[-91.7314,30.5121],[-91.7538,30.5062],[-91.7542,30.4853],[-91.7397,30.453],[-91.7187,30.4489],[-91.6943,30.4017],[-91.6789,30.3947],[-91.8127,30.3943],[-91.8693,30.4172],[-91.9369,30.3947],[-91.97,30.4102],[-91.9803,30.4034],[-91.9887,30.3686],[-92.001,30.3645],[-92.0148,30.3717],[-92.027,30.3599],[-92.0491,30.3816],[-92.0839,30.3601],[-92.0892,30.3305],[-92.1422,30.2988],[-92.1415,30.3208],[-92.1585,30.3208],[-92.1586,30.3499],[-92.1758,30.3497],[-92.1764,30.4369],[-92.2442,30.4367],[-92.2448,30.4802],[-92.493,30.4816]]]}},{"type":"Feature","properties":{"county_fips":"05077","county_name":"Lee","state":"AR"},"geometry":{"type":"Polygon","coordinates":[[[-91.1024,34.7381],[-91.0992,34.9116],[-90.4085,34.904],[-90.4079,34.8268],[-90.4387,34.8252],[-90.4497,34.8399],[-90.4294,34.8666],[-90.4401,34.8854],[-90.4623,34.8917],[-90.4843,34.8749],[-90.482,34.8578],[-90.4554,34.8208],[-90.4694,34.8126],[-90.4765,34.7936],[-90.449,34.7475],[-90.4554,34.7326],[-90.4917,34.7214],[-90.5242,34.7314],[-90.4944,34.7574],[-90.4928,34.7725],[-90.5211,34.8019],[-90.5408,34.7958],[-90.5478,34.7833],[-90.5394,34.7553],[-90.5456,34.7389],[-90.5678,34.7333],[-90.5719,34.7128],[-90.5324,34.6962],[-90.4742,34.7053],[-90.4637,34.6926],[-90.4688,34.67],[-90.5245,34.6285],[-90.5416,34.6286],[-90.5541,34.6409],[-90.5526,34.6597],[-90.54,34.6768],[-90.5562,34.6936],[-90.5701,34.6934],[-90.5684,34.6689],[-90.5873,34.6414],[-91.052,34.6457],[-91.0495,34.7342],[-91.1024,34.7381]]]}},{"type":"Feature","properties":{"county_fips":"22013","county_name":"Bienville","state":"LA"},"geometry":{"type":"Polygon","coordinates":[[[-93.4287,32.3852],[-93.4183,32.4012],[-93.393,32.3943],[-93.3727,32.4102],[-93.2369,32.4102],[-93.2372,32.4543],[-93.1476,32.4547],[-93.1521,32.466],[-93.1464,32.47],[-93.1713,32.5264],[-93.1682,32.5497],[-93.1788,32.5848],[-92.8809,32.5853],[-92.8795,32.454],[-92.777,32.4536],[-92.7732,32.236],[-92.7827,32.2189],[-92.801,32.2107],[-92.7988,32.1813],[-92.8222,32.1626],[-92.8153,32.1474],[-93.1871,32.1485],[-93.1919,32.1784],[-93.213,32.1968],[-93.214,32.2361],[-93.4286,32.2353],[-93.4081,32.2505],[-93.4054,32.2782],[-93.4074,32.2848],[-93.4184,32.2841],[-93.4266,32.3095],[-93.3998,32.3628],[-93.4287,32.3852]]]}},{"type":"Feature","properties":{"county_fips":"05031","county_name":"Craighead","state":"AR"},"geometry":{"type":"Polygon","coordinates":[[[-91.037,35.7084],[-91.0326,35.885],[-90.8729,35.8809],[-90.8722,35.9244],[-90.8602,35.9252],[-90.8648,35.9473],[-90.8566,35.9505],[-90.8615,35.9556],[-90.852,35.9679],[-90.3873,35.9647],[-90.3863,35.9876],[-90.3779,35.9957],[-90.2891,35.9964],[-90.2868,35.6999],[-91.037,35.7084]]]}},{"type":"Feature","properties":{"county_fips":"05027","county_name":"Columbia","state":"AR"},"geometry":{"type":"Polygon","coordinates":[[[-93.4906,33.0187],[-93.4817,33.2601],[-93.4407,33.2595],[-93.4331,33.2739],[-93.4362,33.2892],[-93.4228,33.3031],[-93.429,33.3152],[-93.4104,33.3525],[-93.4129,33.3625],[-93.3656,33.4445],[-93.2213,33.4405],[-93.2211,33.4551],[-93.1163,33.4529],[-93.119,33.3803],[-92.9785,33.3771],[-92.9888,33.0173],[-93.4906,33.0187]]]}},{"type":"Feature","properties":{"county_fips":"48183","county_name":"Gregg","state":"TX"},"geometry":{"type":"Polygon","coordinates":[[[-94.9864,32.3708],[-94.9869,32.5372],[-94.82,32.5909],[-94.7456,32.6675],[-94.7279,32.6554],[-94.7037,32.6578],[-94.7018,32.6522],[-94.702,32.4218],[-94.6766,32.4244],[-94.669,32.409],[-94.6413,32.3981],[-94.5792,32.3949],[-94.6008,32.36],[-94.6398,32.3708],[-94.9864,32.3708]]]}},{"type":"Feature","properties":{"county_fips":"40057","county_name":"Harmon","state":"OK"},"geometry":{"type":"Polygon","coordinates":[[[-100.0004,35.0299],[-99.8885,35.0303],[-99.8882,34.9439],[-99.7311,34.9441],[-99.7309,34.857],[-99.7198,34.857],[-99.7198,34.7685],[-99.6848,34.7684],[-99.6847,34.7537],[-99.6671,34.7537],[-99.6665,34.5071],[-99.8447,34.5068],[-99.8871,34.549],[-99.9293,34.5767],[-99.9546,34.5782],[-99.9716,34.5622],[-100.0004,34.5605],[-100.0004,35.0299]]]}},{"type":"Feature","properties":{"county_fips":"05125","county_name":"Saline","state":"AR"},"geometry":{"type":"Polygon","coordinates":[[[-93.0752,34.7719],[-93.074,34.8582],[-92.8298,34.8553],[-92.818,34.8479],[-92.7999,34.8513],[-92.7835,34.8398],[-92.7563,34.8426],[-92.7403,34.8278],[-92.7397,34.8536],[-92.6512,34.8517],[-92.6543,34.7645],[-92.5497,34.7617],[-92.552,34.6893],[-92.4991,34.688],[-92.5003,34.6736],[-92.4433,34.672],[-92.4452,34.627],[-92.3465,34.6256],[-92.3487,34.5823],[-92.2442,34.5809],[-92.2458,34.4936],[-92.4034,34.4957],[-92.4047,34.4519],[-92.5895,34.4556],[-92.6234,34.4254],[-92.6167,34.4138],[-92.6221,34.4111],[-92.6862,34.4147],[-92.6851,34.4731],[-92.7388,34.4739],[-92.7383,34.5032],[-92.7932,34.5036],[-92.7915,34.562],[-92.809,34.5622],[-92.808,34.5904],[-92.8769,34.5912],[-92.8754,34.6352],[-92.98,34.6372],[-92.9791,34.6849],[-92.9698,34.6848],[-92.9693,34.7723],[-93.0752,34.7719]]]}},{"type":"Feature","properties":{"county_fips":"05051","county_name":"Garland","state":"AR"},"geometry":{"type":"Polygon","coordinates":[[[-93.4072,34.3974],[-93.3945,34.7724],[-92.9693,34.7723],[-92.9698,34.6848],[-92.9791,34.6849],[-92.98,34.6372],[-92.8754,34.6352],[-92.8769,34.5912],[-92.808,34.5904],[-92.809,34.5622],[-92.7915,34.562],[-92.7932,34.5036],[-92.9151,34.5061],[-92.9135,34.4484],[-92.9478,34.449],[-92.9481,34.3893],[-93.4072,34.3974]]]}},{"type":"Feature","properties":{"county_fips":"22089","county_name":"St. Charles","state":"LA"},"geometry":{"type":"Polygon","coordinates":[[[-90.5497,30.0027],[-90.539,30.0022],[-90.538,30.0169],[-90.4758,30.0359],[-90.4502,30.0331],[-90.407,30.0831],[-90.3497,30.1203],[-90.3266,30.1502],[-90.2599,30.1634],[-90.2792,30.0525],[-90.2735,29.9218],[-90.2649,29.8994],[-90.2433,29.8809],[-90.2402,29.8621],[-90.1673,29.8185],[-90.2282,29.692],[-90.3528,29.6959],[-90.3618,29.7094],[-90.3608,29.7371],[-90.3748,29.7626],[-90.4299,29.7764],[-90.4699,29.8052],[-90.4799,29.8474],[-90.4989,29.8651],[-90.5157,29.8647],[-90.5296,29.885],[-90.5322,29.9679],[-90.5493,29.968],[-90.5497,30.0027]]]}},{"type":"Feature","properties":{"county_fips":"22049","county_name":"Jackson","state":"LA"},"geometry":{"type":"Polygon","coordinates":[[[-92.8222,32.1626],[-92.7988,32.1813],[-92.801,32.2107],[-92.7827,32.2189],[-92.7732,32.236],[-92.777,32.4536],[-92.6217,32.4531],[-92.6224,32.4964],[-92.4155,32.4956],[-92.4156,32.408],[-92.312,32.321],[-92.3119,32.146],[-92.8153,32.1474],[-92.8222,32.1626]]]}},{"type":"Feature","properties":{"county_fips":"28133","county_name":"Sunflower","state":"MS"},"geometry":{"type":"Polygon","coordinates":[[[-90.7638,33.2704],[-90.7635,33.6162],[-90.6587,33.6163],[-90.657,33.9876],[-90.451,33.9857],[-90.4532,33.3295],[-90.5555,33.3292],[-90.5552,33.2705],[-90.7638,33.2704]]]}},{"type":"Feature","properties":{"county_fips":"05053","county_name":"Grant","state":"AR"},"geometry":{"type":"Polygon","coordinates":[[[-92.6784,34.1496],[-92.6687,34.4145],[-92.6179,34.4131],[-92.6234,34.4254],[-92.5895,34.4556],[-92.4047,34.4519],[-92.4034,34.4957],[-92.208,34.4928],[-92.2128,34.2304],[-92.2325,34.2309],[-92.2333,34.0624],[-92.3367,34.0595],[-92.3473,34.0705],[-92.3736,34.0745],[-92.3752,34.0867],[-92.4055,34.107],[-92.4005,34.1092],[-92.4055,34.1154],[-92.4359,34.127],[-92.4488,34.1232],[-92.4687,34.1374],[-92.4917,34.1329],[-92.4936,34.1443],[-92.6784,34.1496]]]}},{"type":"Feature","properties":{"county_fips":"05123","county_name":"St. Francis","state":"AR"},"geometry":{"type":"Polygon","coordinates":[[[-91.1525,34.9118],[-91.1497,35.0025],[-91.0454,35.001],[-91.0426,35.1482],[-90.4004,35.1482],[-90.4085,34.904],[-91.0992,34.9116],[-91.1,34.8671],[-91.1174,34.8671],[-91.1172,34.9118],[-91.1525,34.9118]]]}},{"type":"Feature","properties":{"county_fips":"22023","county_name":"Cameron","state":"LA"},"geometry":{"type":"Polygon","coordinates":[[[-93.9292,29.803],[-93.9164,29.825],[-93.8636,29.8572],[-93.8384,29.8829],[-93.7894,29.9878],[-93.7421,30.0208],[-93.7374,30.0373],[-93.7214,30.0525],[-93.1285,30.0527],[-93.1284,30.0384],[-92.616,30.0383],[-92.6161,29.5858],[-92.6292,29.5952],[-92.6517,29.5938],[-92.7345,29.6195],[-92.9818,29.7215],[-93.1769,29.7705],[-93.2354,29.7776],[-93.3464,29.7626],[-93.4929,29.7687],[-93.682,29.7464],[-93.78,29.7232],[-93.838,29.6906],[-93.87,29.7355],[-93.8916,29.7446],[-93.8939,29.7673],[-93.9224,29.785],[-93.9292,29.803]]]}},{"type":"Feature","properties":{"county_fips":"22027","county_name":"Claiborne","state":"LA"},"geometry":{"type":"Polygon","coordinates":[[[-93.2386,33.018],[-92.7247,33.0143],[-92.7255,32.8181],[-92.734,32.8182],[-92.7341,32.8034],[-92.7254,32.8033],[-92.7254,32.7594],[-92.828,32.7594],[-92.8284,32.7112],[-92.8456,32.7049],[-92.8685,32.6778],[-92.861,32.6293],[-92.8666,32.6072],[-92.8807,32.6008],[-92.8809,32.5853],[-93.1822,32.5861],[-93.1736,32.6331],[-93.1811,32.6544],[-93.1779,32.6728],[-93.1861,32.6729],[-93.1867,32.7162],[-93.2377,32.716],[-93.2386,33.018]]]}},{"type":"Feature","properties":{"county_fips":"22019","county_name":"Calcasieu","state":"LA"},"geometry":{"type":"Polygon","coordinates":[[[-93.7658,30.3333],[-93.7517,30.361],[-93.7588,30.3879],[-93.7417,30.403],[-93.4862,30.4025],[-93.4863,30.4905],[-93.3845,30.4902],[-93.3852,30.4027],[-93.1312,30.4031],[-93.1311,30.38],[-93.031,30.3794],[-93.0307,30.2606],[-92.9971,30.2607],[-92.9963,30.157],[-92.8933,30.1563],[-92.8894,30.141],[-92.907,30.1307],[-92.9094,30.1207],[-92.8875,30.0827],[-92.9965,30.0826],[-92.9966,30.0385],[-93.1284,30.0384],[-93.1285,30.0527],[-93.7214,30.0525],[-93.7173,30.0657],[-93.708,30.0538],[-93.7006,30.0637],[-93.7341,30.0861],[-93.7236,30.0832],[-93.7238,30.0941],[-93.7024,30.1127],[-93.7078,30.1207],[-93.7014,30.1223],[-93.7007,30.1381],[-93.6886,30.1404],[-93.6977,30.1529],[-93.7065,30.1474],[-93.702,30.1678],[-93.7126,30.1902],[-93.7055,30.1929],[-93.7178,30.194],[-93.7192,30.2185],[-93.7031,30.2392],[-93.7091,30.2718],[-93.7046,30.2899],[-93.7439,30.304],[-93.7556,30.3296],[-93.7658,30.3333]]]}},{"type":"Feature","properties":{"county_fips":"40139","county_name":"Texas","state":"OK"},"geometry":{"type":"Polygon","coordinates":[[[-102.0323,36.5006],[-102.0282,36.9931],[-100.9455,36.9982],[-100.9456,36.8487],[-100.9539,36.8482],[-100.9542,36.4996],[-102.0323,36.5006]]]}},{"type":"Feature","properties":{"county_fips":"05035","county_name":"Crittenden","state":"AR"},"geometry":{"type":"Polygon","coordinates":[[[-90.503,35.1442],[-90.5024,35.4416],[-90.1401,35.4367],[-90.1689,35.4219],[-90.1783,35.3821],[-90.1653,35.374],[-90.1355,35.3767],[-90.1462,35.3995],[-90.1293,35.4138],[-90.1116,35.4096],[-90.0786,35.3806],[-90.11,35.305],[-90.1573,35.3015],[-90.1688,35.2791],[-90.1521,35.256],[-90.1121,35.2557],[-90.0926,35.2468],[-90.0755,35.214],[-90.0886,35.2123],[-90.0965,35.1948],[-90.1161,35.1986],[-90.1167,35.1869],[-90.1014,35.1711],[-90.0687,35.156],[-90.0652,35.1394],[-90.0897,35.1181],[-90.1418,35.133],[-90.1674,35.1236],[-90.1814,35.094],[-90.175,35.0761],[-90.1812,35.0539],[-90.2073,35.0258],[-90.2518,35.0316],[-90.2648,35.0404],[-90.297,35.0382],[-90.3093,35.0096],[-90.3073,34.9919],[-90.293,34.9743],[-90.2459,34.9487],[-90.2413,34.919],[-90.2579,34.8934],[-90.3177,34.8711],[-90.3033,34.8586],[-90.3113,34.8442],[-90.3384,34.8585],[-90.4079,34.8268],[-90.4004,35.1482],[-90.503,35.1442]]]}},{"type":"Feature","properties":{"county_fips":"28011","county_name":"Bolivar","state":"MS"},"geometry":{"type":"Polygon","coordinates":[[[-91.2338,33.5613],[-91.2154,33.5693],[-91.1649,33.5702],[-91.1369,33.5902],[-91.1287,33.6085],[-91.1374,33.6269],[-91.16,33.6429],[-91.2245,33.6652],[-91.2299,33.6843],[-91.2179,33.698],[-91.1604,33.7066],[-91.1334,33.6768],[-91.0914,33.6578],[-91.0368,33.6713],[-91.031,33.6794],[-91.0304,33.6878],[-91.0605,33.7151],[-91.1174,33.7053],[-91.1399,33.7215],[-91.1488,33.7314],[-91.145,33.7681],[-91.1341,33.7829],[-91.1084,33.7717],[-91.0534,33.7783],[-91.0184,33.7641],[-90.9894,33.7806],[-90.9968,33.7969],[-91.0491,33.816],[-91.0702,33.8453],[-91.0698,33.8727],[-91.0346,33.8983],[-91.0102,33.9316],[-91.0231,33.9432],[-91.0878,33.9593],[-91.0862,34.0064],[-91.0747,34.009],[-91.0487,33.9927],[-91.0189,34.0032],[-91.0001,33.9664],[-90.9769,33.9605],[-90.9637,33.9677],[-90.9615,33.9799],[-90.9882,34.0192],[-90.9646,34.0268],[-90.9195,34.0213],[-90.8912,34.0279],[-90.8878,34.0554],[-90.8719,34.0867],[-90.8881,34.0978],[-90.9213,34.0935],[-90.9566,34.1201],[-90.6595,34.1189],[-90.6587,33.6163],[-90.7635,33.6162],[-90.7635,33.5294],[-91.2187,33.5294],[-91.2338,33.5613]]]}},{"type":"Feature","properties":{"county_fips":"28005","county_name":"Amite","state":"MS"},"geometry":{"type":"Polygon","coordinates":[[[-91.094,31.3211],[-91.0692,31.3283],[-91.0657,31.3389],[-91.0554,31.3303],[-91.0283,31.3357],[-91.018,31.3475],[-90.9898,31.3363],[-90.983,31.3487],[-90.5482,31.3496],[-90.5476,30.9997],[-91.0602,30.999],[-91.0595,31.2819],[-91.08,31.2888],[-91.094,31.3211]]]}},{"type":"Feature","properties":{"county_fips":"22009","county_name":"Avoyelles","state":"LA"},"geometry":{"type":"Polygon","coordinates":[[[-92.2807,30.9651],[-92.2086,30.9622],[-92.205,30.9736],[-92.2127,30.9759],[-92.2167,30.9914],[-92.2345,31.1279],[-92.2246,31.1441],[-92.2338,31.1515],[-92.2332,31.3215],[-92.22,31.3326],[-92.1804,31.3284],[-92.1767,31.3112],[-92.1606,31.3002],[-92.1151,31.3116],[-92.0907,31.3363],[-92.0776,31.3234],[-92.0281,31.3437],[-92.0221,31.33],[-92.0026,31.3226],[-92.0083,31.3089],[-91.9963,31.2972],[-92.0109,31.2924],[-92.0165,31.3024],[-92.0148,31.289],[-92.0235,31.2846],[-92.0106,31.2833],[-92.0021,31.2703],[-91.9913,31.2729],[-92.0043,31.262],[-91.988,31.2489],[-92.0042,31.2435],[-91.9909,31.2376],[-91.9906,31.2252],[-91.9739,31.2253],[-91.9558,31.2457],[-91.9466,31.2397],[-91.9444,31.2211],[-91.9205,31.2313],[-91.9366,31.2402],[-91.9465,31.272],[-91.9306,31.2927],[-91.9089,31.2968],[-91.8751,31.2842],[-91.8508,31.2621],[-91.8353,31.2673],[-91.8137,31.2502],[-91.8132,31.239],[-91.7913,31.226],[-91.7585,31.2222],[-91.7228,31.1996],[-91.7062,31.2089],[-91.6773,31.188],[-91.6837,31.163],[-91.7027,31.1618],[-91.719,31.1346],[-91.7176,31.1191],[-91.7034,31.1057],[-91.7188,31.0892],[-91.7101,31.0734],[-91.7238,31.0443],[-91.7726,31.0047],[-91.7805,30.9867],[-91.8056,30.9744],[-91.8016,30.8752],[-91.8043,30.8637],[-91.8226,30.8594],[-91.8153,30.8481],[-92.2378,30.8483],[-92.2383,30.8922],[-92.2807,30.936],[-92.2807,30.9651]]]}},{"type":"Feature","properties":{"county_fips":"48291","county_name":"Liberty","state":"TX"},"geometry":{"type":"Polygon","coordinates":[[[-95.1659,30.345],[-94.8426,30.4875],[-94.8494,30.4936],[-94.7327,30.4901],[-94.5963,30.1121],[-94.4449,30.113],[-94.4422,29.8895],[-94.9815,29.8843],[-94.9987,29.9199],[-94.9821,29.9648],[-94.9998,29.9913],[-95.0312,29.9933],[-95.1659,30.345]]]}},{"type":"Feature","properties":{"county_fips":"28085","county_name":"Lincoln","state":"MS"},"geometry":{"type":"Polygon","coordinates":[[[-90.7368,31.6985],[-90.4142,31.7005],[-90.4136,31.6853],[-90.3794,31.6852],[-90.3801,31.7002],[-90.28,31.6999],[-90.259,31.7039],[-90.2452,31.7175],[-90.2439,31.3503],[-90.6333,31.3493],[-90.6332,31.6114],[-90.7373,31.6111],[-90.7368,31.6985]]]}},{"type":"Feature","properties":{"county_fips":"05119","county_name":"Pulaski","state":"AR"},"geometry":{"type":"Polygon","coordinates":[[[-92.7554,34.8537],[-92.7539,34.9116],[-92.6496,34.9102],[-92.6485,34.939],[-92.5446,34.9364],[-92.5442,34.9529],[-92.4854,34.953],[-92.47,34.943],[-92.4511,34.9052],[-92.4629,34.8589],[-92.4364,34.843],[-92.4472,34.857],[-92.4424,34.8711],[-92.4496,34.9033],[-92.4176,34.9137],[-92.4131,34.9249],[-92.4191,34.9316],[-92.2299,34.9275],[-92.2272,35.0146],[-92.0708,35.0116],[-92.0788,34.7218],[-92.0971,34.722],[-92.0929,34.7048],[-92.1091,34.6229],[-92.0297,34.6217],[-92.0303,34.4895],[-92.2458,34.4936],[-92.2442,34.5809],[-92.3487,34.5823],[-92.3465,34.6256],[-92.4452,34.627],[-92.4433,34.672],[-92.5003,34.6736],[-92.4991,34.688],[-92.552,34.6893],[-92.5497,34.7617],[-92.6543,34.7645],[-92.6512,34.8517],[-92.7554,34.8537]]]}},{"type":"Feature","properties":{"county_fips":"05111","county_name":"Poinsett","state":"AR"},"geometry":{"type":"Polygon","coordinates":[[[-91.0393,35.443],[-91.037,35.7084],[-90.2868,35.6999],[-90.2869,35.4384],[-90.6109,35.4417],[-90.6108,35.4488],[-90.7161,35.4498],[-91.0393,35.443]]]}},{"type":"Feature","properties":{"county_fips":"05079","county_name":"Lincoln","state":"AR"},"geometry":{"type":"Polygon","coordinates":[[[-91.9764,33.9773],[-91.953,33.9772],[-91.9537,34.0934],[-91.7451,34.094],[-91.7447,34.065],[-91.7267,34.0651],[-91.7274,34.1753],[-91.7167,34.1762],[-91.7013,34.1744],[-91.6251,34.1292],[-91.585,34.1304],[-91.5852,34.1226],[-91.6057,34.1144],[-91.6106,34.0965],[-91.6035,34.0872],[-91.5839,34.0888],[-91.5636,34.1047],[-91.5458,34.1046],[-91.5077,34.0744],[-91.4904,34.0745],[-91.4905,34.0632],[-91.4818,34.0586],[-91.4622,34.065],[-91.4641,34.0844],[-91.449,34.0833],[-91.4335,34.0612],[-91.4382,34.028],[-91.422,34.0117],[-91.4223,33.9985],[-91.4652,34.0047],[-91.4657,33.9758],[-91.5487,33.9768],[-91.5577,33.7833],[-91.6641,33.7922],[-91.9759,33.7917],[-91.9764,33.9773]]]}},{"type":"Feature","properties":{"county_fips":"22045","county_name":"Iberia","state":"LA"},"geometry":{"type":"MultiPolygon","coordinates":[[[[-91.9939,29.9824],[-91.9514,30.0728],[-91.9071,30.0726],[-91.8958,30.0572],[-91.8756,30.0678],[-91.8182,30.0439],[-91.8013,30.0701],[-91.7605,30.0909],[-91.7687,30.0964],[-91.7653,30.1084],[-91.732,30.1222],[-91.6995,30.1208],[-91.6784,30.105],[-91.6695,30.1129],[-91.6589,30.1082],[-91.6306,30.0719],[-91.6122,30.0677],[-91.6002,30.033],[-91.5077,30.0336],[-91.4882,30.0582],[-91.3667,30.0547],[-91.3406,30.0615],[-91.2691,30.0593],[-91.2419,30.0295],[-91.2287,30.0425],[-91.2219,30.0378],[-91.2359,30.0011],[-91.2594,30.0002],[-91.2552,29.9715],[-91.6243,29.9455],[-91.7113,29.8461],[-91.855,29.7388],[-91.8775,29.748],[-91.8792,29.7566],[-91.8548,29.7795],[-91.8517,29.7918],[-91.8391,29.7736],[-91.8288,29.7779],[-91.8229,29.8004],[-91.8308,29.8293],[-91.8595,29.8261],[-91.8891,29.836],[-91.9069,29.8309],[-91.9153,29.8194],[-91.9375,29.8168],[-91.9722,29.8336],[-91.9939,29.9824]]],[[[-92.0319,29.5776],[-92.0209,29.5773],[-92.0178,29.591],[-91.989,29.6114],[-91.9399,29.6103],[-91.9281,29.6187],[-91.9285,29.6351],[-91.9161,29.6312],[-91.9031,29.6374],[-91.8915,29.6282],[-91.843,29.6277],[-91.8405,29.6158],[-91.8066,29.6002],[-91.8027,29.5887],[-91.7847,29.5941],[-91.7753,29.5879],[-91.7759,29.5678],[-91.7333,29.5808],[-91.7368,29.5623],[-91.7081,29.5688],[-91.7132,29.5555],[-91.7654,29.5248],[-91.7742,29.5049],[-91.7683,29.4904],[-91.7862,29.4831],[-91.8036,29.4879],[-91.8216,29.4739],[-91.8465,29.4793],[-91.8625,29.5033],[-91.883,29.5012],[-91.906,29.5186],[-91.9535,29.5381],[-91.9659,29.5363],[-92.0319,29.5776]]]]}},{"type":"Feature","properties":{"county_fips":"22073","county_name":"Ouachita","state":"LA"},"geometry":{"type":"Polygon","coordinates":[[[-92.4156,32.408],[-92.4152,32.5829],[-92.3018,32.5825],[-92.2975,32.5879],[-92.2735,32.5809],[-92.2238,32.5904],[-92.2217,32.6103],[-92.1382,32.6608],[-92.1402,32.6748],[-92.1202,32.6736],[-92.0914,32.6866],[-92.0652,32.723],[-92.0482,32.7198],[-92.0657,32.7096],[-92.0521,32.7152],[-92.0559,32.6981],[-92.0428,32.6992],[-92.0499,32.6861],[-92.0306,32.6972],[-92.0429,32.7035],[-92.0404,32.7126],[-92.0189,32.7005],[-92.0086,32.7084],[-91.9931,32.7045],[-91.9753,32.7116],[-91.9673,32.6862],[-91.9477,32.6648],[-91.9347,32.6588],[-91.9218,32.6674],[-91.91,32.6591],[-91.9103,32.6511],[-91.9242,32.6453],[-91.9216,32.6246],[-91.9434,32.5871],[-91.924,32.582],[-91.9263,32.5661],[-91.9183,32.5433],[-91.9073,32.5353],[-91.9042,32.5153],[-91.9386,32.4838],[-91.9443,32.4488],[-91.9942,32.4011],[-92.0115,32.3632],[-92.0062,32.3542],[-92.0198,32.2976],[-92.0345,32.2772],[-92.1065,32.2769],[-92.1063,32.2587],[-92.1526,32.2588],[-92.1648,32.2767],[-92.3122,32.2773],[-92.312,32.321],[-92.4156,32.408]]]}},{"type":"Feature","properties":{"county_fips":"22121","county_name":"West Baton Rouge","state":"LA"},"geometry":{"type":"Polygon","coordinates":[[[-91.4816,30.4974],[-91.4817,30.511],[-91.4148,30.5115],[-91.4151,30.5402],[-91.4077,30.5403],[-91.3985,30.5688],[-91.365,30.5696],[-91.3652,30.5884],[-91.3098,30.6501],[-91.3328,30.6535],[-91.3309,30.6587],[-91.3012,30.6516],[-91.2928,30.6315],[-91.3153,30.5943],[-91.3144,30.5788],[-91.2615,30.5711],[-91.2423,30.548],[-91.2461,30.5359],[-91.2828,30.5172],[-91.2828,30.5073],[-91.2627,30.5052],[-91.2093,30.523],[-91.1972,30.5069],[-91.1998,30.4191],[-91.2339,30.3753],[-91.2395,30.3516],[-91.2303,30.3411],[-91.1945,30.347],[-91.162,30.3415],[-91.1421,30.3233],[-91.3113,30.3225],[-91.3197,30.3447],[-91.3372,30.3534],[-91.3636,30.3842],[-91.3946,30.3948],[-91.3945,30.4086],[-91.4125,30.4324],[-91.4532,30.4751],[-91.4602,30.4704],[-91.4816,30.4974]]]}},{"type":"Feature","properties":{"county_fips":"48365","county_name":"Panola","state":"TX"},"geometry":{"type":"Polygon","coordinates":[[[-94.6019,32.0701],[-94.5807,32.1593],[-94.5803,32.2025],[-94.5562,32.2502],[-94.5261,32.2791],[-94.4934,32.3565],[-94.4918,32.3941],[-94.4799,32.3906],[-94.4766,32.3785],[-94.4468,32.3721],[-94.4405,32.3621],[-94.4114,32.3713],[-94.3846,32.3668],[-94.3829,32.3457],[-94.3721,32.3411],[-94.3678,32.3463],[-94.3506,32.3266],[-94.3487,32.3323],[-94.0429,32.3923],[-94.0427,31.9993],[-94.0418,31.9924],[-94.0173,31.9893],[-94.0156,31.9799],[-94.6,31.9732],[-94.6019,32.0701]]]}},{"type":"Feature","properties":{"county_fips":"40039","county_name":"Custer","state":"OK"},"geometry":{"type":"Polygon","coordinates":[[[-99.3771,35.5517],[-99.3758,35.8122],[-98.632,35.8124],[-98.6322,35.5515],[-98.6232,35.5515],[-98.6233,35.4642],[-99.3642,35.4653],[-99.3641,35.5517],[-99.3771,35.5517]]]}},{"type":"Feature","properties":{"county_fips":"22003","county_name":"Allen","state":"LA"},"geometry":{"type":"Polygon","coordinates":[[[-93.1312,30.4236],[-93.1307,30.5981],[-92.9791,30.598],[-92.9787,30.8781],[-92.8242,30.8772],[-92.8239,30.8921],[-92.5977,30.8989],[-92.5975,30.5817],[-92.5827,30.566],[-92.5943,30.5573],[-92.5994,30.5352],[-92.6236,30.5188],[-92.6141,30.5065],[-92.6266,30.4892],[-92.774,30.4882],[-92.7757,30.4376],[-93.0656,30.4385],[-93.0654,30.4243],[-93.1312,30.4236]]]}},{"type":"Feature","properties":{"county_fips":"28037","county_name":"Franklin","state":"MS"},"geometry":{"type":"Polygon","coordinates":[[[-91.1582,31.3467],[-91.1539,31.6101],[-90.6332,31.6114],[-90.6333,31.3493],[-90.983,31.3487],[-90.9898,31.3363],[-91.018,31.3475],[-91.0283,31.3357],[-91.0554,31.3303],[-91.0657,31.3389],[-91.0692,31.3283],[-91.0954,31.321],[-91.1027,31.3271],[-91.1115,31.32],[-91.1349,31.3314],[-91.1452,31.3475],[-91.1582,31.3467]]]}},{"type":"Feature","properties":{"county_fips":"28063","county_name":"Jefferson","state":"MS"},"geometry":{"type":"Polygon","coordinates":[[[-91.3655,31.7616],[-91.3457,31.8429],[-91.3279,31.8548],[-91.2934,31.8602],[-91.2822,31.8148],[-91.2556,31.8127],[-91.245,31.8314],[-91.269,31.8587],[-91.2481,31.8698],[-91.0137,31.8619],[-90.8427,31.8267],[-90.8404,31.8041],[-90.8527,31.7854],[-90.7363,31.7861],[-90.7373,31.6111],[-91.1539,31.6101],[-91.1538,31.6305],[-91.2333,31.6294],[-91.249,31.6438],[-91.2694,31.6474],[-91.2698,31.666],[-91.3001,31.6722],[-91.2918,31.6916],[-91.3,31.7123],[-91.3069,31.711],[-91.3179,31.7498],[-91.2755,31.7455],[-91.2634,31.7545],[-91.263,31.767],[-91.286,31.7721],[-91.3552,31.7581],[-91.3655,31.7616]]]}},{"type":"Feature","properties":{"county_fips":"22007","county_name":"Assumption","state":"LA"},"geometry":{"type":"Polygon","coordinates":[[[-91.2514,29.9576],[-91.2589,30.0007],[-91.2359,30.0011],[-91.2242,30.0256],[-91.0891,30.0628],[-91.0893,30.0768],[-91.0747,30.0817],[-91.0558,30.0706],[-91.0057,30.0791],[-90.9847,30.0651],[-90.9637,30.0668],[-90.9634,30.0358],[-90.9464,30.036],[-90.9463,29.9779],[-90.9118,29.9785],[-90.9118,29.9351],[-90.8863,29.9356],[-90.8855,29.8776],[-90.9098,29.8772],[-90.9246,29.8303],[-90.9476,29.7925],[-91.0826,29.6268],[-91.1052,29.643],[-91.0952,29.6943],[-91.1066,29.7335],[-91.0954,29.737],[-91.0895,29.7555],[-91.1002,29.772],[-91.0962,29.8087],[-91.1111,29.8266],[-91.1845,29.8467],[-91.1998,29.861],[-91.2071,29.8979],[-91.232,29.9182],[-91.2297,29.9327],[-91.2514,29.9576]]]}},{"type":"Feature","properties":{"county_fips":"22061","county_name":"Lincoln","state":"LA"},"geometry":{"type":"Polygon","coordinates":[[[-92.8795,32.454],[-92.8807,32.6008],[-92.8666,32.6072],[-92.861,32.6293],[-92.8685,32.6778],[-92.8456,32.7049],[-92.8284,32.7112],[-92.828,32.7594],[-92.5938,32.7556],[-92.5847,32.7465],[-92.5672,32.7462],[-92.5483,32.7193],[-92.5191,32.7204],[-92.519,32.6708],[-92.4152,32.6703],[-92.4155,32.4956],[-92.6224,32.4964],[-92.6217,32.4531],[-92.8795,32.454]]]}},{"type":"Feature","properties":{"county_fips":"40031","county_name":"Comanche","state":"OK"},"geometry":{"type":"Polygon","coordinates":[[[-98.8261,34.5074],[-98.826,34.8551],[-98.0896,34.8549],[-98.0891,34.6812],[-98.1418,34.6812],[-98.1421,34.507],[-98.2441,34.5071],[-98.244,34.4637],[-98.2959,34.4635],[-98.2959,34.449],[-98.505,34.4494],[-98.505,34.4205],[-98.6096,34.4206],[-98.6095,34.4061],[-98.662,34.4059],[-98.662,34.5075],[-98.8261,34.5074]]]}},{"type":"Feature","properties":{"county_fips":"08041","county_name":"El Paso","state":"CO"},"geometry":{"type":"Polygon","coordinates":[[[-105.0722,38.7994],[-105.0664,38.8692],[-105.0286,38.8687],[-105.0335,39.1298],[-104.0516,39.1281],[-104.0543,38.5224],[-104.9415,38.5196],[-104.9399,38.7965],[-105.0722,38.7994]]]}},{"type":"Feature","properties":{"county_fips":"22109","county_name":"Terrebonne","state":"LA"},"geometry":{"type":"MultiPolygon","coordinates":[[[[-90.4131,29.2041],[-90.4108,29.2107],[-90.4096,29.2032],[-90.4131,29.2041]]],[[[-90.4444,29.2625],[-90.4394,29.2568],[-90.4351,29.2534],[-90.4414,29.2521],[-90.4444,29.2625]]],[[[-90.5503,29.0921],[-90.4701,29.0669],[-90.4237,29.0609],[-90.4733,29.0595],[-90.5503,29.0921]]],[[[-90.6187,29.1953],[-90.6143,29.1963],[-90.6134,29.1932],[-90.6187,29.1953]]],[[[-90.7593,29.0469],[-90.7118,29.0623],[-90.6617,29.0626],[-90.7409,29.0468],[-90.7593,29.0469]]],[[[-90.8681,29.0572],[-90.8439,29.05],[-90.8062,29.0538],[-90.8343,29.0449],[-90.8681,29.0572]]],[[[-90.9357,29.0556],[-90.9264,29.0515],[-90.9155,29.0499],[-90.9265,29.0491],[-90.9357,29.0556]]],[[[-91.0401,29.1887],[-91.0363,29.1902],[-91.0363,29.1877],[-91.0401,29.1887]]],[[[-91.3398,29.3098],[-91.3151,29.3046],[-91.2918,29.3114],[-91.2751,29.3322],[-91.2694,29.3567],[-91.237,29.3713],[-91.2382,29.3506],[-91.1993,29.3051],[-91.1717,29.3251],[-91.1628,29.3213],[-91.1766,29.2711],[-91.1545,29.255],[-91.1655,29.2538],[-91.1703,29.2355],[-91.1483,29.2418],[-91.1448,29.2518],[-91.1217,29.2514],[-91.1194,29.2665],[-91.1329,29.2814],[-91.1189,29.3062],[-91.1263,29.3334],[-91.1505,29.3449],[-91.1497,29.3535],[-91.161,29.3611],[-91.1928,29.3711],[-91.2001,29.3895],[-91.2196,29.3971],[-91.212,29.4209],[-91.2178,29.4353],[-91.2565,29.445],[-91.2664,29.4761],[-91.2737,29.4794],[-91.265,29.5108],[-91.2706,29.5367],[-91.236,29.5504],[-91.2235,29.5619],[-91.219,29.5839],[-91.1837,29.608],[-91.1753,29.6088],[-91.1729,29.5974],[-91.1614,29.593],[-91.1394,29.6089],[-91.1216,29.608],[-91.1172,29.6175],[-91.0854,29.6238],[-91.0069,29.7151],[-90.8802,29.7168],[-90.8821,29.7459],[-90.8414,29.7464],[-90.8421,29.7601],[-90.8279,29.7646],[-90.8278,29.7758],[-90.82,29.7779],[-90.8059,29.7744],[-90.805,29.7495],[-90.7845,29.7446],[-90.786,29.7321],[-90.7668,29.6959],[-90.744,29.6768],[-90.7053,29.6639],[-90.6521,29.6039],[-90.6191,29.5982],[-90.6036,29.5739],[-90.5745,29.5589],[-90.5684,29.5352],[-90.5508,29.5313],[-90.5375,29.5055],[-90.469,29.4541],[-90.4481,29.418],[-90.3855,29.3677],[-90.3796,29.3491],[-90.3865,29.3247],[-90.3766,29.3048],[-90.3967,29.2644],[-90.3976,29.31],[-90.4402,29.3494],[-90.4603,29.3375],[-90.4516,29.3215],[-90.4791,29.2922],[-90.5052,29.3051],[-90.5232,29.3042],[-90.5543,29.2852],[-90.5708,29.309],[-90.583,29.3122],[-90.5992,29.2995],[-90.5879,29.2713],[-90.5927,29.2459],[-90.5618,29.235],[-90.5746,29.2294],[-90.5958,29.2399],[-90.616,29.2364],[-90.6061,29.2244],[-90.6118,29.2148],[-90.6357,29.2139],[-90.6468,29.1687],[-90.6759,29.1741],[-90.685,29.1656],[-90.6814,29.156],[-90.6943,29.1251],[-90.7114,29.1164],[-90.73,29.138],[-90.7448,29.1176],[-90.7635,29.118],[-90.7725,29.1032],[-90.788,29.1076],[-90.8022,29.0938],[-90.8059,29.0645],[-90.8515,29.0743],[-90.8609,29.1005],[-90.8667,29.0971],[-90.8749,29.1071],[-90.8691,29.1183],[-90.884,29.1185],[-90.8888,29.1224],[-90.8829,29.1281],[-90.9226,29.1506],[-90.9524,29.1833],[-91.0004,29.173],[-91.0196,29.1791],[-91.0383,29.2104],[-91.0647,29.1841],[-91.0949,29.1924],[-91.1299,29.2207],[-91.2152,29.227],[-91.2883,29.2557],[-91.3398,29.3098]]]]}},{"type":"Feature","properties":{"county_fips":"05043","county_name":"Drew","state":"AR"},"geometry":{"type":"Polygon","coordinates":[[[-92.0152,33.4566],[-92.0001,33.473],[-92.0089,33.4868],[-91.999,33.5],[-92.0082,33.5297],[-91.9762,33.5297],[-91.9759,33.7917],[-91.6641,33.7922],[-91.4503,33.7805],[-91.4574,33.389],[-91.9902,33.3983],[-92.002,33.4155],[-91.9921,33.4365],[-92.0127,33.4474],[-92.0152,33.4566]]]}},{"type":"Feature","properties":{"county_fips":"22069","county_name":"Natchitoches","state":"LA"},"geometry":{"type":"Polygon","coordinates":[[[-93.4417,31.7145],[-93.4406,31.9136],[-93.4239,31.9314],[-93.4147,31.9338],[-93.4143,31.9242],[-93.3988,31.9179],[-93.3775,31.9234],[-93.3779,31.9327],[-93.3546,31.9322],[-93.36,31.9239],[-93.3463,31.9068],[-93.3505,31.8987],[-93.3189,31.8884],[-93.3027,31.8976],[-93.2795,31.8871],[-93.2537,31.9133],[-93.2395,31.9036],[-93.2385,31.9728],[-93.1212,31.9726],[-93.1581,32.0094],[-93.1589,32.0277],[-93.1419,32.0406],[-93.1361,32.0562],[-93.1617,32.0831],[-93.1643,32.0933],[-93.1524,32.1045],[-93.1871,32.1485],[-92.9391,32.1479],[-92.9317,32.1233],[-92.9049,32.0902],[-92.9118,32.0768],[-92.8958,32.055],[-92.8985,32.0449],[-92.8847,32.0121],[-92.901,31.988],[-92.8829,31.9816],[-92.885,31.9566],[-92.8722,31.9459],[-92.8846,31.9395],[-92.8946,31.9172],[-92.8926,31.9014],[-92.9062,31.8687],[-92.8991,31.857],[-92.9089,31.8508],[-92.9501,31.8553],[-92.9495,31.839],[-92.9384,31.8234],[-92.9512,31.8249],[-92.942,31.815],[-92.9466,31.8001],[-92.9553,31.7808],[-92.9674,31.7813],[-92.9716,31.7647],[-92.9686,31.731],[-92.976,31.7124],[-92.9599,31.7013],[-92.9658,31.6834],[-92.951,31.6759],[-92.9277,31.6774],[-92.9216,31.6635],[-92.9028,31.6595],[-92.9063,31.6236],[-92.8691,31.6172],[-92.8409,31.6012],[-92.8014,31.597],[-92.7562,31.5579],[-92.7613,31.5474],[-92.7162,31.5231],[-92.7616,31.4862],[-92.7617,31.4764],[-92.7791,31.4765],[-92.7958,31.4553],[-92.8134,31.4548],[-92.8131,31.4409],[-92.8468,31.4335],[-92.847,31.4188],[-92.8717,31.4186],[-92.8715,31.4045],[-92.8885,31.404],[-92.8884,31.3896],[-92.9135,31.3897],[-92.9133,31.3682],[-92.9473,31.3677],[-92.9472,31.3468],[-92.9813,31.3467],[-92.992,31.3604],[-93.0322,31.3636],[-93.2366,31.364],[-93.2368,31.5379],[-93.3376,31.5383],[-93.3384,31.7142],[-93.4417,31.7145]]]}}]}