{"type":"FeatureCollection","features":[{"type":"Feature","properties":{"county_fips":"01069","county_name":"Houston","state":"AL"},"geometry":{"type":"Polygon","coordinates":[[[-85.7121,31.1973],[-85.6923,31.2106],[-85.6891,31.2361],[-85.6779,31.2402],[-85.6751,31.2556],[-85.66,31.2709],[-85.603,31.2724],[-85.5461,31.2539],[-85.4862,31.2459],[-85.4854,31.2871],[-85.4171,31.2862],[-85.4174,31.315],[-85.0877,31.3087],[-85.0932,31.2897],[-85.1146,31.2773],[-85.0968,31.2257],[-85.1075,31.1865],[-85.0985,31.1802],[-85.1002,31.1655],[-85.0766,31.1569],[-85.0547,31.1208],[-85.0356,31.1082],[-84.9996,31.0091],[-85.0025,31.0007],[-85.4883,30.9971],[-85.4858,31.1999],[-85.7121,31.1973]]]}},{"type":"Feature","properties":{"county_fips":"01089","county_name":"Madison","state":"AL"},"geometry":{"type":"Polygon","coordinates":[[[-86.7901,34.5508],[-86.7836,34.9919],[-86.3113,34.9911],[-86.313,34.9759],[-86.2898,34.9688],[-86.287,34.9577],[-86.2596,34.9455],[-86.2558,34.9292],[-86.266,34.9224],[-86.2933,34.945],[-86.311,34.9347],[-86.3262,34.9371],[-86.3113,34.9123],[-86.3188,34.9021],[-86.3416,34.8948],[-86.3398,34.885],[-86.3513,34.8737],[-86.3349,34.8479],[-86.3383,34.8359],[-86.3265,34.8313],[-86.3448,34.8126],[-86.334,34.788],[-86.3418,34.7809],[-86.3423,34.7443],[-86.3581,34.735],[-86.359,34.6326],[-86.3259,34.6096],[-86.3316,34.6054],[-86.3269,34.5994],[-86.3034,34.5933],[-86.3068,34.5822],[-86.2997,34.5801],[-86.3314,34.5733],[-86.3288,34.5652],[-86.3066,34.5607],[-86.3112,34.5393],[-86.3343,34.5096],[-86.3555,34.5235],[-86.3692,34.5137],[-86.3908,34.5201],[-86.389,34.4997],[-86.4125,34.4941],[-86.4239,34.4796],[-86.4531,34.4841],[-86.4688,34.4757],[-86.5,34.4823],[-86.5317,34.5013],[-86.5535,34.5617],[-86.5808,34.5819],[-86.6142,34.5772],[-86.6464,34.5489],[-86.6679,34.5535],[-86.6778,34.5795],[-86.7022,34.589],[-86.7205,34.5836],[-86.761,34.5525],[-86.7901,34.5508]]]}},{"type":"Feature","properties":{"county_fips":"12007","county_name":"Bradford","state":"FL"},"geometry":{"type":"Polygon","coordinates":[[[-82.4187,29.9231],[-82.358,29.9336],[-82.3423,29.9613],[-82.3074,29.9562],[-82.2793,29.9886],[-82.26,30.0281],[-82.2256,30.0343],[-82.1797,30.0712],[-82.1699,30.0992],[-82.1424,30.1163],[-82.1426,30.1431],[-82.0494,30.1431],[-82.0492,29.7187],[-82.0556,29.7182],[-82.0603,29.7504],[-82.0882,29.7609],[-82.0793,29.776],[-82.1176,29.7906],[-82.1331,29.8359],[-82.1732,29.837],[-82.1945,29.8485],[-82.2335,29.8453],[-82.2441,29.8524],[-82.2818,29.8444],[-82.305,29.8532],[-82.3142,29.8676],[-82.335,29.8787],[-82.3975,29.8861],[-82.4066,29.9141],[-82.4187,29.9231]]]}},{"type":"Feature","properties":{"county_fips":"12009","county_name":"Brevard","state":"FL"},"geometry":{"type":"Polygon","coordinates":[[[-80.9873,28.613],[-80.9645,28.613],[-80.9679,28.7902],[-80.7329,28.7912],[-80.5742,28.5853],[-80.561,28.5307],[-80.5252,28.455],[-80.5781,28.4231],[-80.5975,28.3855],[-80.6068,28.2964],[-80.5942,28.1959],[-80.5579,28.0718],[-80.447,27.862],[-80.454,27.8548],[-80.4911,27.8546],[-80.5091,27.8221],[-80.8689,27.8225],[-80.8628,28.3472],[-80.8884,28.3855],[-80.883,28.4082],[-80.9012,28.4332],[-80.8902,28.4453],[-80.8983,28.4551],[-80.8945,28.467],[-80.8708,28.4714],[-80.8857,28.5103],[-80.9066,28.5116],[-80.9114,28.5246],[-80.9393,28.535],[-80.93,28.5632],[-80.9471,28.585],[-80.9433,28.5937],[-80.9522,28.6042],[-80.9873,28.613]]]}},{"type":"Feature","properties":{"county_fips":"12131","county_name":"Walton","state":"FL"},"geometry":{"type":"Polygon","coordinates":[[[-86.3974,30.3787],[-86.3886,30.9942],[-86.035,30.9933],[-86.0376,30.7046],[-85.8444,30.7031],[-85.8658,30.6911],[-85.8673,30.6805],[-85.8755,30.6808],[-85.8756,30.6685],[-85.8671,30.6631],[-85.8906,30.6565],[-85.9152,30.637],[-85.9083,30.6125],[-85.9159,30.5968],[-85.9094,30.598],[-85.9095,30.5869],[-85.8891,30.5815],[-85.8906,30.5638],[-85.8798,30.5562],[-85.8838,30.5078],[-85.8682,30.507],[-85.8598,30.4901],[-85.878,30.4668],[-85.8894,30.4711],[-85.9027,30.4424],[-85.9528,30.4442],[-85.9866,30.4235],[-85.9936,30.4051],[-85.9959,30.2691],[-86.1887,30.3342],[-86.314,30.3664],[-86.3974,30.3787]]]}},{"type":"Feature","properties":{"county_fips":"12053","county_name":"Hernando","state":"FL"},"geometry":{"type":"Polygon","coordinates":[[[-82.6812,28.4642],[-82.6667,28.4756],[-82.6664,28.4973],[-82.6782,28.4993],[-82.6689,28.5077],[-82.668,28.5282],[-82.6528,28.5378],[-82.6631,28.5508],[-82.6523,28.5522],[-82.6562,28.5754],[-82.6443,28.5842],[-82.6554,28.5923],[-82.6554,28.6044],[-82.6637,28.6054],[-82.6533,28.6163],[-82.671,28.6287],[-82.668,28.6475],[-82.6777,28.6548],[-82.6551,28.6805],[-82.668,28.6833],[-82.6673,28.6917],[-82.6746,28.6941],[-82.4184,28.6949],[-82.4178,28.6659],[-82.2631,28.6676],[-82.2736,28.6538],[-82.2568,28.6488],[-82.2602,28.635],[-82.2461,28.6269],[-82.2137,28.5754],[-82.1668,28.564],[-82.1562,28.5734],[-82.138,28.5655],[-82.1286,28.5449],[-82.1094,28.5438],[-82.095,28.5236],[-82.0703,28.5319],[-82.0545,28.5214],[-82.0547,28.4784],[-82.2533,28.4785],[-82.2534,28.4348],[-82.6699,28.4336],[-82.6646,28.452],[-82.6812,28.4642]]]}},{"type":"Feature","properties":{"county_fips":"12047","county_name":"Hamilton","state":"FL"},"geometry":{"type":"Polygon","coordinates":[[[-83.3092,30.6344],[-82.6895,30.5977],[-82.7169,30.5644],[-82.7239,30.5649],[-82.7145,30.5318],[-82.7286,30.5257],[-82.723,30.5174],[-82.7184,30.521],[-82.715,30.5055],[-82.706,30.5042],[-82.7061,30.4924],[-82.6967,30.4894],[-82.7018,30.4777],[-82.6773,30.4719],[-82.6805,30.4615],[-82.6633,30.4521],[-82.6729,30.4486],[-82.6527,30.4294],[-82.647,30.3951],[-82.6654,30.3792],[-82.6623,30.3704],[-82.6869,30.3533],[-82.6815,30.3428],[-82.6899,30.3331],[-82.7164,30.3212],[-82.7246,30.3338],[-82.7454,30.3174],[-82.7633,30.3309],[-82.7885,30.324],[-82.8039,30.3454],[-82.8109,30.337],[-82.8322,30.3468],[-82.8442,30.3409],[-82.8519,30.3569],[-82.8851,30.3653],[-82.8934,30.3746],[-82.8889,30.3861],[-82.9058,30.3881],[-82.9084,30.3801],[-82.9488,30.401],[-82.9559,30.4135],[-83.0042,30.4319],[-83.0079,30.4225],[-83.0343,30.4308],[-83.0706,30.4245],[-83.082,30.4429],[-83.1221,30.4326],[-83.1345,30.4192],[-83.1555,30.4168],[-83.171,30.3852],[-83.18,30.4102],[-83.1948,30.4169],[-83.2062,30.4121],[-83.2094,30.421],[-83.2222,30.4235],[-83.2178,30.4642],[-83.2436,30.473],[-83.2406,30.5059],[-83.2461,30.5125],[-83.2389,30.518],[-83.2473,30.541],[-83.2608,30.5528],[-83.256,30.5622],[-83.2627,30.581],[-83.2566,30.5874],[-83.2691,30.6222],[-83.3092,30.6344]]]}},{"type":"Feature","properties":{"county_fips":"12065","county_name":"Jefferson","state":"FL"},"geometry":{"type":"Polygon","coordinates":[[[-84.076,30.0955],[-84.0747,30.4343],[-84.0415,30.4633],[-84.0412,30.5219],[-83.9774,30.5222],[-83.987,30.5471],[-83.979,30.5506],[-83.998,30.5715],[-84.0077,30.6093],[-84.0075,30.6721],[-83.6117,30.6513],[-83.6121,30.6387],[-83.6044,30.6382],[-83.6042,30.5819],[-83.6207,30.582],[-83.6212,30.5674],[-83.6373,30.5675],[-83.6374,30.5527],[-83.6711,30.5529],[-83.6711,30.538],[-83.7043,30.5381],[-83.7044,30.523],[-83.73,30.5188],[-83.7364,30.5021],[-83.727,30.4877],[-83.7217,30.4344],[-83.7511,30.4076],[-83.7573,30.3855],[-83.7832,30.3789],[-83.79,30.3903],[-83.8046,30.3769],[-83.8076,30.3487],[-83.7871,30.3317],[-83.7925,30.3192],[-83.8157,30.3171],[-83.8203,30.2997],[-83.8377,30.2808],[-83.8797,30.269],[-83.9026,30.2475],[-83.9158,30.2452],[-83.9255,30.1929],[-83.9513,30.1863],[-83.9604,30.1524],[-83.9731,30.146],[-83.9686,30.1362],[-83.9914,30.086],[-83.9965,30.0817],[-84.0015,30.0947],[-84.0243,30.1033],[-84.076,30.0955]]]}},{"type":"Feature","properties":{"county_fips":"12031","county_name":"Duval","state":"FL"},"geometry":{"type":"Polygon","coordinates":[[[-82.0493,30.2733],[-81.8095,30.4845],[-81.7949,30.5054],[-81.7816,30.5033],[-81.7653,30.5187],[-81.7637,30.5349],[-81.7384,30.5346],[-81.7363,30.5571],[-81.7268,30.5594],[-81.7219,30.5719],[-81.7046,30.5636],[-81.6976,30.5696],[-81.6955,30.5632],[-81.6739,30.5662],[-81.6637,30.5508],[-81.6499,30.5766],[-81.6245,30.5862],[-81.6043,30.584],[-81.611,30.5759],[-81.6015,30.5677],[-81.6142,30.5631],[-81.6096,30.554],[-81.5844,30.566],[-81.5854,30.5442],[-81.5678,30.5366],[-81.5509,30.543],[-81.543,30.5239],[-81.5263,30.5312],[-81.5199,30.5436],[-81.5238,30.5563],[-81.514,30.5673],[-81.4996,30.5638],[-81.4844,30.5374],[-81.4555,30.522],[-81.4559,30.5134],[-81.4324,30.4872],[-81.4132,30.4829],[-81.4125,30.4229],[-81.4037,30.4091],[-81.4116,30.4022],[-81.3935,30.3956],[-81.3962,30.3311],[-81.3799,30.2529],[-81.4369,30.2523],[-81.4338,30.1055],[-81.5387,30.1037],[-81.539,30.1199],[-81.5678,30.1178],[-81.6123,30.1329],[-81.6802,30.1212],[-81.6921,30.1447],[-81.6905,30.1719],[-81.6796,30.1905],[-82.0494,30.1869],[-82.0493,30.2733]]]}},{"type":"Feature","properties":{"county_fips":"13105","county_name":"Elbert","state":"GA"},"geometry":{"type":"Polygon","coordinates":[[[-83.1033,34.1705],[-83.092,34.1905],[-83.0955,34.2025],[-83.078,34.2236],[-83.0188,34.2341],[-82.9884,34.2244],[-82.9964,34.2191],[-82.98,34.2101],[-82.9155,34.2477],[-82.7738,34.2887],[-82.7467,34.2664],[-82.7417,34.2097],[-82.7175,34.1505],[-82.6752,34.1298],[-82.6416,34.0921],[-82.6438,34.0723],[-82.5942,34.0289],[-82.5955,34.0159],[-82.5752,33.9914],[-82.5805,33.9821],[-82.5645,33.9557],[-82.6036,33.98],[-82.625,33.9823],[-82.6397,33.973],[-82.6549,33.9913],[-82.7795,33.9711],[-82.8371,33.9926],[-82.8422,33.9841],[-82.8638,33.9832],[-82.8829,34.0011],[-82.9061,34.0044],[-82.9071,34.0121],[-82.9275,34.0074],[-82.9423,34.015],[-82.9438,34.0228],[-82.9343,34.0275],[-82.9763,34.0432],[-83.005,34.0785],[-83.012,34.0767],[-83.0362,34.0985],[-83.031,34.1133],[-83.0479,34.1211],[-83.0675,34.1548],[-83.1033,34.1705]]]}},{"type":"Feature","properties":{"county_fips":"01087","county_name":"Macon","state":"AL"},"geometry":{"type":"Polygon","coordinates":[[[-86.023,32.42],[-85.9926,32.4301],[-85.9921,32.4525],[-85.9827,32.4394],[-85.9743,32.4463],[-85.9777,32.4539],[-85.9558,32.4407],[-85.93,32.4543],[-85.8799,32.4495],[-85.8745,32.4729],[-85.8527,32.477],[-85.8861,32.4931],[-85.7972,32.4942],[-85.7986,32.5811],[-85.7127,32.5818],[-85.7128,32.5957],[-85.6959,32.5959],[-85.6957,32.582],[-85.6613,32.5823],[-85.6611,32.5679],[-85.4893,32.4969],[-85.4386,32.4971],[-85.4335,32.2346],[-85.8573,32.2325],[-85.8772,32.2487],[-85.8786,32.2658],[-85.8713,32.2734],[-85.8779,32.2915],[-85.8988,32.3052],[-85.8987,32.275],[-85.9193,32.2744],[-85.9543,32.3022],[-85.9668,32.3319],[-85.9913,32.3361],[-85.9942,32.3606],[-86.0146,32.3843],[-86.011,32.4051],[-86.023,32.42]]]}},{"type":"Feature","properties":{"county_fips":"01041","county_name":"Crenshaw","state":"AL"},"geometry":{"type":"Polygon","coordinates":[[[-86.4992,31.5253],[-86.4995,31.6552],[-86.4486,31.6556],[-86.4419,31.7742],[-86.4464,31.8317],[-86.4383,31.8355],[-86.4466,31.8464],[-86.4482,31.9646],[-86.405,31.9638],[-86.406,32.0368],[-86.3964,32.037],[-86.4063,32.0507],[-86.3036,32.0517],[-86.3022,31.9651],[-86.1914,31.9665],[-86.175,31.9306],[-86.1829,31.8324],[-86.1994,31.8079],[-86.1994,31.7904],[-86.1483,31.791],[-86.1471,31.663],[-86.1598,31.6604],[-86.1617,31.6413],[-86.1804,31.622],[-86.1797,31.6164],[-86.1459,31.6177],[-86.144,31.5377],[-86.1568,31.5375],[-86.1566,31.5302],[-86.1948,31.5299],[-86.194,31.4401],[-86.2619,31.4412],[-86.2602,31.4557],[-86.277,31.4556],[-86.2802,31.5285],[-86.2989,31.5285],[-86.3385,31.4876],[-86.3647,31.4871],[-86.3957,31.4507],[-86.3999,31.5271],[-86.4992,31.5253]]]}},{"type":"Feature","properties":{"county_fips":"45013","county_name":"Beaufort","state":"SC"},"geometry":{"type":"Polygon","coordinates":[[[-81.0161,32.2443],[-80.9917,32.2675],[-80.9942,32.2906],[-81.0064,32.3065],[-80.9349,32.3001],[-80.9245,32.3503],[-80.8921,32.3537],[-80.8776,32.3459],[-80.8685,32.3637],[-80.8737,32.3691],[-80.8415,32.3851],[-80.8298,32.4105],[-80.8502,32.4163],[-80.8339,32.4569],[-80.8177,32.4657],[-80.8202,32.4908],[-80.8477,32.5301],[-80.836,32.544],[-80.8315,32.5934],[-80.8697,32.6609],[-80.8302,32.7036],[-80.8079,32.6894],[-80.7875,32.6882],[-80.7873,32.6825],[-80.7783,32.6869],[-80.7727,32.6762],[-80.7686,32.6815],[-80.7656,32.6753],[-80.7449,32.6742],[-80.7392,32.6823],[-80.7285,32.6737],[-80.7216,32.6802],[-80.7033,32.6646],[-80.6711,32.6716],[-80.6689,32.6636],[-80.6843,32.659],[-80.6816,32.6471],[-80.664,32.6457],[-80.6581,32.6376],[-80.674,32.6329],[-80.6751,32.6252],[-80.6544,32.6269],[-80.6598,32.6127],[-80.6254,32.5823],[-80.6099,32.59],[-80.5998,32.581],[-80.5798,32.5843],[-80.5762,32.5778],[-80.5842,32.5677],[-80.5652,32.5655],[-80.566,32.5509],[-80.5515,32.5658],[-80.5365,32.5292],[-80.5178,32.5191],[-80.5029,32.4957],[-80.477,32.4854],[-80.4769,32.4679],[-80.4846,32.461],[-80.4615,32.4129],[-80.4356,32.4125],[-80.4292,32.4055],[-80.4442,32.3549],[-80.454,32.3393],[-80.4636,32.3401],[-80.4533,32.3219],[-80.5762,32.2753],[-80.5885,32.2827],[-80.6237,32.2581],[-80.6454,32.2609],[-80.6448,32.2915],[-80.6885,32.3028],[-80.7081,32.3237],[-80.7336,32.3195],[-80.741,32.3038],[-80.7535,32.3068],[-80.766,32.2926],[-80.7613,32.28],[-80.7424,32.2638],[-80.7301,32.2705],[-80.7178,32.267],[-80.6778,32.2364],[-80.6692,32.2168],[-80.7399,32.1461],[-80.8125,32.1097],[-80.8424,32.1178],[-80.8738,32.0823],[-80.9105,32.0799],[-80.8957,32.1077],[-80.9283,32.1214],[-80.9095,32.1347],[-80.9212,32.1301],[-80.9285,32.1386],[-80.9413,32.1373],[-80.9615,32.1262],[-80.958,32.1377],[-80.969,32.1477],[-80.961,32.1519],[-80.953,32.1416],[-80.9505,32.1613],[-80.9576,32.165],[-80.9486,32.1691],[-80.9618,32.1795],[-80.9693,32.1762],[-80.9624,32.185],[-80.9869,32.1934],[-80.9885,32.1897],[-80.9938,32.188],[-81.0124,32.2182],[-81.0161,32.2443]]]}},{"type":"Feature","properties":{"county_fips":"45051","county_name":"Horry","state":"SC"},"geometry":{"type":"Polygon","coordinates":[[[-79.3388,33.9705],[-79.3285,34.0002],[-79.3151,33.9965],[-79.3072,34.0059],[-79.3076,34.0277],[-79.2478,34.0571],[-79.2396,34.0768],[-79.2481,34.0795],[-79.2501,34.0904],[-79.2301,34.1088],[-79.2209,34.1077],[-79.2189,34.1268],[-79.2058,34.133],[-79.2075,34.1548],[-79.1973,34.1587],[-79.1927,34.1754],[-79.1769,34.1848],[-79.1736,34.1795],[-79.1539,34.2072],[-79.1337,34.2157],[-79.1357,34.2291],[-79.1267,34.2361],[-79.1348,34.241],[-79.1264,34.2573],[-79.0937,34.278],[-79.0861,34.295],[-79.0713,34.2993],[-78.5473,33.8565],[-78.6977,33.808],[-78.7958,33.7551],[-78.9141,33.6616],[-79.0018,33.5727],[-79.1011,33.573],[-79.0998,33.609],[-79.1091,33.6003],[-79.1213,33.6048],[-79.1233,33.6232],[-79.1337,33.6357],[-79.1349,33.6485],[-79.1273,33.6436],[-79.1239,33.6522],[-79.1295,33.6501],[-79.1364,33.6638],[-79.1533,33.6594],[-79.1573,33.6848],[-79.1914,33.7065],[-79.1959,33.7279],[-79.2481,33.7844],[-79.2609,33.8189],[-79.2488,33.8312],[-79.2641,33.8425],[-79.256,33.8654],[-79.2636,33.8925],[-79.2999,33.9038],[-79.3123,33.9182],[-79.3067,33.9239],[-79.3069,33.9348],[-79.317,33.9341],[-79.3116,33.9442],[-79.3334,33.9527],[-79.3301,33.9616],[-79.3388,33.9705]]]}},{"type":"Feature","properties":{"county_fips":"45091","county_name":"York","state":"SC"},"geometry":{"type":"Polygon","coordinates":[[[-81.4923,34.9472],[-81.4758,34.983],[-81.4847,34.9974],[-81.4873,35.0347],[-81.4714,35.0481],[-81.4088,35.0471],[-81.4025,35.1369],[-81.3666,35.1649],[-81.0436,35.1499],[-81.051,35.1317],[-81.039,35.1263],[-81.0328,35.108],[-81.0521,35.0963],[-81.058,35.0732],[-81.0576,35.0624],[-81.0415,35.0447],[-80.935,35.1074],[-80.9062,35.0764],[-80.8996,35.0599],[-80.9059,35.0468],[-80.8973,35.0353],[-80.9095,35.0165],[-80.8857,34.9915],[-80.8847,34.9662],[-80.874,34.9654],[-80.8686,34.9507],[-80.8651,34.9239],[-80.8789,34.901],[-80.8801,34.8715],[-80.8666,34.8485],[-80.8982,34.8208],[-81.4766,34.8226],[-81.4533,34.8463],[-81.4684,34.8652],[-81.4787,34.898],[-81.4701,34.9136],[-81.4773,34.9261],[-81.4735,34.9355],[-81.4923,34.9472]]]}},{"type":"Feature","properties":{"county_fips":"54047","county_name":"McDowell","state":"WV"},"geometry":{"type":"Polygon","coordinates":[[[-81.9966,37.4767],[-81.9898,37.4849],[-81.9533,37.4918],[-81.9531,37.5013],[-81.9226,37.5119],[-81.9095,37.527],[-81.8935,37.5253],[-81.886,37.5367],[-81.8436,37.549],[-81.8246,37.5338],[-81.829,37.5137],[-81.8179,37.5066],[-81.7952,37.5097],[-81.7804,37.5011],[-81.7522,37.5066],[-81.7367,37.4958],[-81.7074,37.4953],[-81.6849,37.5057],[-81.6888,37.5136],[-81.6823,37.5175],[-81.6544,37.5233],[-81.6327,37.5106],[-81.6175,37.5213],[-81.5959,37.4907],[-81.5534,37.4918],[-81.527,37.4756],[-81.4991,37.4737],[-81.4658,37.4847],[-81.4502,37.4762],[-81.4551,37.4662],[-81.4317,37.4488],[-81.4261,37.4613],[-81.4165,37.4557],[-81.3983,37.4645],[-81.3854,37.4613],[-81.3745,37.4434],[-81.3301,37.4354],[-81.3112,37.4245],[-81.3726,37.3202],[-81.3943,37.3164],[-81.4167,37.2732],[-81.4477,37.2722],[-81.4801,37.2511],[-81.4989,37.258],[-81.5073,37.2338],[-81.5444,37.2208],[-81.5561,37.2074],[-81.6782,37.2015],[-81.7231,37.2405],[-81.744,37.2425],[-81.741,37.2541],[-81.7576,37.274],[-81.7893,37.2844],[-81.8251,37.2795],[-81.8536,37.2877],[-81.8545,37.3066],[-81.8657,37.3095],[-81.8603,37.3157],[-81.8787,37.3318],[-81.8938,37.3301],[-81.9334,37.3693],[-81.9367,37.3807],[-81.9235,37.4114],[-81.9369,37.4199],[-81.9356,37.4384],[-81.9704,37.4477],[-81.9762,37.4572],[-81.987,37.4549],[-81.9966,37.4767]]]}},{"type":"Feature","properties":{"county_fips":"12117","county_name":"Seminole","state":"FL"},"geometry":{"type":"Polygon","coordinates":[[[-81.4597,28.6444],[-81.4595,28.7133],[-81.4414,28.7151],[-81.4165,28.7557],[-81.4168,28.8246],[-81.383,28.852],[-81.3669,28.8792],[-81.3607,28.8725],[-81.3647,28.8657],[-81.3521,28.8623],[-81.358,28.8478],[-81.3205,28.8345],[-81.2257,28.8325],[-81.2137,28.8042],[-81.1974,28.7919],[-81.1819,28.7972],[-81.1789,28.7819],[-81.1362,28.7922],[-81.1404,28.796],[-81.1293,28.7995],[-81.1205,28.8257],[-81.0761,28.8193],[-81.0531,28.7736],[-81.0611,28.75],[-81.0166,28.693],[-81.0213,28.6743],[-81.0072,28.6635],[-81.0012,28.6411],[-81.0071,28.6363],[-80.9942,28.6216],[-80.9891,28.6247],[-80.9873,28.613],[-81.3279,28.6105],[-81.3285,28.6396],[-81.4597,28.6444]]]}},{"type":"Feature","properties":{"county_fips":"12041","county_name":"Gilchrist","state":"FL"},"geometry":{"type":"Polygon","coordinates":[[[-82.9731,29.6243],[-82.956,29.6401],[-82.9518,29.6598],[-82.9591,29.67],[-82.9574,29.7005],[-82.9372,29.7027],[-82.9566,29.7187],[-82.9443,29.7152],[-82.9497,29.7263],[-82.9383,29.7465],[-82.9497,29.7544],[-82.9476,29.7661],[-82.9198,29.7957],[-82.9354,29.8095],[-82.9238,29.8234],[-82.8934,29.8268],[-82.8755,29.867],[-82.8798,29.8868],[-82.8633,29.911],[-82.8315,29.9128],[-82.8085,29.9331],[-82.7699,29.9278],[-82.7694,29.8982],[-82.7536,29.8935],[-82.7529,29.8802],[-82.7329,29.8565],[-82.6937,29.8342],[-82.6586,29.8301],[-82.6563,29.5648],[-82.7565,29.5625],[-82.7569,29.5777],[-82.773,29.5776],[-82.7729,29.5849],[-82.8565,29.5842],[-82.8566,29.5913],[-82.9418,29.5932],[-82.9522,29.5845],[-82.9722,29.609],[-82.9731,29.6243]]]}},{"type":"Feature","properties":{"county_fips":"12013","county_name":"Calhoun","state":"FL"},"geometry":{"type":"Polygon","coordinates":[[[-85.3897,30.201],[-85.3839,30.5669],[-85.1719,30.5643],[-85.1677,30.608],[-84.9325,30.6064],[-84.9449,30.5955],[-84.9443,30.5817],[-84.9654,30.5802],[-84.9615,30.5651],[-84.9923,30.5193],[-84.9945,30.4891],[-85.0043,30.4762],[-84.9869,30.4657],[-85.0015,30.4498],[-84.9812,30.4441],[-85.0152,30.4344],[-85.0329,30.4203],[-85.0137,30.4106],[-85.0299,30.4033],[-85.0156,30.3962],[-85.0146,30.3874],[-85.0402,30.3721],[-85.026,30.363],[-85.0414,30.3545],[-85.05,30.3382],[-85.0463,30.3202],[-85.0343,30.3125],[-85.0481,30.3127],[-85.0474,30.3031],[-85.0569,30.3035],[-85.0528,30.2874],[-85.064,30.2709],[-85.0597,30.2615],[-85.0787,30.2488],[-85.0798,30.2297],[-85.091,30.2297],[-85.1018,30.2117],[-85.1114,30.218],[-85.1099,30.2093],[-85.1182,30.2105],[-85.1157,30.2],[-85.3897,30.201]]]}},{"type":"Feature","properties":{"county_fips":"13229","county_name":"Pierce","state":"GA"},"geometry":{"type":"Polygon","coordinates":[[[-82.4172,31.4171],[-82.4018,31.4173],[-82.4015,31.4303],[-82.3448,31.4301],[-82.345,31.4418],[-82.3305,31.4421],[-82.33,31.4571],[-82.3151,31.4571],[-82.315,31.4679],[-82.3009,31.4678],[-82.3004,31.4932],[-82.2697,31.4926],[-82.2696,31.5057],[-82.2558,31.5054],[-82.2559,31.5174],[-82.2388,31.5176],[-82.2393,31.5306],[-82.2266,31.5307],[-82.1551,31.4711],[-82.0979,31.4812],[-82.0582,31.4609],[-82.0528,31.4546],[-82.0575,31.4091],[-82.044,31.3951],[-82.0407,31.3619],[-82.0202,31.3274],[-81.9921,31.308],[-81.9972,31.2886],[-82.0076,31.2756],[-82.1127,31.2714],[-82.1259,31.2583],[-82.1442,31.255],[-82.1398,31.2434],[-82.1519,31.2221],[-82.1756,31.2174],[-82.1932,31.2021],[-82.2255,31.2205],[-82.2685,31.2169],[-82.2837,31.2265],[-82.3147,31.2259],[-82.3185,31.2369],[-82.358,31.2633],[-82.3672,31.2853],[-82.3872,31.2971],[-82.3895,31.3649],[-82.4026,31.365],[-82.4026,31.3788],[-82.417,31.3789],[-82.417,31.3909],[-82.4026,31.3909],[-82.4026,31.4048],[-82.4174,31.405],[-82.4172,31.4171]]]}},{"type":"Feature","properties":{"county_fips":"13261","county_name":"Sumter","state":"GA"},"geometry":{"type":"Polygon","coordinates":[[[-84.4438,31.9676],[-84.4416,32.0421],[-84.433,32.042],[-84.4302,32.1663],[-84.2701,32.1593],[-84.2696,32.1662],[-84.2604,32.1661],[-84.2606,32.1592],[-84.1836,32.1585],[-84.1817,32.2297],[-84.1341,32.228],[-84.1347,32.1854],[-84.0889,32.192],[-84.0741,32.1841],[-84.0492,32.1851],[-84.0276,32.1712],[-84.0335,32.1531],[-84.0091,32.1313],[-84.012,32.1195],[-83.9965,32.1126],[-83.9978,32.1005],[-83.9748,32.0922],[-83.9872,32.0716],[-83.9768,32.0616],[-83.9799,32.044],[-83.9684,32.0461],[-83.9503,32.0154],[-83.9504,31.9972],[-83.9191,31.9231],[-83.9225,31.9097],[-84.3381,31.9162],[-84.3403,31.8728],[-84.4438,31.9676]]]}},{"type":"Feature","properties":{"county_fips":"13151","county_name":"Henry","state":"GA"},"geometry":{"type":"Polygon","coordinates":[[[-84.3542,33.3534],[-84.3536,33.4362],[-84.3232,33.4359],[-84.3234,33.428],[-84.3042,33.4274],[-84.3043,33.4356],[-84.2947,33.4357],[-84.2942,33.4843],[-84.2839,33.4843],[-84.2825,33.5329],[-84.293,33.533],[-84.2926,33.5491],[-84.2637,33.5489],[-84.2636,33.5822],[-84.245,33.5903],[-84.2439,33.5986],[-84.263,33.607],[-84.2626,33.631],[-84.2721,33.6312],[-84.2817,33.6473],[-84.2458,33.6469],[-84.2455,33.6307],[-84.2242,33.6307],[-84.224,33.6466],[-84.1841,33.6462],[-84.1816,33.6292],[-84.131,33.5646],[-84.1063,33.5662],[-84.0523,33.5426],[-84.0562,33.5267],[-84.0445,33.5258],[-84.0543,33.5147],[-84.0419,33.5186],[-84.0429,33.5096],[-84.0301,33.4998],[-84.0372,33.4958],[-83.9492,33.4857],[-83.9229,33.451],[-83.9239,33.4442],[-83.9435,33.4418],[-83.9435,33.4253],[-83.9631,33.4192],[-83.9631,33.4076],[-83.9731,33.4076],[-83.9732,33.3852],[-83.966,33.3851],[-83.9644,33.3752],[-84.0076,33.3683],[-84.0213,33.3569],[-84.0327,33.3616],[-84.0331,33.3428],[-84.0536,33.3295],[-84.0537,33.3177],[-84.0613,33.3097],[-84.0635,33.3176],[-84.073,33.3176],[-84.0737,33.3018],[-84.0861,33.2976],[-84.124,33.3001],[-84.1454,33.3166],[-84.1509,33.313],[-84.1506,33.3356],[-84.2473,33.3358],[-84.2474,33.3526],[-84.3542,33.3534]]]}},{"type":"Feature","properties":{"county_fips":"13195","county_name":"Madison","state":"GA"},"geometry":{"type":"Polygon","coordinates":[[[-83.4024,34.1975],[-83.3679,34.2091],[-83.3283,34.2489],[-83.2976,34.2646],[-83.2865,34.2533],[-83.2504,34.2435],[-83.2028,34.2483],[-83.1727,34.2385],[-83.1134,34.2735],[-83.1158,34.2621],[-83.078,34.2236],[-83.0955,34.2025],[-83.092,34.1905],[-83.1027,34.1686],[-83.0675,34.1548],[-83.0479,34.1211],[-83.031,34.1133],[-83.0362,34.0985],[-83.012,34.0767],[-83.005,34.0785],[-82.9763,34.0432],[-83.0016,34.0309],[-83.0289,34.031],[-83.0489,34.0158],[-83.0913,34.0349],[-83.101,34.0248],[-83.1241,34.0476],[-83.165,34.034],[-83.1932,34.0105],[-83.2187,34.0008],[-83.237,34.0136],[-83.2584,33.9991],[-83.2642,34.0066],[-83.2942,34.0082],[-83.3219,34.0268],[-83.3868,34.0502],[-83.3749,34.0713],[-83.3814,34.0785],[-83.3571,34.1162],[-83.3577,34.1357],[-83.3638,34.1641],[-83.4024,34.1975]]]}},{"type":"Feature","properties":{"county_fips":"13267","county_name":"Tattnall","state":"GA"},"geometry":{"type":"Polygon","coordinates":[[[-82.2337,32.3164],[-82.0253,32.2789],[-81.98,32.0815],[-81.8891,32.0504],[-81.7617,32.0479],[-81.8244,32.0149],[-81.8607,31.9751],[-81.8759,31.9685],[-81.8895,31.9491],[-81.882,31.9183],[-81.895,31.9029],[-81.8925,31.8953],[-81.9125,31.8867],[-81.9223,31.8515],[-81.9453,31.8353],[-81.9564,31.8087],[-81.9799,31.8045],[-81.981,31.7914],[-81.9691,31.7893],[-81.973,31.7837],[-82.0068,31.8],[-82.0166,31.8238],[-82.0261,31.8151],[-82.0415,31.8204],[-82.1155,31.8628],[-82.1078,31.8837],[-82.1118,31.9005],[-82.1195,31.886],[-82.1355,31.8917],[-82.1342,31.908],[-82.1451,31.8981],[-82.1592,31.9039],[-82.1913,31.9005],[-82.1931,31.9068],[-82.225,31.9131],[-82.1952,32.1407],[-82.1819,32.1659],[-82.2137,32.2292],[-82.2098,32.2388],[-82.2274,32.2778],[-82.2337,32.3164]]]}},{"type":"Feature","properties":{"county_fips":"13237","county_name":"Putnam","state":"GA"},"geometry":{"type":"Polygon","coordinates":[[[-83.5458,33.1723],[-83.5337,33.4345],[-83.2799,33.4834],[-83.2749,33.4641],[-83.257,33.4553],[-83.2629,33.4437],[-83.2396,33.4187],[-83.2441,33.399],[-83.2127,33.4004],[-83.2233,33.3796],[-83.1966,33.3959],[-83.1879,33.3925],[-83.1648,33.3556],[-83.1441,33.3399],[-83.1476,33.3084],[-83.204,33.2791],[-83.23,33.2761],[-83.2245,33.266],[-83.2295,33.2563],[-83.239,33.2626],[-83.2535,33.2593],[-83.2526,33.2343],[-83.2625,33.2083],[-83.2738,33.2013],[-83.2741,33.1872],[-83.3182,33.1835],[-83.3182,33.1696],[-83.3283,33.1751],[-83.3306,33.1675],[-83.3544,33.1798],[-83.3636,33.1799],[-83.3635,33.169],[-83.3743,33.172],[-83.3878,33.1854],[-83.4183,33.1773],[-83.4368,33.1858],[-83.5458,33.1723]]]}},{"type":"Feature","properties":{"county_fips":"13219","county_name":"Oconee","state":"GA"},"geometry":{"type":"Polygon","coordinates":[[[-83.647,33.9062],[-83.5374,33.9659],[-83.5083,33.9312],[-83.4383,33.9225],[-83.4219,33.9271],[-83.3734,33.8856],[-83.3662,33.8878],[-83.36,33.8756],[-83.3462,33.8787],[-83.3275,33.8689],[-83.3267,33.8556],[-83.2759,33.848],[-83.3066,33.8114],[-83.2925,33.8105],[-83.2803,33.7597],[-83.2962,33.7431],[-83.2915,33.7343],[-83.4062,33.6983],[-83.4237,33.7151],[-83.445,33.7224],[-83.4581,33.7684],[-83.4795,33.8024],[-83.5027,33.8174],[-83.5332,33.8209],[-83.5733,33.8474],[-83.5906,33.8634],[-83.5836,33.8836],[-83.6264,33.8849],[-83.6389,33.9083],[-83.647,33.9062]]]}},{"type":"Feature","properties":{"county_fips":"37089","county_name":"Henderson","state":"NC"},"geometry":{"type":"Polygon","coordinates":[[[-82.7429,35.4241],[-82.7142,35.4486],[-82.6732,35.4595],[-82.622,35.4357],[-82.6087,35.4433],[-82.5708,35.4311],[-82.5612,35.4432],[-82.5488,35.4443],[-82.5423,35.4313],[-82.5469,35.4252],[-82.5332,35.4164],[-82.5339,35.4444],[-82.4706,35.4452],[-82.4178,35.4744],[-82.3631,35.461],[-82.3693,35.4855],[-82.341,35.4889],[-82.3326,35.5002],[-82.2658,35.4678],[-82.2805,35.4434],[-82.2615,35.3884],[-82.3053,35.3326],[-82.3104,35.3147],[-82.3295,35.3076],[-82.3461,35.286],[-82.3497,35.2443],[-82.3592,35.2445],[-82.3593,35.2283],[-82.3509,35.2283],[-82.3537,35.1922],[-82.3732,35.1822],[-82.3822,35.1896],[-82.384,35.2105],[-82.3929,35.2154],[-82.4197,35.1986],[-82.4396,35.1659],[-82.4571,35.1639],[-82.4516,35.1727],[-82.4601,35.1781],[-82.53,35.1556],[-82.5533,35.1617],[-82.5533,35.1535],[-82.5742,35.1437],[-82.5907,35.162],[-82.6043,35.2589],[-82.6161,35.2601],[-82.6102,35.2882],[-82.624,35.2971],[-82.6192,35.3037],[-82.7429,35.4241]]]}},{"type":"Feature","properties":{"county_fips":"37121","county_name":"Mitchell","state":"NC"},"geometry":{"type":"Polygon","coordinates":[[[-82.4167,36.0728],[-82.4045,36.0876],[-82.3552,36.1156],[-82.3214,36.1196],[-82.2895,36.1357],[-82.2687,36.127],[-82.2604,36.1337],[-82.2475,36.1309],[-82.2221,36.1569],[-82.2049,36.1571],[-82.1768,36.1422],[-82.1479,36.1495],[-82.1306,36.1064],[-82.0809,36.1058],[-82.0719,36.0699],[-82.0392,36.0078],[-82.0493,36.0079],[-82.059,35.991],[-82.0484,35.964],[-82.0341,35.9421],[-81.982,35.9114],[-81.9802,35.885],[-81.9973,35.874],[-82.0226,35.8849],[-82.034,35.8622],[-82.048,35.8532],[-82.0994,35.8517],[-82.1212,35.8246],[-82.1483,35.8227],[-82.1436,35.8269],[-82.1501,35.8415],[-82.1388,35.8456],[-82.1499,35.8912],[-82.1427,35.9063],[-82.155,35.9208],[-82.1452,35.9309],[-82.1654,35.9343],[-82.1697,35.9286],[-82.1977,35.9523],[-82.1863,35.9588],[-82.1937,35.9666],[-82.1917,35.9906],[-82.2041,36.0036],[-82.1938,36.0007],[-82.197,36.0145],[-82.2333,36.0135],[-82.2367,36.0049],[-82.2521,36.0087],[-82.252,35.9891],[-82.2733,36.0029],[-82.2681,36.0166],[-82.2911,36.0296],[-82.3008,36.0458],[-82.3123,36.0376],[-82.3124,36.0261],[-82.3382,36.0301],[-82.3364,36.0524],[-82.352,36.0845],[-82.3766,36.0709],[-82.3973,36.0817],[-82.3998,36.0714],[-82.4167,36.0728]]]}},{"type":"Feature","properties":{"county_fips":"45055","county_name":"Kershaw","state":"SC"},"geometry":{"type":"Polygon","coordinates":[[[-80.8792,34.4578],[-80.7433,34.5399],[-80.7377,34.5395],[-80.7456,34.5126],[-80.74,34.48],[-80.7136,34.4873],[-80.6982,34.516],[-80.6891,34.5153],[-80.6584,34.4786],[-80.6452,34.4837],[-80.6456,34.4915],[-80.6322,34.4914],[-80.6281,34.4824],[-80.6227,34.4915],[-80.6296,34.4912],[-80.6296,34.4987],[-80.6136,34.4999],[-80.6104,34.4888],[-80.5958,34.5021],[-80.5794,34.4846],[-80.5489,34.4933],[-80.544,34.5075],[-80.5303,34.5037],[-80.5239,34.5098],[-80.5507,34.56],[-80.4084,34.6148],[-80.3834,34.5922],[-80.3723,34.5468],[-80.3548,34.5311],[-80.3536,34.5209],[-80.3303,34.5095],[-80.3263,34.4374],[-80.3114,34.4243],[-80.3022,34.3998],[-80.2859,34.3941],[-80.284,34.3777],[-80.2869,34.3646],[-80.3251,34.3393],[-80.3638,34.3395],[-80.3658,34.3282],[-80.353,34.3033],[-80.382,34.3052],[-80.4374,34.2845],[-80.4241,34.2507],[-80.433,34.2489],[-80.4308,34.227],[-80.4452,34.206],[-80.4545,34.208],[-80.4646,34.1786],[-80.5801,34.0999],[-80.6185,34.1092],[-80.6162,34.0996],[-80.7036,34.081],[-80.7193,34.069],[-80.8691,34.1829],[-80.7699,34.3771],[-80.7836,34.3888],[-80.7832,34.4065],[-80.7935,34.4133],[-80.8332,34.4148],[-80.8792,34.4578]]]}},{"type":"Feature","properties":{"county_fips":"45027","county_name":"Clarendon","state":"SC"},"geometry":{"type":"Polygon","coordinates":[[[-80.5405,33.629],[-80.5283,33.6367],[-80.5341,33.6439],[-80.4976,33.6743],[-80.4787,33.7143],[-80.4544,33.7135],[-80.4493,33.7375],[-80.4309,33.7383],[-80.4259,33.7241],[-80.4344,33.7119],[-80.392,33.7156],[-80.3971,33.7678],[-80.2712,33.7863],[-80.2554,33.8041],[-80.1954,33.839],[-79.9746,33.9465],[-79.9459,33.886],[-79.8756,33.8852],[-79.9153,33.8186],[-79.9445,33.8102],[-79.9956,33.7679],[-79.9744,33.7216],[-79.9932,33.7045],[-80.1017,33.4969],[-80.1255,33.5024],[-80.1273,33.4933],[-80.1521,33.4854],[-80.1318,33.4634],[-80.1442,33.4641],[-80.1392,33.454],[-80.1522,33.4594],[-80.1507,33.4482],[-80.1615,33.4489],[-80.1627,33.4607],[-80.1734,33.4487],[-80.181,33.4546],[-80.1975,33.4436],[-80.1981,33.4516],[-80.2074,33.4526],[-80.204,33.4419],[-80.2224,33.4478],[-80.2359,33.4396],[-80.2399,33.4547],[-80.2679,33.4379],[-80.282,33.4484],[-80.3236,33.4312],[-80.3489,33.4302],[-80.3902,33.444],[-80.437,33.478],[-80.4391,33.502],[-80.46,33.5029],[-80.4564,33.5122],[-80.4677,33.5162],[-80.468,33.525],[-80.4473,33.5245],[-80.4475,33.5405],[-80.4554,33.5471],[-80.4684,33.5411],[-80.485,33.56],[-80.5045,33.5627],[-80.5161,33.5791],[-80.5022,33.5904],[-80.5198,33.5974],[-80.52,33.6142],[-80.5405,33.629]]]}},{"type":"Feature","properties":{"county_fips":"45017","county_name":"Calhoun","state":"SC"},"geometry":{"type":"Polygon","coordinates":[[[-81.0593,33.7654],[-81.0475,33.7894],[-81.0379,33.8709],[-81.0123,33.8801],[-80.9982,33.8768],[-81.0021,33.8631],[-80.9862,33.8575],[-80.9883,33.8498],[-80.9537,33.8427],[-80.9362,33.8264],[-80.9131,33.8329],[-80.9156,33.8114],[-80.8748,33.8155],[-80.8658,33.8027],[-80.8375,33.7939],[-80.8335,33.7855],[-80.8225,33.787],[-80.828,33.7762],[-80.8112,33.7797],[-80.783,33.7689],[-80.7849,33.761],[-80.7597,33.774],[-80.7473,33.7617],[-80.7516,33.7706],[-80.745,33.7764],[-80.7363,33.7674],[-80.7385,33.7564],[-80.7268,33.7683],[-80.7154,33.7605],[-80.7123,33.7712],[-80.7054,33.7598],[-80.6866,33.756],[-80.6547,33.7735],[-80.6564,33.7614],[-80.6404,33.7475],[-80.6209,33.745],[-80.6296,33.7389],[-80.6276,33.731],[-80.6153,33.7118],[-80.5931,33.7019],[-80.5903,33.6848],[-80.5624,33.6784],[-80.5655,33.6647],[-80.53,33.6411],[-80.5404,33.628],[-80.52,33.6142],[-80.5198,33.5974],[-80.5014,33.5881],[-80.5162,33.5769],[-80.4963,33.5585],[-80.5056,33.5526],[-80.5033,33.5358],[-80.5401,33.5618],[-80.5514,33.5587],[-80.5523,33.5654],[-80.6036,33.5554],[-80.6103,33.5507],[-80.5882,33.5386],[-80.6247,33.4989],[-80.6113,33.4704],[-80.659,33.471],[-80.694,33.506],[-80.6941,33.5219],[-80.8076,33.6041],[-80.8814,33.6197],[-80.9197,33.6055],[-80.9398,33.6088],[-80.9421,33.6419],[-80.9655,33.6253],[-81.0429,33.7071],[-80.9915,33.7321],[-80.9557,33.7378],[-80.9246,33.7569],[-80.9336,33.7648],[-80.9619,33.779],[-81.014,33.7812],[-81.0235,33.7635],[-81.0329,33.7641],[-81.0361,33.7452],[-81.0585,33.7471],[-81.0593,33.7654]]]}},{"type":"Feature","properties":{"county_fips":"54109","county_name":"Wyoming","state":"WV"},"geometry":{"type":"Polygon","coordinates":[[[-81.8578,37.5543],[-81.8518,37.5647],[-81.8342,37.5695],[-81.83,37.5969],[-81.8128,37.6023],[-81.8192,37.611],[-81.8119,37.6138],[-81.8113,37.607],[-81.8015,37.6153],[-81.7955,37.6315],[-81.8026,37.6626],[-81.7777,37.678],[-81.7556,37.6857],[-81.7369,37.6826],[-81.7332,37.6932],[-81.7017,37.7014],[-81.7645,37.7517],[-81.7619,37.7566],[-81.6049,37.7891],[-81.5832,37.7764],[-81.5765,37.7633],[-81.5299,37.7899],[-81.52,37.7861],[-81.5071,37.7933],[-81.4785,37.7806],[-81.458,37.7842],[-81.4454,37.7614],[-81.4277,37.7493],[-81.3131,37.5864],[-81.3113,37.5524],[-81.2772,37.5418],[-81.2642,37.5276],[-81.2447,37.5298],[-81.2221,37.5104],[-81.2585,37.4988],[-81.2782,37.4724],[-81.3075,37.4591],[-81.2826,37.4198],[-81.2929,37.4132],[-81.3273,37.4345],[-81.3745,37.4434],[-81.3854,37.4613],[-81.3983,37.4645],[-81.4165,37.4557],[-81.4261,37.4613],[-81.4317,37.4488],[-81.4551,37.4662],[-81.4502,37.4762],[-81.4606,37.4834],[-81.4914,37.481],[-81.4991,37.4737],[-81.527,37.4756],[-81.5534,37.4918],[-81.5959,37.4907],[-81.6175,37.5213],[-81.6327,37.5106],[-81.6544,37.5233],[-81.6823,37.5175],[-81.6888,37.5136],[-81.6849,37.5057],[-81.7074,37.4953],[-81.7367,37.4958],[-81.7522,37.5066],[-81.7804,37.5011],[-81.7952,37.5097],[-81.8179,37.5066],[-81.829,37.5137],[-81.8246,37.5338],[-81.8578,37.5543]]]}},{"type":"Feature","properties":{"county_fips":"12103","county_name":"Pinellas","state":"FL"},"geometry":{"type":"MultiPolygon","coordinates":[[[[-82.6951,27.6616],[-82.6939,27.6687],[-82.6856,27.6647],[-82.6951,27.6616]]],[[[-82.8434,28.1195],[-82.8322,28.1291],[-82.8398,28.1193],[-82.8324,28.1067],[-82.8434,28.1195]]],[[[-82.8466,28.1653],[-82.843,28.1717],[-82.8427,28.1638],[-82.8466,28.1653]]],[[[-82.8522,27.886],[-82.8185,28.0487],[-82.8163,28.0119],[-82.8091,28.0065],[-82.8177,27.9966],[-82.8049,27.966],[-82.7861,28.0479],[-82.8223,28.0541],[-82.8341,28.0638],[-82.8362,28.0919],[-82.8253,28.0787],[-82.8256,28.0637],[-82.8004,28.0526],[-82.7835,28.0526],[-82.7866,28.0652],[-82.7792,28.0728],[-82.7836,28.11],[-82.7783,28.1216],[-82.8009,28.1709],[-82.6512,28.1733],[-82.6485,28.0181],[-82.6636,27.9999],[-82.6654,28.0281],[-82.677,28.0329],[-82.6901,28.0275],[-82.6756,28.0054],[-82.6927,27.9838],[-82.6887,27.973],[-82.7001,27.9603],[-82.7218,27.9546],[-82.7259,27.9362],[-82.6889,27.9244],[-82.6843,27.9158],[-82.6297,27.907],[-82.6383,27.8929],[-82.5964,27.8641],[-82.5887,27.8304],[-82.5944,27.8252],[-82.5876,27.819],[-82.6058,27.8031],[-82.6071,27.7929],[-82.6224,27.7892],[-82.6305,27.7539],[-82.6232,27.7446],[-82.6257,27.727],[-82.6398,27.7039],[-82.6773,27.7062],[-82.6798,27.6949],[-82.6803,27.7058],[-82.6891,27.6995],[-82.6986,27.7081],[-82.7134,27.7037],[-82.7237,27.6624],[-82.708,27.6301],[-82.6982,27.6378],[-82.705,27.6253],[-82.737,27.6126],[-82.7453,27.6538],[-82.7403,27.7182],[-82.7905,27.791],[-82.8286,27.8223],[-82.8465,27.8543],[-82.8522,27.886]]]]}},{"type":"Feature","properties":{"county_fips":"12057","county_name":"Hillsborough","state":"FL"},"geometry":{"type":"MultiPolygon","coordinates":[[[[-82.4199,27.8436],[-82.406,27.85],[-82.4052,27.849],[-82.4199,27.8436]]],[[[-82.4375,27.867],[-82.4354,27.8842],[-82.4246,27.8842],[-82.4243,27.8682],[-82.4375,27.867]]],[[[-82.441,27.836],[-82.4312,27.8386],[-82.4322,27.8223],[-82.4417,27.8235],[-82.441,27.836]]],[[[-82.5767,27.6351],[-82.5727,27.6369],[-82.5726,27.6369],[-82.5767,27.6351]]],[[[-82.6512,28.1733],[-82.0563,28.1716],[-82.0543,27.6464],[-82.5541,27.6458],[-82.5143,27.7056],[-82.4767,27.7237],[-82.4814,27.7434],[-82.4426,27.7575],[-82.4287,27.7731],[-82.4358,27.7754],[-82.4118,27.794],[-82.4105,27.8107],[-82.3859,27.8197],[-82.3947,27.833],[-82.3924,27.8461],[-82.4044,27.8578],[-82.4026,27.8826],[-82.4153,27.9004],[-82.4329,27.8988],[-82.4424,27.9153],[-82.449,27.9071],[-82.4605,27.9084],[-82.4619,27.9386],[-82.4917,27.9147],[-82.4807,27.8893],[-82.4885,27.8632],[-82.4688,27.8433],[-82.4724,27.8226],[-82.5339,27.8329],[-82.5478,27.8515],[-82.5546,27.848],[-82.5529,27.8627],[-82.5386,27.8649],[-82.5299,27.8775],[-82.5309,27.8862],[-82.5415,27.8844],[-82.5424,27.8905],[-82.5321,27.896],[-82.5316,27.9364],[-82.5439,27.9406],[-82.5405,27.947],[-82.5539,27.967],[-82.5734,27.963],[-82.5686,27.9755],[-82.6024,27.9823],[-82.6485,28.0181],[-82.6512,28.1733]]],[[[-82.7633,27.5821],[-82.7615,27.6031],[-82.7561,27.5761],[-82.7633,27.5821]]]]}},{"type":"Feature","properties":{"county_fips":"12075","county_name":"Levy","state":"FL"},"geometry":{"type":"MultiPolygon","coordinates":[[[[-83.0345,29.1218],[-83.0278,29.127],[-83.024,29.1193],[-83.0345,29.1218]]],[[[-83.034,29.0955],[-83.0307,29.099],[-83.0259,29.0963],[-83.034,29.0955]]],[[[-83.076,29.1016],[-83.0618,29.1025],[-83.0599,29.0997],[-83.0654,29.0956],[-83.076,29.1016]]],[[[-83.0934,29.1318],[-83.0826,29.1289],[-83.0857,29.1202],[-83.0903,29.1187],[-83.0934,29.1318]]],[[[-83.1648,29.2892],[-83.142,29.3226],[-83.1129,29.3181],[-83.0988,29.3369],[-83.0904,29.3328],[-83.0617,29.3484],[-83.0721,29.3539],[-83.0622,29.3642],[-83.0647,29.374],[-83.0233,29.3986],[-83.0269,29.4189],[-83.0161,29.4227],[-83.0212,29.4312],[-82.9998,29.4633],[-82.9849,29.4691],[-82.9829,29.5154],[-82.9694,29.5223],[-82.9773,29.5399],[-82.9479,29.5575],[-82.9373,29.5912],[-82.7729,29.5849],[-82.773,29.5776],[-82.7569,29.5777],[-82.7565,29.5625],[-82.6563,29.5648],[-82.6563,29.5356],[-82.5571,29.5375],[-82.5568,29.4801],[-82.4066,29.485],[-82.4032,29.2156],[-82.5349,29.2147],[-82.5356,29.0449],[-82.577,29.0281],[-82.5966,29.0292],[-82.6075,29.0104],[-82.7028,29.0328],[-82.7606,28.9931],[-82.7535,29.0265],[-82.7616,29.0516],[-82.8049,29.0543],[-82.7835,29.0693],[-82.8169,29.0762],[-82.8146,29.0871],[-82.8237,29.0989],[-82.8018,29.1166],[-82.8139,29.1625],[-82.8342,29.1549],[-82.9948,29.1752],[-83.0032,29.1573],[-83.0166,29.1505],[-83.0164,29.1386],[-83.0414,29.1376],[-83.0532,29.1267],[-83.0569,29.1463],[-83.0647,29.1424],[-83.0682,29.1531],[-83.0677,29.1789],[-83.0878,29.2164],[-83.0773,29.2553],[-83.0972,29.2723],[-83.1515,29.292],[-83.1648,29.2892]]]]}},{"type":"Feature","properties":{"county_fips":"12086","county_name":"Miami-Dade","state":"FL"},"geometry":{"type":"MultiPolygon","coordinates":[[[[-80.1771,25.5217],[-80.174,25.5254],[-80.1727,25.5221],[-80.1771,25.5217]]],[[[-80.2586,25.3596],[-80.2554,25.3807],[-80.2366,25.3893],[-80.2495,25.395],[-80.2348,25.394],[-80.2353,25.4013],[-80.2092,25.4144],[-80.212,25.4281],[-80.1814,25.4906],[-80.1897,25.5041],[-80.1757,25.5177],[-80.1767,25.4859],[-80.2038,25.4145],[-80.2314,25.3874],[-80.2393,25.3506],[-80.2503,25.3448],[-80.2586,25.3596]]],[[[-80.3035,25.3801],[-80.2982,25.3822],[-80.2937,25.3855],[-80.295,25.3767],[-80.3035,25.3801]]],[[[-80.302,25.403],[-80.3002,25.4067],[-80.2997,25.4054],[-80.302,25.403]]],[[[-80.6144,25.1758],[-80.6215,25.1837],[-80.6098,25.1824],[-80.6144,25.1758]]],[[[-80.8732,25.364],[-80.8729,25.9794],[-80.68,25.9787],[-80.68,25.9569],[-80.295,25.9568],[-80.2951,25.9706],[-80.1179,25.9752],[-80.121,25.8132],[-80.1308,25.7644],[-80.1594,25.733],[-80.1476,25.7235],[-80.1559,25.6985],[-80.1529,25.6716],[-80.1594,25.6662],[-80.1773,25.6866],[-80.1669,25.7011],[-80.1724,25.7096],[-80.1543,25.7232],[-80.1751,25.7445],[-80.2026,25.7482],[-80.2331,25.7317],[-80.2491,25.7134],[-80.2451,25.6984],[-80.272,25.6392],[-80.2863,25.6201],[-80.3054,25.6159],[-80.3027,25.5695],[-80.3134,25.5374],[-80.3304,25.5307],[-80.3405,25.4922],[-80.3369,25.4562],[-80.3204,25.4372],[-80.3279,25.3968],[-80.3054,25.3877],[-80.3423,25.3233],[-80.3706,25.3232],[-80.3791,25.2883],[-80.3859,25.2911],[-80.3981,25.2768],[-80.3979,25.2535],[-80.411,25.2535],[-80.4189,25.2363],[-80.436,25.2358],[-80.4431,25.2443],[-80.4828,25.2248],[-80.4936,25.2273],[-80.4949,25.216],[-80.487,25.2123],[-80.5008,25.2116],[-80.498,25.1999],[-80.5193,25.2226],[-80.5392,25.2149],[-80.5391,25.2044],[-80.5489,25.2144],[-80.5628,25.2123],[-80.559,25.1996],[-80.5655,25.1929],[-80.5776,25.2012],[-80.5703,25.1987],[-80.5633,25.2074],[-80.5796,25.2121],[-80.5834,25.2011],[-80.6092,25.1837],[-80.605,25.2035],[-80.6389,25.1907],[-80.6522,25.1928],[-80.664,25.1767],[-80.6373,25.1783],[-80.6341,25.1765],[-80.6469,25.1728],[-80.6526,25.1459],[-80.6737,25.1383],[-80.6533,25.1645],[-80.6698,25.1672],[-80.671,25.1745],[-80.6778,25.1643],[-80.6783,25.1747],[-80.6981,25.1634],[-80.7042,25.1408],[-80.7179,25.156],[-80.7267,25.1529],[-80.7231,25.1625],[-80.7323,25.1676],[-80.7303,25.1598],[-80.7459,25.1657],[-80.7474,25.158],[-80.7227,25.1454],[-80.7423,25.1425],[-80.7574,25.161],[-80.7689,25.1623],[-80.7695,25.145],[-80.7768,25.1381],[-80.772,25.1486],[-80.7832,25.1659],[-80.7972,25.1594],[-80.8005,25.143],[-80.798,25.1818],[-80.8146,25.1827],[-80.8099,25.1689],[-80.8264,25.1606],[-80.8389,25.1759],[-80.8579,25.1766],[-80.8622,25.3642],[-80.8732,25.364]]]]}},{"type":"Feature","properties":{"county_fips":"12071","county_name":"Lee","state":"FL"},"geometry":{"type":"MultiPolygon","coordinates":[[[[-82.1836,26.695],[-82.1738,26.7056],[-82.1581,26.7073],[-82.1258,26.6995],[-82.099,26.646],[-82.0878,26.6472],[-82.0821,26.6536],[-82.0914,26.6668],[-82.085,26.7024],[-82.0599,26.7704],[-81.5657,26.7696],[-81.5622,26.4232],[-81.6595,26.4211],[-81.6579,26.3176],[-81.819,26.3162],[-81.8191,26.3304],[-81.8458,26.3304],[-81.869,26.3786],[-81.8843,26.394],[-81.8825,26.4027],[-81.8939,26.4036],[-81.9128,26.4294],[-81.9639,26.4572],[-81.9689,26.4648],[-81.9559,26.4575],[-81.9566,26.467],[-81.9695,26.4765],[-82.0127,26.4869],[-82.0091,26.5201],[-81.9981,26.5327],[-82.0387,26.5256],[-82.0581,26.5484],[-82.0716,26.5257],[-82.0569,26.4937],[-82.1057,26.4839],[-82.1006,26.5108],[-82.1091,26.5152],[-82.1021,26.5195],[-82.1225,26.555],[-82.1216,26.5853],[-82.1446,26.6228],[-82.1426,26.6439],[-82.1816,26.6817],[-82.1836,26.695]]],[[[-82.2241,26.6029],[-82.2143,26.6029],[-82.1778,26.4922],[-82.1494,26.4776],[-82.1284,26.4776],[-82.0884,26.4552],[-82.0626,26.4701],[-82.0322,26.4527],[-82.0139,26.4521],[-82.0829,26.4221],[-82.1267,26.4363],[-82.1729,26.4677],[-82.1864,26.4892],[-82.2053,26.5679],[-82.2209,26.5839],[-82.2241,26.6029]]],[[[-82.2625,26.684],[-82.2558,26.7039],[-82.2461,26.7061],[-82.2454,26.6863],[-82.2342,26.6768],[-82.2385,26.6625],[-82.2188,26.6251],[-82.2211,26.6134],[-82.2625,26.684]]],[[[-82.2721,26.7895],[-82.2215,26.7818],[-82.201,26.7708],[-82.2054,26.7644],[-82.2306,26.771],[-82.2499,26.7629],[-82.2619,26.7171],[-82.2721,26.7895]]]]}},{"type":"Feature","properties":{"county_fips":"12113","county_name":"Santa Rosa","state":"FL"},"geometry":{"type":"Polygon","coordinates":[[[-87.3139,30.8487],[-87.2976,30.8712],[-87.2984,30.8812],[-87.2845,30.888],[-87.2869,30.9254],[-87.2676,30.9347],[-87.256,30.9312],[-87.2412,30.9492],[-87.2418,30.9614],[-87.2314,30.9683],[-87.2276,30.9611],[-87.2132,30.962],[-87.175,30.9886],[-87.176,30.9966],[-86.7857,30.997],[-86.7995,30.3872],[-86.9189,30.3709],[-86.9189,30.3865],[-86.9727,30.3811],[-87.1531,30.3484],[-87.179,30.3359],[-87.2314,30.3433],[-87.2333,30.3703],[-87.1519,30.4126],[-87.1215,30.4974],[-87.1573,30.538],[-87.2097,30.5553],[-87.2348,30.5958],[-87.2595,30.612],[-87.2608,30.6203],[-87.2521,30.6236],[-87.2645,30.6487],[-87.2658,30.689],[-87.2734,30.6935],[-87.2694,30.7117],[-87.3027,30.7194],[-87.3124,30.7348],[-87.2996,30.7661],[-87.3106,30.7717],[-87.3052,30.7772],[-87.3127,30.7855],[-87.3023,30.7894],[-87.3055,30.7986],[-87.2928,30.8113],[-87.3014,30.8407],[-87.3139,30.8487]]]}},{"type":"Feature","properties":{"county_fips":"12073","county_name":"Leon","state":"FL"},"geometry":{"type":"Polygon","coordinates":[[[-84.7151,30.3331],[-84.6854,30.3499],[-84.6813,30.3676],[-84.6705,30.3641],[-84.6477,30.3946],[-84.626,30.4085],[-84.6069,30.4161],[-84.5905,30.4119],[-84.5615,30.4379],[-84.5306,30.4398],[-84.4953,30.4603],[-84.4605,30.4559],[-84.4348,30.4661],[-84.4209,30.4637],[-84.4029,30.4758],[-84.3963,30.4899],[-84.405,30.5077],[-84.3924,30.5148],[-84.3784,30.5735],[-84.3409,30.6002],[-84.3321,30.5965],[-84.3248,30.6181],[-84.3006,30.6401],[-84.3053,30.6702],[-84.2975,30.6825],[-84.0075,30.6721],[-84.0077,30.6093],[-83.998,30.5715],[-83.979,30.5506],[-83.987,30.5471],[-83.9774,30.5222],[-84.0412,30.5219],[-84.0415,30.4633],[-84.0747,30.4343],[-84.0755,30.2736],[-84.2412,30.2742],[-84.2477,30.3035],[-84.7134,30.3002],[-84.701,30.319],[-84.7151,30.3331]]]}},{"type":"Feature","properties":{"county_fips":"13051","county_name":"Chatham","state":"GA"},"geometry":{"type":"Polygon","coordinates":[[[-81.3917,32.0959],[-81.1957,32.2375],[-81.1452,32.2266],[-81.1522,32.2223],[-81.1384,32.2193],[-81.1221,32.1955],[-81.114,32.1954],[-81.1216,32.1922],[-81.1205,32.1783],[-81.1111,32.1727],[-81.1212,32.1749],[-81.1297,32.1659],[-81.1122,32.1508],[-81.1199,32.134],[-81.1154,32.1147],[-81.0912,32.1109],[-81.0883,32.0999],[-81.0381,32.0837],[-81.0043,32.1024],[-80.9835,32.0795],[-80.9539,32.0701],[-80.9251,32.0419],[-80.8907,32.0307],[-80.876,32.0168],[-80.8527,32.0288],[-80.8435,32.0236],[-80.8404,32.003],[-80.8628,31.9693],[-80.8977,31.9491],[-80.928,31.9385],[-80.9325,31.9619],[-80.9427,31.9637],[-80.9843,31.9401],[-80.9685,31.9158],[-80.9301,31.9081],[-80.9927,31.8576],[-81.0415,31.8762],[-81.0653,31.8771],[-81.0591,31.8501],[-81.0758,31.829],[-81.0523,31.819],[-81.0398,31.823],[-81.0359,31.8104],[-81.0792,31.7627],[-81.1384,31.7209],[-81.1547,31.7262],[-81.1564,31.7423],[-81.1733,31.7572],[-81.161,31.7855],[-81.1812,31.7956],[-81.177,31.8161],[-81.1616,31.8211],[-81.1383,31.8552],[-81.1551,31.8643],[-81.1612,31.8876],[-81.1734,31.8998],[-81.2223,31.8904],[-81.1937,31.9089],[-81.1938,31.9214],[-81.2111,31.9193],[-81.2356,31.8877],[-81.2431,31.8923],[-81.2353,31.9101],[-81.2635,31.9081],[-81.258,31.9267],[-81.273,31.925],[-81.2731,31.9413],[-81.288,31.9441],[-81.2886,31.9772],[-81.3089,31.9823],[-81.3044,32.0007],[-81.3149,32.0114],[-81.3219,32.0074],[-81.3183,32.0155],[-81.3357,32.022],[-81.3383,32.0329],[-81.368,32.0485],[-81.3752,32.0667],[-81.3689,32.069],[-81.3847,32.0795],[-81.3917,32.0959]]]}},{"type":"Feature","properties":{"county_fips":"13185","county_name":"Lowndes","state":"GA"},"geometry":{"type":"Polygon","coordinates":[[[-83.4845,30.7545],[-83.4568,30.7658],[-83.4592,30.7841],[-83.4464,30.8049],[-83.45,30.8176],[-83.4268,30.815],[-83.4147,30.8287],[-83.3957,30.8254],[-83.3727,30.8398],[-83.359,30.8367],[-83.3464,30.8535],[-83.3709,30.8848],[-83.408,30.8866],[-83.4403,30.9048],[-83.4399,30.9394],[-83.4293,30.9487],[-83.4447,30.9886],[-83.4559,30.995],[-83.468,31.0292],[-83.4756,31.032],[-83.1806,31.0255],[-83.1795,30.9501],[-83.0429,30.9473],[-83.0403,30.9269],[-83.0321,30.9225],[-83.0364,30.916],[-83.0204,30.9043],[-83.026,30.8615],[-83.0194,30.8495],[-83.0881,30.8487],[-83.0881,30.8312],[-83.1032,30.8314],[-83.1044,30.8037],[-83.1249,30.8037],[-83.1315,30.7942],[-83.1366,30.624],[-83.3092,30.6344],[-83.3264,30.6435],[-83.3577,30.6374],[-83.3658,30.6414],[-83.3627,30.6586],[-83.394,30.6677],[-83.3963,30.6773],[-83.4152,30.6747],[-83.4208,30.689],[-83.4397,30.6886],[-83.4541,30.7006],[-83.4845,30.7545]]]}},{"type":"Feature","properties":{"county_fips":"13049","county_name":"Charlton","state":"GA"},"geometry":{"type":"Polygon","coordinates":[[[-82.4156,31.0136],[-82.0812,31.0106],[-82.0609,31.0758],[-81.906,31.0397],[-81.9079,30.9948],[-81.9146,30.9957],[-81.9174,30.9849],[-81.8919,30.9602],[-81.9155,30.9131],[-81.9026,30.9152],[-81.9062,30.9092],[-81.8952,30.9048],[-81.8921,30.9099],[-81.9045,30.8177],[-81.927,30.8176],[-81.937,30.8285],[-81.9495,30.8279],[-81.9639,30.8181],[-81.9629,30.7958],[-81.9777,30.7766],[-82.0048,30.7914],[-82.022,30.7882],[-82.0114,30.7626],[-82.0271,30.7511],[-82.0368,30.7544],[-82.0448,30.7285],[-82.0364,30.7066],[-82.0504,30.6763],[-82.0495,30.6555],[-82.0285,30.6218],[-82.0273,30.6067],[-82.0157,30.6017],[-82.0055,30.5635],[-82.0184,30.5312],[-82.0178,30.4751],[-82.0372,30.4345],[-82.0368,30.3779],[-82.0479,30.3633],[-82.0811,30.3588],[-82.1048,30.3683],[-82.1652,30.358],[-82.1929,30.3788],[-82.2103,30.4246],[-82.2014,30.4852],[-82.2269,30.5103],[-82.2404,30.5378],[-82.2344,30.5566],[-82.2144,30.567],[-82.1499,30.7843],[-82.1782,30.791],[-82.4204,30.7952],[-82.4156,31.0136]]]}},{"type":"Feature","properties":{"county_fips":"13241","county_name":"Rabun","state":"GA"},"geometry":{"type":"Polygon","coordinates":[[[-83.6617,34.8482],[-83.6567,34.8786],[-83.6452,34.8914],[-83.6306,34.8945],[-83.6266,34.9101],[-83.5938,34.9179],[-83.6018,34.938],[-83.5469,34.9465],[-83.5494,34.9925],[-83.1132,35.0012],[-83.0984,34.9911],[-83.1221,34.9643],[-83.114,34.9509],[-83.127,34.9538],[-83.1128,34.9347],[-83.1276,34.9385],[-83.1406,34.9249],[-83.1562,34.931],[-83.1572,34.9149],[-83.1691,34.9188],[-83.1968,34.8907],[-83.2031,34.8939],[-83.2063,34.8797],[-83.2145,34.8885],[-83.2199,34.8781],[-83.2431,34.8774],[-83.2347,34.8707],[-83.2533,34.8559],[-83.2502,34.8446],[-83.2663,34.849],[-83.2718,34.818],[-83.2887,34.8247],[-83.2946,34.8136],[-83.3031,34.8187],[-83.3012,34.804],[-83.3239,34.7897],[-83.3189,34.7583],[-83.3491,34.7366],[-83.3523,34.7162],[-83.3874,34.7374],[-83.4037,34.7289],[-83.4157,34.7329],[-83.4312,34.7473],[-83.4789,34.7239],[-83.5355,34.7399],[-83.5351,34.7474],[-83.5568,34.7579],[-83.5622,34.7811],[-83.5565,34.7846],[-83.5762,34.7955],[-83.5869,34.82],[-83.6055,34.8276],[-83.6522,34.823],[-83.6617,34.8482]]]}},{"type":"Feature","properties":{"county_fips":"13153","county_name":"Houston","state":"GA"},"geometry":{"type":"Polygon","coordinates":[[[-83.8566,32.3578],[-83.8565,32.3824],[-83.837,32.3822],[-83.8367,32.4393],[-83.8462,32.4394],[-83.8467,32.4685],[-83.8278,32.4576],[-83.8276,32.4391],[-83.7977,32.447],[-83.7977,32.4966],[-83.7878,32.4965],[-83.7873,32.5128],[-83.7779,32.5129],[-83.778,32.5055],[-83.749,32.5052],[-83.7487,32.5342],[-83.7219,32.5233],[-83.7192,32.5978],[-83.7127,32.6106],[-83.7187,32.6106],[-83.7186,32.635],[-83.7282,32.6351],[-83.7281,32.6508],[-83.7092,32.6513],[-83.7012,32.6922],[-83.6632,32.6738],[-83.6047,32.6606],[-83.591,32.6655],[-83.5821,32.6552],[-83.5609,32.658],[-83.5451,32.6322],[-83.5415,32.6203],[-83.549,32.6164],[-83.538,32.6029],[-83.54,32.5848],[-83.5342,32.5853],[-83.5364,32.575],[-83.5481,32.5719],[-83.5362,32.5443],[-83.5399,32.5245],[-83.5211,32.511],[-83.5185,32.4993],[-83.4884,32.4851],[-83.4987,32.4816],[-83.4893,32.4769],[-83.4973,32.4726],[-83.4898,32.4576],[-83.498,32.4479],[-83.4825,32.4251],[-83.4856,32.4042],[-83.498,32.4017],[-83.5067,32.3889],[-83.5237,32.4022],[-83.6156,32.2886],[-83.7004,32.29],[-83.7003,32.2826],[-83.7188,32.2831],[-83.7184,32.2902],[-83.8484,32.291],[-83.8468,32.3577],[-83.8566,32.3578]]]}},{"type":"Feature","properties":{"county_fips":"45045","county_name":"Greenville","state":"SC"},"geometry":{"type":"Polygon","coordinates":[[[-82.7641,35.0682],[-82.7542,35.0696],[-82.7518,35.0799],[-82.7384,35.0795],[-82.727,35.0941],[-82.7005,35.1008],[-82.6977,35.0957],[-82.6865,35.1082],[-82.6936,35.1169],[-82.6814,35.1279],[-82.6733,35.1175],[-82.6624,35.1181],[-82.641,35.1323],[-82.629,35.1262],[-82.6124,35.1382],[-82.5699,35.1453],[-82.5464,35.1637],[-82.53,35.1556],[-82.4601,35.1781],[-82.4516,35.1727],[-82.4571,35.1639],[-82.4396,35.1659],[-82.4197,35.1986],[-82.3929,35.2154],[-82.3713,35.1814],[-82.3615,35.1908],[-82.3234,35.1848],[-82.2825,35.1999],[-82.2159,35.196],[-82.2261,34.8502],[-82.2194,34.8534],[-82.1734,34.806],[-82.1652,34.8069],[-82.1688,34.7971],[-82.1535,34.782],[-82.1456,34.7852],[-82.2348,34.5888],[-82.2361,34.5353],[-82.3139,34.4843],[-82.3438,34.5],[-82.344,34.5122],[-82.3642,34.5154],[-82.3863,34.5393],[-82.4196,34.5571],[-82.4283,34.5989],[-82.4438,34.6073],[-82.4382,34.6107],[-82.4529,34.6238],[-82.4559,34.6573],[-82.4631,34.6558],[-82.4677,34.6671],[-82.4567,34.6803],[-82.4639,34.6856],[-82.4569,34.6995],[-82.4654,34.706],[-82.4574,34.7142],[-82.4655,34.7212],[-82.4521,34.7764],[-82.4609,34.7967],[-82.4766,34.8022],[-82.4751,34.8104],[-82.487,34.819],[-82.4764,34.8279],[-82.487,34.8306],[-82.4808,34.8425],[-82.4891,34.8411],[-82.483,34.8579],[-82.489,34.8614],[-82.4877,34.8858],[-82.4965,34.8876],[-82.501,34.9104],[-82.5182,34.9204],[-82.5274,34.9659],[-82.5481,34.9787],[-82.5341,34.9838],[-82.5432,35.0046],[-82.5379,35.0155],[-82.5956,35.0101],[-82.5857,35.0324],[-82.5903,35.0442],[-82.5982,35.0385],[-82.5977,35.0543],[-82.5905,35.0637],[-82.5743,35.0646],[-82.5716,35.0746],[-82.6114,35.0723],[-82.6416,35.0602],[-82.6597,35.067],[-82.7082,35.0621],[-82.7379,35.0472],[-82.7497,35.0476],[-82.7641,35.0682]]]}},{"type":"Feature","properties":{"county_fips":"51185","county_name":"Tazewell","state":"VA"},"geometry":{"type":"Polygon","coordinates":[[[-81.9009,37.1426],[-81.8973,37.1522],[-81.8671,37.1578],[-81.8725,37.1643],[-81.8575,37.1743],[-81.8222,37.1787],[-81.7873,37.1908],[-81.7739,37.2039],[-81.7619,37.2019],[-81.7541,37.2204],[-81.7411,37.2258],[-81.7393,37.2388],[-81.7231,37.2405],[-81.6782,37.2015],[-81.5561,37.2074],[-81.5444,37.2208],[-81.5073,37.2338],[-81.4989,37.258],[-81.4801,37.2511],[-81.4477,37.2722],[-81.4167,37.2732],[-81.3943,37.3164],[-81.3745,37.3186],[-81.3622,37.3377],[-81.3201,37.2993],[-81.2251,37.2349],[-81.2847,37.2157],[-81.2639,37.173],[-81.333,37.1491],[-81.3281,37.1389],[-81.2652,37.1254],[-81.2613,37.1147],[-81.2707,37.0924],[-81.3438,37.0621],[-81.3779,37.0536],[-81.3993,37.0577],[-81.4576,37.039],[-81.4623,37.0354],[-81.4367,37.0101],[-81.4805,36.9863],[-81.4686,37.0144],[-81.4745,37.0185],[-81.5338,36.9961],[-81.5761,36.9897],[-81.6408,36.9485],[-81.6828,36.9329],[-81.7088,36.977],[-81.7805,36.9586],[-81.8183,37.0426],[-81.8897,37.1109],[-81.9009,37.1426]]]}},{"type":"Feature","properties":{"county_fips":"12069","county_name":"Lake","state":"FL"},"geometry":{"type":"Polygon","coordinates":[[[-81.9576,28.3452],[-81.9542,28.9601],[-81.6587,28.9603],[-81.6592,29.0478],[-81.6387,29.0478],[-81.6419,29.2768],[-81.6123,29.2028],[-81.5609,29.2002],[-81.554,29.1846],[-81.5315,29.1769],[-81.5045,29.1237],[-81.5021,29.0978],[-81.4592,29.0942],[-81.4553,29.0631],[-81.4029,29.0325],[-81.3728,28.9992],[-81.3757,28.994],[-81.3559,28.987],[-81.3709,28.9583],[-81.3589,28.9559],[-81.354,28.9496],[-81.3593,28.9446],[-81.3497,28.9396],[-81.3602,28.9066],[-81.3528,28.8967],[-81.3572,28.8871],[-81.3645,28.8903],[-81.3631,28.8797],[-81.383,28.852],[-81.4168,28.8246],[-81.4147,28.7856],[-81.6465,28.7859],[-81.6465,28.7698],[-81.6586,28.7664],[-81.6572,28.5926],[-81.6481,28.5845],[-81.6572,28.5698],[-81.6573,28.3471],[-81.7907,28.3464],[-81.7909,28.3618],[-81.8576,28.3619],[-81.8575,28.346],[-81.9576,28.3452]]]}},{"type":"Feature","properties":{"county_fips":"12083","county_name":"Marion","state":"FL"},"geometry":{"type":"Polygon","coordinates":[[[-82.5349,29.0409],[-82.5349,29.2147],[-82.4032,29.2156],[-82.4066,29.485],[-82.2119,29.4841],[-82.2082,29.4668],[-82.2036,29.472],[-82.1881,29.4569],[-82.1916,29.4525],[-82.199,29.4558],[-82.1935,29.4614],[-82.2127,29.4656],[-82.2177,29.4571],[-82.2102,29.4285],[-82.1936,29.4209],[-82.1507,29.4265],[-82.1485,29.4172],[-82.1345,29.435],[-82.1193,29.4282],[-82.1011,29.4383],[-82.0992,29.4188],[-82.0809,29.4404],[-82.0705,29.4342],[-82.0713,29.4433],[-82.0567,29.44],[-82.0559,29.4712],[-82.0263,29.4947],[-81.9642,29.5038],[-81.9318,29.5164],[-81.9118,29.504],[-81.9017,29.516],[-81.8879,29.5092],[-81.8449,29.5217],[-81.8428,29.4865],[-81.7762,29.4874],[-81.7749,29.4292],[-81.7418,29.4299],[-81.7414,29.371],[-81.6685,29.3717],[-81.6563,29.3382],[-81.6754,29.3386],[-81.6809,29.3244],[-81.6733,29.3066],[-81.6557,29.2999],[-81.6419,29.2768],[-81.6387,29.0478],[-81.6592,29.0478],[-81.6587,28.9603],[-82.3117,28.9604],[-82.3158,28.9733],[-82.3616,28.9936],[-82.3639,29.0018],[-82.3935,29.008],[-82.4016,29.019],[-82.4182,29.013],[-82.4589,29.0477],[-82.4821,29.0525],[-82.5081,29.0375],[-82.5169,29.0442],[-82.5349,29.0409]]]}},{"type":"Feature","properties":{"county_fips":"12023","county_name":"Columbia","state":"FL"},"geometry":{"type":"Polygon","coordinates":[[[-82.7989,29.9336],[-82.7858,29.9549],[-82.7622,29.9644],[-82.7586,29.9757],[-82.7604,29.9862],[-82.794,29.9862],[-82.7946,30.337],[-82.7885,30.324],[-82.7633,30.3309],[-82.7454,30.3174],[-82.7246,30.3338],[-82.7164,30.3212],[-82.6899,30.3331],[-82.6815,30.3428],[-82.6869,30.3533],[-82.6623,30.3704],[-82.6654,30.3792],[-82.647,30.3951],[-82.6456,30.4064],[-82.6591,30.4407],[-82.6729,30.4486],[-82.6633,30.4521],[-82.6805,30.4615],[-82.6773,30.4719],[-82.7018,30.4777],[-82.6967,30.4894],[-82.7061,30.4924],[-82.706,30.5042],[-82.715,30.5055],[-82.7184,30.521],[-82.723,30.5174],[-82.7286,30.5257],[-82.7145,30.5318],[-82.7239,30.5649],[-82.7169,30.5644],[-82.6895,30.5977],[-82.4598,30.5843],[-82.4583,30.129],[-82.4526,30.1221],[-82.4593,30.1016],[-82.499,30.0888],[-82.5319,30.0612],[-82.5366,30.0253],[-82.5731,30.0107],[-82.5693,29.975],[-82.5333,29.9584],[-82.5294,29.9343],[-82.5783,29.9158],[-82.5759,29.8949],[-82.5926,29.8875],[-82.5865,29.8667],[-82.6063,29.8529],[-82.6197,29.8591],[-82.6178,29.8473],[-82.6313,29.8491],[-82.6358,29.8324],[-82.6521,29.8256],[-82.6937,29.8342],[-82.7329,29.8565],[-82.7529,29.8802],[-82.7536,29.8935],[-82.7694,29.8982],[-82.7699,29.9278],[-82.7989,29.9336]]]}},{"type":"Feature","properties":{"county_fips":"12119","county_name":"Sumter","state":"FL"},"geometry":{"type":"Polygon","coordinates":[[[-82.3117,28.9604],[-81.9542,28.9601],[-81.958,28.3089],[-81.9858,28.3053],[-81.9957,28.3188],[-82.0206,28.3238],[-82.0558,28.3128],[-82.0545,28.5214],[-82.0703,28.5319],[-82.095,28.5236],[-82.1094,28.5438],[-82.1286,28.5449],[-82.138,28.5655],[-82.1562,28.5734],[-82.1668,28.564],[-82.192,28.5748],[-82.2097,28.5728],[-82.2484,28.6299],[-82.2602,28.635],[-82.2568,28.6488],[-82.2736,28.6538],[-82.2485,28.7019],[-82.2491,28.7178],[-82.2073,28.7569],[-82.1863,28.7605],[-82.1869,28.7795],[-82.1691,28.793],[-82.1836,28.8236],[-82.232,28.8566],[-82.2425,28.8768],[-82.2736,28.8972],[-82.2971,28.9484],[-82.3117,28.9604]]]}},{"type":"Feature","properties":{"county_fips":"12097","county_name":"Osceola","state":"FL"},"geometry":{"type":"Polygon","coordinates":[[[-81.6573,28.3471],[-80.8629,28.3475],[-80.8689,27.8225],[-80.8816,27.8225],[-80.8731,27.6423],[-81.1422,27.6432],[-81.1325,27.6475],[-81.131,27.6593],[-81.1441,27.6693],[-81.1458,27.7102],[-81.1687,27.726],[-81.165,27.7422],[-81.1785,27.7519],[-81.1729,27.7605],[-81.1877,27.7755],[-81.2081,27.8211],[-81.2333,27.8437],[-81.3016,27.8619],[-81.3149,27.9012],[-81.3086,27.9216],[-81.3471,27.9373],[-81.3384,27.9392],[-81.3367,27.9496],[-81.3765,27.9783],[-81.387,28.0036],[-81.4156,27.9982],[-81.4403,28.0339],[-81.4588,28.0401],[-81.4574,28.0551],[-81.4407,28.0586],[-81.428,28.0393],[-81.394,28.028],[-81.3787,28.0117],[-81.3756,28.0297],[-81.3626,28.0405],[-81.365,28.0682],[-81.3463,28.0697],[-81.3464,28.0847],[-81.4558,28.0849],[-81.4562,28.1432],[-81.5242,28.1428],[-81.5241,28.201],[-81.5575,28.2594],[-81.6572,28.2592],[-81.6573,28.3471]]]}},{"type":"Feature","properties":{"county_fips":"12121","county_name":"Suwannee","state":"FL"},"geometry":{"type":"Polygon","coordinates":[[[-83.2532,30.2536],[-83.237,30.2616],[-83.233,30.292],[-83.2099,30.3119],[-83.2126,30.3459],[-83.1912,30.3512],[-83.1929,30.374],[-83.1693,30.3869],[-83.1581,30.4141],[-83.082,30.4429],[-83.0754,30.4254],[-83.0343,30.4308],[-83.0079,30.4225],[-83.0042,30.4319],[-82.9978,30.4307],[-82.9827,30.419],[-82.9559,30.4135],[-82.9488,30.401],[-82.9084,30.3801],[-82.9058,30.3881],[-82.892,30.3876],[-82.8934,30.3746],[-82.8851,30.3653],[-82.8519,30.3569],[-82.8442,30.3409],[-82.8322,30.3468],[-82.8109,30.337],[-82.7996,30.3442],[-82.794,29.9862],[-82.7604,29.9862],[-82.7622,29.9644],[-82.7858,29.9549],[-82.8005,29.9321],[-82.8144,29.9298],[-82.8315,29.9128],[-82.8633,29.911],[-82.8842,29.8823],[-82.8979,29.9014],[-82.913,29.8898],[-82.9308,29.9574],[-82.9524,29.9594],[-82.9638,29.9945],[-82.9794,30.0074],[-83.0013,30.0088],[-83.0133,30.0321],[-83.0665,30.0654],[-83.0696,30.0813],[-83.1111,30.0909],[-83.1192,30.105],[-83.1329,30.0969],[-83.1625,30.11],[-83.1844,30.0941],[-83.2259,30.1136],[-83.2251,30.138],[-83.2387,30.1528],[-83.2316,30.1668],[-83.25,30.1905],[-83.2397,30.2267],[-83.253,30.2387],[-83.2425,30.2482],[-83.2532,30.2536]]]}},{"type":"Feature","properties":{"county_fips":"12125","county_name":"Union","state":"FL"},"geometry":{"type":"Polygon","coordinates":[[[-82.576,29.9909],[-82.5731,30.0107],[-82.5347,30.0278],[-82.5391,30.0443],[-82.519,30.076],[-82.4572,30.1035],[-82.4525,30.1239],[-82.4584,30.1364],[-82.1426,30.1431],[-82.1424,30.1163],[-82.1699,30.0992],[-82.184,30.0668],[-82.2256,30.0343],[-82.26,30.0281],[-82.2793,29.9886],[-82.3047,29.9584],[-82.3221,29.954],[-82.3423,29.9613],[-82.358,29.9336],[-82.4224,29.9199],[-82.4366,29.9308],[-82.47,29.9258],[-82.4845,29.9397],[-82.5297,29.9409],[-82.5333,29.9584],[-82.5553,29.964],[-82.576,29.9909]]]}},{"type":"Feature","properties":{"county_fips":"13121","county_name":"Fulton","state":"GA"},"geometry":{"type":"Polygon","coordinates":[[[-84.8491,33.5131],[-84.8149,33.522],[-84.8332,33.5471],[-84.7958,33.5963],[-84.7623,33.6152],[-84.7509,33.632],[-84.7384,33.6233],[-84.7297,33.6369],[-84.709,33.6472],[-84.6573,33.6586],[-84.6506,33.6854],[-84.6321,33.6884],[-84.6317,33.701],[-84.5869,33.729],[-84.5793,33.7426],[-84.4915,33.8121],[-84.4697,33.827],[-84.4561,33.8259],[-84.4602,33.8525],[-84.4415,33.8913],[-84.4474,33.9109],[-84.3895,33.957],[-84.3751,33.9785],[-84.3768,33.9894],[-84.4001,34.0077],[-84.4021,34.035],[-84.4191,34.0552],[-84.4184,34.109],[-84.3616,34.1247],[-84.3562,34.1743],[-84.3286,34.1862],[-84.259,34.1859],[-84.2541,34.1043],[-84.2138,34.0991],[-84.1776,34.0699],[-84.1436,34.0554],[-84.0977,34.0507],[-84.1235,34.0333],[-84.1695,34.028],[-84.1809,33.9987],[-84.1924,33.9909],[-84.2048,33.9901],[-84.2021,33.9971],[-84.2125,34.0038],[-84.2483,33.9983],[-84.2533,33.9872],[-84.2633,33.986],[-84.2581,33.9682],[-84.2805,33.956],[-84.3474,33.9681],[-84.3499,33.6479],[-84.4458,33.6488],[-84.4531,33.6411],[-84.4579,33.6486],[-84.4587,33.5509],[-84.5942,33.5194],[-84.6094,33.5026],[-84.6211,33.5031],[-84.6213,33.5113],[-84.8491,33.5131]]]}},{"type":"Feature","properties":{"county_fips":"13163","county_name":"Jefferson","state":"GA"},"geometry":{"type":"Polygon","coordinates":[[[-82.6619,33.1263],[-82.5788,33.1198],[-82.5739,33.1539],[-82.5849,33.1715],[-82.3838,33.3121],[-82.3343,33.3093],[-82.3039,33.2909],[-82.296,33.2766],[-82.2596,33.2636],[-82.2328,33.2285],[-82.2811,33.1104],[-82.2912,33.0628],[-82.2724,32.9378],[-82.3165,32.8358],[-82.3266,32.8412],[-82.3677,32.8148],[-82.4158,32.8133],[-82.419,32.8013],[-82.3984,32.7772],[-82.4298,32.7615],[-82.4582,32.7682],[-82.5022,32.8009],[-82.526,32.8336],[-82.5109,32.9178],[-82.5394,32.9478],[-82.5502,33.0194],[-82.5592,33.0142],[-82.5798,33.03],[-82.6003,33.0328],[-82.6043,33.0455],[-82.6179,33.0511],[-82.6129,33.0609],[-82.628,33.0643],[-82.6267,33.0721],[-82.6416,33.0844],[-82.6381,33.1004],[-82.6475,33.1021],[-82.6619,33.1263]]]}},{"type":"Feature","properties":{"county_fips":"13009","county_name":"Baldwin","state":"GA"},"geometry":{"type":"Polygon","coordinates":[[[-83.4267,33.1827],[-83.4183,33.1773],[-83.3878,33.1854],[-83.3743,33.172],[-83.3635,33.169],[-83.3636,33.1799],[-83.3544,33.1798],[-83.3306,33.1675],[-83.3283,33.1751],[-83.3182,33.1696],[-83.3182,33.1835],[-83.2627,33.1891],[-83.0976,33.1515],[-83.0955,33.1409],[-83.1106,33.1272],[-83.1188,33.087],[-83.1028,33.0514],[-83.0522,33.0807],[-83.0443,33.064],[-83.055,33.0378],[-83.0677,33.0274],[-83.0513,33.0031],[-83.0491,32.9856],[-83.0579,32.9745],[-83.0676,32.9748],[-83.0707,32.9471],[-83.0851,32.956],[-83.0872,32.9507],[-83.0939,32.9677],[-83.1084,32.9692],[-83.1253,32.9837],[-83.1228,33.0013],[-83.1474,33.0087],[-83.1495,32.9978],[-83.1596,33.0028],[-83.1795,32.9874],[-83.1624,32.9696],[-83.2062,32.9836],[-83.2687,32.9587],[-83.2632,32.9541],[-83.2761,32.9421],[-83.2877,32.9519],[-83.3577,32.9261],[-83.415,33.1128],[-83.4267,33.1827]]]}},{"type":"Feature","properties":{"county_fips":"13279","county_name":"Toombs","state":"GA"},"geometry":{"type":"Polygon","coordinates":[[[-82.4831,31.969],[-82.4411,32.218],[-82.4391,32.2926],[-82.4091,32.3538],[-82.3926,32.3354],[-82.3789,32.3369],[-82.3587,32.3184],[-82.3545,32.2922],[-82.2798,32.2942],[-82.2328,32.3188],[-82.2274,32.2778],[-82.2098,32.2388],[-82.2137,32.2292],[-82.1819,32.1659],[-82.1952,32.1407],[-82.225,31.9131],[-82.2369,31.9205],[-82.2468,31.9151],[-82.256,31.9321],[-82.2672,31.9286],[-82.2864,31.9424],[-82.3011,31.9333],[-82.3151,31.9466],[-82.3078,31.9375],[-82.3145,31.9308],[-82.3771,31.9417],[-82.3715,31.9535],[-82.3845,31.96],[-82.3871,31.9482],[-82.4001,31.9602],[-82.4055,31.9492],[-82.4302,31.966],[-82.4831,31.969]]]}},{"type":"Feature","properties":{"county_fips":"13001","county_name":"Appling","state":"GA"},"geometry":{"type":"Polygon","coordinates":[[[-82.5507,31.7491],[-82.5202,31.7492],[-82.5203,31.8384],[-82.4314,31.838],[-82.4315,31.9662],[-82.4072,31.9495],[-82.4001,31.9602],[-82.3871,31.9482],[-82.3845,31.96],[-82.3715,31.9535],[-82.3771,31.9417],[-82.3145,31.9308],[-82.3078,31.9375],[-82.3151,31.9466],[-82.3011,31.9333],[-82.2864,31.9424],[-82.2672,31.9286],[-82.256,31.9321],[-82.2468,31.9151],[-82.2369,31.9205],[-82.2296,31.9118],[-82.1931,31.9068],[-82.1913,31.9005],[-82.1592,31.9039],[-82.1451,31.8981],[-82.1342,31.908],[-82.1355,31.8917],[-82.1195,31.886],[-82.1118,31.9005],[-82.1078,31.8837],[-82.1155,31.8628],[-82.0486,31.8271],[-82.0771,31.8291],[-82.0874,31.8216],[-82.0872,31.7995],[-82.1065,31.7998],[-82.107,31.7861],[-82.0893,31.7859],[-82.0894,31.7729],[-82.133,31.7734],[-82.1329,31.5693],[-82.1479,31.5691],[-82.1479,31.5573],[-82.1329,31.5575],[-82.1328,31.4713],[-82.141,31.4694],[-82.1639,31.4759],[-82.2162,31.5162],[-82.2443,31.558],[-82.3072,31.5877],[-82.367,31.6302],[-82.4075,31.6392],[-82.4357,31.6607],[-82.4509,31.6614],[-82.4959,31.7106],[-82.5214,31.7108],[-82.5206,31.7362],[-82.5507,31.7363],[-82.5507,31.7491]]]}},{"type":"Feature","properties":{"county_fips":"13023","county_name":"Bleckley","state":"GA"},"geometry":{"type":"Polygon","coordinates":[[[-83.4947,32.4037],[-83.4841,32.4058],[-83.4825,32.4251],[-83.4979,32.4522],[-83.4088,32.4957],[-83.4121,32.5021],[-83.4,32.5002],[-83.2265,32.5842],[-83.139,32.4231],[-83.1733,32.4525],[-83.3047,32.342],[-83.284,32.3243],[-83.3322,32.284],[-83.3393,32.2898],[-83.3465,32.2725],[-83.4947,32.4037]]]}},{"type":"Feature","properties":{"county_fips":"13133","county_name":"Greene","state":"GA"},"geometry":{"type":"Polygon","coordinates":[[[-83.4062,33.6983],[-83.2915,33.7343],[-83.2962,33.7431],[-83.2803,33.7618],[-83.1187,33.6988],[-83.0491,33.7156],[-83.0156,33.6912],[-82.9938,33.6929],[-82.9638,33.6768],[-82.9507,33.6609],[-82.9705,33.6417],[-82.9801,33.6147],[-82.9877,33.6289],[-83.0016,33.6202],[-82.9899,33.6033],[-83.014,33.5804],[-82.986,33.5204],[-82.9856,33.4898],[-83.1642,33.355],[-83.1879,33.3925],[-83.1966,33.3959],[-83.2233,33.3796],[-83.2127,33.4004],[-83.2441,33.399],[-83.2396,33.4187],[-83.2629,33.4437],[-83.257,33.4553],[-83.2778,33.4689],[-83.284,33.5082],[-83.271,33.5369],[-83.3036,33.555],[-83.3032,33.5631],[-83.3124,33.5642],[-83.338,33.5974],[-83.3488,33.5972],[-83.3694,33.6541],[-83.4062,33.6983]]]}},{"type":"Feature","properties":{"county_fips":"13301","county_name":"Warren","state":"GA"},"geometry":{"type":"Polygon","coordinates":[[[-82.8642,33.4675],[-82.8246,33.5022],[-82.8153,33.5211],[-82.7876,33.5107],[-82.7491,33.5107],[-82.7401,33.5286],[-82.7224,33.5388],[-82.7238,33.5555],[-82.7039,33.5795],[-82.7039,33.5894],[-82.6891,33.5902],[-82.6703,33.6041],[-82.6524,33.5961],[-82.6524,33.6112],[-82.5846,33.4497],[-82.5536,33.4158],[-82.5443,33.3747],[-82.5481,33.3528],[-82.5358,33.3575],[-82.4985,33.3377],[-82.45,33.3405],[-82.4174,33.3323],[-82.4109,33.3198],[-82.3838,33.3121],[-82.432,33.2748],[-82.5598,33.3273],[-82.6456,33.3014],[-82.6784,33.2742],[-82.7634,33.254],[-82.7854,33.2677],[-82.7816,33.3055],[-82.7954,33.3147],[-82.7892,33.3187],[-82.7995,33.3311],[-82.7975,33.3564],[-82.8217,33.3743],[-82.8179,33.3872],[-82.828,33.393],[-82.8226,33.4258],[-82.8462,33.4358],[-82.8642,33.4675]]]}},{"type":"Feature","properties":{"county_fips":"13305","county_name":"Wayne","state":"GA"},"geometry":{"type":"Polygon","coordinates":[[[-82.1479,31.5691],[-82.1329,31.5693],[-82.133,31.7734],[-82.0894,31.7729],[-82.0893,31.7859],[-82.107,31.7861],[-82.1065,31.7998],[-82.0872,31.7995],[-82.0874,31.8216],[-82.0771,31.8291],[-82.0486,31.8271],[-82.0261,31.8151],[-82.0182,31.8241],[-82.0068,31.8],[-81.9961,31.7998],[-81.9986,31.7941],[-81.9765,31.7826],[-81.954,31.7893],[-81.9445,31.7604],[-81.9114,31.7535],[-81.9067,31.7258],[-81.8765,31.7131],[-81.8671,31.6911],[-81.8476,31.6773],[-81.8506,31.6677],[-81.8289,31.664],[-81.8309,31.6573],[-81.821,31.6511],[-81.8116,31.6545],[-81.8136,31.6645],[-81.7875,31.6432],[-81.7891,31.6317],[-81.7653,31.6246],[-81.7688,31.6143],[-81.7596,31.6205],[-81.7439,31.6117],[-81.7472,31.6015],[-81.7368,31.6084],[-81.7232,31.5916],[-81.7018,31.5849],[-81.6968,31.554],[-81.6824,31.5518],[-81.6813,31.5417],[-81.6718,31.548],[-81.6641,31.5418],[-81.6677,31.5335],[-81.6522,31.5278],[-81.6574,31.5084],[-81.6408,31.4886],[-81.6231,31.4848],[-81.6123,31.4683],[-81.665,31.3999],[-81.692,31.4005],[-81.7048,31.3749],[-81.699,31.363],[-81.7252,31.3272],[-81.8011,31.3637],[-81.9232,31.3459],[-81.9517,31.3511],[-82.0426,31.3742],[-82.044,31.3951],[-82.0575,31.4091],[-82.0528,31.4546],[-82.0634,31.4664],[-82.0979,31.4812],[-82.1328,31.4713],[-82.1329,31.5575],[-82.1479,31.5573],[-82.1479,31.5691]]]}},{"type":"Feature","properties":{"county_fips":"13289","county_name":"Twiggs","state":"GA"},"geometry":{"type":"Polygon","coordinates":[[[-83.6113,32.6962],[-83.5972,32.712],[-83.6042,32.7173],[-83.5954,32.7316],[-83.6024,32.7413],[-83.5856,32.7448],[-83.5787,32.7381],[-83.4929,32.8051],[-83.4984,32.8155],[-83.4894,32.8241],[-83.5135,32.8449],[-83.407,32.8982],[-83.2265,32.5842],[-83.4,32.5002],[-83.4121,32.5021],[-83.4088,32.4957],[-83.4979,32.4522],[-83.4898,32.4576],[-83.4973,32.4726],[-83.4893,32.4769],[-83.4987,32.4816],[-83.4884,32.4851],[-83.5185,32.4993],[-83.5211,32.511],[-83.5399,32.5245],[-83.5362,32.5443],[-83.5481,32.5719],[-83.5364,32.575],[-83.5342,32.5853],[-83.54,32.5848],[-83.538,32.6029],[-83.549,32.6164],[-83.5415,32.6203],[-83.5493,32.642],[-83.5628,32.6597],[-83.5821,32.6552],[-83.5977,32.6643],[-83.6113,32.6962]]]}},{"type":"Feature","properties":{"county_fips":"13249","county_name":"Schley","state":"GA"},"geometry":{"type":"Polygon","coordinates":[[[-84.43,32.1743],[-84.4205,32.1744],[-84.4201,32.1917],[-84.4298,32.1942],[-84.4295,32.2322],[-84.4104,32.2319],[-84.4133,32.2975],[-84.3899,32.2972],[-84.3923,32.414],[-84.3821,32.4142],[-84.3818,32.428],[-84.3624,32.428],[-84.3632,32.3976],[-84.3532,32.3978],[-84.3531,32.385],[-84.3435,32.385],[-84.3437,32.3978],[-84.3233,32.3978],[-84.3238,32.3725],[-84.2546,32.3721],[-84.2559,32.2962],[-84.2192,32.2951],[-84.2201,32.2311],[-84.1817,32.2297],[-84.1836,32.1585],[-84.2606,32.1592],[-84.2604,32.1661],[-84.2696,32.1662],[-84.2701,32.1593],[-84.4302,32.1663],[-84.43,32.1743]],[[-84.3632,32.3976],[-84.3728,32.3975],[-84.3727,32.3894],[-84.3629,32.3894],[-84.3632,32.3976]]]}},{"type":"Feature","properties":{"county_fips":"45079","county_name":"Richland","state":"SC"},"geometry":{"type":"Polygon","coordinates":[[[-81.3453,34.205],[-81.3169,34.2395],[-81.2966,34.2374],[-81.2513,34.2029],[-81.2264,34.2057],[-81.1783,34.1746],[-81.1794,34.1871],[-81.1684,34.1977],[-81.1812,34.2203],[-81.0959,34.2139],[-81.0708,34.2251],[-81.0699,34.2322],[-81.0612,34.228],[-80.9619,34.252],[-80.8259,34.2688],[-80.8685,34.1817],[-80.7193,34.069],[-80.7036,34.081],[-80.6162,34.0996],[-80.6362,34.0802],[-80.6195,34.0823],[-80.6312,34.0682],[-80.6064,34.058],[-80.6126,34.0518],[-80.601,34.0394],[-80.608,34.0293],[-80.6021,34.0254],[-80.6155,34.0245],[-80.628,34.0119],[-80.6253,34.0037],[-80.6373,34.0076],[-80.6354,34.0014],[-80.6466,33.999],[-80.6304,33.9758],[-80.6331,33.9665],[-80.6158,33.9655],[-80.6291,33.9418],[-80.6167,33.9364],[-80.6306,33.9337],[-80.6262,33.9299],[-80.6341,33.9173],[-80.615,33.8919],[-80.6256,33.8935],[-80.623,33.8604],[-80.6335,33.8527],[-80.6161,33.8343],[-80.6157,33.8145],[-80.5983,33.8045],[-80.6054,33.8047],[-80.5962,33.7864],[-80.603,33.7853],[-80.5977,33.7775],[-80.6057,33.7718],[-80.605,33.7585],[-80.6187,33.7436],[-80.6328,33.7437],[-80.6564,33.7614],[-80.6547,33.7735],[-80.6866,33.756],[-80.7054,33.7598],[-80.7123,33.7712],[-80.7154,33.7605],[-80.7268,33.7683],[-80.7385,33.7564],[-80.7363,33.7674],[-80.745,33.7764],[-80.7516,33.7706],[-80.7473,33.7617],[-80.7597,33.774],[-80.7849,33.761],[-80.783,33.7689],[-80.8112,33.7797],[-80.828,33.7762],[-80.8225,33.787],[-80.8335,33.7855],[-80.8375,33.7939],[-80.8658,33.8027],[-80.8748,33.8155],[-80.9156,33.8114],[-80.9153,33.8339],[-80.9362,33.8264],[-80.9537,33.8427],[-80.9883,33.8498],[-80.9862,33.8575],[-81.0021,33.8631],[-80.9982,33.8768],[-81.0207,33.8847],[-81.0088,33.9041],[-81.0301,33.9136],[-81.017,33.9309],[-81.0547,34.0008],[-81.0975,34.0177],[-81.132,34.0623],[-81.1729,34.0905],[-81.2334,34.1018],[-81.2758,34.0974],[-81.315,34.1461],[-81.3023,34.1624],[-81.3145,34.1869],[-81.3453,34.205]]]}},{"type":"Feature","properties":{"county_fips":"45047","county_name":"Greenwood","state":"SC"},"geometry":{"type":"Polygon","coordinates":[[[-82.3342,34.3426],[-82.2463,34.4097],[-82.2446,34.4034],[-82.2284,34.4024],[-82.2313,34.3925],[-82.178,34.3581],[-82.1687,34.3301],[-82.134,34.3238],[-82.1217,34.3034],[-82.1107,34.3081],[-82.0845,34.2998],[-82.0093,34.2425],[-81.9784,34.2381],[-81.9711,34.2222],[-81.9391,34.1955],[-81.9205,34.192],[-81.917,34.177],[-81.9054,34.1781],[-81.9077,34.1619],[-81.8972,34.1463],[-81.8685,34.1324],[-81.897,34.1069],[-81.9003,34.095],[-81.9158,34.091],[-81.9473,34.0371],[-81.9899,33.9971],[-82.0078,33.9613],[-82.047,33.9532],[-82.0451,33.9834],[-82.0761,33.9788],[-82.1511,33.9865],[-82.1677,33.9731],[-82.1844,33.9744],[-82.2208,33.9911],[-82.2437,34.0179],[-82.3059,33.9718],[-82.3269,34.0641],[-82.2688,34.1071],[-82.2498,34.1345],[-82.2401,34.1922],[-82.2482,34.2206],[-82.2653,34.2445],[-82.3071,34.2759],[-82.3111,34.3204],[-82.3238,34.3253],[-82.3342,34.3426]]]}},{"type":"Feature","properties":{"county_fips":"45087","county_name":"Union","state":"SC"},"geometry":{"type":"Polygon","coordinates":[[[-81.8519,34.5948],[-81.8196,34.689],[-81.7828,34.8372],[-81.7141,34.9129],[-81.6984,34.9059],[-81.6853,34.913],[-81.6776,34.9009],[-81.6472,34.9005],[-81.6406,34.8801],[-81.6248,34.8739],[-81.5872,34.8875],[-81.5435,34.8699],[-81.5346,34.8796],[-81.5299,34.8676],[-81.5149,34.8771],[-81.4819,34.8665],[-81.4836,34.8563],[-81.4571,34.8392],[-81.488,34.8151],[-81.4691,34.811],[-81.4693,34.8028],[-81.4593,34.7975],[-81.4532,34.7609],[-81.4825,34.7444],[-81.4884,34.733],[-81.4794,34.7239],[-81.4542,34.7209],[-81.4543,34.6752],[-81.442,34.6537],[-81.416,34.6336],[-81.4269,34.5785],[-81.4198,34.5666],[-81.4275,34.5295],[-81.4232,34.4944],[-81.4846,34.49],[-81.541,34.445],[-81.5511,34.4522],[-81.5463,34.4619],[-81.5569,34.4631],[-81.5529,34.4768],[-81.6134,34.5138],[-81.6178,34.5252],[-81.6272,34.5217],[-81.658,34.5406],[-81.6585,34.5478],[-81.6776,34.5508],[-81.6773,34.558],[-81.6908,34.5527],[-81.7011,34.5594],[-81.7173,34.5515],[-81.7473,34.5683],[-81.7525,34.5636],[-81.8104,34.5781],[-81.8428,34.6006],[-81.8519,34.5948]]]}},{"type":"Feature","properties":{"county_fips":"45049","county_name":"Hampton","state":"SC"},"geometry":{"type":"Polygon","coordinates":[[[-81.4275,32.7022],[-81.4151,32.7137],[-81.4203,32.7211],[-81.41,32.7219],[-81.4178,32.7251],[-81.4127,32.7391],[-81.3385,32.7685],[-81.3268,32.7909],[-81.2617,32.8391],[-81.2767,32.8921],[-81.2377,32.9067],[-81.237,32.9402],[-81.0823,33.0266],[-81.0135,32.9548],[-80.9872,32.9011],[-80.9588,32.8767],[-80.9455,32.8764],[-80.9001,32.8326],[-80.8958,32.8106],[-80.8662,32.7756],[-80.8456,32.7208],[-80.8263,32.7043],[-80.8372,32.6998],[-80.9024,32.6216],[-80.9587,32.6425],[-80.963,32.6522],[-80.95,32.6615],[-80.9459,32.6873],[-80.9648,32.6951],[-80.9765,32.7209],[-81.0146,32.7531],[-81.2889,32.5512],[-81.2913,32.5627],[-81.2967,32.5534],[-81.298,32.563],[-81.3218,32.5595],[-81.3548,32.5711],[-81.3577,32.5821],[-81.367,32.577],[-81.3698,32.5912],[-81.381,32.5897],[-81.4112,32.6177],[-81.4184,32.6347],[-81.4082,32.6313],[-81.4027,32.637],[-81.4126,32.6415],[-81.393,32.6515],[-81.4072,32.6605],[-81.3975,32.6626],[-81.4096,32.697],[-81.4124,32.6921],[-81.4275,32.7022]]]}},{"type":"Feature","properties":{"county_fips":"45005","county_name":"Allendale","state":"SC"},"geometry":{"type":"Polygon","coordinates":[[[-81.6136,33.0957],[-81.5419,33.1583],[-81.3649,33.1081],[-81.1931,33.1187],[-81.1244,33.0532],[-81.1012,33.0491],[-81.0823,33.0266],[-81.237,32.9402],[-81.2377,32.9067],[-81.2767,32.8921],[-81.2617,32.8391],[-81.3268,32.7909],[-81.3385,32.7685],[-81.4051,32.745],[-81.4198,32.7498],[-81.4084,32.7547],[-81.4118,32.7631],[-81.4319,32.7689],[-81.4145,32.7781],[-81.4312,32.7841],[-81.4222,32.784],[-81.4274,32.7883],[-81.4197,32.7932],[-81.4283,32.8008],[-81.418,32.8182],[-81.4271,32.8169],[-81.422,32.8215],[-81.4299,32.8282],[-81.4216,32.8352],[-81.4399,32.8404],[-81.4449,32.851],[-81.4517,32.8448],[-81.4607,32.846],[-81.4534,32.8739],[-81.4794,32.8811],[-81.4641,32.8978],[-81.4808,32.8986],[-81.4832,32.9218],[-81.5024,32.9354],[-81.4994,32.945],[-81.5086,32.9526],[-81.5108,32.9685],[-81.4998,32.9638],[-81.4915,32.9954],[-81.5002,33.0035],[-81.4914,33.0081],[-81.5041,33.0163],[-81.5107,33.0103],[-81.5103,33.0212],[-81.5191,33.0232],[-81.5112,33.0278],[-81.5291,33.0408],[-81.5388,33.0392],[-81.5438,33.0486],[-81.5619,33.0458],[-81.5589,33.0529],[-81.564,33.0608],[-81.5719,33.054],[-81.5772,33.0659],[-81.6032,33.0744],[-81.5965,33.0799],[-81.6013,33.087],[-81.6129,33.081],[-81.6136,33.0957]]]}},{"type":"Feature","properties":{"county_fips":"37119","county_name":"Mecklenburg","state":"NC"},"geometry":{"type":"Polygon","coordinates":[[[-81.0576,35.0624],[-81.0521,35.0963],[-81.0325,35.11],[-81.039,35.1263],[-81.051,35.1317],[-81.0471,35.1452],[-81.0058,35.157],[-81.0024,35.1808],[-81.0141,35.222],[-81.0083,35.2481],[-81.0151,35.2687],[-81.0009,35.3054],[-80.9817,35.3272],[-80.9849,35.3401],[-80.9694,35.3514],[-80.9621,35.347],[-80.923,35.3599],[-80.9613,35.3755],[-80.9764,35.3642],[-80.9868,35.379],[-80.9552,35.3932],[-80.9587,35.4326],[-80.9425,35.4577],[-80.9515,35.4671],[-80.9473,35.4885],[-80.9067,35.5148],[-80.7842,35.506],[-80.7868,35.493],[-80.7522,35.4141],[-80.7635,35.4121],[-80.7664,35.4015],[-80.6931,35.3464],[-80.6671,35.2688],[-80.5503,35.2084],[-80.7676,35.0363],[-80.8045,35.0277],[-80.8404,35.0016],[-80.935,35.1074],[-81.0415,35.0447],[-81.0576,35.0624]]]}},{"type":"Feature","properties":{"county_fips":"45007","county_name":"Anderson","state":"SC"},"geometry":{"type":"Polygon","coordinates":[[[-82.9922,34.4792],[-82.7876,34.6727],[-82.4851,34.8194],[-82.4766,34.8022],[-82.4609,34.7967],[-82.4521,34.7764],[-82.4655,34.7212],[-82.4574,34.7142],[-82.4654,34.706],[-82.4569,34.6995],[-82.4639,34.6856],[-82.4567,34.6803],[-82.4677,34.6671],[-82.4631,34.6558],[-82.4559,34.6573],[-82.4529,34.6238],[-82.4382,34.6107],[-82.4438,34.6073],[-82.4283,34.5989],[-82.4196,34.5571],[-82.3863,34.5393],[-82.3642,34.5154],[-82.344,34.5122],[-82.3438,34.5],[-82.3139,34.4843],[-82.742,34.2117],[-82.7467,34.2664],[-82.7818,34.2979],[-82.7947,34.3406],[-82.8348,34.3663],[-82.8588,34.4552],[-82.9016,34.4868],[-82.9922,34.4792]]]}},{"type":"Feature","properties":{"county_fips":"45083","county_name":"Spartanburg","state":"SC"},"geometry":{"type":"Polygon","coordinates":[[[-82.2263,34.8525],[-82.2159,35.196],[-81.8747,35.1841],[-81.8061,35.0572],[-81.8076,35.0356],[-81.7943,35.0354],[-81.7857,35.0193],[-81.7552,34.9306],[-81.7347,34.9328],[-81.7141,34.9129],[-81.7828,34.8372],[-81.8204,34.6865],[-81.8519,34.5948],[-81.8636,34.5802],[-81.8712,34.5929],[-81.8802,34.5967],[-81.8903,34.5901],[-81.8938,34.6017],[-81.9103,34.603],[-81.9519,34.6495],[-82.0046,34.6623],[-82.0587,34.7017],[-82.0694,34.7023],[-82.0666,34.7152],[-82.0788,34.7194],[-82.0839,34.7448],[-82.1011,34.744],[-82.1094,34.7563],[-82.1152,34.7489],[-82.1354,34.7731],[-82.1319,34.7788],[-82.1535,34.782],[-82.1688,34.7971],[-82.1652,34.8069],[-82.1734,34.806],[-82.1958,34.835],[-82.2263,34.8525]]]}},{"type":"Feature","properties":{"county_fips":"12123","county_name":"Taylor","state":"FL"},"geometry":{"type":"MultiPolygon","coordinates":[[[[-83.829,29.9698],[-83.8278,29.9728],[-83.827,29.9711],[-83.829,29.9698]]],[[[-83.992,30.0934],[-83.9686,30.1362],[-83.9731,30.146],[-83.9604,30.1524],[-83.9513,30.1863],[-83.9255,30.1929],[-83.9158,30.2452],[-83.9026,30.2475],[-83.8797,30.269],[-83.8377,30.2808],[-83.8202,30.3035],[-83.4688,30.3042],[-83.4693,30.2604],[-83.3673,30.2604],[-83.3709,29.8879],[-83.353,29.8879],[-83.3529,29.8222],[-83.3189,29.8226],[-83.3195,29.7783],[-83.3457,29.7435],[-83.3507,29.6953],[-83.3654,29.6758],[-83.3632,29.6682],[-83.4554,29.6764],[-83.4837,29.6882],[-83.4836,29.6985],[-83.4987,29.7098],[-83.493,29.7127],[-83.5479,29.7281],[-83.566,29.7614],[-83.5856,29.7614],[-83.579,29.7684],[-83.5892,29.7833],[-83.5819,29.7921],[-83.5868,29.8189],[-83.6186,29.8423],[-83.638,29.8861],[-83.6772,29.9116],[-83.6808,29.9216],[-83.7824,29.9755],[-83.8287,29.9832],[-83.863,30.0079],[-83.9254,30.0346],[-83.9597,30.0649],[-83.9892,30.0777],[-83.992,30.0934]]]]}},{"type":"Feature","properties":{"county_fips":"12101","county_name":"Pasco","state":"FL"},"geometry":{"type":"MultiPolygon","coordinates":[[[[-82.7991,28.1853],[-82.756,28.2281],[-82.7645,28.2321],[-82.7622,28.2421],[-82.7484,28.2468],[-82.7582,28.2549],[-82.7493,28.2559],[-82.737,28.2745],[-82.7435,28.2787],[-82.7254,28.2901],[-82.7353,28.2994],[-82.7315,28.325],[-82.7104,28.352],[-82.7181,28.3573],[-82.7013,28.3748],[-82.7064,28.4031],[-82.6878,28.4087],[-82.6999,28.4125],[-82.6973,28.4202],[-82.6699,28.4336],[-82.2534,28.4348],[-82.2533,28.4785],[-82.0547,28.4784],[-82.0555,28.2589],[-82.1062,28.2592],[-82.1059,28.1716],[-82.7855,28.1726],[-82.7991,28.1853]]],[[[-82.8001,28.1732],[-82.7983,28.1749],[-82.7984,28.1739],[-82.8001,28.1732]]],[[[-82.8043,28.1764],[-82.8035,28.1779],[-82.8016,28.1765],[-82.8043,28.1764]]],[[[-82.8061,28.173],[-82.8042,28.1741],[-82.8041,28.1731],[-82.8061,28.173]]],[[[-82.8524,28.2102],[-82.8404,28.212],[-82.8484,28.2045],[-82.843,28.1717],[-82.8524,28.2102]]]]}},{"type":"Feature","properties":{"county_fips":"12089","county_name":"Nassau","state":"FL"},"geometry":{"type":"Polygon","coordinates":[[[-82.0504,30.6763],[-82.0364,30.7066],[-82.0448,30.7285],[-82.0387,30.7511],[-82.0114,30.7626],[-82.022,30.7882],[-82.0048,30.7914],[-81.9777,30.7766],[-81.9629,30.7958],[-81.9639,30.8181],[-81.9388,30.8288],[-81.927,30.8176],[-81.9109,30.8161],[-81.9014,30.8299],[-81.8815,30.7999],[-81.8683,30.7929],[-81.8074,30.7901],[-81.7985,30.7823],[-81.7944,30.787],[-81.7822,30.7613],[-81.7719,30.7638],[-81.7696,30.7771],[-81.7408,30.765],[-81.742,30.7591],[-81.7199,30.7446],[-81.6948,30.7484],[-81.6728,30.7389],[-81.6725,30.7484],[-81.6831,30.7485],[-81.6633,30.7544],[-81.6627,30.743],[-81.6523,30.7431],[-81.6531,30.7298],[-81.6307,30.7281],[-81.6244,30.7363],[-81.6235,30.7247],[-81.6107,30.7162],[-81.6009,30.7294],[-81.5971,30.7193],[-81.5737,30.7223],[-81.5607,30.7117],[-81.5493,30.7183],[-81.5384,30.7087],[-81.5312,30.7242],[-81.4873,30.7261],[-81.4726,30.7133],[-81.4258,30.7005],[-81.4419,30.6014],[-81.4376,30.5187],[-81.4799,30.5335],[-81.4996,30.5638],[-81.514,30.5673],[-81.5238,30.5563],[-81.5199,30.5436],[-81.5263,30.5312],[-81.543,30.5239],[-81.5509,30.543],[-81.5678,30.5366],[-81.5854,30.5442],[-81.5844,30.566],[-81.6096,30.554],[-81.6142,30.5631],[-81.6015,30.5677],[-81.611,30.5759],[-81.606,30.5855],[-81.6499,30.5766],[-81.6637,30.5508],[-81.6739,30.5662],[-81.6955,30.5632],[-81.6976,30.5696],[-81.7046,30.5636],[-81.7219,30.5719],[-81.7268,30.5594],[-81.7363,30.5571],[-81.7384,30.5346],[-81.7637,30.5349],[-81.7653,30.5187],[-81.7816,30.5033],[-81.7949,30.5054],[-81.8095,30.4845],[-82.0492,30.2734],[-82.05,30.3624],[-82.0368,30.3779],[-82.0372,30.4345],[-82.0178,30.4751],[-82.0184,30.5312],[-82.0055,30.5635],[-82.0157,30.6017],[-82.0273,30.6067],[-82.0285,30.6218],[-82.0495,30.6555],[-82.0504,30.6763]]]}},{"type":"Feature","properties":{"county_fips":"13039","county_name":"Camden","state":"GA"},"geometry":{"type":"Polygon","coordinates":[[[-81.9367,31.0608],[-81.9263,31.0609],[-81.9274,31.0789],[-81.9159,31.0953],[-81.8407,31.0977],[-81.8191,31.1365],[-81.8016,31.1513],[-81.7907,31.146],[-81.7662,31.1697],[-81.7624,31.1533],[-81.7242,31.1496],[-81.6862,31.1224],[-81.6621,31.1256],[-81.6328,31.1078],[-81.623,31.1166],[-81.5821,31.115],[-81.5704,31.1292],[-81.5603,31.1288],[-81.5616,31.1107],[-81.5727,31.0956],[-81.5567,31.0808],[-81.5398,31.0838],[-81.5266,31.0632],[-81.4929,31.0548],[-81.4827,31.0326],[-81.4547,31.0371],[-81.4449,31.029],[-81.4431,31.0167],[-81.4578,31.0103],[-81.461,30.9991],[-81.4906,30.985],[-81.487,30.9696],[-81.4668,30.9709],[-81.448,30.9655],[-81.4474,30.9567],[-81.4269,30.9566],[-81.4201,30.9741],[-81.4085,30.9777],[-81.4041,30.9037],[-81.4601,30.7699],[-81.4595,30.742],[-81.4441,30.7097],[-81.4726,30.7133],[-81.4873,30.7261],[-81.5312,30.7242],[-81.5384,30.7087],[-81.5493,30.7183],[-81.5607,30.7117],[-81.5737,30.7223],[-81.5971,30.7193],[-81.6009,30.7294],[-81.6107,30.7162],[-81.6235,30.7247],[-81.6244,30.7363],[-81.6307,30.7281],[-81.6531,30.7298],[-81.6523,30.7431],[-81.6627,30.743],[-81.6633,30.7544],[-81.6831,30.7485],[-81.6725,30.7484],[-81.6728,30.7389],[-81.6948,30.7484],[-81.7199,30.7446],[-81.7617,30.7757],[-81.7713,30.7763],[-81.7719,30.7638],[-81.7822,30.7613],[-81.7944,30.787],[-81.8392,30.7866],[-81.8815,30.7999],[-81.8929,30.8255],[-81.9049,30.8283],[-81.8921,30.9099],[-81.8952,30.9048],[-81.9062,30.9092],[-81.9026,30.9152],[-81.9155,30.9131],[-81.8925,30.9512],[-81.8919,30.9602],[-81.9174,30.9849],[-81.9146,30.9957],[-81.9079,30.9948],[-81.9114,31.0107],[-81.9028,31.0294],[-81.9115,31.0432],[-81.936,31.048],[-81.9367,31.0608]]]}},{"type":"Feature","properties":{"county_fips":"13181","county_name":"Lincoln","state":"GA"},"geometry":{"type":"Polygon","coordinates":[[[-82.6455,33.9842],[-82.6389,33.9727],[-82.625,33.9823],[-82.6036,33.98],[-82.5545,33.9438],[-82.5245,33.9434],[-82.4551,33.8817],[-82.4249,33.8641],[-82.4022,33.8647],[-82.3245,33.82],[-82.3002,33.8006],[-82.2975,33.783],[-82.2475,33.7526],[-82.2346,33.7002],[-82.2186,33.6863],[-82.2429,33.6933],[-82.2712,33.6824],[-82.3059,33.7006],[-82.3435,33.6881],[-82.3526,33.6956],[-82.3515,33.6829],[-82.3613,33.6844],[-82.3607,33.6755],[-82.372,33.6827],[-82.3727,33.6754],[-82.3941,33.6725],[-82.395,33.6642],[-82.4028,33.6718],[-82.4125,33.6664],[-82.4143,33.654],[-82.4507,33.6506],[-82.4593,33.637],[-82.4795,33.6395],[-82.5946,33.8284],[-82.5719,33.8655],[-82.5796,33.8744],[-82.6057,33.8599],[-82.6455,33.9842]]]}},{"type":"Feature","properties":{"county_fips":"13313","county_name":"Whitfield","state":"GA"},"geometry":{"type":"Polygon","coordinates":[[[-85.1676,34.7239],[-85.1448,34.7676],[-85.1317,34.8197],[-85.1226,34.8192],[-85.1227,34.8121],[-85.0616,34.8195],[-85.0616,34.8636],[-85.0327,34.8637],[-85.0327,34.8711],[-85.0233,34.8711],[-85.0234,34.9008],[-85.0139,34.9008],[-84.9979,34.9402],[-84.9974,34.9724],[-84.9797,34.9728],[-84.9799,34.9876],[-84.8105,34.9876],[-84.8427,34.9181],[-84.8241,34.9017],[-84.8333,34.8967],[-84.8191,34.8672],[-84.8424,34.8613],[-84.8372,34.854],[-84.853,34.843],[-84.8556,34.8348],[-84.8489,34.8317],[-84.8629,34.8141],[-84.858,34.8061],[-84.8422,34.8054],[-84.8392,34.7962],[-84.8636,34.784],[-84.8742,34.7891],[-84.8788,34.7789],[-84.8669,34.7667],[-84.8677,34.7557],[-84.8588,34.7564],[-84.8514,34.7427],[-84.8727,34.7341],[-84.8557,34.724],[-84.8591,34.7154],[-84.8649,34.7074],[-84.8839,34.7147],[-84.891,34.7049],[-84.9239,34.7162],[-84.9342,34.7122],[-84.8882,34.6784],[-84.8893,34.6669],[-84.9005,34.6645],[-84.9105,34.6814],[-84.9443,34.68],[-84.927,34.6657],[-84.9131,34.6393],[-84.9157,34.6294],[-84.9279,34.6254],[-84.9264,34.6157],[-85.0504,34.616],[-85.0508,34.72],[-85.1676,34.7239]]]}},{"type":"Feature","properties":{"county_fips":"13033","county_name":"Burke","state":"GA"},"geometry":{"type":"Polygon","coordinates":[[[-82.3165,32.8358],[-82.2724,32.9378],[-82.2912,33.0628],[-82.2811,33.1104],[-82.2328,33.2285],[-82.2676,33.2674],[-82.1742,33.2968],[-82.1337,33.2759],[-82.1253,33.2497],[-82.0971,33.2306],[-82.06,33.2426],[-81.9789,33.2272],[-81.9244,33.2569],[-81.886,33.2619],[-81.8117,33.2238],[-81.8065,33.2121],[-81.7845,33.2081],[-81.774,33.2211],[-81.7569,33.1978],[-81.7661,33.1778],[-81.7724,33.1809],[-81.7681,33.1682],[-81.7445,33.1422],[-81.7046,33.1165],[-81.6464,33.0946],[-81.6117,33.0943],[-81.6129,33.081],[-81.6013,33.087],[-81.6009,33.0728],[-81.5772,33.0659],[-81.5719,33.054],[-81.564,33.0608],[-81.5619,33.0458],[-81.5417,33.0457],[-81.7676,32.9094],[-81.7836,32.9284],[-81.8579,32.9539],[-81.9564,32.9237],[-82.0813,32.9168],[-82.1237,32.8837],[-82.145,32.8127],[-82.2137,32.8039],[-82.2563,32.824],[-82.3001,32.8258],[-82.3165,32.8358]]]}},{"type":"Feature","properties":{"county_fips":"12105","county_name":"Polk","state":"FL"},"geometry":{"type":"Polygon","coordinates":[[[-82.1062,28.2592],[-82.0555,28.2589],[-82.0558,28.3128],[-82.0399,28.3203],[-82.0076,28.3232],[-81.9858,28.3053],[-81.958,28.3089],[-81.9576,28.3452],[-81.8575,28.346],[-81.8576,28.3619],[-81.7909,28.3618],[-81.7907,28.3464],[-81.6573,28.3471],[-81.6572,28.2592],[-81.5575,28.2594],[-81.5241,28.201],[-81.5242,28.1428],[-81.4562,28.1432],[-81.4558,28.0849],[-81.3464,28.0847],[-81.3463,28.0697],[-81.365,28.0682],[-81.3626,28.0405],[-81.3756,28.0297],[-81.3787,28.0117],[-81.394,28.028],[-81.428,28.0393],[-81.4407,28.0586],[-81.4574,28.0551],[-81.4588,28.0401],[-81.4403,28.0339],[-81.4156,27.9982],[-81.387,28.0036],[-81.3765,27.9783],[-81.3367,27.9496],[-81.3384,27.9392],[-81.3471,27.9373],[-81.3086,27.9216],[-81.3149,27.9012],[-81.3016,27.8619],[-81.2333,27.8437],[-81.2081,27.8211],[-81.1877,27.7755],[-81.1729,27.7605],[-81.1785,27.7519],[-81.165,27.7422],[-81.1687,27.726],[-81.1458,27.7102],[-81.149,27.692],[-81.1441,27.6693],[-81.1318,27.6615],[-81.1325,27.6475],[-82.0543,27.6464],[-82.0563,28.1716],[-82.1059,28.1716],[-82.1062,28.2592]]]}},{"type":"Feature","properties":{"county_fips":"21095","county_name":"Harlan","state":"KY"},"geometry":{"type":"Polygon","coordinates":[[[-83.511,36.8084],[-83.4817,36.8491],[-83.4939,36.8635],[-83.4934,36.8934],[-83.4767,36.8965],[-83.4576,36.8832],[-83.4517,36.8922],[-83.4086,36.8902],[-83.3961,36.8991],[-83.3997,36.921],[-83.2917,36.9522],[-83.26,36.969],[-83.2259,37.0057],[-83.2039,37.0036],[-83.1979,37.0122],[-83.1858,37.0061],[-83.1821,37.0211],[-83.1608,37.0207],[-83.1601,37.0139],[-83.1228,37.0043],[-83.1264,36.9914],[-83.1476,36.9847],[-83.1504,36.9542],[-83.0379,36.9841],[-83.0226,36.9774],[-83.0066,36.9926],[-82.9672,36.9999],[-82.939,37.0152],[-82.8692,36.9742],[-82.8654,36.9581],[-82.8557,36.9538],[-82.8586,36.9278],[-82.8775,36.908],[-82.8701,36.9017],[-82.9078,36.8747],[-82.9984,36.8566],[-83.0092,36.8473],[-83.0269,36.8555],[-83.0726,36.8546],[-83.0752,36.8409],[-83.1018,36.8291],[-83.1031,36.8067],[-83.1332,36.7846],[-83.1325,36.7644],[-83.1257,36.7614],[-83.1364,36.7431],[-83.1946,36.7395],[-83.3114,36.7103],[-83.4237,36.6674],[-83.461,36.6649],[-83.4595,36.6974],[-83.4863,36.7103],[-83.5009,36.7333],[-83.4858,36.7833],[-83.511,36.8084]]]}},{"type":"Feature","properties":{"county_fips":"37021","county_name":"Buncombe","state":"NC"},"geometry":{"type":"Polygon","coordinates":[[[-82.8881,35.673],[-82.8492,35.7015],[-82.8047,35.6862],[-82.7928,35.6967],[-82.754,35.7035],[-82.7492,35.7125],[-82.7334,35.7139],[-82.7311,35.7222],[-82.7138,35.7178],[-82.7119,35.733],[-82.6698,35.7258],[-82.677,35.7349],[-82.5147,35.8032],[-82.4758,35.7983],[-82.4641,35.8093],[-82.4358,35.8086],[-82.382,35.824],[-82.3621,35.8213],[-82.3383,35.8017],[-82.3463,35.7872],[-82.3347,35.7488],[-82.3131,35.7336],[-82.2913,35.7299],[-82.2759,35.7144],[-82.2754,35.7044],[-82.2949,35.6839],[-82.2811,35.6702],[-82.2854,35.6479],[-82.2645,35.6175],[-82.291,35.5913],[-82.2513,35.5599],[-82.22,35.5531],[-82.169,35.5278],[-82.2332,35.5194],[-82.2243,35.4983],[-82.2514,35.4607],[-82.3326,35.5002],[-82.341,35.4889],[-82.3693,35.4855],[-82.3631,35.461],[-82.4178,35.4744],[-82.4706,35.4452],[-82.5339,35.4444],[-82.5332,35.4164],[-82.5469,35.4252],[-82.5423,35.4313],[-82.5488,35.4443],[-82.5612,35.4432],[-82.5708,35.4311],[-82.6087,35.4433],[-82.622,35.4357],[-82.6732,35.4595],[-82.7057,35.4526],[-82.7429,35.4241],[-82.7556,35.4251],[-82.7817,35.4395],[-82.7995,35.4712],[-82.7824,35.5043],[-82.7802,35.5257],[-82.7659,35.539],[-82.7775,35.5556],[-82.7659,35.5676],[-82.781,35.5888],[-82.7993,35.5981],[-82.8121,35.6275],[-82.8517,35.6173],[-82.8517,35.6353],[-82.8649,35.6347],[-82.8782,35.6678],[-82.8881,35.673]]]}},{"type":"Feature","properties":{"county_fips":"45075","county_name":"Orangeburg","state":"SC"},"geometry":{"type":"Polygon","coordinates":[[[-81.3735,33.4905],[-81.1873,33.6529],[-81.0429,33.7071],[-80.9655,33.6253],[-80.9421,33.6419],[-80.9398,33.6088],[-80.9197,33.6055],[-80.8814,33.6197],[-80.8076,33.6041],[-80.6941,33.5219],[-80.694,33.506],[-80.659,33.471],[-80.6113,33.4704],[-80.6247,33.4989],[-80.5882,33.5386],[-80.6103,33.5507],[-80.6036,33.5554],[-80.5523,33.5654],[-80.5514,33.5587],[-80.5401,33.5618],[-80.5033,33.5358],[-80.5056,33.5526],[-80.485,33.56],[-80.4684,33.5411],[-80.4554,33.5471],[-80.4475,33.5405],[-80.4473,33.5245],[-80.468,33.525],[-80.4677,33.5162],[-80.4564,33.5122],[-80.4611,33.5043],[-80.4391,33.502],[-80.437,33.478],[-80.3938,33.4458],[-80.3545,33.4304],[-80.3236,33.4312],[-80.282,33.4484],[-80.2679,33.4379],[-80.2399,33.4547],[-80.2391,33.44],[-80.2223,33.4437],[-80.2226,33.3913],[-80.2299,33.3916],[-80.2302,33.3841],[-80.2385,33.3912],[-80.2416,33.3831],[-80.2396,33.3522],[-80.2538,33.2993],[-80.3019,33.2675],[-80.3172,33.2641],[-80.3489,33.278],[-80.3591,33.272],[-80.3619,33.2574],[-80.3942,33.2647],[-80.4362,33.26],[-80.4846,33.28],[-80.5028,33.3345],[-80.7979,33.1769],[-80.817,33.1875],[-80.8247,33.2016],[-80.8375,33.2037],[-80.8462,33.2383],[-80.8876,33.2579],[-80.8852,33.2629],[-80.9487,33.3093],[-80.9619,33.3081],[-80.9683,33.3188],[-80.9797,33.3181],[-81.0048,33.3363],[-81.0478,33.3492],[-81.0886,33.3796],[-81.1113,33.3809],[-81.164,33.4093],[-81.1895,33.4117],[-81.2061,33.4373],[-81.2537,33.4462],[-81.2969,33.4799],[-81.3442,33.4809],[-81.3735,33.4905]]]}},{"type":"Feature","properties":{"county_fips":"45067","county_name":"Marion","state":"SC"},"geometry":{"type":"Polygon","coordinates":[[[-79.5719,34.1854],[-79.5457,34.2108],[-79.5543,34.2476],[-79.5124,34.2575],[-79.4963,34.2748],[-79.4791,34.2786],[-79.4807,34.2881],[-79.411,34.3002],[-79.3803,34.3006],[-79.3054,34.2693],[-79.2944,34.277],[-79.2394,34.2543],[-79.2143,34.2555],[-79.1735,34.2875],[-79.1266,34.2517],[-79.1348,34.241],[-79.1267,34.2361],[-79.1357,34.2291],[-79.1337,34.2157],[-79.1539,34.2072],[-79.1736,34.1795],[-79.1769,34.1848],[-79.1927,34.1754],[-79.1973,34.1587],[-79.2075,34.1548],[-79.2058,34.133],[-79.2189,34.1268],[-79.2209,34.1077],[-79.2301,34.1088],[-79.2501,34.0904],[-79.2481,34.0795],[-79.2396,34.0768],[-79.2478,34.0571],[-79.3076,34.0277],[-79.3072,34.0059],[-79.3151,33.9965],[-79.3285,34.0002],[-79.3388,33.9705],[-79.3301,33.9616],[-79.3334,33.9527],[-79.3116,33.9442],[-79.317,33.9341],[-79.3069,33.9348],[-79.3067,33.9239],[-79.3123,33.9182],[-79.2999,33.9038],[-79.2636,33.8925],[-79.256,33.8654],[-79.2641,33.8425],[-79.2488,33.8312],[-79.2603,33.8149],[-79.2355,33.7644],[-79.1959,33.7279],[-79.1903,33.7058],[-79.1994,33.7101],[-79.1962,33.7013],[-79.2128,33.7001],[-79.218,33.7058],[-79.2389,33.6944],[-79.2493,33.697],[-79.2424,33.7059],[-79.2751,33.7089],[-79.2711,33.7216],[-79.2864,33.7176],[-79.2933,33.7523],[-79.3233,33.7887],[-79.3152,33.8268],[-79.3369,33.8326],[-79.332,33.8366],[-79.3398,33.8415],[-79.3538,33.8341],[-79.3535,33.8412],[-79.3683,33.8429],[-79.3895,33.8732],[-79.4098,33.8853],[-79.4004,33.8922],[-79.429,33.8978],[-79.4522,33.9148],[-79.452,33.9246],[-79.4596,33.9208],[-79.4629,33.9318],[-79.4737,33.93],[-79.4917,33.9465],[-79.4815,33.9647],[-79.4998,33.9713],[-79.5169,33.994],[-79.5089,34.0037],[-79.5114,34.0409],[-79.5359,34.0761],[-79.5291,34.1002],[-79.5153,34.0972],[-79.5246,34.1156],[-79.5172,34.1268],[-79.5325,34.1263],[-79.5326,34.1357],[-79.5719,34.1854]]]}},{"type":"Feature","properties":{"county_fips":"45009","county_name":"Bamberg","state":"SC"},"geometry":{"type":"Polygon","coordinates":[[[-81.2278,33.1626],[-81.2179,33.2084],[-81.2132,33.3979],[-81.2227,33.44],[-81.2061,33.4373],[-81.1895,33.4117],[-81.164,33.4093],[-81.1113,33.3809],[-81.0886,33.3796],[-81.0478,33.3492],[-81.0048,33.3363],[-80.9797,33.3181],[-80.9683,33.3188],[-80.9619,33.3081],[-80.9487,33.3093],[-80.8852,33.2629],[-80.8876,33.2579],[-80.8462,33.2383],[-80.8375,33.2037],[-80.8247,33.2016],[-80.817,33.1875],[-80.7979,33.1769],[-80.8954,33.1253],[-80.889,33.1022],[-80.8769,33.0932],[-80.8961,33.0614],[-80.906,33.0602],[-80.9372,33.1026],[-81.0823,33.0266],[-81.0985,33.0472],[-81.1244,33.0532],[-81.1708,33.0957],[-81.2101,33.1337],[-81.2278,33.1626]]]}},{"type":"Feature","properties":{"county_fips":"12045","county_name":"Gulf","state":"FL"},"geometry":{"type":"Polygon","coordinates":[[[-85.4175,29.8299],[-85.4118,29.8598],[-85.3912,29.8743],[-85.4104,29.8307],[-85.4104,29.8081],[-85.3886,29.7302],[-85.3608,29.6787],[-85.3137,29.6865],[-85.304,29.7206],[-85.3028,29.8089],[-85.3114,29.8144],[-85.3175,29.8389],[-85.3367,29.8493],[-85.3637,29.8989],[-85.3887,29.9244],[-85.3897,30.201],[-85.1157,30.2],[-85.1387,30.1725],[-85.1332,30.161],[-85.1385,30.1463],[-85.1321,30.1448],[-85.1454,30.1247],[-85.1302,30.1174],[-85.1486,30.1115],[-85.1449,30.0975],[-85.154,30.092],[-85.1343,30.082],[-85.1353,30.0433],[-85.1157,30.0241],[-85.0983,30.0246],[-85.099,30.0153],[-85.0582,30.0039],[-85.0497,29.9901],[-85.0273,29.9821],[-85.0179,29.951],[-85.0265,29.9528],[-85.0296,29.9311],[-85.0412,29.9312],[-85.0544,29.9019],[-85.0412,29.8759],[-85.0326,29.8301],[-85.0197,29.8199],[-85.0401,29.7793],[-85.0648,29.787],[-85.0782,29.7686],[-85.1094,29.7768],[-85.2062,29.7112],[-85.2175,29.6947],[-85.2509,29.6872],[-85.2459,29.6816],[-85.222,29.6855],[-85.2322,29.6774],[-85.2986,29.684],[-85.3515,29.6667],[-85.3677,29.6808],[-85.3873,29.7154],[-85.4175,29.8299]]]}},{"type":"Feature","properties":{"county_fips":"12029","county_name":"Dixie","state":"FL"},"geometry":{"type":"MultiPolygon","coordinates":[[[[-82.9187,29.8241],[-82.904,29.8243],[-82.9123,29.8208],[-82.9187,29.8241]]],[[[-83.4148,29.6636],[-83.3985,29.6739],[-83.3632,29.6682],[-83.3654,29.6758],[-83.3507,29.6953],[-83.3457,29.7435],[-83.3195,29.7783],[-83.3189,29.8226],[-82.9206,29.8241],[-82.9355,29.807],[-82.9198,29.7957],[-82.9374,29.7836],[-82.9497,29.7579],[-82.9388,29.7502],[-82.9497,29.7263],[-82.9432,29.7176],[-82.9566,29.7187],[-82.9372,29.7027],[-82.9574,29.7005],[-82.9591,29.67],[-82.9518,29.6598],[-82.956,29.6401],[-82.9731,29.6243],[-82.9722,29.609],[-82.9549,29.5856],[-82.9418,29.5932],[-82.9371,29.5883],[-82.9479,29.5575],[-82.9773,29.5399],[-82.9694,29.5223],[-82.9829,29.5154],[-82.9849,29.4691],[-82.9998,29.4633],[-83.0212,29.4312],[-83.0161,29.4227],[-83.0269,29.4189],[-83.0233,29.3986],[-83.0647,29.374],[-83.0622,29.3642],[-83.0721,29.3539],[-83.0605,29.3495],[-83.0904,29.3328],[-83.0988,29.3369],[-83.1129,29.3181],[-83.142,29.3226],[-83.1648,29.2892],[-83.1746,29.3071],[-83.1562,29.3249],[-83.1726,29.3301],[-83.1739,29.3468],[-83.1911,29.3682],[-83.2025,29.3713],[-83.2024,29.3944],[-83.2113,29.3983],[-83.2181,29.4205],[-83.2405,29.4332],[-83.2937,29.437],[-83.2897,29.4448],[-83.3144,29.4751],[-83.3311,29.4756],[-83.3567,29.4999],[-83.3703,29.4999],[-83.4003,29.5172],[-83.3957,29.5263],[-83.4072,29.5706],[-83.4014,29.6334],[-83.4148,29.6636]]]]}},{"type":"Feature","properties":{"county_fips":"12129","county_name":"Wakulla","state":"FL"},"geometry":{"type":"Polygon","coordinates":[[[-84.7366,30.2681],[-84.7277,30.2758],[-84.7292,30.2874],[-84.7134,30.3002],[-84.3784,30.3034],[-84.2477,30.3035],[-84.2412,30.2742],[-84.0755,30.2736],[-84.076,30.0955],[-84.1138,30.0855],[-84.1249,30.0906],[-84.1679,30.0714],[-84.1845,30.0773],[-84.175,30.0958],[-84.1881,30.094],[-84.2056,30.1143],[-84.1985,30.0879],[-84.2034,30.0846],[-84.237,30.0856],[-84.2475,30.1011],[-84.2623,30.1037],[-84.2725,30.0924],[-84.2731,30.0638],[-84.3175,30.0481],[-84.3524,30.0129],[-84.3566,30.0186],[-84.3661,30.0087],[-84.362,29.9877],[-84.3522,29.9791],[-84.3447,29.985],[-84.3418,29.9703],[-84.4342,29.9905],[-84.4382,29.9772],[-84.4434,29.9822],[-84.4546,29.9713],[-84.4597,29.9934],[-84.4702,30.0025],[-84.4871,29.9885],[-84.5141,29.9891],[-84.5121,29.982],[-84.5217,29.9808],[-84.525,30.0052],[-84.5424,30.0024],[-84.5489,30.0071],[-84.543,30.0128],[-84.5584,30.0221],[-84.5704,30.0169],[-84.5952,30.0334],[-84.5965,30.0464],[-84.6039,30.0463],[-84.616,30.0654],[-84.6315,30.0662],[-84.6379,30.0837],[-84.6543,30.0972],[-84.6481,30.1054],[-84.6532,30.1182],[-84.6596,30.1151],[-84.6704,30.1276],[-84.6655,30.1346],[-84.6725,30.1504],[-84.6649,30.1698],[-84.6783,30.1881],[-84.6819,30.2177],[-84.6995,30.2277],[-84.6988,30.2461],[-84.7366,30.2681]]]}},{"type":"Feature","properties":{"county_fips":"45003","county_name":"Aiken","state":"SC"},"geometry":{"type":"Polygon","coordinates":[[[-82.0125,33.5321],[-81.5715,33.8773],[-81.5611,33.8628],[-81.5464,33.8586],[-81.515,33.8131],[-81.4606,33.7973],[-81.4357,33.7757],[-81.4267,33.7431],[-81.4152,33.7321],[-81.3645,33.7281],[-81.2905,33.6942],[-81.2701,33.6939],[-81.1873,33.6529],[-81.3729,33.4904],[-81.7571,33.1981],[-81.774,33.2211],[-81.7845,33.2081],[-81.8065,33.2121],[-81.8092,33.2221],[-81.8529,33.2487],[-81.84,33.2546],[-81.8469,33.2666],[-81.8344,33.2584],[-81.8283,33.263],[-81.836,33.2635],[-81.8325,33.2756],[-81.8633,33.2892],[-81.86,33.2991],[-81.8487,33.2967],[-81.8476,33.3071],[-81.8561,33.3099],[-81.8639,33.302],[-81.8692,33.3138],[-81.8812,33.3025],[-81.8825,33.317],[-81.8925,33.3153],[-81.8892,33.3211],[-81.8986,33.3229],[-81.902,33.3359],[-81.9061,33.3216],[-81.9137,33.32],[-81.9081,33.3271],[-81.9189,33.335],[-81.9089,33.3463],[-81.9193,33.3403],[-81.9397,33.3449],[-81.9353,33.3568],[-81.9463,33.3706],[-81.9248,33.3741],[-81.9456,33.4058],[-81.9248,33.4124],[-81.9124,33.4081],[-81.9108,33.415],[-81.9323,33.4266],[-81.9135,33.4413],[-81.9294,33.4658],[-81.9859,33.4865],[-82.0125,33.5321]]]}},{"type":"Feature","properties":{"county_fips":"45021","county_name":"Cherokee","state":"SC"},"geometry":{"type":"Polygon","coordinates":[[[-81.8744,35.1841],[-81.3666,35.1649],[-81.4025,35.1369],[-81.4088,35.0471],[-81.4714,35.0481],[-81.4873,35.0347],[-81.4847,34.9974],[-81.4758,34.983],[-81.4923,34.9472],[-81.4735,34.9355],[-81.4773,34.9261],[-81.4701,34.9136],[-81.4787,34.898],[-81.4684,34.8652],[-81.4536,34.8476],[-81.4571,34.8392],[-81.4836,34.8563],[-81.4819,34.8665],[-81.5149,34.8771],[-81.5299,34.8676],[-81.5346,34.8796],[-81.5435,34.8699],[-81.5872,34.8875],[-81.6267,34.8743],[-81.6406,34.8801],[-81.6472,34.9005],[-81.6776,34.9009],[-81.6853,34.913],[-81.702,34.9062],[-81.7299,34.9218],[-81.7347,34.9328],[-81.7552,34.9306],[-81.7857,35.0193],[-81.7943,35.0354],[-81.8076,35.0356],[-81.8061,35.0572],[-81.8744,35.1841]]]}},{"type":"Feature","properties":{"county_fips":"45057","county_name":"Lancaster","state":"SC"},"geometry":{"type":"Polygon","coordinates":[[[-80.9093,35.0176],[-80.8973,35.0353],[-80.9059,35.0468],[-80.8996,35.0599],[-80.9062,35.0764],[-80.782,34.9358],[-80.7975,34.8198],[-80.5617,34.8175],[-80.5524,34.7919],[-80.5147,34.7666],[-80.5162,34.7589],[-80.4856,34.7174],[-80.4885,34.7046],[-80.4752,34.6992],[-80.4608,34.677],[-80.4503,34.6758],[-80.4402,34.658],[-80.4318,34.66],[-80.435,34.6421],[-80.4139,34.6278],[-80.4192,34.62],[-80.4084,34.6148],[-80.5507,34.56],[-80.5239,34.5098],[-80.5303,34.5037],[-80.544,34.5075],[-80.5489,34.4933],[-80.5794,34.4846],[-80.5958,34.5021],[-80.6104,34.4888],[-80.6136,34.4999],[-80.6296,34.4987],[-80.6296,34.4912],[-80.6227,34.4915],[-80.6281,34.4824],[-80.6322,34.4914],[-80.6456,34.4915],[-80.6452,34.4837],[-80.6584,34.4786],[-80.6891,34.5153],[-80.6982,34.516],[-80.7136,34.4873],[-80.74,34.48],[-80.7456,34.5126],[-80.7377,34.5395],[-80.7433,34.5399],[-80.8792,34.4578],[-80.8987,34.4867],[-80.8817,34.5001],[-80.873,34.553],[-80.8783,34.5811],[-80.8922,34.598],[-80.8893,34.6182],[-80.8965,34.6352],[-80.8886,34.6686],[-80.8599,34.7002],[-80.8777,34.7439],[-80.8764,34.7885],[-80.8989,34.8237],[-80.8669,34.8477],[-80.8801,34.8715],[-80.8789,34.901],[-80.8651,34.9239],[-80.874,34.9654],[-80.8847,34.9662],[-80.8857,34.9915],[-80.894,34.9932],[-80.8993,35.0114],[-80.9093,35.0176]]]}},{"type":"Feature","properties":{"county_fips":"54081","county_name":"Raleigh","state":"WV"},"geometry":{"type":"Polygon","coordinates":[[[-81.5715,37.9278],[-81.5588,37.9362],[-81.5617,37.9441],[-81.542,37.9689],[-81.5265,37.9712],[-81.5076,37.9882],[-81.4896,37.9811],[-81.4591,37.9894],[-81.4591,37.9791],[-81.4385,37.968],[-81.4114,37.9743],[-81.3866,37.9672],[-81.347,37.9767],[-81.3285,37.9667],[-81.3222,37.9523],[-81.2963,37.9437],[-81.3014,37.9272],[-81.2952,37.8894],[-81.0728,37.8737],[-81.0729,37.8606],[-81.1002,37.8547],[-81.0877,37.8498],[-81.0523,37.8584],[-81.049,37.8507],[-81.0591,37.8408],[-81.0542,37.8339],[-80.9665,37.8321],[-80.9356,37.8159],[-80.9214,37.7934],[-80.8946,37.7746],[-80.9019,37.7567],[-80.9236,37.7436],[-80.8969,37.7277],[-80.8777,37.6856],[-80.8947,37.6725],[-80.9083,37.7001],[-80.9452,37.7153],[-80.9771,37.7145],[-80.9746,37.6958],[-81.0217,37.6696],[-81.0276,37.6586],[-81.0682,37.6409],[-81.0667,37.6338],[-81.0741,37.6324],[-81.0643,37.6111],[-81.0937,37.5887],[-81.1081,37.5939],[-81.1194,37.5884],[-81.1354,37.5979],[-81.1989,37.5755],[-81.2,37.5403],[-81.2188,37.5088],[-81.2447,37.5298],[-81.2642,37.5276],[-81.2772,37.5418],[-81.3113,37.5524],[-81.3131,37.5864],[-81.458,37.7842],[-81.4785,37.7806],[-81.4929,37.7915],[-81.5142,37.7912],[-81.5211,37.8001],[-81.5167,37.8184],[-81.542,37.8289],[-81.5518,37.8245],[-81.5676,37.8675],[-81.5538,37.8943],[-81.5642,37.9027],[-81.562,37.9197],[-81.5715,37.9278]]]}},{"type":"Feature","properties":{"county_fips":"13303","county_name":"Washington","state":"GA"},"geometry":{"type":"Polygon","coordinates":[[[-83.0736,32.9466],[-83.0676,32.9748],[-83.0579,32.9745],[-83.0491,32.9856],[-83.0513,33.0031],[-83.0679,33.0246],[-83.0448,33.0607],[-83.0522,33.0807],[-83.0097,33.0806],[-82.9704,33.1091],[-82.9506,33.1076],[-82.901,33.1285],[-82.855,33.1964],[-82.832,33.202],[-82.778,33.2384],[-82.7483,33.2383],[-82.7329,33.2051],[-82.7411,33.1963],[-82.7395,33.1744],[-82.719,33.1701],[-82.7023,33.146],[-82.6607,33.1287],[-82.6475,33.1021],[-82.6381,33.1004],[-82.6416,33.0844],[-82.6267,33.0721],[-82.628,33.0643],[-82.6129,33.0609],[-82.6179,33.0511],[-82.6043,33.0455],[-82.6003,33.0328],[-82.5798,33.03],[-82.5592,33.0142],[-82.5502,33.0194],[-82.5394,32.9478],[-82.5109,32.9178],[-82.523,32.8649],[-82.5211,32.8224],[-82.5606,32.8201],[-82.667,32.7829],[-82.6808,32.7968],[-82.7686,32.7691],[-82.7754,32.7949],[-82.8025,32.8098],[-82.9554,32.7565],[-82.9608,32.7747],[-82.9544,32.8018],[-82.9719,32.8231],[-82.9706,32.8352],[-82.989,32.8527],[-83.027,32.8561],[-83.0374,32.8798],[-83.0487,32.8824],[-83.0466,32.9059],[-83.0628,32.9202],[-83.0569,32.926],[-83.0611,32.9346],[-83.0703,32.9328],[-83.0713,32.9335],[-83.0671,32.9397],[-83.0736,32.9466]]]}},{"type":"Feature","properties":{"county_fips":"13157","county_name":"Jackson","state":"GA"},"geometry":{"type":"Polygon","coordinates":[[[-83.8173,34.1276],[-83.6203,34.2958],[-83.5615,34.2527],[-83.4795,34.2607],[-83.3638,34.1641],[-83.3571,34.1162],[-83.3814,34.0785],[-83.3749,34.0713],[-83.3868,34.0502],[-83.3595,34.0403],[-83.3777,34.0334],[-83.3844,34.0385],[-83.393,34.0337],[-83.384,34.031],[-83.4845,33.9928],[-83.5031,33.9996],[-83.4982,33.9875],[-83.5374,33.9659],[-83.5633,34.0319],[-83.5734,34.0391],[-83.6005,34.0353],[-83.6144,34.0469],[-83.6526,34.0466],[-83.658,34.0533],[-83.6849,34.0469],[-83.6946,34.0563],[-83.7092,34.0451],[-83.7135,34.0564],[-83.7318,34.0601],[-83.7337,34.0673],[-83.7649,34.0651],[-83.791,34.0872],[-83.7922,34.1003],[-83.8152,34.1138],[-83.8173,34.1276]]]}},{"type":"Feature","properties":{"county_fips":"13171","county_name":"Lamar","state":"GA"},"geometry":{"type":"Polygon","coordinates":[[[-84.2692,33.0314],[-84.2487,33.0393],[-84.2482,33.189],[-84.2275,33.1889],[-84.2243,33.1794],[-84.124,33.1786],[-84.1238,33.2028],[-84.0415,33.2026],[-84.0441,32.9479],[-84.0536,32.948],[-84.0542,32.9315],[-84.1233,32.9322],[-84.1224,32.9896],[-84.2701,32.991],[-84.2692,33.0314]]]}},{"type":"Feature","properties":{"county_fips":"13221","county_name":"Oglethorpe","state":"GA"},"geometry":{"type":"Polygon","coordinates":[[[-83.3066,33.8114],[-83.2409,33.9044],[-83.2776,33.9467],[-83.2791,33.9547],[-83.2659,33.9631],[-83.2756,33.9775],[-83.269,34.0006],[-83.2574,33.9993],[-83.237,34.0136],[-83.2219,34.0007],[-83.212,34.0028],[-83.1352,34.0446],[-83.1241,34.0476],[-83.101,34.0248],[-83.0913,34.0349],[-83.0489,34.0158],[-83.0289,34.031],[-83.0016,34.0309],[-82.9763,34.0432],[-82.9343,34.0275],[-82.9438,34.0228],[-82.9423,34.015],[-82.9173,34.0062],[-82.9071,34.0121],[-82.9061,34.0044],[-82.8829,34.0011],[-82.8638,33.9832],[-82.8422,33.9841],[-82.8371,33.9926],[-82.7795,33.9711],[-82.7941,33.9487],[-82.8467,33.9406],[-82.856,33.9275],[-82.8746,33.9218],[-82.9253,33.8529],[-82.9448,33.8463],[-82.9598,33.8137],[-82.9763,33.8023],[-82.9873,33.7807],[-82.949,33.7333],[-82.9889,33.7063],[-82.9956,33.6936],[-83.0156,33.6912],[-83.0491,33.7156],[-83.1187,33.6988],[-83.2803,33.7618],[-83.2925,33.8105],[-83.3066,33.8114]]]}},{"type":"Feature","properties":{"county_fips":"13317","county_name":"Wilkes","state":"GA"},"geometry":{"type":"Polygon","coordinates":[[[-82.9858,33.7816],[-82.9448,33.8463],[-82.9253,33.8529],[-82.8839,33.9123],[-82.856,33.9275],[-82.8488,33.9396],[-82.7941,33.9487],[-82.7795,33.9711],[-82.6549,33.9913],[-82.6455,33.9842],[-82.6057,33.8599],[-82.5796,33.8744],[-82.5719,33.8655],[-82.5836,33.8391],[-82.5951,33.8311],[-82.5737,33.7861],[-82.4795,33.6395],[-82.5056,33.6517],[-82.5072,33.66],[-82.5225,33.6449],[-82.5362,33.6494],[-82.5436,33.6386],[-82.5557,33.6427],[-82.5565,33.6339],[-82.5656,33.6459],[-82.5735,33.6395],[-82.5814,33.6519],[-82.5811,33.6326],[-82.588,33.642],[-82.6084,33.6335],[-82.6078,33.6257],[-82.6176,33.6324],[-82.6239,33.6217],[-82.6171,33.6121],[-82.6435,33.6181],[-82.643,33.607],[-82.6559,33.6066],[-82.6524,33.5961],[-82.6622,33.6041],[-82.6877,33.6026],[-82.692,33.6197],[-82.7073,33.6178],[-82.7171,33.607],[-82.7199,33.6152],[-82.7451,33.6112],[-82.8121,33.6553],[-82.8503,33.6396],[-82.8693,33.6424],[-82.8794,33.6204],[-82.96,33.7518],[-82.9858,33.7816]]]}},{"type":"Feature","properties":{"county_fips":"13079","county_name":"Crawford","state":"GA"},"geometry":{"type":"Polygon","coordinates":[[[-84.2026,32.69],[-84.1493,32.8012],[-84.1243,32.8009],[-84.1243,32.8496],[-83.9784,32.8489],[-83.9781,32.8571],[-83.9683,32.8571],[-83.9684,32.8489],[-83.8919,32.8484],[-83.892,32.8196],[-83.8788,32.8165],[-83.8769,32.8069],[-83.8569,32.7937],[-83.8506,32.7701],[-83.8412,32.768],[-83.8101,32.7299],[-83.7606,32.7138],[-83.7394,32.6946],[-83.7011,32.6916],[-83.7666,32.6926],[-83.9201,32.587],[-83.9297,32.5873],[-83.9454,32.5696],[-83.9452,32.5527],[-83.955,32.5527],[-83.9547,32.563],[-84.0034,32.5299],[-84.0147,32.5492],[-84.0215,32.545],[-84.0354,32.5585],[-84.0454,32.5563],[-84.0463,32.5675],[-84.0527,32.5673],[-84.0486,32.5743],[-84.0652,32.5821],[-84.0739,32.6254],[-84.0628,32.6265],[-84.0568,32.6365],[-84.0745,32.6363],[-84.105,32.6734],[-84.1059,32.685],[-84.1282,32.6744],[-84.1404,32.6849],[-84.1742,32.6777],[-84.2026,32.69]]]}},{"type":"Feature","properties":{"county_fips":"13141","county_name":"Hancock","state":"GA"},"geometry":{"type":"Polygon","coordinates":[[[-83.2752,33.1913],[-83.2526,33.2343],[-83.2535,33.2593],[-83.239,33.2626],[-83.2295,33.2563],[-83.2245,33.266],[-83.23,33.2761],[-83.204,33.2791],[-83.1459,33.31],[-83.1505,33.3216],[-83.1441,33.3399],[-83.1642,33.355],[-83.0129,33.4692],[-82.9838,33.4476],[-82.957,33.4529],[-82.9397,33.4427],[-82.8929,33.4381],[-82.8726,33.4464],[-82.8246,33.428],[-82.828,33.393],[-82.8179,33.3872],[-82.8217,33.3743],[-82.7999,33.3617],[-82.7995,33.3311],[-82.7895,33.322],[-82.7954,33.3147],[-82.7816,33.3055],[-82.7854,33.2677],[-82.7462,33.2461],[-82.7483,33.2383],[-82.778,33.2384],[-82.832,33.202],[-82.855,33.1964],[-82.901,33.1285],[-82.9506,33.1076],[-82.9704,33.1091],[-83.0097,33.0806],[-83.0522,33.0807],[-83.1008,33.0499],[-83.1189,33.0831],[-83.1106,33.1272],[-83.0955,33.1409],[-83.0976,33.1515],[-83.2752,33.1913]]]}},{"type":"Feature","properties":{"county_fips":"13025","county_name":"Brantley","state":"GA"},"geometry":{"type":"Polygon","coordinates":[[[-82.2846,31.2244],[-82.2685,31.2169],[-82.2255,31.2205],[-82.1932,31.2021],[-82.1756,31.2174],[-82.1657,31.215],[-82.1466,31.2268],[-82.1506,31.2344],[-82.1419,31.2376],[-82.1455,31.2524],[-82.1396,31.2587],[-82.1259,31.2583],[-82.1002,31.2767],[-82.0825,31.2714],[-82.0076,31.2756],[-81.9921,31.308],[-82.0202,31.3274],[-82.0411,31.3737],[-81.9232,31.3459],[-81.8011,31.3637],[-81.7317,31.33],[-81.7343,31.2958],[-81.7472,31.2815],[-81.7668,31.2018],[-81.7826,31.1725],[-81.7763,31.1645],[-81.7662,31.1697],[-81.7907,31.146],[-81.8016,31.1513],[-81.8191,31.1365],[-81.8407,31.0977],[-81.9159,31.0953],[-81.9274,31.0789],[-81.9263,31.0609],[-81.9367,31.0608],[-81.936,31.048],[-82.0609,31.0758],[-82.0812,31.0106],[-82.1317,31.0107],[-82.1636,31.0486],[-82.2083,31.0848],[-82.2087,31.1709],[-82.2304,31.1686],[-82.2843,31.1922],[-82.2846,31.2244]]]}},{"type":"Feature","properties":{"county_fips":"13307","county_name":"Webster","state":"GA"},"geometry":{"type":"Polygon","coordinates":[[[-84.655,31.9615],[-84.6454,31.9615],[-84.6451,31.9697],[-84.655,31.9696],[-84.6448,31.9843],[-84.6552,31.9844],[-84.6549,32.0105],[-84.6541,32.0285],[-84.6444,32.0289],[-84.6436,32.037],[-84.6423,32.1519],[-84.6514,32.1519],[-84.6516,32.1602],[-84.6424,32.1602],[-84.6403,32.1766],[-84.6313,32.1764],[-84.6311,32.1841],[-84.6403,32.1843],[-84.6403,32.2253],[-84.6493,32.2252],[-84.6493,32.233],[-84.6206,32.2331],[-84.6211,32.2256],[-84.6106,32.2255],[-84.5998,32.1927],[-84.5642,32.1922],[-84.5647,32.1751],[-84.5457,32.1752],[-84.5461,32.1591],[-84.5274,32.1512],[-84.5271,32.1346],[-84.4312,32.1341],[-84.433,32.042],[-84.4416,32.0421],[-84.4452,31.9261],[-84.4531,31.9263],[-84.4533,31.9192],[-84.6558,31.9203],[-84.655,31.9615]]]}},{"type":"Feature","properties":{"county_fips":"13127","county_name":"Glynn","state":"GA"},"geometry":{"type":"Polygon","coordinates":[[[-81.7826,31.1725],[-81.7668,31.2018],[-81.7472,31.2815],[-81.7343,31.2958],[-81.7317,31.33],[-81.7252,31.3272],[-81.699,31.363],[-81.7048,31.3749],[-81.6972,31.3924],[-81.692,31.4005],[-81.665,31.3999],[-81.626,31.453],[-81.6113,31.4459],[-81.6046,31.4255],[-81.5874,31.4163],[-81.5776,31.3994],[-81.5457,31.3848],[-81.5515,31.3761],[-81.5381,31.3778],[-81.5343,31.3678],[-81.4735,31.3328],[-81.4702,31.3397],[-81.4537,31.3263],[-81.4376,31.3318],[-81.4359,31.3133],[-81.4044,31.3092],[-81.4086,31.2912],[-81.383,31.3171],[-81.316,31.3089],[-81.2982,31.2925],[-81.2835,31.2934],[-81.2696,31.2587],[-81.2828,31.2443],[-81.2905,31.2177],[-81.3031,31.2169],[-81.3311,31.197],[-81.3658,31.1479],[-81.3997,31.1341],[-81.4095,31.1206],[-81.4013,31.0728],[-81.4247,31.0137],[-81.4431,31.0167],[-81.4525,31.0364],[-81.4863,31.0346],[-81.4919,31.0539],[-81.5266,31.0632],[-81.5346,31.0815],[-81.5567,31.0808],[-81.5727,31.0956],[-81.5578,31.1219],[-81.5636,31.1306],[-81.5788,31.116],[-81.623,31.1166],[-81.6328,31.1078],[-81.6621,31.1256],[-81.6862,31.1224],[-81.7242,31.1496],[-81.7624,31.1533],[-81.7636,31.1681],[-81.7763,31.1645],[-81.7826,31.1725]]]}},{"type":"Feature","properties":{"county_fips":"12095","county_name":"Orange","state":"FL"},"geometry":{"type":"Polygon","coordinates":[[[-81.6572,28.5926],[-81.6586,28.7664],[-81.6465,28.7698],[-81.6465,28.7859],[-81.4147,28.7856],[-81.4228,28.7369],[-81.4414,28.7151],[-81.4595,28.7133],[-81.4597,28.6402],[-81.3285,28.6396],[-81.3279,28.6105],[-80.9954,28.6132],[-80.9522,28.6042],[-80.93,28.5632],[-80.9393,28.535],[-80.9114,28.5246],[-80.9066,28.5116],[-80.8857,28.5103],[-80.8826,28.4915],[-80.8753,28.4887],[-80.8708,28.4714],[-80.8945,28.467],[-80.8983,28.4551],[-80.8902,28.4453],[-80.9012,28.4332],[-80.883,28.4082],[-80.8884,28.3855],[-80.8629,28.3475],[-81.6573,28.3471],[-81.6572,28.5698],[-81.6481,28.5845],[-81.6572,28.5926]]]}},{"type":"Feature","properties":{"county_fips":"01109","county_name":"Pike","state":"AL"},"geometry":{"type":"Polygon","coordinates":[[[-86.1994,31.8079],[-86.1829,31.8324],[-86.1823,31.8703],[-86.1731,31.8924],[-86.175,31.9306],[-86.1914,31.9665],[-85.9956,31.9676],[-85.9969,32.051],[-85.9503,32.0545],[-85.9546,32.0618],[-85.9463,32.0619],[-85.9463,32.0546],[-85.8937,32.0474],[-85.8927,31.9891],[-85.8842,31.9819],[-85.8843,31.9673],[-85.79,31.9673],[-85.791,31.8804],[-85.6577,31.8803],[-85.6781,31.856],[-85.6683,31.8348],[-85.6746,31.8197],[-85.6625,31.7846],[-85.6662,31.7729],[-85.6712,31.7609],[-85.704,31.7365],[-85.7061,31.7072],[-85.7206,31.6931],[-85.717,31.6551],[-85.7312,31.6299],[-85.7483,31.618],[-86.1797,31.6164],[-86.1799,31.6264],[-86.1589,31.6475],[-86.1598,31.6604],[-86.1471,31.663],[-86.1483,31.791],[-86.1994,31.7904],[-86.1994,31.8079]]]}},{"type":"Feature","properties":{"county_fips":"13029","county_name":"Bryan","state":"GA"},"geometry":{"type":"Polygon","coordinates":[[[-81.7815,32.1525],[-81.4358,32.2413],[-81.4261,32.228],[-81.4292,32.2166],[-81.4129,32.2054],[-81.4186,32.1972],[-81.41,32.1848],[-81.4137,32.1602],[-81.4016,32.1499],[-81.406,32.1019],[-81.4029,32.1073],[-81.3913,32.0998],[-81.3867,32.0822],[-81.3689,32.069],[-81.3752,32.0667],[-81.368,32.0485],[-81.3383,32.0329],[-81.3357,32.022],[-81.3183,32.0155],[-81.3219,32.0074],[-81.3149,32.0114],[-81.3044,32.0007],[-81.3089,31.9823],[-81.2886,31.9772],[-81.288,31.9441],[-81.2731,31.9413],[-81.273,31.925],[-81.258,31.9267],[-81.2657,31.9106],[-81.259,31.9054],[-81.2353,31.9101],[-81.2429,31.8941],[-81.2387,31.8871],[-81.2111,31.9193],[-81.1938,31.9214],[-81.1937,31.9089],[-81.2223,31.8904],[-81.1734,31.8998],[-81.1612,31.8876],[-81.1551,31.8643],[-81.1383,31.8552],[-81.1616,31.8211],[-81.177,31.8161],[-81.1812,31.7956],[-81.161,31.7855],[-81.1736,31.7586],[-81.1564,31.7423],[-81.1547,31.7262],[-81.1928,31.7332],[-81.1984,31.7261],[-81.2209,31.7436],[-81.2609,31.7543],[-81.2704,31.7645],[-81.2735,31.7926],[-81.311,31.7899],[-81.32,31.8089],[-81.315,31.8168],[-81.3282,31.823],[-81.3333,31.8405],[-81.3454,31.837],[-81.3325,31.834],[-81.3429,31.8279],[-81.339,31.8188],[-81.3558,31.8149],[-81.3448,31.8248],[-81.3817,31.854],[-81.3829,31.8761],[-81.3964,31.8832],[-81.3916,31.8936],[-81.4075,31.9442],[-81.4241,31.9382],[-81.4638,31.95],[-81.4755,31.9742],[-81.4848,31.964],[-81.5127,31.9693],[-81.5205,31.9593],[-81.5321,31.9642],[-81.5474,31.9573],[-81.5642,31.9595],[-81.5779,31.9726],[-81.5933,31.9712],[-81.5928,31.9893],[-81.6021,31.9944],[-81.6195,32.0322],[-81.6512,32.0584],[-81.6728,32.0639],[-81.6927,32.0883],[-81.7187,32.0894],[-81.7268,32.0988],[-81.7563,32.1046],[-81.7539,32.1114],[-81.7773,32.1319],[-81.7815,32.1525]]]}},{"type":"Feature","properties":{"county_fips":"13113","county_name":"Fayette","state":"GA"},"geometry":{"type":"Polygon","coordinates":[[[-84.627,33.4397],[-84.6257,33.4775],[-84.5942,33.5194],[-84.4394,33.5507],[-84.4336,33.5244],[-84.4204,33.5096],[-84.4206,33.494],[-84.3962,33.4849],[-84.3816,33.463],[-84.3888,33.4503],[-84.3837,33.4444],[-84.4022,33.4364],[-84.4023,33.4201],[-84.3931,33.42],[-84.3845,33.4015],[-84.3948,33.3944],[-84.3865,33.3765],[-84.3963,33.3733],[-84.3828,33.3431],[-84.3905,33.3343],[-84.3842,33.32],[-84.3933,33.3169],[-84.3972,33.3015],[-84.4024,33.3055],[-84.4085,33.2942],[-84.4191,33.2935],[-84.433,33.2565],[-84.5004,33.2594],[-84.5044,33.2809],[-84.5122,33.2806],[-84.5174,33.293],[-84.5183,33.3185],[-84.5347,33.3358],[-84.5607,33.3407],[-84.5758,33.3576],[-84.586,33.3579],[-84.594,33.3816],[-84.6091,33.3931],[-84.627,33.4397]]]}},{"type":"Feature","properties":{"county_fips":"13319","county_name":"Wilkinson","state":"GA"},"geometry":{"type":"Polygon","coordinates":[[[-83.407,32.8982],[-83.2877,32.9519],[-83.2761,32.9421],[-83.2632,32.9541],[-83.2687,32.9587],[-83.2062,32.9836],[-83.1624,32.9696],[-83.1795,32.9874],[-83.1596,33.0028],[-83.1495,32.9978],[-83.1474,33.0087],[-83.1317,33.0064],[-83.1224,33.0001],[-83.1253,32.9837],[-83.1084,32.9692],[-83.0939,32.9677],[-83.0883,32.9517],[-83.0851,32.956],[-83.0676,32.9419],[-83.0713,32.9335],[-83.0611,32.9346],[-83.0569,32.926],[-83.0628,32.9202],[-83.0466,32.9059],[-83.0487,32.8824],[-83.0374,32.8798],[-83.027,32.8561],[-82.989,32.8527],[-82.9706,32.8352],[-82.9719,32.8231],[-82.9544,32.8018],[-82.9602,32.76],[-82.9503,32.762],[-82.9451,32.7514],[-82.9571,32.7083],[-83.2265,32.5842],[-83.407,32.8982]]]}},{"type":"Feature","properties":{"county_fips":"13107","county_name":"Emanuel","state":"GA"},"geometry":{"type":"Polygon","coordinates":[[[-82.6477,32.5125],[-82.603,32.5215],[-82.6026,32.5095],[-82.5979,32.5329],[-82.5853,32.5252],[-82.5644,32.5324],[-82.5912,32.5577],[-82.5944,32.5792],[-82.512,32.6252],[-82.5177,32.6337],[-82.4989,32.6427],[-82.4929,32.634],[-82.4639,32.6472],[-82.4903,32.662],[-82.4994,32.6863],[-82.4528,32.7193],[-82.4341,32.7623],[-82.3984,32.7772],[-82.4092,32.7845],[-82.4186,32.8113],[-82.3628,32.8159],[-82.3266,32.8412],[-82.3087,32.8285],[-82.2563,32.824],[-82.2137,32.8039],[-82.1464,32.8146],[-82.0829,32.6633],[-82.0012,32.6069],[-82.0302,32.5388],[-82.0798,32.5601],[-82.1483,32.5204],[-82.1811,32.4741],[-82.1879,32.4336],[-82.2546,32.3515],[-82.2381,32.3444],[-82.2328,32.3188],[-82.2798,32.2942],[-82.3545,32.2922],[-82.3587,32.3184],[-82.3789,32.3369],[-82.3926,32.3354],[-82.4091,32.3538],[-82.4112,32.3651],[-82.3943,32.3918],[-82.3943,32.4126],[-82.3819,32.4406],[-82.398,32.4519],[-82.4905,32.4963],[-82.6477,32.5125]]]}},{"type":"Feature","properties":{"county_fips":"37199","county_name":"Yancey","state":"NC"},"geometry":{"type":"Polygon","coordinates":[[[-82.5054,35.9777],[-82.4607,36.0078],[-82.4167,36.0728],[-82.3998,36.0714],[-82.3973,36.0817],[-82.3766,36.0709],[-82.352,36.0845],[-82.3364,36.0524],[-82.3382,36.0301],[-82.3124,36.0261],[-82.3123,36.0376],[-82.3008,36.0458],[-82.2911,36.0296],[-82.2681,36.0166],[-82.2733,36.0029],[-82.252,35.9891],[-82.2521,36.0087],[-82.2367,36.0049],[-82.2333,36.0135],[-82.197,36.0145],[-82.1938,36.0007],[-82.2041,36.0036],[-82.1917,35.9906],[-82.1937,35.9666],[-82.1863,35.9588],[-82.1977,35.9523],[-82.1697,35.9286],[-82.1654,35.9343],[-82.1452,35.9309],[-82.155,35.9208],[-82.1427,35.9063],[-82.1499,35.8912],[-82.1388,35.8456],[-82.1501,35.8415],[-82.1436,35.8269],[-82.1483,35.8227],[-82.1338,35.8211],[-82.1679,35.7891],[-82.1605,35.7743],[-82.1938,35.7351],[-82.2584,35.6987],[-82.2664,35.7004],[-82.2847,35.7255],[-82.3347,35.7488],[-82.3463,35.7872],[-82.3383,35.8017],[-82.3489,35.8117],[-82.382,35.824],[-82.414,35.8198],[-82.4236,35.8694],[-82.4515,35.8988],[-82.4933,35.9083],[-82.4905,35.9214],[-82.4985,35.9303],[-82.4803,35.9499],[-82.4967,35.957],[-82.5054,35.9777]]]}},{"type":"Feature","properties":{"county_fips":"45077","county_name":"Pickens","state":"SC"},"geometry":{"type":"MultiPolygon","coordinates":[[[[-82.844,34.6195],[-82.843,34.621],[-82.842,34.6215],[-82.844,34.6195]]],[[[-82.8649,34.617],[-82.8591,34.6215],[-82.8529,34.6148],[-82.8451,34.6185],[-82.8578,34.6088],[-82.8649,34.617]]],[[[-82.9434,34.9885],[-82.9303,35.0093],[-82.9121,35.0095],[-82.9209,35.0157],[-82.9138,35.0295],[-82.9183,35.0361],[-82.8976,35.056],[-82.7879,35.085],[-82.7764,35.0813],[-82.782,35.0668],[-82.7641,35.0682],[-82.7497,35.0476],[-82.7191,35.0528],[-82.7082,35.0621],[-82.6597,35.067],[-82.6416,35.0602],[-82.6114,35.0723],[-82.5716,35.0746],[-82.5743,35.0646],[-82.5905,35.0637],[-82.5977,35.0543],[-82.5982,35.0385],[-82.5903,35.0442],[-82.5857,35.0324],[-82.5956,35.0101],[-82.5379,35.0155],[-82.5432,35.0046],[-82.5341,34.9838],[-82.5481,34.9787],[-82.5274,34.9659],[-82.5182,34.9204],[-82.501,34.9104],[-82.4965,34.8876],[-82.4877,34.8858],[-82.489,34.8614],[-82.483,34.8579],[-82.4891,34.8411],[-82.4808,34.8425],[-82.487,34.8306],[-82.4764,34.8279],[-82.7876,34.6727],[-82.84,34.6233],[-82.8522,34.6213],[-82.8567,34.6323],[-82.8366,34.6327],[-82.8274,34.6424],[-82.8373,34.6393],[-82.8396,34.6451],[-82.8229,34.6545],[-82.8401,34.6525],[-82.8324,34.66],[-82.8512,34.6685],[-82.8494,34.6959],[-82.8651,34.7016],[-82.857,34.7132],[-82.8581,34.7293],[-82.9002,34.7411],[-82.889,34.7608],[-82.8932,34.7654],[-82.873,34.79],[-82.8872,34.7952],[-82.8881,34.8077],[-82.8966,34.8029],[-82.9011,34.8232],[-82.8961,34.8369],[-82.9093,34.8947],[-82.901,34.8954],[-82.9014,34.9146],[-82.9089,34.9213],[-82.9033,34.935],[-82.9157,34.9471],[-82.9088,34.9544],[-82.9192,34.9599],[-82.9159,34.9724],[-82.9368,34.9781],[-82.9434,34.9885]]]]}},{"type":"Feature","properties":{"county_fips":"45059","county_name":"Laurens","state":"SC"},"geometry":{"type":"Polygon","coordinates":[[[-82.3147,34.4726],[-82.3139,34.4843],[-82.2361,34.5353],[-82.2348,34.5888],[-82.1456,34.7852],[-82.1319,34.7788],[-82.1354,34.7731],[-82.1152,34.7489],[-82.1094,34.7563],[-82.1011,34.744],[-82.0839,34.7448],[-82.0788,34.7194],[-82.0666,34.7152],[-82.0694,34.7023],[-82.0587,34.7017],[-82.0046,34.6623],[-81.9519,34.6495],[-81.9103,34.603],[-81.8938,34.6017],[-81.8903,34.5901],[-81.8802,34.5967],[-81.8636,34.5802],[-81.8588,34.5922],[-81.8428,34.6006],[-81.8104,34.5781],[-81.7525,34.5636],[-81.7473,34.5683],[-81.7173,34.5515],[-81.7011,34.5594],[-81.6908,34.5527],[-81.6773,34.558],[-81.6776,34.5508],[-81.6585,34.5478],[-81.6436,34.5337],[-81.7032,34.4526],[-81.7225,34.4497],[-81.7345,34.4377],[-81.7826,34.3651],[-81.8369,34.3428],[-81.8498,34.333],[-81.8485,34.3235],[-81.8953,34.3005],[-81.9114,34.2463],[-81.945,34.2031],[-81.9711,34.2222],[-81.9784,34.2381],[-82.0093,34.2425],[-82.0845,34.2998],[-82.1107,34.3081],[-82.1217,34.3034],[-82.134,34.3238],[-82.1687,34.3301],[-82.1849,34.365],[-82.2313,34.3925],[-82.2279,34.4022],[-82.2446,34.4034],[-82.2661,34.4332],[-82.3147,34.4726]]]}},{"type":"Feature","properties":{"county_fips":"45085","county_name":"Sumter","state":"SC"},"geometry":{"type":"Polygon","coordinates":[[[-80.6466,33.999],[-80.6354,34.0014],[-80.6373,34.0076],[-80.6253,34.0037],[-80.628,34.0119],[-80.6155,34.0245],[-80.6021,34.0254],[-80.608,34.0293],[-80.601,34.0394],[-80.6126,34.0518],[-80.6064,34.058],[-80.6312,34.0682],[-80.6195,34.0823],[-80.6362,34.0802],[-80.6157,34.0968],[-80.6203,34.1074],[-80.5801,34.0999],[-80.4799,34.1687],[-80.4813,34.1126],[-80.4055,34.0814],[-80.3956,34.0895],[-80.3787,34.0807],[-80.317,34.0783],[-80.2949,34.0394],[-80.267,34.0331],[-80.2498,33.9922],[-80.1883,34.0049],[-80.1804,33.952],[-80.0704,34.0079],[-80.0268,34.0085],[-80.0006,34.0479],[-79.9598,34.0214],[-79.9469,34.023],[-79.9109,34.0065],[-79.8935,33.988],[-80.1216,33.8696],[-80.1954,33.839],[-80.2554,33.8041],[-80.2712,33.7863],[-80.3971,33.7678],[-80.392,33.7156],[-80.4344,33.7119],[-80.4259,33.7241],[-80.4309,33.7383],[-80.4493,33.7375],[-80.4544,33.7135],[-80.4787,33.7143],[-80.4976,33.6743],[-80.5341,33.6439],[-80.5655,33.6647],[-80.5624,33.6784],[-80.5903,33.6848],[-80.5931,33.7019],[-80.6153,33.7118],[-80.6297,33.7374],[-80.6056,33.7575],[-80.6057,33.7718],[-80.5977,33.7775],[-80.603,33.7853],[-80.5962,33.7864],[-80.6054,33.8047],[-80.5983,33.8045],[-80.6157,33.8145],[-80.6161,33.8343],[-80.6335,33.8527],[-80.623,33.8604],[-80.6256,33.8935],[-80.615,33.8919],[-80.6341,33.9173],[-80.6262,33.9299],[-80.6306,33.9337],[-80.6167,33.9364],[-80.6291,33.9418],[-80.6158,33.9655],[-80.6331,33.9665],[-80.6304,33.9758],[-80.6466,33.999]]]}},{"type":"Feature","properties":{"county_fips":"45061","county_name":"Lee","state":"SC"},"geometry":{"type":"Polygon","coordinates":[[[-80.4813,34.1126],[-80.4799,34.1687],[-80.4609,34.1833],[-80.4545,34.208],[-80.4452,34.206],[-80.4375,34.2167],[-80.4308,34.227],[-80.433,34.2489],[-80.4241,34.2507],[-80.4374,34.2845],[-80.382,34.3052],[-80.353,34.3033],[-80.3658,34.3282],[-80.3638,34.3395],[-80.3251,34.3393],[-80.2887,34.3641],[-80.2756,34.3492],[-80.2529,34.3407],[-80.2436,34.3239],[-80.2063,34.3391],[-80.1851,34.3679],[-80.1772,34.3662],[-80.1702,34.316],[-80.1339,34.2824],[-80.1358,34.2725],[-80.1117,34.2286],[-80.1127,34.197],[-80.1586,34.1616],[-80.1345,34.1285],[-80.1072,34.1152],[-80.0842,34.0911],[-80.0319,34.0768],[-80.0006,34.0479],[-80.0268,34.0085],[-80.0704,34.0079],[-80.1804,33.952],[-80.1883,34.0049],[-80.2498,33.9922],[-80.267,34.0331],[-80.2949,34.0394],[-80.317,34.0783],[-80.3787,34.0807],[-80.3956,34.0895],[-80.4055,34.0814],[-80.4813,34.1126]]]}},{"type":"Feature","properties":{"county_fips":"12093","county_name":"Okeechobee","state":"FL"},"geometry":{"type":"Polygon","coordinates":[[[-81.2139,27.5295],[-81.2025,27.5394],[-81.206,27.5473],[-81.1566,27.575],[-81.1551,27.5918],[-81.1405,27.6013],[-81.1422,27.6432],[-80.778,27.6432],[-80.7772,27.5587],[-80.6797,27.5587],[-80.6774,27.1216],[-80.8856,26.9589],[-80.8702,27.1523],[-80.8785,27.1688],[-80.9035,27.1691],[-80.91,27.1746],[-80.9064,27.189],[-80.9348,27.1962],[-80.9483,27.2223],[-80.9647,27.2159],[-80.9853,27.2316],[-80.9805,27.246],[-80.9926,27.2503],[-81.0006,27.2676],[-80.9946,27.2973],[-81.0247,27.3018],[-81.0298,27.3232],[-81.0441,27.3297],[-81.0421,27.3476],[-81.0307,27.3515],[-81.0344,27.359],[-81.0511,27.363],[-81.05,27.3707],[-81.0684,27.3823],[-81.0983,27.3791],[-81.1213,27.3898],[-81.1232,27.4029],[-81.1438,27.412],[-81.1391,27.434],[-81.1449,27.445],[-81.1726,27.4629],[-81.1825,27.4837],[-81.2051,27.4897],[-81.1994,27.515],[-81.2139,27.5295]]]}},{"type":"Feature","properties":{"county_fips":"13031","county_name":"Bulloch","state":"GA"},"geometry":{"type":"Polygon","coordinates":[[[-82.0302,32.5388],[-82.0015,32.6069],[-81.8338,32.6534],[-81.8036,32.6442],[-81.799,32.6272],[-81.7542,32.602],[-81.7333,32.5858],[-81.7298,32.574],[-81.708,32.5658],[-81.6893,32.5462],[-81.6568,32.54],[-81.6485,32.5277],[-81.6393,32.5325],[-81.6173,32.5249],[-81.6164,32.5157],[-81.5996,32.5076],[-81.5781,32.5123],[-81.536,32.4814],[-81.543,32.4671],[-81.5314,32.4664],[-81.5258,32.4494],[-81.5425,32.4193],[-81.5326,32.4064],[-81.5349,32.3936],[-81.5233,32.3929],[-81.5077,32.3579],[-81.491,32.3519],[-81.4878,32.3339],[-81.4655,32.3286],[-81.4655,32.3128],[-81.4532,32.3064],[-81.4331,32.2447],[-81.7809,32.1529],[-81.7813,32.1765],[-81.8034,32.1992],[-81.8039,32.2198],[-81.8163,32.2375],[-81.8417,32.2409],[-81.8563,32.2571],[-81.8927,32.2748],[-81.9691,32.2688],[-81.9569,32.2862],[-81.9187,32.4154],[-81.9366,32.4227],[-81.9404,32.4361],[-81.9741,32.47],[-81.9798,32.5011],[-81.971,32.5132],[-82.0302,32.5388]]]}},{"type":"Feature","properties":{"county_fips":"45041","county_name":"Florence","state":"SC"},"geometry":{"type":"Polygon","coordinates":[[[-80.0699,34.0862],[-79.809,34.2524],[-79.7494,34.2451],[-79.7526,34.2506],[-79.7296,34.2952],[-79.6856,34.2844],[-79.6624,34.3076],[-79.6239,34.3006],[-79.5767,34.2726],[-79.544,34.2252],[-79.5485,34.2041],[-79.5718,34.1837],[-79.5326,34.1357],[-79.5325,34.1263],[-79.5172,34.1268],[-79.5246,34.1156],[-79.5153,34.0972],[-79.5291,34.1002],[-79.5359,34.0761],[-79.5114,34.0409],[-79.5089,34.0037],[-79.5169,33.994],[-79.4998,33.9713],[-79.4815,33.9647],[-79.4917,33.9465],[-79.4737,33.93],[-79.4629,33.9318],[-79.4596,33.9208],[-79.452,33.9246],[-79.4522,33.9148],[-79.429,33.8978],[-79.4004,33.8922],[-79.4098,33.8853],[-79.3895,33.8732],[-79.3683,33.8429],[-79.3535,33.8412],[-79.3538,33.8341],[-79.3398,33.8415],[-79.332,33.8366],[-79.3369,33.8326],[-79.3152,33.8268],[-79.3173,33.7993],[-79.3404,33.8028],[-79.3522,33.8151],[-79.3826,33.8186],[-79.3972,33.8012],[-79.4187,33.7994],[-79.4415,33.7844],[-79.4965,33.7754],[-79.6349,33.8084],[-79.6358,33.818],[-79.6773,33.8147],[-79.688,33.8049],[-79.6996,33.814],[-79.7249,33.8146],[-79.7434,33.8351],[-79.7984,33.8356],[-79.8349,33.8826],[-79.8549,33.8917],[-79.8664,33.8843],[-79.944,33.8851],[-79.9746,33.9465],[-79.8942,33.9897],[-79.9109,34.0065],[-79.9921,34.0398],[-80.0319,34.0768],[-80.0699,34.0862]]]}},{"type":"Feature","properties":{"county_fips":"45015","county_name":"Berkeley","state":"SC"},"geometry":{"type":"Polygon","coordinates":[[[-80.3613,33.2631],[-80.3489,33.278],[-80.3172,33.2641],[-80.3019,33.2675],[-80.2538,33.2993],[-80.2396,33.3522],[-80.2416,33.3831],[-80.2385,33.3912],[-80.2302,33.3841],[-80.2299,33.3916],[-80.2226,33.3913],[-80.2224,33.4478],[-80.204,33.4419],[-80.2082,33.4523],[-80.1981,33.4516],[-80.1975,33.4436],[-80.181,33.4546],[-80.1706,33.4497],[-80.1627,33.4607],[-80.1615,33.4489],[-80.1483,33.4499],[-80.1507,33.4603],[-80.1392,33.454],[-80.1442,33.4641],[-80.1318,33.4634],[-80.1521,33.4854],[-80.1273,33.4933],[-80.1255,33.5024],[-80.0959,33.4954],[-80.0799,33.5069],[-80.0425,33.5009],[-80.0253,33.5064],[-80.0205,33.4984],[-80.0054,33.5025],[-80.0019,33.4947],[-79.9962,33.5068],[-79.9898,33.4983],[-79.9646,33.4986],[-79.9031,33.4504],[-79.8941,33.4537],[-79.8682,33.4345],[-79.8787,33.4271],[-79.8613,33.4178],[-79.8608,33.4085],[-79.8083,33.3733],[-79.7842,33.3761],[-79.7554,33.3295],[-79.7348,33.3202],[-79.7096,33.3212],[-79.6066,33.2793],[-79.5623,33.2725],[-79.5598,33.2605],[-79.5498,33.265],[-79.5458,33.2548],[-79.494,33.236],[-79.4793,33.2461],[-79.4829,33.2354],[-79.4707,33.2394],[-79.4739,33.2298],[-79.4587,33.2352],[-79.462,33.2294],[-79.4537,33.2278],[-79.4551,33.2177],[-79.4466,33.2118],[-79.4837,33.2038],[-79.522,33.1467],[-79.5339,33.1438],[-79.5623,33.1563],[-79.6029,33.1338],[-79.6123,33.1384],[-79.6423,33.1244],[-79.6605,33.0908],[-79.7164,33.0386],[-79.7303,33.0126],[-79.7621,32.9891],[-79.7693,32.9716],[-79.7634,32.9563],[-79.7716,32.9418],[-79.7814,32.9438],[-79.826,32.9186],[-79.8359,32.9198],[-79.853,32.8761],[-79.8959,32.8599],[-79.8975,32.8269],[-79.919,32.8154],[-79.9297,32.8232],[-79.9312,32.85],[-79.9563,32.86],[-79.9637,32.8754],[-79.9624,32.8911],[-79.9482,32.9083],[-80.0118,32.8999],[-80.0415,32.955],[-80.0401,32.9827],[-80.056,32.9994],[-80.0982,32.9881],[-80.1051,32.9925],[-80.1027,33.0013],[-80.1134,32.9981],[-80.3359,33.1455],[-80.311,33.1584],[-80.2964,33.1795],[-80.3308,33.1984],[-80.3354,33.2245],[-80.3613,33.2631]]]}},{"type":"Feature","properties":{"county_fips":"13191","county_name":"McIntosh","state":"GA"},"geometry":{"type":"MultiPolygon","coordinates":[[[[-81.2719,31.3041],[-81.2772,31.3112],[-81.2707,31.3105],[-81.2719,31.3041]]],[[[-81.6683,31.5366],[-81.566,31.5765],[-81.4918,31.6996],[-81.4657,31.6942],[-81.4609,31.6835],[-81.4671,31.6776],[-81.4342,31.6411],[-81.4178,31.652],[-81.3916,31.6436],[-81.3781,31.6549],[-81.3748,31.6473],[-81.3556,31.6547],[-81.3381,31.6471],[-81.318,31.6599],[-81.2984,31.6493],[-81.2646,31.6512],[-81.2344,31.6378],[-81.192,31.6023],[-81.1922,31.5803],[-81.2161,31.5584],[-81.2765,31.5485],[-81.2983,31.5335],[-81.2952,31.5215],[-81.2588,31.5291],[-81.2639,31.5158],[-81.2823,31.5044],[-81.2629,31.4958],[-81.2367,31.5292],[-81.2135,31.5282],[-81.1983,31.537],[-81.1787,31.5182],[-81.2686,31.383],[-81.2943,31.3686],[-81.286,31.3497],[-81.2835,31.2934],[-81.2982,31.2925],[-81.316,31.3089],[-81.3331,31.3064],[-81.3688,31.3187],[-81.3872,31.3149],[-81.4086,31.2912],[-81.4044,31.3092],[-81.4359,31.3133],[-81.4361,31.3309],[-81.4537,31.3263],[-81.4702,31.3397],[-81.4722,31.3325],[-81.4748,31.3391],[-81.4829,31.3368],[-81.5343,31.3678],[-81.5381,31.3778],[-81.5515,31.3761],[-81.5473,31.3864],[-81.5776,31.3994],[-81.5874,31.4163],[-81.6046,31.4255],[-81.6113,31.4459],[-81.6249,31.4507],[-81.6124,31.4704],[-81.6231,31.4848],[-81.6472,31.495],[-81.6583,31.5109],[-81.6526,31.529],[-81.6683,31.5366]]]]}},{"type":"Feature","properties":{"county_fips":"13215","county_name":"Muscogee","state":"GA"},"geometry":{"type":"Polygon","coordinates":[[[-85.0806,32.6081],[-84.9077,32.6076],[-84.9079,32.5834],[-84.6946,32.5839],[-84.6947,32.5637],[-84.6675,32.5639],[-84.6899,32.5213],[-84.7246,32.5074],[-84.7451,32.4589],[-84.7667,32.4349],[-84.7677,32.4207],[-84.7819,32.4248],[-84.7922,32.414],[-84.8068,32.4226],[-84.819,32.4128],[-84.8747,32.4128],[-84.9327,32.3806],[-84.9632,32.374],[-84.9886,32.3841],[-84.9834,32.3918],[-84.9687,32.3915],[-84.9811,32.4028],[-84.963,32.4242],[-84.9718,32.4428],[-84.9953,32.4532],[-85.0015,32.5147],[-85.0225,32.5429],[-85.0675,32.5795],[-85.0806,32.6081]]]}},{"type":"Feature","properties":{"county_fips":"01051","county_name":"Elmore","state":"AL"},"geometry":{"type":"Polygon","coordinates":[[[-86.4133,32.7506],[-86.3368,32.7538],[-86.3367,32.7681],[-86.3192,32.7678],[-86.3195,32.7537],[-85.9722,32.7549],[-85.9728,32.7692],[-85.9556,32.7691],[-85.9549,32.7548],[-85.8799,32.7545],[-85.8803,32.74],[-85.8934,32.7277],[-85.8913,32.715],[-85.9075,32.6993],[-85.9117,32.6778],[-85.8877,32.6476],[-85.8946,32.6147],[-85.8854,32.5431],[-85.8904,32.5001],[-85.8529,32.4754],[-85.8745,32.4729],[-85.8784,32.4519],[-85.8896,32.4475],[-85.93,32.4543],[-85.9558,32.4407],[-85.9777,32.4539],[-85.9743,32.4463],[-85.9827,32.4394],[-85.9921,32.4525],[-85.9926,32.4301],[-86.0207,32.4195],[-86.0378,32.4214],[-86.0497,32.4063],[-86.077,32.4119],[-86.0862,32.4216],[-86.1153,32.416],[-86.1185,32.4242],[-86.1304,32.4233],[-86.1255,32.434],[-86.151,32.4246],[-86.1547,32.4349],[-86.1718,32.4404],[-86.1901,32.4325],[-86.1948,32.4409],[-86.1807,32.448],[-86.1889,32.4563],[-86.2002,32.4509],[-86.2127,32.4742],[-86.228,32.4701],[-86.2214,32.4798],[-86.2295,32.4893],[-86.2367,32.486],[-86.2371,32.495],[-86.262,32.5017],[-86.2609,32.4872],[-86.2781,32.486],[-86.2886,32.4726],[-86.3132,32.489],[-86.3077,32.4683],[-86.3253,32.4424],[-86.3118,32.4302],[-86.3107,32.4117],[-86.3503,32.4334],[-86.399,32.4265],[-86.3963,32.4144],[-86.4112,32.4099],[-86.4133,32.7506]]]}},{"type":"Feature","properties":{"county_fips":"13089","county_name":"DeKalb","state":"GA"},"geometry":{"type":"Polygon","coordinates":[[[-84.3499,33.6479],[-84.3474,33.9681],[-84.3373,33.9709],[-84.2715,33.9559],[-84.256,33.9144],[-84.2013,33.8719],[-84.1584,33.8536],[-84.0759,33.7775],[-84.0237,33.7528],[-84.0566,33.7266],[-84.1158,33.6147],[-84.1545,33.6457],[-84.162,33.6378],[-84.1731,33.641],[-84.1702,33.6459],[-84.224,33.6466],[-84.2242,33.6307],[-84.2455,33.6307],[-84.2458,33.6469],[-84.3499,33.6479]]]}},{"type":"Feature","properties":{"county_fips":"51195","county_name":"Wise","state":"VA"},"geometry":{"type":"Polygon","coordinates":[[[-82.8786,36.894],[-82.8701,36.9017],[-82.8762,36.9102],[-82.858,36.9295],[-82.8557,36.9538],[-82.8702,36.9655],[-82.8675,36.9775],[-82.836,36.9888],[-82.8286,37.0057],[-82.7821,37.0082],[-82.7592,37.0273],[-82.748,37.0252],[-82.7425,37.043],[-82.7225,37.0451],[-82.727,37.073],[-82.7167,37.0772],[-82.725,37.0919],[-82.7221,37.1202],[-82.6335,37.1543],[-82.5539,37.2028],[-82.5461,37.1251],[-82.4944,37.06],[-82.4916,37.0434],[-82.4768,37.0345],[-82.4784,37.0228],[-82.3788,36.9808],[-82.3624,36.9557],[-82.3278,36.971],[-82.2986,36.9058],[-82.3196,36.9067],[-82.3182,36.8878],[-82.3279,36.8997],[-82.3365,36.8872],[-82.3416,36.8964],[-82.3595,36.8942],[-82.3586,36.8881],[-82.3697,36.8934],[-82.4066,36.8764],[-82.4037,36.8856],[-82.6348,36.8783],[-82.657,36.8451],[-82.691,36.8206],[-82.7022,36.8169],[-82.7243,36.833],[-82.7369,36.827],[-82.7481,36.8326],[-82.7727,36.8068],[-82.7686,36.799],[-82.8354,36.8479],[-82.8476,36.8478],[-82.8513,36.8697],[-82.8786,36.894]],[[-82.6633,36.9207],[-82.6459,36.9153],[-82.644,36.9001],[-82.615,36.9051],[-82.6219,36.9288],[-82.591,36.9353],[-82.5893,36.9434],[-82.5985,36.943],[-82.5892,36.9508],[-82.6034,36.9597],[-82.6118,36.9488],[-82.6158,36.9567],[-82.6341,36.9522],[-82.6633,36.9207]]]}},{"type":"Feature","properties":{"county_fips":"12107","county_name":"Putnam","state":"FL"},"geometry":{"type":"Polygon","coordinates":[[[-82.0561,29.6568],[-82.0491,29.7134],[-82.0556,29.7182],[-82.0289,29.7187],[-82.0071,29.7395],[-81.9911,29.744],[-81.9394,29.7475],[-81.9142,29.7914],[-81.862,29.8002],[-81.8124,29.8365],[-81.5812,29.8402],[-81.5642,29.7985],[-81.5252,29.7595],[-81.5205,29.4965],[-81.4876,29.4483],[-81.4763,29.3962],[-81.455,29.3897],[-81.4336,29.3982],[-81.4509,29.3785],[-81.6809,29.3244],[-81.6754,29.3386],[-81.6563,29.3382],[-81.6685,29.3717],[-81.7414,29.371],[-81.7418,29.4299],[-81.7749,29.4292],[-81.7762,29.4874],[-81.8428,29.4865],[-81.843,29.521],[-81.8879,29.5092],[-81.9017,29.516],[-81.9118,29.504],[-81.9318,29.5164],[-81.9642,29.5038],[-82.0044,29.5017],[-82.032,29.4914],[-82.0559,29.4712],[-82.0561,29.6568]]]}},{"type":"Feature","properties":{"county_fips":"13189","county_name":"McDuffie","state":"GA"},"geometry":{"type":"Polygon","coordinates":[[[-82.6485,33.6084],[-82.643,33.607],[-82.6435,33.6181],[-82.6171,33.6121],[-82.6239,33.6217],[-82.6136,33.634],[-82.6078,33.6257],[-82.6084,33.6335],[-82.588,33.642],[-82.5811,33.6326],[-82.5814,33.6519],[-82.5735,33.6395],[-82.5656,33.6459],[-82.5565,33.6339],[-82.5557,33.6427],[-82.5436,33.6386],[-82.5362,33.6494],[-82.5225,33.6449],[-82.5104,33.6597],[-82.4807,33.639],[-82.4773,33.6442],[-82.4593,33.637],[-82.4507,33.6506],[-82.4309,33.6551],[-82.425,33.6473],[-82.4427,33.6307],[-82.4303,33.6186],[-82.433,33.6081],[-82.4127,33.5976],[-82.4342,33.5671],[-82.4368,33.5497],[-82.3849,33.5299],[-82.4024,33.5165],[-82.3991,33.4925],[-82.3832,33.4777],[-82.3848,33.4673],[-82.3753,33.456],[-82.336,33.4196],[-82.3392,33.4022],[-82.2942,33.3546],[-82.3535,33.3123],[-82.372,33.3109],[-82.3981,33.3138],[-82.4174,33.3323],[-82.45,33.3405],[-82.4985,33.3377],[-82.5358,33.3575],[-82.5481,33.3528],[-82.5443,33.3747],[-82.5536,33.4158],[-82.5846,33.4497],[-82.6485,33.6084]]]}},{"type":"Feature","properties":{"county_fips":"13269","county_name":"Taylor","state":"GA"},"geometry":{"type":"MultiPolygon","coordinates":[[[[-84.0533,32.522],[-84.0085,32.5218],[-84.0088,32.5165],[-84.0223,32.5056],[-84.0173,32.4971],[-84.0341,32.4974],[-84.0343,32.5135],[-84.0536,32.5133],[-84.0533,32.522]]],[[[-84.3728,32.3975],[-84.3632,32.3976],[-84.3629,32.3894],[-84.3727,32.3894],[-84.3728,32.3975]]],[[[-84.4532,32.5424],[-84.4437,32.5422],[-84.4444,32.5621],[-84.4089,32.5619],[-84.4084,32.6105],[-84.3744,32.6377],[-84.3642,32.6794],[-84.3389,32.679],[-84.3379,32.7206],[-84.2888,32.7362],[-84.2862,32.7476],[-84.2627,32.7393],[-84.2564,32.7227],[-84.2358,32.7383],[-84.2292,32.7327],[-84.2363,32.721],[-84.219,32.7198],[-84.2026,32.69],[-84.1851,32.6798],[-84.1626,32.6778],[-84.1435,32.6854],[-84.1282,32.6744],[-84.1059,32.685],[-84.105,32.6734],[-84.0745,32.6363],[-84.0568,32.6365],[-84.0628,32.6265],[-84.0739,32.6254],[-84.0652,32.5821],[-84.0486,32.5743],[-84.0527,32.5673],[-84.0463,32.5675],[-84.0454,32.5563],[-84.0354,32.5585],[-84.0215,32.545],[-84.016,32.5503],[-84.013,32.5377],[-84.002,32.5325],[-84.053,32.5306],[-84.0533,32.522],[-84.0722,32.5219],[-84.0723,32.5142],[-84.1112,32.5141],[-84.1113,32.5057],[-84.1223,32.5059],[-84.1978,32.401],[-84.2484,32.4006],[-84.2546,32.3721],[-84.3238,32.3725],[-84.3233,32.3978],[-84.3437,32.3978],[-84.3435,32.385],[-84.3531,32.385],[-84.3532,32.3978],[-84.3632,32.3976],[-84.3624,32.428],[-84.3818,32.428],[-84.3821,32.4142],[-84.3923,32.414],[-84.3921,32.4353],[-84.4084,32.444],[-84.4078,32.4853],[-84.4244,32.4851],[-84.4239,32.4932],[-84.4336,32.4932],[-84.4335,32.5187],[-84.443,32.5185],[-84.4433,32.5342],[-84.4532,32.5343],[-84.4532,32.5424]]]]}},{"type":"Feature","properties":{"county_fips":"13103","county_name":"Effingham","state":"GA"},"geometry":{"type":"Polygon","coordinates":[[[-81.548,32.4893],[-81.5386,32.5091],[-81.3893,32.5954],[-81.3698,32.5912],[-81.367,32.577],[-81.3577,32.5821],[-81.3548,32.5711],[-81.3286,32.5611],[-81.298,32.563],[-81.2967,32.5534],[-81.2913,32.5627],[-81.2889,32.5512],[-81.2813,32.5565],[-81.275,32.5448],[-81.2799,32.5366],[-81.2529,32.5183],[-81.2334,32.518],[-81.2387,32.507],[-81.2336,32.4985],[-81.187,32.4636],[-81.1975,32.4491],[-81.2045,32.4528],[-81.1994,32.4442],[-81.2084,32.437],[-81.2055,32.4236],[-81.1787,32.3936],[-81.1818,32.3793],[-81.1679,32.3683],[-81.1738,32.3627],[-81.1548,32.3496],[-81.1598,32.34],[-81.1438,32.3515],[-81.1294,32.3416],[-81.1379,32.3287],[-81.1306,32.3254],[-81.1331,32.309],[-81.1229,32.3073],[-81.1199,32.2862],[-81.127,32.2827],[-81.1234,32.2751],[-81.1419,32.2717],[-81.1369,32.2661],[-81.1466,32.2628],[-81.1457,32.2515],[-81.1566,32.2439],[-81.1447,32.2263],[-81.1957,32.2375],[-81.3917,32.0959],[-81.4029,32.1073],[-81.406,32.1019],[-81.4016,32.1499],[-81.4137,32.1602],[-81.41,32.1848],[-81.4186,32.1972],[-81.4136,32.208],[-81.4292,32.2166],[-81.4384,32.2719],[-81.4499,32.2832],[-81.4532,32.3064],[-81.4655,32.3128],[-81.4655,32.3286],[-81.4878,32.3339],[-81.491,32.3519],[-81.5077,32.3579],[-81.5233,32.3929],[-81.5349,32.3936],[-81.5326,32.4064],[-81.5425,32.4193],[-81.5258,32.4494],[-81.5314,32.4664],[-81.5428,32.4663],[-81.536,32.4814],[-81.548,32.4893]]]}},{"type":"Feature","properties":{"county_fips":"12039","county_name":"Gadsden","state":"FL"},"geometry":{"type":"Polygon","coordinates":[[[-84.9319,30.6069],[-84.9056,30.622],[-84.8881,30.6631],[-84.8583,30.6966],[-84.8647,30.7115],[-84.2826,30.6853],[-84.3035,30.6777],[-84.3006,30.6401],[-84.3248,30.6181],[-84.3321,30.5965],[-84.3409,30.6002],[-84.3784,30.5735],[-84.3924,30.5148],[-84.405,30.5077],[-84.3963,30.4899],[-84.4029,30.4758],[-84.4209,30.4637],[-84.4348,30.4661],[-84.4605,30.4559],[-84.4953,30.4603],[-84.5306,30.4398],[-84.5615,30.4379],[-84.5801,30.4173],[-84.6236,30.4095],[-84.6477,30.3946],[-84.6464,30.3883],[-84.6806,30.388],[-84.6805,30.4173],[-84.7141,30.4172],[-84.7141,30.4604],[-84.7811,30.4598],[-84.7818,30.5187],[-84.8156,30.5185],[-84.8158,30.5331],[-84.8826,30.5331],[-84.8833,30.6056],[-84.9319,30.6069]]]}},{"type":"Feature","properties":{"county_fips":"13135","county_name":"Gwinnett","state":"GA"},"geometry":{"type":"Polygon","coordinates":[[[-84.2771,33.9576],[-84.2581,33.9682],[-84.2633,33.986],[-84.2533,33.9872],[-84.2483,33.9983],[-84.2125,34.0038],[-84.2021,33.9971],[-84.2048,33.9901],[-84.1924,33.9909],[-84.1809,33.9987],[-84.1695,34.028],[-84.1235,34.0333],[-84.1006,34.0473],[-84.1178,34.0653],[-84.1104,34.097],[-84.0854,34.1488],[-84.0622,34.1685],[-83.8678,34.0987],[-83.8177,34.1275],[-83.8691,34.0043],[-83.8373,33.9822],[-83.832,33.9664],[-83.8137,33.9545],[-83.7991,33.9298],[-84.0237,33.7528],[-84.0759,33.7775],[-84.1584,33.8536],[-84.2013,33.8719],[-84.256,33.9144],[-84.2705,33.944],[-84.2662,33.9477],[-84.2771,33.9576]]]}},{"type":"Feature","properties":{"county_fips":"13077","county_name":"Coweta","state":"GA"},"geometry":{"type":"Polygon","coordinates":[[[-85.0132,33.4298],[-84.9865,33.4413],[-84.9848,33.4572],[-84.9545,33.4393],[-84.936,33.4372],[-84.9213,33.4453],[-84.9025,33.4758],[-84.8553,33.4959],[-84.8512,33.5111],[-84.6213,33.5113],[-84.6211,33.5031],[-84.6094,33.5026],[-84.6268,33.4752],[-84.6201,33.4128],[-84.594,33.3816],[-84.586,33.3579],[-84.5758,33.3576],[-84.5607,33.3407],[-84.5347,33.3358],[-84.5183,33.3185],[-84.5174,33.293],[-84.5122,33.2806],[-84.5044,33.2809],[-84.497,33.2562],[-84.5089,33.2452],[-84.5003,33.2333],[-84.5024,33.2211],[-84.6527,33.2225],[-84.6546,33.2307],[-84.694,33.223],[-84.694,33.2313],[-84.7032,33.2312],[-84.7033,33.2228],[-84.8524,33.2236],[-84.8523,33.191],[-84.8624,33.1912],[-84.872,33.2074],[-84.8622,33.2075],[-84.8621,33.2239],[-84.939,33.2247],[-84.9546,33.2656],[-84.9488,33.2657],[-84.9488,33.2823],[-84.9586,33.2771],[-85.0132,33.4298]]]}},{"type":"Feature","properties":{"county_fips":"13283","county_name":"Treutlen","state":"GA"},"geometry":{"type":"Polygon","coordinates":[[[-82.7476,32.331],[-82.7445,32.3413],[-82.7338,32.3421],[-82.7308,32.3627],[-82.7169,32.373],[-82.7162,32.3926],[-82.6976,32.4072],[-82.7022,32.4316],[-82.6903,32.4438],[-82.694,32.4541],[-82.6486,32.4672],[-82.6331,32.491],[-82.6571,32.5072],[-82.6477,32.5125],[-82.4905,32.4963],[-82.3819,32.4406],[-82.3943,32.4126],[-82.3943,32.3918],[-82.4112,32.3651],[-82.4091,32.3537],[-82.6491,32.3115],[-82.6555,32.2976],[-82.669,32.3039],[-82.6631,32.2978],[-82.673,32.2936],[-82.7084,32.2986],[-82.7134,32.3102],[-82.73,32.3106],[-82.7251,32.3157],[-82.7476,32.331]]]}},{"type":"Feature","properties":{"county_fips":"45035","county_name":"Dorchester","state":"SC"},"geometry":{"type":"Polygon","coordinates":[[[-80.7899,33.1794],[-80.5028,33.3345],[-80.4947,33.3238],[-80.494,33.2975],[-80.4756,33.2749],[-80.4271,33.2578],[-80.3919,33.2646],[-80.3484,33.2489],[-80.3308,33.1984],[-80.2964,33.1795],[-80.311,33.1584],[-80.3359,33.1455],[-80.1492,33.0216],[-80.1764,33.01],[-80.17,33.0043],[-80.1626,33.0105],[-80.1676,33.0026],[-80.146,32.9843],[-80.1355,32.9989],[-80.1105,32.9855],[-80.1306,32.979],[-80.1392,32.9818],[-80.1413,32.9792],[-80.0798,32.9282],[-80.0977,32.887],[-80.1195,32.8936],[-80.1228,32.9018],[-80.1254,32.8896],[-80.1448,32.8876],[-80.1622,32.8746],[-80.1549,32.8651],[-80.1613,32.8559],[-80.1767,32.8671],[-80.1857,32.8608],[-80.1837,32.8471],[-80.1608,32.8409],[-80.1493,32.8182],[-80.3018,32.8519],[-80.4013,32.8585],[-80.3962,32.883],[-80.3853,32.8861],[-80.4064,32.9102],[-80.3994,32.936],[-80.4052,32.9551],[-80.4188,32.9673],[-80.4087,32.9846],[-80.4065,33.019],[-80.3878,33.0328],[-80.4007,33.0528],[-80.412,33.0466],[-80.4219,33.0549],[-80.44,33.049],[-80.4521,33.0622],[-80.4748,33.0644],[-80.5097,33.0573],[-80.532,33.0697],[-80.5503,33.0583],[-80.6181,33.0648],[-80.6704,33.1036],[-80.7031,33.1525],[-80.7461,33.1745],[-80.7622,33.1703],[-80.7899,33.1794]]]}},{"type":"Feature","properties":{"county_fips":"45063","county_name":"Lexington","state":"SC"},"geometry":{"type":"Polygon","coordinates":[[[-81.5715,33.8773],[-81.4655,34.0873],[-81.4449,34.0777],[-81.4249,34.083],[-81.4028,34.0708],[-81.3901,34.0753],[-81.4372,34.13],[-81.4037,34.1779],[-81.3748,34.179],[-81.3523,34.1967],[-81.339,34.1976],[-81.3145,34.1869],[-81.3023,34.1624],[-81.315,34.1461],[-81.2758,34.0974],[-81.2334,34.1018],[-81.1729,34.0905],[-81.132,34.0623],[-81.0975,34.0177],[-81.0649,34.0086],[-81.0509,33.9958],[-81.017,33.9309],[-81.0301,33.9136],[-81.0088,33.9041],[-81.0214,33.8881],[-81.0123,33.8801],[-81.0379,33.8709],[-81.0585,33.7471],[-81.0361,33.7452],[-81.0329,33.7641],[-81.0235,33.7635],[-81.014,33.7812],[-80.9619,33.779],[-80.9246,33.7569],[-80.9557,33.7378],[-80.9915,33.7321],[-81.1873,33.6529],[-81.2701,33.6939],[-81.2905,33.6942],[-81.3645,33.7281],[-81.4152,33.7321],[-81.4267,33.7431],[-81.4357,33.7757],[-81.4606,33.7973],[-81.515,33.8131],[-81.5464,33.8586],[-81.5611,33.8628],[-81.5715,33.8773]]]}},{"type":"Feature","properties":{"county_fips":"45031","county_name":"Darlington","state":"SC"},"geometry":{"type":"Polygon","coordinates":[[[-80.2887,34.3641],[-80.0455,34.4926],[-80.0265,34.4865],[-79.9834,34.5017],[-79.9625,34.487],[-79.9198,34.4958],[-79.8942,34.4891],[-79.8748,34.4963],[-79.862,34.521],[-79.8361,34.5351],[-79.83,34.5319],[-79.8334,34.5103],[-79.8061,34.4846],[-79.7964,34.4916],[-79.788,34.4843],[-79.7829,34.4978],[-79.7691,34.4965],[-79.7633,34.5191],[-79.7521,34.5135],[-79.7544,34.5041],[-79.7266,34.4955],[-79.7218,34.4854],[-79.7324,34.4771],[-79.7317,34.4664],[-79.7518,34.4665],[-79.7506,34.4368],[-79.7184,34.4171],[-79.7213,34.3925],[-79.6997,34.4066],[-79.6834,34.3991],[-79.6894,34.3818],[-79.6737,34.3711],[-79.6927,34.3565],[-79.6604,34.3223],[-79.6568,34.3091],[-79.6707,34.304],[-79.6856,34.2844],[-79.7296,34.2952],[-79.7526,34.2506],[-79.7494,34.2451],[-79.809,34.2524],[-80.0722,34.0853],[-80.1345,34.1285],[-80.1586,34.1616],[-80.1127,34.197],[-80.1117,34.2286],[-80.1358,34.2725],[-80.1339,34.2824],[-80.1702,34.316],[-80.1772,34.3662],[-80.1913,34.3667],[-80.2063,34.3391],[-80.2436,34.3239],[-80.2529,34.3407],[-80.2756,34.3492],[-80.2887,34.3641]]]}},{"type":"Feature","properties":{"county_fips":"51167","county_name":"Russell","state":"VA"},"geometry":{"type":"Polygon","coordinates":[[[-82.4022,36.8779],[-82.3697,36.8934],[-82.3586,36.8881],[-82.3568,36.8953],[-82.3416,36.8964],[-82.3365,36.8872],[-82.3279,36.8997],[-82.3182,36.8878],[-82.3196,36.9067],[-82.2986,36.9055],[-82.3278,36.971],[-82.2847,36.9985],[-82.2744,37.0015],[-82.2549,36.9902],[-82.1964,37.031],[-82.184,37.0268],[-82.1688,37.0411],[-82.1134,37.0397],[-82.0967,37.052],[-82.0757,37.0382],[-82.0453,37.0467],[-82.0317,37.0652],[-82.018,37.0685],[-82.0142,37.0816],[-82.0211,37.0891],[-82.0077,37.1199],[-81.9903,37.1287],[-81.9785,37.1207],[-81.964,37.1281],[-81.9322,37.1266],[-81.9009,37.1426],[-81.8897,37.1109],[-81.8183,37.0426],[-81.7805,36.9586],[-81.8187,36.9473],[-81.8853,36.8895],[-81.9459,36.8646],[-81.976,36.8695],[-81.9799,36.8812],[-82.0788,36.8547],[-82.1148,36.8262],[-82.1039,36.7982],[-82.2245,36.7629],[-82.3003,36.7309],[-82.3321,36.709],[-82.4022,36.8779]]]}},{"type":"Feature","properties":{"county_fips":"12055","county_name":"Highlands","state":"FL"},"geometry":{"type":"Polygon","coordinates":[[[-81.5625,27.0337],[-81.5635,27.6466],[-81.1422,27.6432],[-81.1405,27.6013],[-81.1551,27.5918],[-81.1566,27.575],[-81.206,27.5473],[-81.2025,27.5394],[-81.2143,27.5287],[-81.1994,27.515],[-81.2051,27.4897],[-81.1825,27.4837],[-81.1726,27.4629],[-81.1449,27.445],[-81.1391,27.434],[-81.1438,27.412],[-81.1232,27.4029],[-81.1213,27.3898],[-81.0983,27.3791],[-81.0684,27.3823],[-81.05,27.3707],[-81.0511,27.363],[-81.0344,27.359],[-81.0307,27.3515],[-81.0421,27.3476],[-81.0441,27.3297],[-81.0298,27.3232],[-81.0247,27.3018],[-80.9946,27.2973],[-81.0006,27.2676],[-80.9926,27.2503],[-80.9805,27.246],[-80.9853,27.2316],[-80.9647,27.2159],[-80.951,27.2242],[-80.9407,27.2059],[-81.1691,27.2096],[-81.1683,27.1217],[-81.2677,27.1211],[-81.2672,27.0325],[-81.333,27.0324],[-81.333,27.0396],[-81.3418,27.0397],[-81.3427,27.0323],[-81.5625,27.0337]]]}},{"type":"Feature","properties":{"county_fips":"12133","county_name":"Washington","state":"FL"},"geometry":{"type":"Polygon","coordinates":[[[-85.9936,30.4051],[-85.9792,30.4326],[-85.9691,30.4311],[-85.9624,30.4406],[-85.9027,30.4424],[-85.8894,30.4711],[-85.878,30.4668],[-85.8598,30.4901],[-85.8682,30.507],[-85.878,30.5044],[-85.8838,30.5078],[-85.8798,30.5562],[-85.8906,30.5638],[-85.8891,30.5815],[-85.9095,30.5869],[-85.9094,30.598],[-85.9159,30.5968],[-85.9083,30.6125],[-85.9152,30.637],[-85.8906,30.6565],[-85.8671,30.6631],[-85.8756,30.6685],[-85.8755,30.6808],[-85.8673,30.6805],[-85.858,30.6986],[-85.835,30.7106],[-85.8348,30.7263],[-85.8251,30.7261],[-85.8226,30.7388],[-85.83,30.7406],[-85.8243,30.744],[-85.833,30.75],[-85.8277,30.7749],[-85.8164,30.7826],[-85.8216,30.7908],[-85.7519,30.7896],[-85.752,30.7757],[-85.7351,30.7753],[-85.7361,30.7464],[-85.6852,30.7446],[-85.619,30.7439],[-85.6211,30.7708],[-85.6033,30.7963],[-85.5999,30.8306],[-85.4823,30.8295],[-85.4827,30.7859],[-85.4323,30.7855],[-85.4348,30.5676],[-85.4864,30.5676],[-85.488,30.437],[-85.8535,30.4406],[-85.884,30.4103],[-85.9076,30.4058],[-85.9239,30.4164],[-85.9402,30.4086],[-85.965,30.4107],[-85.9927,30.3893],[-85.9936,30.4051]]]}},{"type":"Feature","properties":{"county_fips":"12017","county_name":"Citrus","state":"FL"},"geometry":{"type":"MultiPolygon","coordinates":[[[[-82.7573,28.8007],[-82.7421,28.8032],[-82.7238,28.7905],[-82.7367,28.7737],[-82.7573,28.8007]]],[[[-82.7563,28.9963],[-82.7028,29.0328],[-82.6127,29.0093],[-82.6021,29.0135],[-82.5966,29.0292],[-82.577,29.0281],[-82.5356,29.0449],[-82.5081,29.0375],[-82.4881,29.0514],[-82.4589,29.0477],[-82.4182,29.013],[-82.4016,29.019],[-82.3935,29.008],[-82.3639,29.0018],[-82.3616,28.9936],[-82.3158,28.9733],[-82.2736,28.8972],[-82.2425,28.8768],[-82.232,28.8566],[-82.1836,28.8236],[-82.1693,28.7919],[-82.1869,28.7795],[-82.1863,28.7605],[-82.2073,28.7569],[-82.2491,28.7178],[-82.2631,28.6676],[-82.4178,28.6659],[-82.4184,28.6949],[-82.6746,28.6941],[-82.7048,28.7145],[-82.7208,28.7137],[-82.7048,28.7359],[-82.6901,28.7366],[-82.7025,28.7774],[-82.6915,28.7922],[-82.7131,28.7997],[-82.7387,28.8248],[-82.7366,28.8359],[-82.7276,28.8393],[-82.7338,28.8522],[-82.7279,28.8713],[-82.6898,28.8855],[-82.6889,28.9056],[-82.7015,28.9194],[-82.696,28.9308],[-82.7088,28.936],[-82.7257,28.9622],[-82.7437,28.9702],[-82.7436,28.9782],[-82.7572,28.986],[-82.7563,28.9963]]]]}},{"type":"Feature","properties":{"county_fips":"13137","county_name":"Habersham","state":"GA"},"geometry":{"type":"Polygon","coordinates":[[[-83.6816,34.8009],[-83.6487,34.8254],[-83.6131,34.822],[-83.6055,34.8276],[-83.5869,34.82],[-83.5762,34.7955],[-83.5565,34.7846],[-83.5622,34.7811],[-83.5568,34.7579],[-83.5351,34.7474],[-83.5355,34.7399],[-83.4789,34.7239],[-83.4312,34.7473],[-83.4157,34.7329],[-83.4037,34.7289],[-83.3874,34.7374],[-83.3523,34.7162],[-83.3466,34.7042],[-83.3529,34.6971],[-83.3382,34.6872],[-83.365,34.6753],[-83.4598,34.4811],[-83.5375,34.4917],[-83.6152,34.4317],[-83.6664,34.5036],[-83.6628,34.5135],[-83.6167,34.5425],[-83.6156,34.5536],[-83.6352,34.5711],[-83.6457,34.605],[-83.6382,34.6224],[-83.665,34.6533],[-83.6454,34.6688],[-83.6392,34.7114],[-83.6235,34.7326],[-83.6336,34.7707],[-83.6744,34.7881],[-83.6816,34.8009]]]}},{"type":"Feature","properties":{"county_fips":"01061","county_name":"Geneva","state":"AL"},"geometry":{"type":"Polygon","coordinates":[[[-86.1935,31.1922],[-86.1255,31.1928],[-86.1254,31.1821],[-86.1167,31.1821],[-86.1167,31.193],[-85.4858,31.1999],[-85.4883,30.9971],[-86.1872,30.994],[-86.1935,31.1922]]]}},{"type":"Feature","properties":{"county_fips":"12087","county_name":"Monroe","state":"FL"},"geometry":{"type":"MultiPolygon","coordinates":[[[[-82.146,24.5489],[-82.1452,24.5525],[-82.1441,24.5513],[-82.146,24.5489]]],[[[-82.1626,24.5497],[-82.1645,24.5634],[-82.1567,24.5661],[-82.163,24.5538],[-82.1564,24.5491],[-82.1626,24.5497]]],[[[-82.8737,24.6265],[-82.8633,24.6289],[-82.8629,24.6257],[-82.8737,24.6265]]],[[[-82.9261,24.6281],[-82.9218,24.6334],[-82.9167,24.6362],[-82.9261,24.6281]]],[[[-80.2968,25.3255],[-80.2937,25.3268],[-80.2937,25.3246],[-80.2968,25.3255]]],[[[-80.3791,25.2883],[-80.3761,25.3059],[-80.3724,25.2871],[-80.3791,25.2883]]],[[[-80.4609,25.0508],[-80.4486,25.0537],[-80.4463,25.0528],[-80.4558,25.0484],[-80.4609,25.0508]]],[[[-80.4823,25.1124],[-80.4769,25.1143],[-80.4759,25.1083],[-80.4823,25.1124]]],[[[-80.4826,25.0864],[-80.4739,25.0936],[-80.4777,25.1035],[-80.4688,25.092],[-80.4826,25.0864]]],[[[-80.4981,25.1027],[-80.4908,25.1035],[-80.4862,25.1086],[-80.4945,25.0978],[-80.4981,25.1027]]],[[[-80.4985,25.0759],[-80.4991,25.0809],[-80.4929,25.08],[-80.4985,25.0759]]],[[[-80.5106,25.139],[-80.5054,25.1378],[-80.5077,25.131],[-80.5092,25.1314],[-80.5106,25.139]]],[[[-80.5144,25.1504],[-80.5093,25.1552],[-80.5054,25.1487],[-80.5066,25.1473],[-80.5144,25.1504]]],[[[-80.5178,25.083],[-80.5111,25.0832],[-80.5106,25.0819],[-80.5178,25.083]]],[[[-80.5455,25.1833],[-80.5358,25.187],[-80.5356,25.1951],[-80.5303,25.1876],[-80.5455,25.1833]]],[[[-80.5532,25.1614],[-80.5501,25.1619],[-80.5559,25.1582],[-80.5532,25.1614]]],[[[-80.5527,25.0629],[-80.5581,25.066],[-80.5558,25.0722],[-80.5527,25.0629]]],[[[-80.5706,25.1312],[-80.565,25.1279],[-80.568,25.1225],[-80.5677,25.1257],[-80.5706,25.1312]]],[[[-80.5708,25.1481],[-80.565,25.1497],[-80.5572,25.1404],[-80.5619,25.1396],[-80.5708,25.1481]]],[[[-80.5742,25.1046],[-80.5672,25.1083],[-80.5676,25.1191],[-80.5607,25.1074],[-80.5742,25.1046]]],[[[-80.579,25.1599],[-80.5729,25.1567],[-80.5751,25.1484],[-80.5764,25.1502],[-80.579,25.1599]]],[[[-80.5882,25.0565],[-80.5827,25.0612],[-80.5833,25.0569],[-80.5882,25.0565]]],[[[-80.6077,25.1749],[-80.5866,25.1714],[-80.5868,25.1626],[-80.5999,25.1637],[-80.6077,25.1749]]],[[[-80.6194,25.0715],[-80.6055,25.0704],[-80.6079,25.0569],[-80.6134,25.0562],[-80.6194,25.0715]]],[[[-80.6198,25.0029],[-80.6155,25.0078],[-80.6128,25.0067],[-80.6141,25.0032],[-80.6198,25.0029]]],[[[-80.6239,24.9988],[-80.626,25.0026],[-80.6228,25.0],[-80.6239,24.9988]]],[[[-80.6232,24.9586],[-80.6251,24.9614],[-80.6239,24.9637],[-80.6232,24.9586]]],[[[-80.6342,25.0243],[-80.6342,25.0281],[-80.6316,25.0255],[-80.6342,25.0243]]],[[[-80.6442,25.0469],[-80.6448,25.0528],[-80.6411,25.0498],[-80.6442,25.0469]]],[[[-80.6485,25.0324],[-80.6459,25.0363],[-80.6463,25.0332],[-80.6485,25.0324]]],[[[-80.6527,24.9808],[-80.6502,24.9895],[-80.6466,24.9874],[-80.6527,24.9808]]],[[[-80.6587,25.1071],[-80.6435,25.1121],[-80.6388,25.1208],[-80.6474,25.1387],[-80.6375,25.1373],[-80.6429,25.1319],[-80.6321,25.1186],[-80.6462,25.1025],[-80.6406,25.0734],[-80.6491,25.0783],[-80.6587,25.1071]]],[[[-80.661,24.9002],[-80.6229,24.9315],[-80.6232,24.9467],[-80.5976,24.9503],[-80.5988,24.9661],[-80.5694,24.962],[-80.5584,24.9713],[-80.5438,25.014],[-80.5159,25.0147],[-80.5139,25.0279],[-80.4611,25.0791],[-80.4657,25.0917],[-80.4539,25.0872],[-80.4333,25.1078],[-80.4384,25.1193],[-80.4613,25.1325],[-80.4619,25.1601],[-80.4427,25.1916],[-80.4655,25.2118],[-80.4879,25.2082],[-80.4951,25.2261],[-80.4828,25.2248],[-80.4431,25.2443],[-80.436,25.2358],[-80.4189,25.2363],[-80.411,25.2535],[-80.3979,25.2535],[-80.3998,25.2384],[-80.4136,25.2355],[-80.4167,25.1987],[-80.3974,25.1918],[-80.3745,25.1976],[-80.3719,25.2063],[-80.3528,25.2076],[-80.3344,25.2405],[-80.3322,25.263],[-80.3659,25.2854],[-80.3257,25.2881],[-80.2905,25.3152],[-80.2737,25.3472],[-80.2576,25.3507],[-80.253,25.3383],[-80.26,25.3249],[-80.2761,25.313],[-80.3159,25.2389],[-80.3673,25.1687],[-80.3498,25.1689],[-80.3582,25.1532],[-80.3695,25.1499],[-80.3771,25.1303],[-80.4001,25.106],[-80.4174,25.0989],[-80.4239,25.1044],[-80.4432,25.0762],[-80.4721,25.0615],[-80.4936,25.0388],[-80.4945,25.0231],[-80.5318,24.9982],[-80.5658,24.9571],[-80.5981,24.9474],[-80.6363,24.9123],[-80.661,24.9002]]],[[[-80.6656,24.9894],[-80.6618,24.9953],[-80.6543,24.9949],[-80.6576,24.9878],[-80.6656,24.9894]]],[[[-80.6684,25.0335],[-80.6646,25.0372],[-80.664,25.0336],[-80.6684,25.0335]]],[[[-80.6664,24.9185],[-80.6652,24.9282],[-80.6608,24.924],[-80.6664,24.9185]]],[[[-80.6673,24.9864],[-80.6701,24.9902],[-80.6667,24.9872],[-80.6673,24.9864]]],[[[-80.6804,25.0993],[-80.6745,25.1041],[-80.6669,25.096],[-80.6804,25.0993]]],[[[-80.6762,25.031],[-80.6781,25.0353],[-80.6737,25.0329],[-80.6762,25.031]]],[[[-80.6847,25.1146],[-80.6841,25.1229],[-80.6795,25.1232],[-80.6759,25.1145],[-80.6847,25.1146]]],[[[-80.6871,25.0272],[-80.6821,25.0307],[-80.6821,25.0253],[-80.6871,25.0272]]],[[[-80.7006,25.0551],[-80.6956,25.0621],[-80.6926,25.0601],[-80.6945,25.0501],[-80.7006,25.0551]]],[[[-80.6972,25.0983],[-80.7002,25.1014],[-80.7009,25.1081],[-80.6972,25.0983]]],[[[-80.7016,25.1226],[-80.6945,25.1223],[-80.6944,25.1199],[-80.7009,25.1158],[-80.7016,25.1226]]],[[[-80.7026,24.897],[-80.6981,24.9089],[-80.6934,24.8995],[-80.7026,24.897]]],[[[-80.706,25.1289],[-80.7111,25.1431],[-80.6996,25.1257],[-80.706,25.1289]]],[[[-80.7146,25.1466],[-80.711,25.1458],[-80.7113,25.1444],[-80.7146,25.1466]]],[[[-80.7246,25.0938],[-80.7252,25.0992],[-80.7232,25.0981],[-80.7246,25.0938]]],[[[-80.7263,24.9962],[-80.7301,25.0024],[-80.7237,25.0051],[-80.7263,24.9962]]],[[[-80.7371,25.0655],[-80.7343,25.0722],[-80.7282,25.0709],[-80.728,25.0626],[-80.7371,25.0655]]],[[[-80.7401,25.0083],[-80.7355,25.0054],[-80.7369,25.0025],[-80.7401,25.0083]]],[[[-80.7411,24.8537],[-80.733,24.8643],[-80.7185,24.863],[-80.7041,24.8803],[-80.6907,24.8842],[-80.7352,24.8488],[-80.7411,24.8537]]],[[[-80.7583,25.0293],[-80.7545,25.0391],[-80.7496,25.0271],[-80.7583,25.0293]]],[[[-80.7609,25.1435],[-80.7605,25.1463],[-80.7588,25.1453],[-80.7609,25.1435]]],[[[-80.7847,24.9368],[-80.7839,24.9408],[-80.7827,24.9393],[-80.7847,24.9368]]],[[[-80.7892,25.0232],[-80.7863,25.0266],[-80.7852,25.0248],[-80.7892,25.0232]]],[[[-80.7867,25.1244],[-80.7893,25.132],[-80.7812,25.122],[-80.7867,25.1244]]],[[[-80.7911,25.0915],[-80.7857,25.0925],[-80.7877,25.0891],[-80.7911,25.0915]]],[[[-80.7923,25.0679],[-80.7887,25.071],[-80.7875,25.0687],[-80.7923,25.0679]]],[[[-80.8298,24.9877],[-80.8299,24.9945],[-80.8279,24.9879],[-80.8298,24.9877]]],[[[-80.8309,25.1152],[-80.8323,25.1217],[-80.8287,25.115],[-80.8309,25.1152]]],[[[-80.8482,24.8058],[-80.8305,24.8124],[-80.7905,24.8429],[-80.8102,24.8242],[-80.7996,24.8175],[-80.7884,24.8253],[-80.7945,24.812],[-80.8482,24.8058]]],[[[-80.8515,25.1077],[-80.8504,25.1107],[-80.8498,25.1085],[-80.8515,25.1077]]],[[[-80.8653,25.03],[-80.8626,25.034],[-80.8609,25.0311],[-80.8653,25.03]]],[[[-80.8831,25.1107],[-80.8808,25.1192],[-80.8765,25.1172],[-80.8761,25.1109],[-80.8831,25.1107]]],[[[-80.8854,25.0581],[-80.8848,25.0612],[-80.8836,25.0599],[-80.8854,25.0581]]],[[[-80.9041,25.0497],[-80.9018,25.0522],[-80.9016,25.0503],[-80.9041,25.0497]]],[[[-80.9054,25.1326],[-80.9042,25.1374],[-80.9002,25.1374],[-80.9054,25.1326]]],[[[-80.9111,25.102],[-80.912,25.1103],[-80.9078,25.1029],[-80.9111,25.102]]],[[[-80.9232,24.7667],[-80.9153,24.7779],[-80.9088,24.7776],[-80.9076,24.7686],[-80.9232,24.7667]]],[[[-80.9315,24.7634],[-80.926,24.7689],[-80.9264,24.7659],[-80.9315,24.7634]]],[[[-80.9299,25.0785],[-80.9295,25.0809],[-80.9252,25.0806],[-80.9299,25.0785]]],[[[-80.9416,25.1062],[-80.9353,25.1111],[-80.9325,25.1092],[-80.9416,25.1062]]],[[[-81.1248,24.7071],[-81.0654,24.7209],[-81.0416,24.7433],[-81.0169,24.7347],[-80.9944,24.744],[-80.9887,24.7602],[-80.98,24.7529],[-80.9538,24.7709],[-80.9494,24.7659],[-80.9314,24.7743],[-81.0159,24.7199],[-81.0238,24.7169],[-81.0298,24.7281],[-81.0671,24.7149],[-81.0773,24.69],[-81.108,24.6886],[-81.1248,24.7071]]],[[[-81.2301,24.7769],[-81.228,24.7818],[-81.2261,24.7757],[-81.2301,24.7769]]],[[[-81.2808,24.6556],[-81.26,24.6748],[-81.2432,24.674],[-81.2448,24.6692],[-81.2808,24.6556]]],[[[-81.2939,24.7726],[-81.2878,24.7764],[-81.2857,24.7682],[-81.2939,24.7726]]],[[[-81.3143,24.7508],[-81.3061,24.7571],[-81.299,24.7436],[-81.3143,24.7508]]],[[[-81.324,24.7596],[-81.3242,24.7671],[-81.3173,24.7568],[-81.324,24.7596]]],[[[-81.3306,24.7295],[-81.3252,24.731],[-81.3284,24.7503],[-81.3037,24.7325],[-81.2974,24.7167],[-81.3306,24.7295]]],[[[-81.3422,24.7392],[-81.3336,24.7442],[-81.3321,24.7327],[-81.3329,24.7316],[-81.3422,24.7392]]],[[[-81.356,25.7035],[-81.3412,25.7126],[-81.3382,25.6929],[-81.3556,25.6925],[-81.356,25.7035]]],[[[-81.4443,24.6329],[-81.4417,24.636],[-81.4409,24.633],[-81.4443,24.6329]]],[[[-81.47,25.8036],[-80.8731,25.8054],[-80.8732,25.364],[-80.8622,25.3642],[-80.8579,25.1766],[-80.9001,25.162],[-80.9006,25.1397],[-80.9159,25.1413],[-80.9455,25.1284],[-80.9718,25.134],[-80.9992,25.1242],[-81.0505,25.1283],[-81.0839,25.1162],[-81.1206,25.1523],[-81.141,25.1572],[-81.149,25.1977],[-81.172,25.2223],[-81.1709,25.2459],[-81.1481,25.3328],[-81.1339,25.343],[-81.1214,25.3388],[-81.1173,25.355],[-81.1251,25.3612],[-81.123,25.3791],[-81.1505,25.3873],[-81.1468,25.4076],[-81.1671,25.4509],[-81.168,25.4695],[-81.189,25.4807],[-81.2097,25.5065],[-81.2044,25.5389],[-81.2336,25.5689],[-81.2417,25.6065],[-81.2715,25.6143],[-81.2733,25.6385],[-81.2899,25.6543],[-81.2849,25.6689],[-81.2919,25.6725],[-81.2903,25.6875],[-81.3461,25.7215],[-81.3602,25.7418],[-81.3819,25.7492],[-81.3814,25.7755],[-81.389,25.7813],[-81.47,25.8036]]],[[[-81.4828,24.6181],[-81.469,24.6132],[-81.4677,24.61],[-81.4715,24.6099],[-81.4828,24.6181]]],[[[-81.8108,24.566],[-81.8109,24.5695],[-81.8096,24.5695],[-81.8108,24.566]]],[[[-81.812,24.5488],[-81.7999,24.5645],[-81.7995,24.5942],[-81.794,24.5757],[-81.7664,24.586],[-81.7528,24.5802],[-81.722,24.6067],[-81.7283,24.6176],[-81.7653,24.6326],[-81.7543,24.654],[-81.5846,24.7367],[-81.5712,24.7564],[-81.5158,24.7562],[-81.4981,24.7926],[-81.4435,24.8134],[-81.4396,24.8037],[-81.458,24.7818],[-81.4515,24.7669],[-81.4202,24.778],[-81.4055,24.7927],[-81.3718,24.7791],[-81.3594,24.7286],[-81.3418,24.7071],[-81.3196,24.7027],[-81.3088,24.6646],[-81.2969,24.6554],[-81.3948,24.6211],[-81.4125,24.6467],[-81.4357,24.6507],[-81.4439,24.6427],[-81.4469,24.6534],[-81.4805,24.6446],[-81.5059,24.6545],[-81.5108,24.6257],[-81.519,24.6188],[-81.5592,24.6096],[-81.6043,24.5862],[-81.6651,24.5733],[-81.6852,24.5587],[-81.812,24.5488]]],[[[-81.8146,24.5604],[-81.8128,24.5636],[-81.8123,24.5608],[-81.8146,24.5604]]],[[[-81.8931,24.5627],[-81.8859,24.563],[-81.8837,24.5603],[-81.8882,24.5578],[-81.8931,24.5627]]],[[[-81.9211,24.6013],[-81.9231,24.6066],[-81.9195,24.6055],[-81.9211,24.6013]]],[[[-81.9249,24.54],[-81.9213,24.5485],[-81.9168,24.5454],[-81.9249,24.54]]],[[[-81.926,24.5265],[-81.9256,24.5329],[-81.9177,24.5305],[-81.926,24.5265]]],[[[-81.9643,24.5213],[-81.9631,24.525],[-81.9631,24.5213],[-81.9643,24.5213]]],[[[-81.9785,24.5232],[-81.9709,24.527],[-81.9682,24.5235],[-81.9785,24.5232]]],[[[-82.0065,24.5274],[-82.0075,24.5379],[-81.9983,24.5309],[-82.0065,24.5274]]],[[[-82.1454,24.5899],[-82.13,24.5975],[-82.1081,24.5906],[-82.1013,24.5655],[-82.1161,24.5495],[-82.1335,24.55],[-82.1142,24.5587],[-82.1104,24.5686],[-82.1257,24.5854],[-82.1454,24.5899]]]]}},{"type":"Feature","properties":{"county_fips":"12021","county_name":"Collier","state":"FL"},"geometry":{"type":"Polygon","coordinates":[[[-81.8458,26.3304],[-81.8191,26.3304],[-81.819,26.3162],[-81.6579,26.3176],[-81.6595,26.4211],[-81.5625,26.4226],[-81.5638,26.5133],[-81.2718,26.5171],[-81.2682,26.2531],[-80.8797,26.2593],[-80.8731,25.8054],[-81.47,25.8036],[-81.464,25.8113],[-81.4895,25.8221],[-81.4996,25.8348],[-81.53,25.8386],[-81.5342,25.8566],[-81.5479,25.8496],[-81.5525,25.8583],[-81.5644,25.8562],[-81.605,25.8921],[-81.6226,25.8907],[-81.6386,25.9054],[-81.6721,25.8818],[-81.6726,25.8567],[-81.6783,25.8453],[-81.6848,25.8472],[-81.718,25.9079],[-81.7295,25.9094],[-81.7346,25.9361],[-81.7531,25.9511],[-81.7529,25.9612],[-81.7382,25.9718],[-81.7624,26.0061],[-81.8017,26.0914],[-81.8207,26.2367],[-81.8458,26.3304]]]}},{"type":"Feature","properties":{"county_fips":"45089","county_name":"Williamsburg","state":"SC"},"geometry":{"type":"Polygon","coordinates":[[[-80.1017,33.4969],[-79.9932,33.7045],[-79.9744,33.7216],[-79.9956,33.7679],[-79.9445,33.8102],[-79.9153,33.8186],[-79.8756,33.8852],[-79.8549,33.8917],[-79.8349,33.8826],[-79.7984,33.8356],[-79.7434,33.8351],[-79.7249,33.8146],[-79.6996,33.814],[-79.688,33.8049],[-79.6773,33.8147],[-79.6358,33.818],[-79.6349,33.8084],[-79.4965,33.7754],[-79.4415,33.7844],[-79.4187,33.7994],[-79.3972,33.8012],[-79.3852,33.8175],[-79.3704,33.8186],[-79.3314,33.8048],[-79.3201,33.7913],[-79.317,33.7799],[-79.3378,33.7746],[-79.3466,33.7553],[-79.41,33.6879],[-79.4425,33.596],[-79.4359,33.5725],[-79.4833,33.5368],[-79.4963,33.5175],[-79.5397,33.496],[-79.5901,33.4435],[-79.596,33.4215],[-79.6338,33.3726],[-79.6772,33.3368],[-79.677,33.3049],[-79.7096,33.3212],[-79.7348,33.3202],[-79.7554,33.3295],[-79.7842,33.3761],[-79.807,33.3726],[-79.8548,33.4029],[-79.8613,33.4178],[-79.8787,33.4271],[-79.8682,33.4345],[-79.8941,33.4537],[-79.9031,33.4504],[-79.9646,33.4986],[-79.9898,33.4983],[-79.9988,33.5067],[-80.0019,33.4947],[-80.0121,33.5052],[-80.0186,33.4983],[-80.0239,33.5063],[-80.0425,33.5009],[-80.0735,33.5072],[-80.1017,33.4969]]]}},{"type":"Feature","properties":{"county_fips":"37115","county_name":"Madison","state":"NC"},"geometry":{"type":"Polygon","coordinates":[[[-82.9622,35.7928],[-82.9455,35.8247],[-82.9166,35.8414],[-82.9206,35.8685],[-82.8963,35.8803],[-82.9065,35.8841],[-82.9018,35.8929],[-82.92,35.9284],[-82.9016,35.9274],[-82.8985,35.9451],[-82.8742,35.9527],[-82.8498,35.9478],[-82.8219,35.9218],[-82.805,35.9272],[-82.8059,35.9379],[-82.7749,35.972],[-82.7856,35.9778],[-82.776,36.0001],[-82.7501,36.006],[-82.6372,36.0658],[-82.591,36.0336],[-82.6144,36.0035],[-82.6042,35.9873],[-82.6109,35.9674],[-82.581,35.9656],[-82.5579,35.9539],[-82.5425,35.968],[-82.5055,35.9777],[-82.4967,35.957],[-82.4803,35.9499],[-82.4985,35.9303],[-82.4905,35.9214],[-82.4949,35.9103],[-82.4487,35.8969],[-82.4175,35.8592],[-82.4196,35.8433],[-82.4086,35.8182],[-82.4358,35.8086],[-82.4641,35.8093],[-82.4758,35.7983],[-82.5147,35.8032],[-82.677,35.7349],[-82.6698,35.7258],[-82.7119,35.733],[-82.7138,35.7178],[-82.7311,35.7222],[-82.7334,35.7139],[-82.7492,35.7125],[-82.754,35.7035],[-82.7928,35.6967],[-82.8047,35.6862],[-82.8492,35.7015],[-82.8839,35.6782],[-82.9011,35.6849],[-82.8986,35.7037],[-82.9104,35.7162],[-82.9077,35.728],[-82.9176,35.7448],[-82.9479,35.7389],[-82.9572,35.7468],[-82.9501,35.7749],[-82.9622,35.7928]]]}},{"type":"Feature","properties":{"county_fips":"13209","county_name":"Montgomery","state":"GA"},"geometry":{"type":"Polygon","coordinates":[[[-82.6558,32.3015],[-82.6491,32.3115],[-82.4091,32.3537],[-82.4391,32.2926],[-82.4411,32.218],[-82.4831,31.969],[-82.4995,31.9606],[-82.4808,31.9574],[-82.484,31.9515],[-82.5437,31.9589],[-82.5392,31.9666],[-82.546,31.9806],[-82.5555,31.9799],[-82.5587,31.9923],[-82.5655,31.99],[-82.5917,32.0086],[-82.6014,32.0216],[-82.5975,32.0296],[-82.6075,32.032],[-82.6021,32.0468],[-82.6138,32.0606],[-82.6084,32.0728],[-82.623,32.0823],[-82.613,32.0844],[-82.6172,32.1012],[-82.6113,32.1068],[-82.6174,32.105],[-82.6304,32.1301],[-82.6136,32.15],[-82.6129,32.1615],[-82.626,32.1688],[-82.6238,32.182],[-82.6312,32.1809],[-82.6253,32.206],[-82.6357,32.2205],[-82.6338,32.2328],[-82.6492,32.2464],[-82.6366,32.2691],[-82.6515,32.2868],[-82.6443,32.2908],[-82.6447,32.2954],[-82.6558,32.3015]]]}},{"type":"Feature","properties":{"county_fips":"12027","county_name":"DeSoto","state":"FL"},"geometry":{"type":"Polygon","coordinates":[[[-82.0575,27.0321],[-82.0558,27.3383],[-81.5641,27.3406],[-81.5626,27.0338],[-82.0575,27.0321]]]}},{"type":"Feature","properties":{"county_fips":"45065","county_name":"McCormick","state":"SC"},"geometry":{"type":"Polygon","coordinates":[[[-82.5945,34.0139],[-82.5305,34.0719],[-82.4996,34.0721],[-82.4836,34.0812],[-82.4527,34.0603],[-82.3766,34.0574],[-82.3269,34.0641],[-82.3059,33.9718],[-82.2437,34.0179],[-82.2139,33.9861],[-82.1748,33.9724],[-82.1511,33.9865],[-82.0761,33.9788],[-82.0451,33.9834],[-82.047,33.9532],[-82.1556,33.9289],[-82.1483,33.9028],[-82.1591,33.898],[-82.1546,33.8817],[-82.1137,33.8299],[-82.139,33.8185],[-82.1341,33.8102],[-82.1479,33.7898],[-82.1596,33.7914],[-82.1533,33.7826],[-82.1729,33.7647],[-82.1643,33.7413],[-82.1829,33.7237],[-82.1658,33.6901],[-82.1453,33.6861],[-82.1482,33.6765],[-82.1345,33.6739],[-82.1309,33.6588],[-82.1105,33.6553],[-82.0955,33.6339],[-82.1153,33.5966],[-82.1291,33.5899],[-82.1429,33.5943],[-82.1966,33.6306],[-82.1998,33.6618],[-82.2346,33.7002],[-82.2475,33.7526],[-82.2975,33.783],[-82.3002,33.8006],[-82.4022,33.8647],[-82.4249,33.8641],[-82.4551,33.8817],[-82.4929,33.9098],[-82.513,33.937],[-82.5568,33.9454],[-82.5805,33.9821],[-82.5752,33.9914],[-82.5945,34.0139]]]}},{"type":"Feature","properties":{"county_fips":"12015","county_name":"Charlotte","state":"FL"},"geometry":{"type":"Polygon","coordinates":[[[-82.3752,26.946],[-82.2555,26.9453],[-82.2552,27.033],[-81.5626,27.0338],[-81.5657,26.7696],[-82.0599,26.7704],[-82.051,26.7919],[-82.0511,26.865],[-82.0603,26.8804],[-82.0867,26.8885],[-82.0971,26.9145],[-82.0868,26.9277],[-82.0677,26.9278],[-82.0538,26.9398],[-82.0662,26.9544],[-82.0874,26.959],[-82.0994,26.9534],[-82.1178,26.9651],[-82.1155,26.9511],[-82.1414,26.9239],[-82.1543,26.9249],[-82.1741,26.9417],[-82.1831,26.9358],[-82.1534,26.854],[-82.1463,26.7829],[-82.1722,26.7699],[-82.2056,26.7705],[-82.2215,26.7818],[-82.2721,26.7895],[-82.2825,26.816],[-82.3752,26.946]]]}},{"type":"Feature","properties":{"county_fips":"12059","county_name":"Holmes","state":"FL"},"geometry":{"type":"Polygon","coordinates":[[[-86.0376,30.7046],[-86.035,30.9933],[-85.498,30.9969],[-85.5281,30.9752],[-85.5303,30.9393],[-85.5477,30.9322],[-85.583,30.8845],[-85.5994,30.8445],[-85.6033,30.7963],[-85.6211,30.7708],[-85.619,30.7439],[-85.7361,30.7464],[-85.7351,30.7753],[-85.752,30.7757],[-85.7519,30.7896],[-85.8216,30.7908],[-85.8164,30.7826],[-85.8277,30.7749],[-85.833,30.75],[-85.8225,30.7353],[-85.8261,30.7253],[-85.8348,30.7263],[-85.835,30.7106],[-85.8444,30.7031],[-86.0376,30.7046]]]}},{"type":"Feature","properties":{"county_fips":"12079","county_name":"Madison","state":"FL"},"geometry":{"type":"Polygon","coordinates":[[[-83.8202,30.3035],[-83.8145,30.3176],[-83.7925,30.3192],[-83.7877,30.3284],[-83.8076,30.3487],[-83.8046,30.3769],[-83.79,30.3903],[-83.7832,30.3789],[-83.7573,30.3855],[-83.7511,30.4076],[-83.7217,30.4344],[-83.727,30.4877],[-83.7364,30.5021],[-83.73,30.5188],[-83.7044,30.523],[-83.7043,30.5381],[-83.6711,30.538],[-83.6711,30.5529],[-83.6374,30.5527],[-83.6373,30.5675],[-83.6212,30.5674],[-83.6207,30.582],[-83.6042,30.5819],[-83.6044,30.6382],[-83.6121,30.6387],[-83.6117,30.6513],[-83.272,30.6272],[-83.2566,30.5874],[-83.2627,30.581],[-83.256,30.5622],[-83.2608,30.5528],[-83.2473,30.541],[-83.2389,30.518],[-83.2461,30.5125],[-83.2406,30.5059],[-83.2436,30.473],[-83.2178,30.4642],[-83.2222,30.4235],[-83.2094,30.421],[-83.2062,30.4121],[-83.1948,30.4169],[-83.18,30.4102],[-83.171,30.3852],[-83.1929,30.374],[-83.1912,30.3512],[-83.2126,30.3459],[-83.2099,30.3119],[-83.233,30.292],[-83.2394,30.2604],[-83.4693,30.2604],[-83.4688,30.3042],[-83.8202,30.3035]]]}},{"type":"Feature","properties":{"county_fips":"13285","county_name":"Troup","state":"GA"},"geometry":{"type":"Polygon","coordinates":[[[-85.2365,33.1296],[-85.1174,33.1637],[-85.108,33.1951],[-85.0877,33.1866],[-85.088,33.1717],[-84.939,33.2247],[-84.8621,33.2239],[-84.8622,33.2075],[-84.872,33.2074],[-84.8699,33.1957],[-84.8624,33.1991],[-84.8619,32.8686],[-85.1847,32.8705],[-85.2365,33.1296]]]}},{"type":"Feature","properties":{"county_fips":"13233","county_name":"Polk","state":"GA"},"geometry":{"type":"Polygon","coordinates":[[[-85.4219,34.0808],[-85.2581,34.0791],[-85.2576,34.1007],[-85.1574,34.0973],[-85.1575,34.0835],[-85.1225,34.0831],[-85.122,34.0967],[-85.1007,34.0967],[-85.0469,34.0964],[-85.047,34.0829],[-84.9227,34.0825],[-84.9787,33.9514],[-85.0498,33.9526],[-85.0503,33.9045],[-85.2128,33.9063],[-85.2128,33.8992],[-85.3865,33.9017],[-85.4219,34.0808]]]}},{"type":"Feature","properties":{"county_fips":"13131","county_name":"Grady","state":"GA"},"geometry":{"type":"Polygon","coordinates":[[[-84.3807,30.69],[-84.3766,31.0789],[-84.1166,31.078],[-84.1188,30.971],[-84.0758,30.9119],[-84.0838,30.6758],[-84.3807,30.69]]]}},{"type":"Feature","properties":{"county_fips":"13061","county_name":"Clay","state":"GA"},"geometry":{"type":"Polygon","coordinates":[[[-85.141,31.7805],[-85.0738,31.7791],[-85.0739,31.7714],[-84.9586,31.7779],[-84.9593,31.7134],[-84.9494,31.7134],[-84.9498,31.6799],[-84.931,31.6723],[-84.9313,31.6554],[-84.9425,31.6556],[-84.9424,31.6187],[-84.8178,31.6198],[-84.818,31.602],[-84.8279,31.6019],[-84.8281,31.5925],[-84.8182,31.5932],[-84.8184,31.5657],[-84.7991,31.5653],[-84.8103,31.5477],[-84.8189,31.5479],[-84.8196,31.5309],[-84.81,31.5308],[-84.808,31.5144],[-84.8199,31.5144],[-84.8198,31.5012],[-84.9378,31.5033],[-84.9599,31.4928],[-84.9714,31.4973],[-84.9863,31.4889],[-85.0292,31.4861],[-85.0295,31.5186],[-85.0455,31.5171],[-85.0419,31.5447],[-85.058,31.5708],[-85.0575,31.6186],[-85.0845,31.639],[-85.0799,31.6553],[-85.1255,31.695],[-85.1189,31.7327],[-85.1292,31.7587],[-85.1252,31.7671],[-85.141,31.7805]]]}},{"type":"Feature","properties":{"county_fips":"13045","county_name":"Carroll","state":"GA"},"geometry":{"type":"Polygon","coordinates":[[[-85.3382,33.6531],[-85.2897,33.6521],[-85.139,33.7],[-85.115,33.6913],[-85.0665,33.715],[-85.0509,33.7146],[-85.049,33.8123],[-84.9712,33.7996],[-84.9017,33.7807],[-84.9023,33.7306],[-84.9109,33.731],[-84.911,33.7246],[-84.9016,33.722],[-84.9058,33.5734],[-84.8092,33.5741],[-84.8332,33.5471],[-84.8149,33.522],[-84.8491,33.5131],[-84.8553,33.4959],[-84.9025,33.4758],[-84.9213,33.4453],[-84.9374,33.4368],[-84.9819,33.4573],[-84.9888,33.4536],[-84.9865,33.4413],[-85.0154,33.4255],[-85.2939,33.4281],[-85.3382,33.6531]]]}},{"type":"Feature","properties":{"county_fips":"45053","county_name":"Jasper","state":"SC"},"geometry":{"type":"Polygon","coordinates":[[[-81.2813,32.5564],[-81.0146,32.7531],[-80.9765,32.7209],[-80.9648,32.6951],[-80.9459,32.6873],[-80.95,32.6615],[-80.963,32.6522],[-80.9587,32.6425],[-80.9024,32.6216],[-80.8697,32.6609],[-80.8315,32.5934],[-80.836,32.544],[-80.8477,32.5301],[-80.8202,32.4908],[-80.8177,32.4657],[-80.8339,32.4569],[-80.8502,32.4163],[-80.8298,32.4105],[-80.8415,32.3851],[-80.8737,32.3691],[-80.8685,32.3637],[-80.8776,32.3459],[-80.8921,32.3537],[-80.9245,32.3503],[-80.9349,32.3001],[-81.0064,32.3065],[-80.9942,32.2906],[-80.9917,32.2675],[-81.0161,32.2443],[-81.0124,32.2182],[-80.9938,32.188],[-80.9869,32.1934],[-80.9624,32.185],[-80.9693,32.1762],[-80.9618,32.1795],[-80.9486,32.1691],[-80.9576,32.165],[-80.9505,32.1613],[-80.953,32.1416],[-80.961,32.1519],[-80.969,32.1477],[-80.958,32.1377],[-80.9615,32.1262],[-80.9413,32.1373],[-80.9285,32.1386],[-80.9212,32.1301],[-80.9095,32.1347],[-80.9283,32.1214],[-80.8957,32.1077],[-80.9105,32.0799],[-80.8793,32.081],[-80.9075,32.0509],[-80.8895,32.0376],[-80.9251,32.0419],[-80.9539,32.0701],[-80.9835,32.0795],[-81.0043,32.1024],[-81.0381,32.0837],[-81.0883,32.0999],[-81.0912,32.1109],[-81.1154,32.1147],[-81.1199,32.134],[-81.1122,32.1508],[-81.1297,32.1659],[-81.1212,32.1749],[-81.1111,32.1727],[-81.1205,32.1783],[-81.1216,32.1922],[-81.114,32.1954],[-81.1221,32.1955],[-81.1384,32.2193],[-81.1522,32.2223],[-81.1436,32.2293],[-81.1566,32.2439],[-81.1457,32.2515],[-81.1466,32.2628],[-81.1369,32.2661],[-81.1419,32.2717],[-81.1234,32.2751],[-81.127,32.2827],[-81.1199,32.2862],[-81.1229,32.3073],[-81.1331,32.309],[-81.1306,32.3254],[-81.1379,32.3287],[-81.1294,32.3416],[-81.1438,32.3515],[-81.1598,32.34],[-81.1548,32.3496],[-81.1738,32.3627],[-81.1679,32.3683],[-81.1818,32.3793],[-81.1787,32.3936],[-81.2055,32.4236],[-81.2084,32.437],[-81.1994,32.4442],[-81.2045,32.4528],[-81.1975,32.4491],[-81.187,32.4636],[-81.2336,32.4985],[-81.2387,32.507],[-81.2334,32.518],[-81.2529,32.5183],[-81.2799,32.5366],[-81.275,32.5448],[-81.2813,32.5564]]]}},{"type":"Feature","properties":{"county_fips":"12081","county_name":"Manatee","state":"FL"},"geometry":{"type":"MultiPolygon","coordinates":[[[[-82.5736,27.6313],[-82.5726,27.6369],[-82.5692,27.6305],[-82.5736,27.6313]]],[[[-82.7457,27.5388],[-82.708,27.5231],[-82.7068,27.4984],[-82.6861,27.4981],[-82.6869,27.508],[-82.6746,27.5196],[-82.6413,27.5255],[-82.646,27.5335],[-82.612,27.5712],[-82.6117,27.5853],[-82.5774,27.5996],[-82.5541,27.6458],[-82.0543,27.6464],[-82.0565,27.2078],[-82.2536,27.2089],[-82.2523,27.3862],[-82.6428,27.3897],[-82.6901,27.4344],[-82.7145,27.5004],[-82.7457,27.5388]]]]}},{"type":"Feature","properties":{"county_fips":"12115","county_name":"Sarasota","state":"FL"},"geometry":{"type":"Polygon","coordinates":[[[-82.6428,27.3897],[-82.2523,27.3862],[-82.2536,27.2089],[-82.0565,27.2078],[-82.0575,27.0321],[-82.2552,27.033],[-82.2555,26.9453],[-82.3752,26.946],[-82.4457,27.0606],[-82.522,27.2284],[-82.5451,27.261],[-82.5689,27.2756],[-82.5601,27.2951],[-82.6428,27.3897]]]}},{"type":"Feature","properties":{"county_fips":"12111","county_name":"St. Lucie","state":"FL"},"geometry":{"type":"Polygon","coordinates":[[[-80.6797,27.5587],[-80.3215,27.557],[-80.2907,27.4743],[-80.2966,27.471],[-80.1994,27.263],[-80.2848,27.2637],[-80.2853,27.2439],[-80.293,27.242],[-80.2851,27.231],[-80.2855,27.206],[-80.6779,27.206],[-80.6797,27.5587]]]}},{"type":"Feature","properties":{"county_fips":"12099","county_name":"Palm Beach","state":"FL"},"geometry":{"type":"Polygon","coordinates":[[[-80.8818,26.3338],[-80.8856,26.9589],[-80.142,26.9566],[-80.1418,26.9709],[-80.0799,26.9705],[-80.0314,26.7963],[-80.0375,26.7663],[-80.0389,26.5693],[-80.0748,26.321],[-80.0992,26.3276],[-80.2041,26.3278],[-80.2969,26.3554],[-80.297,26.3344],[-80.8818,26.3338]]]}},{"type":"Feature","properties":{"county_fips":"12005","county_name":"Bay","state":"FL"},"geometry":{"type":"Polygon","coordinates":[[[-85.9957,30.2747],[-85.9927,30.3893],[-85.965,30.4107],[-85.9402,30.4086],[-85.9239,30.4164],[-85.9076,30.4058],[-85.884,30.4103],[-85.8535,30.4406],[-85.488,30.437],[-85.4864,30.5676],[-85.3839,30.5669],[-85.3887,29.9244],[-85.4204,29.9472],[-85.5023,29.9678],[-85.5956,30.0506],[-85.6997,30.0987],[-85.8112,30.1783],[-85.9957,30.2747]]]}},{"type":"Feature","properties":{"county_fips":"13119","county_name":"Franklin","state":"GA"},"geometry":{"type":"Polygon","coordinates":[[[-83.398,34.461],[-83.3731,34.4702],[-83.1778,34.477],[-83.1033,34.5367],[-83.0849,34.531],[-83.0778,34.5241],[-83.0872,34.5159],[-83.0695,34.5021],[-83.0545,34.5029],[-83.0514,34.4939],[-83.0941,34.4161],[-83.1071,34.3447],[-83.0947,34.347],[-83.1059,34.2789],[-83.1727,34.2385],[-83.2028,34.2483],[-83.2504,34.2435],[-83.2865,34.2533],[-83.2976,34.2646],[-83.3553,34.2237],[-83.3381,34.2621],[-83.3939,34.3248],[-83.3797,34.4107],[-83.398,34.461]]]}},{"type":"Feature","properties":{"county_fips":"13149","county_name":"Heard","state":"GA"},"geometry":{"type":"Polygon","coordinates":[[[-85.2939,33.4281],[-85.0154,33.4255],[-84.9586,33.2771],[-84.9488,33.2823],[-84.9488,33.2657],[-84.9546,33.2656],[-84.939,33.2247],[-85.088,33.1717],[-85.0877,33.1866],[-85.108,33.1951],[-85.1174,33.1637],[-85.2365,33.1296],[-85.2939,33.4281]]]}},{"type":"Feature","properties":{"county_fips":"45037","county_name":"Edgefield","state":"SC"},"geometry":{"type":"Polygon","coordinates":[[[-82.1826,33.7266],[-82.1643,33.7413],[-82.1729,33.7647],[-82.1533,33.7826],[-82.1596,33.7914],[-82.1479,33.7898],[-82.1341,33.8102],[-82.139,33.8185],[-82.1137,33.8299],[-82.1546,33.8817],[-82.1591,33.898],[-82.1483,33.9028],[-82.1556,33.9289],[-81.932,33.9769],[-81.8946,33.9754],[-81.8704,33.892],[-81.8368,33.8665],[-81.6518,33.8145],[-82.0125,33.5321],[-82.0463,33.5638],[-82.1153,33.5966],[-82.0955,33.6339],[-82.1105,33.6553],[-82.1309,33.6588],[-82.1345,33.6739],[-82.1482,33.6765],[-82.1453,33.6861],[-82.1658,33.6901],[-82.1826,33.7266]]]}},{"type":"Feature","properties":{"county_fips":"45039","county_name":"Fairfield","state":"SC"},"geometry":{"type":"Polygon","coordinates":[[[-81.4224,34.4822],[-81.4227,34.572],[-80.8776,34.5431],[-80.8817,34.5001],[-80.8987,34.4867],[-80.8882,34.4679],[-80.8332,34.4148],[-80.7935,34.4133],[-80.7832,34.4065],[-80.7836,34.3888],[-80.7699,34.3771],[-80.8259,34.2688],[-80.9619,34.252],[-81.0612,34.228],[-81.0699,34.2322],[-81.0708,34.2251],[-81.0959,34.2139],[-81.1812,34.2203],[-81.1684,34.1977],[-81.1794,34.1871],[-81.1783,34.1746],[-81.2264,34.2057],[-81.2513,34.2029],[-81.2841,34.233],[-81.3142,34.2377],[-81.3423,34.2669],[-81.3396,34.2922],[-81.3652,34.3227],[-81.3715,34.3504],[-81.3965,34.3898],[-81.4212,34.4538],[-81.4125,34.4699],[-81.4224,34.4822]]]}},{"type":"Feature","properties":{"county_fips":"12019","county_name":"Clay","state":"FL"},"geometry":{"type":"Polygon","coordinates":[[[-82.0494,30.1869],[-81.6796,30.1905],[-81.6905,30.1719],[-81.6921,30.1447],[-81.68,30.1191],[-81.6889,30.0286],[-81.6782,30.0122],[-81.6049,29.9635],[-81.5987,29.941],[-81.6076,29.9057],[-81.5812,29.8402],[-81.8124,29.8365],[-81.862,29.8002],[-81.9142,29.7914],[-81.9394,29.7475],[-81.9911,29.744],[-82.0071,29.7395],[-82.0289,29.7187],[-82.0492,29.7187],[-82.0494,30.1869]]]}},{"type":"Feature","properties":{"county_fips":"45073","county_name":"Oconee","state":"SC"},"geometry":{"type":"Polygon","coordinates":[[[-83.3539,34.6992],[-83.3466,34.7042],[-83.3528,34.7174],[-83.3491,34.7366],[-83.3189,34.7583],[-83.3239,34.7897],[-83.3012,34.804],[-83.3031,34.8187],[-83.2961,34.8131],[-83.2887,34.8247],[-83.2767,34.8169],[-83.2683,34.8211],[-83.2724,34.8347],[-83.2663,34.849],[-83.2502,34.8446],[-83.2533,34.8559],[-83.2347,34.8707],[-83.2431,34.8774],[-83.2199,34.8781],[-83.2145,34.8885],[-83.2063,34.8797],[-83.2031,34.8939],[-83.1968,34.8907],[-83.1691,34.9188],[-83.1572,34.9149],[-83.1562,34.931],[-83.1406,34.9249],[-83.1276,34.9385],[-83.1117,34.9359],[-83.1276,34.9495],[-83.1266,34.9549],[-83.114,34.9509],[-83.1221,34.9643],[-83.0984,34.9911],[-83.1096,35.0012],[-82.8976,35.056],[-82.9183,35.0361],[-82.9138,35.0295],[-82.9209,35.0157],[-82.9121,35.0095],[-82.9303,35.0093],[-82.9436,34.9875],[-82.9341,34.9766],[-82.9159,34.9724],[-82.9192,34.9599],[-82.9088,34.9544],[-82.9157,34.9471],[-82.9033,34.935],[-82.9089,34.9213],[-82.9014,34.9146],[-82.901,34.8954],[-82.9093,34.8947],[-82.8961,34.8369],[-82.9011,34.8232],[-82.8966,34.8029],[-82.8881,34.8077],[-82.8872,34.7952],[-82.873,34.79],[-82.8932,34.7654],[-82.889,34.7608],[-82.9002,34.7411],[-82.8581,34.7293],[-82.857,34.7132],[-82.8651,34.7016],[-82.8494,34.6959],[-82.8512,34.6685],[-82.8324,34.66],[-82.8401,34.6525],[-82.8229,34.6545],[-82.8396,34.6451],[-82.8373,34.6393],[-82.8274,34.6424],[-82.8366,34.6327],[-82.8567,34.6323],[-82.8522,34.6213],[-82.84,34.6233],[-82.8529,34.6148],[-82.8591,34.6215],[-82.867,34.6172],[-82.8553,34.6089],[-82.9951,34.4725],[-83.0334,34.4831],[-83.0545,34.5029],[-83.0695,34.5021],[-83.0872,34.5159],[-83.0779,34.5248],[-83.1029,34.5326],[-83.1229,34.5601],[-83.1405,34.5624],[-83.1432,34.5734],[-83.1587,34.579],[-83.1546,34.5882],[-83.1703,34.5924],[-83.16,34.6035],[-83.2313,34.6112],[-83.2545,34.6371],[-83.2932,34.6543],[-83.3046,34.6696],[-83.3414,34.6814],[-83.3401,34.6915],[-83.3539,34.6992]]]}},{"type":"Feature","properties":{"county_fips":"12067","county_name":"Lafayette","state":"FL"},"geometry":{"type":"Polygon","coordinates":[[[-83.3709,29.8879],[-83.3673,30.2604],[-83.2473,30.2607],[-83.2531,30.2511],[-83.2425,30.2482],[-83.2527,30.2357],[-83.2397,30.2267],[-83.25,30.1905],[-83.2316,30.1668],[-83.2387,30.1528],[-83.2251,30.138],[-83.2259,30.1136],[-83.1844,30.0941],[-83.1625,30.11],[-83.1329,30.0969],[-83.1192,30.105],[-83.1111,30.0909],[-83.0696,30.0813],[-83.0665,30.0654],[-83.0133,30.0321],[-83.0013,30.0088],[-82.9794,30.0074],[-82.9638,29.9945],[-82.9524,29.9594],[-82.9318,29.9578],[-82.9262,29.9499],[-82.9205,29.9301],[-82.9259,29.9213],[-82.9121,29.9048],[-82.9155,29.8918],[-82.895,29.9003],[-82.8852,29.8916],[-82.8931,29.8896],[-82.8901,29.8849],[-82.8768,29.8862],[-82.8755,29.867],[-82.8934,29.8268],[-82.904,29.8243],[-83.3529,29.8222],[-83.353,29.8879],[-83.3709,29.8879]]]}},{"type":"Feature","properties":{"county_fips":"13129","county_name":"Gordon","state":"GA"},"geometry":{"type":"Polygon","coordinates":[[[-85.1114,34.4634],[-85.0901,34.4635],[-85.09,34.5419],[-85.0635,34.5425],[-85.0692,34.5872],[-85.0605,34.5872],[-85.0604,34.6225],[-85.0504,34.6225],[-85.0504,34.616],[-84.9264,34.6157],[-84.9279,34.6254],[-84.9083,34.6341],[-84.9082,34.6158],[-84.7797,34.6083],[-84.7666,34.6155],[-84.7468,34.6098],[-84.7446,34.6238],[-84.7165,34.6229],[-84.7144,34.6051],[-84.7313,34.6127],[-84.7312,34.5986],[-84.7055,34.5985],[-84.7053,34.5908],[-84.682,34.5898],[-84.682,34.5833],[-84.6545,34.5832],[-84.6533,34.4632],[-84.6445,34.463],[-84.6444,34.4558],[-84.6537,34.4558],[-84.6532,34.4126],[-84.7339,34.413],[-84.7341,34.3965],[-84.9472,34.3989],[-84.9539,34.3842],[-84.9888,34.3846],[-84.9909,34.3925],[-85.0239,34.3918],[-85.0317,34.4014],[-85.1044,34.4043],[-85.1061,34.4169],[-85.0887,34.425],[-85.1114,34.4634]]]}},{"type":"Feature","properties":{"county_fips":"13231","county_name":"Pike","state":"GA"},"geometry":{"type":"Polygon","coordinates":[[[-84.5377,33.0131],[-84.5361,33.0402],[-84.5235,33.0539],[-84.5251,33.0785],[-84.5108,33.0841],[-84.5286,33.0984],[-84.5187,33.1014],[-84.5181,33.1225],[-84.5109,33.1263],[-84.5177,33.1416],[-84.5074,33.1545],[-84.5076,33.1747],[-84.4813,33.1885],[-84.4735,33.2019],[-84.4588,33.2011],[-84.4513,33.2089],[-84.3935,33.2083],[-84.3936,33.2003],[-84.3731,33.2004],[-84.3737,33.1896],[-84.2482,33.189],[-84.2487,33.0393],[-84.2692,33.0314],[-84.2701,32.991],[-84.2891,32.9913],[-84.2987,32.9997],[-84.2987,32.9915],[-84.4897,32.9937],[-84.5057,32.9726],[-84.5243,32.9687],[-84.527,33.0001],[-84.5377,33.0131]],[[-84.3027,32.9997],[-84.2987,33.0041],[-84.3027,33.0042],[-84.3027,32.9997]]]}},{"type":"Feature","properties":{"county_fips":"13011","county_name":"Banks","state":"GA"},"geometry":{"type":"Polygon","coordinates":[[[-83.6692,34.3669],[-83.6425,34.4155],[-83.6232,34.4193],[-83.6074,34.444],[-83.5848,34.4534],[-83.5524,34.4858],[-83.5375,34.4917],[-83.4584,34.4839],[-83.4162,34.4691],[-83.3967,34.4606],[-83.3797,34.4107],[-83.3939,34.3248],[-83.3381,34.2621],[-83.3432,34.2391],[-83.3679,34.2091],[-83.4024,34.1975],[-83.4795,34.2607],[-83.5615,34.2527],[-83.6446,34.3155],[-83.6514,34.3491],[-83.6692,34.3669]]]}},{"type":"Feature","properties":{"county_fips":"13167","county_name":"Johnson","state":"GA"},"geometry":{"type":"Polygon","coordinates":[[[-82.9562,32.7122],[-82.947,32.7594],[-82.8025,32.8098],[-82.7754,32.7949],[-82.7686,32.7691],[-82.6808,32.7968],[-82.667,32.7829],[-82.5606,32.8201],[-82.5211,32.8224],[-82.4733,32.7776],[-82.4341,32.7623],[-82.4528,32.7193],[-82.4994,32.6863],[-82.4903,32.662],[-82.4639,32.6472],[-82.4929,32.634],[-82.4989,32.6427],[-82.5177,32.6337],[-82.512,32.6252],[-82.5944,32.5792],[-82.5912,32.5577],[-82.5644,32.5324],[-82.5853,32.5252],[-82.5979,32.5329],[-82.6026,32.5095],[-82.603,32.5215],[-82.6477,32.5125],[-82.6745,32.5239],[-82.6686,32.6122],[-82.7945,32.6602],[-82.7858,32.6867],[-82.8628,32.7158],[-82.9562,32.7122]]]}},{"type":"Feature","properties":{"county_fips":"13299","county_name":"Ware","state":"GA"},"geometry":{"type":"Polygon","coordinates":[[[-82.6992,31.2781],[-82.6636,31.2879],[-82.6296,31.2747],[-82.6282,31.4693],[-82.4947,31.4687],[-82.4937,31.4429],[-82.4814,31.4431],[-82.4815,31.4175],[-82.4172,31.4171],[-82.4174,31.405],[-82.4026,31.4048],[-82.4026,31.3909],[-82.417,31.3909],[-82.417,31.3789],[-82.4026,31.3788],[-82.4026,31.365],[-82.3895,31.3649],[-82.3872,31.2971],[-82.3672,31.2853],[-82.3687,31.2768],[-82.3507,31.2556],[-82.3185,31.2369],[-82.3147,31.2259],[-82.2846,31.2244],[-82.2843,31.1922],[-82.2304,31.1686],[-82.2087,31.1709],[-82.2083,31.0848],[-82.1636,31.0486],[-82.1317,31.0107],[-82.4156,31.0136],[-82.4204,30.7952],[-82.1782,30.791],[-82.1499,30.7843],[-82.2148,30.5685],[-82.4189,30.5817],[-82.4188,30.6131],[-82.4309,30.6128],[-82.4289,30.6903],[-82.4351,30.7166],[-82.42,30.7166],[-82.4201,30.7292],[-82.4352,30.7291],[-82.4359,30.8201],[-82.4955,30.8196],[-82.4906,30.9632],[-82.5201,30.9631],[-82.5521,31.0018],[-82.5921,31.0185],[-82.6897,31.2214],[-82.701,31.2232],[-82.6992,31.2781]]]}},{"type":"Feature","properties":{"county_fips":"13125","county_name":"Glascock","state":"GA"},"geometry":{"type":"Polygon","coordinates":[[[-82.7552,33.2547],[-82.6784,33.2742],[-82.6456,33.3014],[-82.5598,33.3273],[-82.432,33.2748],[-82.5849,33.1715],[-82.5739,33.1539],[-82.5827,33.1189],[-82.6619,33.1263],[-82.7023,33.146],[-82.719,33.1701],[-82.7395,33.1744],[-82.7411,33.1963],[-82.7334,33.2081],[-82.7552,33.2547]]]}},{"type":"Feature","properties":{"county_fips":"13273","county_name":"Terrell","state":"GA"},"geometry":{"type":"Polygon","coordinates":[[[-84.6031,31.772],[-84.5998,31.9202],[-84.4533,31.9192],[-84.4531,31.9263],[-84.4452,31.9261],[-84.4438,31.9675],[-84.3834,31.9169],[-84.3576,31.8852],[-84.3403,31.8728],[-84.2931,31.8649],[-84.2596,31.8279],[-84.2645,31.8124],[-84.2585,31.7908],[-84.2865,31.7912],[-84.2954,31.6981],[-84.3049,31.6982],[-84.3052,31.6911],[-84.2956,31.691],[-84.2978,31.622],[-84.5469,31.6212],[-84.5361,31.6461],[-84.5351,31.679],[-84.5703,31.7569],[-84.5632,31.7706],[-84.6031,31.772]],[[-84.3052,31.6911],[-84.3143,31.6912],[-84.3146,31.6832],[-84.3055,31.6832],[-84.3052,31.6911]]]}},{"type":"Feature","properties":{"county_fips":"13169","county_name":"Jones","state":"GA"},"geometry":{"type":"Polygon","coordinates":[[[-83.8165,33.1307],[-83.4291,33.1854],[-83.415,33.1128],[-83.3577,32.9261],[-83.5234,32.8413],[-83.5651,32.8772],[-83.5793,32.8658],[-83.5982,32.8878],[-83.6586,32.8878],[-83.6633,32.8987],[-83.696,32.9169],[-83.7006,32.944],[-83.7107,32.9528],[-83.7061,32.9644],[-83.7229,32.9773],[-83.719,33.0011],[-83.7296,33.0136],[-83.7212,33.0234],[-83.7254,33.0327],[-83.747,33.0634],[-83.7745,33.0797],[-83.8165,33.1307]]]}},{"type":"Feature","properties":{"county_fips":"13199","county_name":"Meriwether","state":"GA"},"geometry":{"type":"Polygon","coordinates":[[[-84.8618,32.8725],[-84.8624,33.1912],[-84.8523,33.191],[-84.8524,33.2236],[-84.7033,33.2228],[-84.7032,33.2312],[-84.694,33.2313],[-84.694,33.223],[-84.6546,33.2307],[-84.6527,33.2225],[-84.5006,33.219],[-84.4984,33.2016],[-84.4905,33.1976],[-84.5076,33.1747],[-84.5074,33.1545],[-84.5177,33.1416],[-84.5108,33.131],[-84.5182,33.1025],[-84.5286,33.0984],[-84.5108,33.0841],[-84.5251,33.0785],[-84.5235,33.0539],[-84.5361,33.0402],[-84.538,33.0114],[-84.527,33.0001],[-84.5304,32.9859],[-84.5216,32.9761],[-84.5344,32.9642],[-84.5193,32.9524],[-84.527,32.9151],[-84.5116,32.9123],[-84.5071,32.8775],[-84.5707,32.8452],[-84.7005,32.8446],[-84.7515,32.8627],[-84.7513,32.8692],[-84.8476,32.8684],[-84.8618,32.8725]]]}},{"type":"Feature","properties":{"county_fips":"13177","county_name":"Lee","state":"GA"},"geometry":{"type":"MultiPolygon","coordinates":[[[[-84.3143,31.6912],[-84.3052,31.6911],[-84.3055,31.6832],[-84.3146,31.6832],[-84.3143,31.6912]]],[[[-84.3381,31.9162],[-83.9225,31.9097],[-83.9341,31.8814],[-83.9265,31.8633],[-83.9394,31.8479],[-83.9684,31.8335],[-83.9798,31.8124],[-83.9769,31.8033],[-84.0089,31.8006],[-84.0063,31.7907],[-83.9916,31.7849],[-83.9862,31.7664],[-84.0035,31.7546],[-84.0076,31.7355],[-84.0327,31.7163],[-84.0196,31.6925],[-84.0124,31.663],[-84.0166,31.6515],[-84.0341,31.6432],[-84.0432,31.6236],[-84.2978,31.622],[-84.2956,31.691],[-84.3052,31.6911],[-84.3049,31.6982],[-84.2954,31.6981],[-84.2865,31.7912],[-84.2585,31.7908],[-84.2645,31.8124],[-84.2596,31.8279],[-84.2931,31.8649],[-84.3382,31.8736],[-84.3381,31.9162]]]]}},{"type":"Feature","properties":{"county_fips":"37045","county_name":"Cleveland","state":"NC"},"geometry":{"type":"Polygon","coordinates":[[[-81.7681,35.1804],[-81.7595,35.2226],[-81.7029,35.3573],[-81.6927,35.583],[-81.6706,35.5666],[-81.649,35.5616],[-81.5962,35.5713],[-81.5732,35.5587],[-81.5453,35.5647],[-81.5154,35.5583],[-81.5092,35.5504],[-81.513,35.5233],[-81.4588,35.4237],[-81.3989,35.3531],[-81.3567,35.3306],[-81.3666,35.3149],[-81.3557,35.2805],[-81.3217,35.2604],[-81.328,35.1634],[-81.7681,35.1804]]]}},{"type":"Feature","properties":{"county_fips":"13071","county_name":"Colquitt","state":"GA"},"geometry":{"type":"Polygon","coordinates":[[[-84.0139,31.1036],[-84.0137,31.1118],[-84.003,31.1119],[-83.9994,31.335],[-83.7591,31.3322],[-83.7589,31.319],[-83.7141,31.3184],[-83.7139,31.3317],[-83.5126,31.3274],[-83.5153,31.3023],[-83.5056,31.269],[-83.5136,31.2329],[-83.51,31.206],[-83.5405,31.1792],[-83.5435,31.148],[-83.5559,31.1445],[-83.5573,31.1105],[-83.5767,31.0846],[-83.574,31.0339],[-83.7808,31.0385],[-83.7811,31.0258],[-83.7961,31.026],[-83.7957,31.0387],[-84.0039,31.0416],[-84.0032,31.1023],[-84.0139,31.1036]]]}},{"type":"Feature","properties":{"county_fips":"13235","county_name":"Pulaski","state":"GA"},"geometry":{"type":"Polygon","coordinates":[[[-83.6158,32.2515],[-83.6064,32.2513],[-83.6061,32.2785],[-83.6064,32.2884],[-83.6156,32.2886],[-83.5794,32.3363],[-83.5237,32.4022],[-83.5067,32.3889],[-83.498,32.4017],[-83.3465,32.2725],[-83.3739,32.2497],[-83.2911,32.1788],[-83.3248,32.1504],[-83.3047,32.1332],[-83.3483,32.1028],[-83.3594,32.1061],[-83.3505,32.1126],[-83.3611,32.1241],[-83.3971,32.1241],[-83.397,32.1326],[-83.4164,32.1331],[-83.4165,32.1252],[-83.4356,32.1252],[-83.4357,32.1172],[-83.5416,32.1181],[-83.5415,32.1261],[-83.5508,32.1262],[-83.551,32.1181],[-83.6085,32.1184],[-83.6069,32.2383],[-83.6158,32.2417],[-83.6158,32.2515]]]}},{"type":"Feature","properties":{"county_fips":"13243","county_name":"Randolph","state":"GA"},"geometry":{"type":"Polygon","coordinates":[[[-84.9586,31.7779],[-84.9103,31.7768],[-84.907,31.9245],[-84.8104,31.9229],[-84.8101,31.9318],[-84.8007,31.9315],[-84.8007,31.9229],[-84.6855,31.9203],[-84.6857,31.929],[-84.6758,31.9287],[-84.6758,31.9205],[-84.5998,31.9202],[-84.6031,31.772],[-84.5632,31.7706],[-84.5703,31.7569],[-84.5355,31.6818],[-84.5361,31.6461],[-84.5469,31.6212],[-84.5688,31.6286],[-84.5688,31.6211],[-84.578,31.6211],[-84.578,31.6373],[-84.5866,31.6374],[-84.5865,31.6212],[-84.5974,31.6214],[-84.5971,31.6376],[-84.6068,31.6378],[-84.6069,31.6283],[-84.6225,31.6285],[-84.6222,31.6378],[-84.6493,31.6437],[-84.6563,31.6379],[-84.6565,31.62],[-84.9424,31.6187],[-84.9425,31.6556],[-84.9313,31.6554],[-84.931,31.6723],[-84.9498,31.6799],[-84.9494,31.7134],[-84.9593,31.7134],[-84.9586,31.7779]]]}},{"type":"Feature","properties":{"county_fips":"13091","county_name":"Dodge","state":"GA"},"geometry":{"type":"Polygon","coordinates":[[[-83.3733,32.2505],[-83.3396,32.2782],[-83.3461,32.2838],[-83.3393,32.2898],[-83.3322,32.284],[-83.284,32.3243],[-83.3047,32.342],[-83.1733,32.4525],[-83.139,32.4231],[-82.991,32.1473],[-82.887,32.198],[-82.8718,32.1827],[-82.9279,32.1353],[-82.9346,32.1533],[-82.9555,32.1353],[-82.9421,32.1241],[-83.2057,31.9003],[-83.2184,31.9157],[-83.2141,31.9218],[-83.2325,31.9308],[-83.2267,31.9383],[-83.2408,31.942],[-83.2358,31.951],[-83.2449,31.945],[-83.2615,31.9521],[-83.2846,31.9842],[-83.2918,31.9832],[-83.2784,31.9944],[-83.2837,32.0029],[-83.2959,32.0017],[-83.2896,32.0264],[-83.2974,32.0276],[-83.2944,32.0385],[-83.3086,32.0498],[-83.3006,32.0551],[-83.3052,32.0733],[-83.2948,32.0784],[-83.3033,32.0777],[-83.3103,32.0924],[-83.318,32.0859],[-83.3244,32.104],[-83.3373,32.1059],[-83.3089,32.1257],[-83.3047,32.1332],[-83.3248,32.1504],[-83.2911,32.1788],[-83.3733,32.2505]]]}},{"type":"Feature","properties":{"county_fips":"13165","county_name":"Jenkins","state":"GA"},"geometry":{"type":"Polygon","coordinates":[[[-82.1479,32.8198],[-82.1237,32.8837],[-82.0813,32.9168],[-81.9564,32.9237],[-81.8579,32.9539],[-81.7836,32.9284],[-81.7676,32.9094],[-81.8679,32.6812],[-81.8657,32.6628],[-81.841,32.6491],[-82.0012,32.6069],[-82.0829,32.6633],[-82.1479,32.8198]]]}},{"type":"Feature","properties":{"county_fips":"47179","county_name":"Washington","state":"TN"},"geometry":{"type":"Polygon","coordinates":[[[-82.6989,36.4127],[-82.6762,36.4234],[-82.6807,36.4318],[-82.6629,36.4425],[-82.6018,36.4235],[-82.4384,36.4456],[-82.4358,36.4373],[-82.4216,36.4473],[-82.4219,36.4389],[-82.4035,36.4344],[-82.4079,36.4237],[-82.3977,36.4225],[-82.3917,36.432],[-82.3866,36.4204],[-82.375,36.4208],[-82.3862,36.3921],[-82.3694,36.4031],[-82.2999,36.3965],[-82.3,36.3711],[-82.3423,36.264],[-82.3405,36.2528],[-82.3577,36.2414],[-82.3563,36.2301],[-82.3706,36.2099],[-82.4144,36.1824],[-82.4174,36.1661],[-82.4359,36.1549],[-82.5276,36.149],[-82.5951,36.0962],[-82.6429,36.1421],[-82.6366,36.1435],[-82.6478,36.1464],[-82.6462,36.1766],[-82.6518,36.1768],[-82.6286,36.3593],[-82.6318,36.4188],[-82.6989,36.4127]]]}},{"type":"Feature","properties":{"county_fips":"54055","county_name":"Mercer","state":"WV"},"geometry":{"type":"Polygon","coordinates":[[[-81.3622,37.3377],[-81.3112,37.4245],[-81.2929,37.4132],[-81.2826,37.4198],[-81.3075,37.4591],[-81.2782,37.4724],[-81.2585,37.4988],[-81.2145,37.5079],[-81.2104,37.5306],[-81.2,37.5403],[-81.1989,37.5755],[-81.1354,37.5979],[-81.1194,37.5884],[-81.1081,37.5939],[-81.0937,37.5881],[-80.8596,37.4296],[-80.8628,37.4118],[-80.8832,37.3839],[-80.8495,37.3469],[-80.9479,37.2959],[-80.9739,37.2914],[-80.9813,37.2935],[-80.9796,37.3023],[-81.0948,37.2826],[-81.167,37.2629],[-81.2251,37.2349],[-81.3201,37.2993],[-81.3622,37.3377]]]}},{"type":"Feature","properties":{"county_fips":"12049","county_name":"Hardee","state":"FL"},"geometry":{"type":"Polygon","coordinates":[[[-82.0558,27.3383],[-82.0543,27.6464],[-81.5635,27.6466],[-81.5641,27.3406],[-82.0558,27.3383]]]}},{"type":"Feature","properties":{"county_fips":"13161","county_name":"Jeff Davis","state":"GA"},"geometry":{"type":"Polygon","coordinates":[[[-82.8366,31.6745],[-82.8364,31.8162],[-82.8249,31.8197],[-82.8247,31.8135],[-82.7874,31.8362],[-82.7899,31.8536],[-82.7817,31.8528],[-82.7757,31.8626],[-82.7697,31.8554],[-82.7679,31.8616],[-82.7573,31.8569],[-82.7418,31.8769],[-82.6769,31.9103],[-82.6818,31.9207],[-82.6577,31.9236],[-82.6486,31.9165],[-82.6146,31.9267],[-82.6034,31.9376],[-82.5948,31.9316],[-82.5553,31.9593],[-82.5331,31.9614],[-82.4923,31.9486],[-82.48,31.9564],[-82.4992,31.9573],[-82.4924,31.9684],[-82.4315,31.9662],[-82.4314,31.838],[-82.5203,31.8384],[-82.5202,31.7492],[-82.5507,31.7491],[-82.5507,31.7363],[-82.5206,31.7362],[-82.5214,31.6725],[-82.8366,31.6745]]]}},{"type":"Feature","properties":{"county_fips":"13197","county_name":"Marion","state":"GA"},"geometry":{"type":"Polygon","coordinates":[[[-84.6589,32.2329],[-84.6573,32.4949],[-84.6382,32.4948],[-84.6373,32.5349],[-84.6196,32.5298],[-84.6049,32.535],[-84.5861,32.5226],[-84.5614,32.5281],[-84.566,32.5401],[-84.5538,32.5487],[-84.551,32.5427],[-84.5325,32.5498],[-84.5326,32.5427],[-84.5048,32.5418],[-84.5047,32.5482],[-84.4918,32.5483],[-84.4921,32.562],[-84.4444,32.5621],[-84.4437,32.5422],[-84.4532,32.5424],[-84.4532,32.5343],[-84.4433,32.5342],[-84.443,32.5185],[-84.4335,32.5187],[-84.4336,32.4932],[-84.4239,32.4932],[-84.4244,32.4851],[-84.4078,32.4853],[-84.4084,32.444],[-84.3921,32.4353],[-84.3899,32.2972],[-84.4133,32.2975],[-84.4104,32.2319],[-84.4295,32.2322],[-84.4298,32.1942],[-84.4201,32.1917],[-84.4205,32.1744],[-84.43,32.1743],[-84.4312,32.1341],[-84.5271,32.1346],[-84.5274,32.1512],[-84.5461,32.1591],[-84.5457,32.1752],[-84.5647,32.1751],[-84.5642,32.1922],[-84.5998,32.1927],[-84.6106,32.2255],[-84.6211,32.2256],[-84.6206,32.2331],[-84.6589,32.2329]]]}},{"type":"Feature","properties":{"county_fips":"13175","county_name":"Laurens","state":"GA"},"geometry":{"type":"Polygon","coordinates":[[[-83.2265,32.5842],[-82.9571,32.7083],[-82.8628,32.7158],[-82.7858,32.6867],[-82.7945,32.6602],[-82.6686,32.6122],[-82.6745,32.5239],[-82.6477,32.5125],[-82.6571,32.5072],[-82.6331,32.491],[-82.6486,32.4672],[-82.6946,32.4533],[-82.6903,32.4438],[-82.7022,32.4316],[-82.6976,32.4072],[-82.7162,32.3926],[-82.7169,32.373],[-82.7308,32.3627],[-82.7338,32.3421],[-82.7445,32.3413],[-82.7487,32.3291],[-82.7393,32.3307],[-82.7357,32.3196],[-82.7251,32.3157],[-82.73,32.3106],[-82.722,32.3093],[-82.762,32.2756],[-82.7552,32.2697],[-82.7619,32.2642],[-82.7687,32.2697],[-82.8583,32.1944],[-82.887,32.198],[-82.991,32.1473],[-83.2265,32.5842]]]}},{"type":"Feature","properties":{"county_fips":"13097","county_name":"Douglas","state":"GA"},"geometry":{"type":"Polygon","coordinates":[[[-84.9016,33.722],[-84.9109,33.731],[-84.9023,33.7306],[-84.9017,33.7807],[-84.8327,33.776],[-84.7241,33.7886],[-84.7241,33.8064],[-84.6227,33.8048],[-84.5778,33.7456],[-84.5854,33.7301],[-84.6317,33.701],[-84.6321,33.6884],[-84.6527,33.6836],[-84.6573,33.6586],[-84.709,33.6472],[-84.7297,33.6369],[-84.7384,33.6233],[-84.7509,33.632],[-84.7623,33.6152],[-84.8052,33.5872],[-84.8092,33.5741],[-84.9058,33.5734],[-84.9016,33.722]]]}},{"type":"Feature","properties":{"county_fips":"13321","county_name":"Worth","state":"GA"},"geometry":{"type":"Polygon","coordinates":[[[-84.0327,31.7163],[-84.0076,31.7355],[-84.0035,31.7546],[-83.9862,31.7664],[-83.9916,31.7849],[-84.0063,31.7907],[-84.0089,31.8006],[-83.9769,31.8033],[-83.9726,31.8277],[-83.9458,31.8495],[-83.8557,31.8368],[-83.8553,31.8199],[-83.8456,31.8197],[-83.8455,31.8316],[-83.8278,31.8101],[-83.8174,31.8125],[-83.7987,31.8012],[-83.7968,31.6229],[-83.7065,31.6191],[-83.6989,31.6028],[-83.67,31.5951],[-83.6674,31.5677],[-83.6494,31.568],[-83.6506,31.4847],[-83.6658,31.4851],[-83.6667,31.4342],[-83.6518,31.4339],[-83.6541,31.3307],[-83.7139,31.3317],[-83.7141,31.3184],[-83.7589,31.319],[-83.7591,31.3322],[-83.9994,31.335],[-83.9977,31.4628],[-83.9826,31.4635],[-83.9824,31.4758],[-83.9975,31.476],[-83.9967,31.5517],[-83.9825,31.5516],[-83.9816,31.5633],[-83.9966,31.5635],[-83.9962,31.6252],[-84.0127,31.6246],[-84.0125,31.6336],[-83.9935,31.6414],[-83.9934,31.65],[-84.0184,31.6503],[-84.0124,31.663],[-84.0327,31.7163]]]}},{"type":"Feature","properties":{"county_fips":"13063","county_name":"Clayton","state":"GA"},"geometry":{"type":"Polygon","coordinates":[[[-84.4587,33.5509],[-84.4579,33.6486],[-84.4531,33.6411],[-84.4458,33.6488],[-84.2817,33.6473],[-84.2721,33.6312],[-84.2626,33.631],[-84.263,33.607],[-84.2439,33.5986],[-84.2531,33.5822],[-84.2636,33.5822],[-84.2637,33.5489],[-84.2926,33.5491],[-84.293,33.533],[-84.2825,33.5329],[-84.2839,33.4843],[-84.2942,33.4843],[-84.2947,33.4357],[-84.3043,33.4356],[-84.3042,33.4274],[-84.3234,33.428],[-84.3232,33.4359],[-84.3536,33.4362],[-84.3544,33.3525],[-84.3881,33.3525],[-84.3951,33.3603],[-84.3963,33.3733],[-84.3865,33.3765],[-84.3948,33.3944],[-84.3845,33.4015],[-84.3931,33.42],[-84.4023,33.4201],[-84.4022,33.4364],[-84.3837,33.4444],[-84.3888,33.4503],[-84.3816,33.463],[-84.3962,33.4849],[-84.4206,33.494],[-84.4204,33.5096],[-84.4336,33.5244],[-84.4394,33.5507],[-84.4587,33.5509]]]}},{"type":"Feature","properties":{"county_fips":"13005","county_name":"Bacon","state":"GA"},"geometry":{"type":"Polygon","coordinates":[[[-82.6283,31.5583],[-82.6273,31.6727],[-82.5214,31.6725],[-82.5214,31.7108],[-82.4959,31.7106],[-82.4509,31.6614],[-82.3496,31.6213],[-82.3157,31.5928],[-82.2408,31.5557],[-82.2266,31.5307],[-82.2393,31.5306],[-82.2388,31.5176],[-82.2559,31.5174],[-82.2558,31.5054],[-82.2696,31.5057],[-82.2697,31.4926],[-82.3004,31.4932],[-82.3009,31.4678],[-82.315,31.4679],[-82.3151,31.4571],[-82.33,31.4571],[-82.3305,31.4421],[-82.345,31.4418],[-82.3448,31.4301],[-82.4015,31.4303],[-82.4018,31.4173],[-82.4815,31.4175],[-82.4814,31.4431],[-82.4937,31.4429],[-82.4947,31.4687],[-82.5975,31.4693],[-82.5963,31.5579],[-82.6283,31.5583]]]}},{"type":"Feature","properties":{"county_fips":"01011","county_name":"Bullock","state":"AL"},"geometry":{"type":"Polygon","coordinates":[[[-85.9992,32.2505],[-85.9865,32.2506],[-85.9866,32.2723],[-85.8987,32.275],[-85.8966,32.3052],[-85.8779,32.2915],[-85.8713,32.2734],[-85.8786,32.2658],[-85.8764,32.2466],[-85.855,32.232],[-85.4335,32.2346],[-85.4274,32.1466],[-85.4102,32.1467],[-85.41,32.1395],[-85.4274,32.1394],[-85.4285,32.015],[-85.4625,32.0144],[-85.463,32.0224],[-85.4711,32.0223],[-85.4706,32.0142],[-85.5126,32.0141],[-85.5124,31.9997],[-85.5906,31.9956],[-85.6048,31.9609],[-85.6488,31.9116],[-85.6577,31.8803],[-85.791,31.8804],[-85.79,31.9673],[-85.8843,31.9673],[-85.8842,31.9819],[-85.8927,31.9891],[-85.8937,32.0474],[-85.9463,32.0546],[-85.9463,32.0619],[-85.9546,32.0618],[-85.9503,32.0545],[-85.9969,32.051],[-85.9992,32.2505]]]}},{"type":"Feature","properties":{"county_fips":"12011","county_name":"Broward","state":"FL"},"geometry":{"type":"Polygon","coordinates":[[[-80.8813,26.3338],[-80.297,26.3344],[-80.2969,26.3554],[-80.2041,26.3278],[-80.0992,26.3276],[-80.0748,26.321],[-80.1088,26.0901],[-80.1179,25.9752],[-80.2951,25.9706],[-80.295,25.9568],[-80.68,25.9569],[-80.68,25.9787],[-80.8729,25.9794],[-80.8813,26.3338]]]}},{"type":"Feature","properties":{"county_fips":"12127","county_name":"Volusia","state":"FL"},"geometry":{"type":"Polygon","coordinates":[[[-81.6809,29.3244],[-81.4509,29.3785],[-81.4345,29.3993],[-81.4229,29.4004],[-81.4173,29.2612],[-81.1501,29.266],[-81.1559,29.411],[-81.1019,29.4271],[-80.9662,29.148],[-80.9096,29.0709],[-80.7329,28.7912],[-80.9679,28.7902],[-80.9645,28.613],[-80.9899,28.6139],[-80.9891,28.6247],[-80.9942,28.6216],[-81.0071,28.6363],[-81.0012,28.6411],[-81.0072,28.6635],[-81.0213,28.6743],[-81.0166,28.693],[-81.0611,28.75],[-81.0531,28.7736],[-81.0761,28.8193],[-81.1205,28.8257],[-81.1293,28.7995],[-81.1404,28.796],[-81.1362,28.7922],[-81.1789,28.7819],[-81.1819,28.7972],[-81.1974,28.7919],[-81.2137,28.8042],[-81.2257,28.8325],[-81.3205,28.8345],[-81.3593,28.8489],[-81.3511,28.8581],[-81.3647,28.8657],[-81.3661,28.8878],[-81.3572,28.8871],[-81.3528,28.8967],[-81.3602,28.9066],[-81.3497,28.9396],[-81.3593,28.9446],[-81.354,28.9496],[-81.3589,28.9559],[-81.3709,28.9583],[-81.3559,28.987],[-81.3757,28.994],[-81.3728,28.9992],[-81.4029,29.0325],[-81.4553,29.0631],[-81.4592,29.0942],[-81.5021,29.0978],[-81.5045,29.1237],[-81.5315,29.1769],[-81.554,29.1846],[-81.5609,29.2002],[-81.6123,29.2028],[-81.6484,29.2902],[-81.6721,29.3053],[-81.6809,29.3244]]]}},{"type":"Feature","properties":{"county_fips":"13145","county_name":"Harris","state":"GA"},"geometry":{"type":"Polygon","coordinates":[[[-85.1849,32.8689],[-84.7513,32.8692],[-84.7515,32.8627],[-84.7005,32.8446],[-84.6924,32.8294],[-84.6931,32.7388],[-84.6829,32.7304],[-84.7032,32.7007],[-84.7032,32.6862],[-84.6938,32.6858],[-84.6946,32.5839],[-84.9079,32.5834],[-84.9077,32.6076],[-85.0806,32.6081],[-85.0894,32.6254],[-85.0836,32.636],[-85.0966,32.6347],[-85.1053,32.6448],[-85.0885,32.6578],[-85.117,32.692],[-85.1227,32.7157],[-85.1133,32.7358],[-85.1322,32.7444],[-85.1426,32.7607],[-85.1222,32.7734],[-85.1679,32.8116],[-85.168,32.8292],[-85.1534,32.8449],[-85.1611,32.856],[-85.1794,32.8553],[-85.1849,32.8689]]]}},{"type":"Feature","properties":{"county_fips":"37189","county_name":"Watauga","state":"NC"},"geometry":{"type":"Polygon","coordinates":[[[-81.9181,36.2871],[-81.9081,36.302],[-81.8794,36.3138],[-81.8573,36.3348],[-81.7936,36.3622],[-81.7894,36.3482],[-81.7649,36.3387],[-81.736,36.343],[-81.7074,36.3352],[-81.7078,36.346],[-81.7215,36.3512],[-81.7346,36.3796],[-81.7286,36.3912],[-81.6382,36.3496],[-81.5661,36.272],[-81.5522,36.2764],[-81.5217,36.2553],[-81.4775,36.2403],[-81.4558,36.2004],[-81.5004,36.1425],[-81.5455,36.1175],[-81.6748,36.1226],[-81.8115,36.1115],[-81.8294,36.169],[-81.8568,36.1937],[-81.8854,36.1895],[-81.9076,36.2141],[-81.9112,36.2293],[-81.897,36.2427],[-81.9039,36.2514],[-81.8935,36.2645],[-81.9005,36.2811],[-81.9181,36.2871]]]}},{"type":"Feature","properties":{"county_fips":"13275","county_name":"Thomas","state":"GA"},"geometry":{"type":"Polygon","coordinates":[[[-84.1183,30.9692],[-84.1166,31.078],[-84.0036,31.0773],[-84.0039,31.0416],[-83.7957,31.0387],[-83.7961,31.026],[-83.7811,31.0258],[-83.7808,31.0385],[-83.7362,31.0377],[-83.7437,30.6584],[-84.0838,30.6758],[-84.0758,30.9119],[-84.1183,30.9692]]]}},{"type":"Feature","properties":{"county_fips":"13259","county_name":"Stewart","state":"GA"},"geometry":{"type":"Polygon","coordinates":[[[-85.068,31.9934],[-85.0493,32.0227],[-85.0588,32.0467],[-85.0558,32.0744],[-85.0455,32.0869],[-85.0621,32.1325],[-85.0113,32.1805],[-84.9646,32.1952],[-84.9632,32.2022],[-84.9802,32.2078],[-84.9721,32.2183],[-84.9301,32.2191],[-84.923,32.2309],[-84.8139,32.2309],[-84.814,32.2211],[-84.8025,32.221],[-84.8025,32.2309],[-84.6493,32.233],[-84.6493,32.2252],[-84.6403,32.2253],[-84.6403,32.1843],[-84.6311,32.1841],[-84.6313,32.1764],[-84.6403,32.1766],[-84.6424,32.1602],[-84.6516,32.1602],[-84.6514,32.1519],[-84.6423,32.1519],[-84.6436,32.037],[-84.6444,32.0289],[-84.6541,32.0285],[-84.6552,31.9844],[-84.6448,31.9843],[-84.645,31.977],[-84.6552,31.9771],[-84.655,31.9696],[-84.6451,31.9697],[-84.6454,31.9615],[-84.655,31.9615],[-84.6558,31.9203],[-84.6758,31.9205],[-84.6758,31.9287],[-84.6857,31.929],[-84.6855,31.9203],[-84.8007,31.9229],[-84.8007,31.9315],[-84.8101,31.9318],[-84.8104,31.9229],[-84.9173,31.9247],[-84.9172,31.9331],[-84.9361,31.9338],[-84.9358,31.9418],[-84.9741,31.9502],[-84.9737,31.9593],[-84.954,31.9668],[-84.9537,31.9748],[-85.0012,31.976],[-85.0011,31.9839],[-85.0118,31.9838],[-85.0119,31.9759],[-85.042,31.9757],[-85.0419,31.9848],[-85.0609,31.9851],[-85.068,31.9934]]]}},{"type":"Feature","properties":{"county_fips":"12061","county_name":"Indian River","state":"FL"},"geometry":{"type":"Polygon","coordinates":[[[-80.8816,27.8225],[-80.5091,27.8221],[-80.4911,27.8546],[-80.4471,27.8608],[-80.3805,27.732],[-80.3215,27.557],[-80.7772,27.5587],[-80.778,27.6432],[-80.8731,27.6423],[-80.8816,27.8225]]]}},{"type":"Feature","properties":{"county_fips":"12091","county_name":"Okaloosa","state":"FL"},"geometry":{"type":"Polygon","coordinates":[[[-86.7995,30.3872],[-86.7857,30.997],[-86.3886,30.9942],[-86.3974,30.3787],[-86.6437,30.397],[-86.7995,30.3872]]]}},{"type":"Feature","properties":{"county_fips":"13101","county_name":"Echols","state":"GA"},"geometry":{"type":"Polygon","coordinates":[[[-83.1366,30.624],[-83.1358,30.722],[-83.1303,30.7222],[-83.1362,30.7752],[-83.1258,30.8033],[-83.1044,30.8037],[-83.1032,30.8314],[-83.0881,30.8312],[-83.0881,30.8487],[-83.014,30.8447],[-83.0071,30.8591],[-82.9822,30.8722],[-82.8464,30.8349],[-82.8302,30.8106],[-82.8317,30.7826],[-82.8158,30.776],[-82.7954,30.7421],[-82.7298,30.7292],[-82.6918,30.7339],[-82.6742,30.7244],[-82.6039,30.7136],[-82.5788,30.6908],[-82.5865,30.675],[-82.5799,30.6587],[-82.584,30.5918],[-83.1366,30.624]]]}},{"type":"Feature","properties":{"county_fips":"13239","county_name":"Quitman","state":"GA"},"geometry":{"type":"Polygon","coordinates":[[[-85.1418,31.7821],[-85.1322,31.7952],[-85.1326,31.8268],[-85.1418,31.8393],[-85.1284,31.8776],[-85.1341,31.8922],[-85.112,31.8948],[-85.1131,31.9119],[-85.0789,31.9402],[-85.0867,31.9592],[-85.0678,31.9674],[-85.0681,31.9919],[-85.0419,31.9848],[-85.042,31.9757],[-85.0119,31.9759],[-85.0118,31.9838],[-85.0011,31.9839],[-85.0012,31.976],[-84.9537,31.9748],[-84.954,31.9668],[-84.9737,31.9593],[-84.9741,31.9502],[-84.9549,31.9503],[-84.9552,31.9423],[-84.9358,31.9418],[-84.9361,31.9338],[-84.9172,31.9331],[-84.9173,31.9247],[-84.907,31.9245],[-84.9103,31.7768],[-85.0265,31.7789],[-85.0266,31.771],[-85.0739,31.7714],[-85.0738,31.7791],[-85.1418,31.7821]]]}},{"type":"Feature","properties":{"county_fips":"13115","county_name":"Floyd","state":"GA"},"geometry":{"type":"Polygon","coordinates":[[[-85.4621,34.2864],[-85.3874,34.2861],[-85.3632,34.339],[-85.3349,34.3697],[-85.2492,34.4017],[-85.2413,34.4155],[-85.2224,34.4155],[-85.2151,34.4296],[-85.1803,34.4363],[-85.1077,34.5875],[-85.0692,34.5872],[-85.0635,34.5425],[-85.09,34.5419],[-85.0901,34.4635],[-85.1123,34.4619],[-85.0887,34.425],[-85.1078,34.4109],[-85.1044,34.4043],[-85.0317,34.4014],[-85.0239,34.3918],[-85.0058,34.3924],[-85.0052,34.3471],[-85.0231,34.3471],[-85.0239,34.2583],[-85.0155,34.2582],[-85.0156,34.2511],[-85.0239,34.2508],[-85.0238,34.2134],[-85.0447,34.2136],[-85.0469,34.0964],[-85.122,34.0967],[-85.1225,34.0831],[-85.1575,34.0835],[-85.1574,34.0973],[-85.2576,34.1007],[-85.2581,34.0791],[-85.4219,34.0808],[-85.4621,34.2864]]]}},{"type":"Feature","properties":{"county_fips":"45011","county_name":"Barnwell","state":"SC"},"geometry":{"type":"Polygon","coordinates":[[[-81.7717,33.1815],[-81.7661,33.1778],[-81.7571,33.1981],[-81.3748,33.4897],[-81.2969,33.4799],[-81.2537,33.4462],[-81.2222,33.4407],[-81.2132,33.3979],[-81.2179,33.2084],[-81.2278,33.1607],[-81.1931,33.1187],[-81.3649,33.1081],[-81.5419,33.1583],[-81.6141,33.0952],[-81.6423,33.0932],[-81.7217,33.1265],[-81.7631,33.1594],[-81.7717,33.1815]]]}},{"type":"Feature","properties":{"county_fips":"45081","county_name":"Saluda","state":"SC"},"geometry":{"type":"Polygon","coordinates":[[[-82.0103,33.964],[-81.9888,33.9984],[-81.9473,34.0371],[-81.9158,34.091],[-81.9003,34.095],[-81.897,34.1069],[-81.8685,34.1324],[-81.8792,34.1579],[-81.8606,34.1794],[-81.8389,34.1722],[-81.8273,34.1822],[-81.8273,34.1728],[-81.7842,34.1727],[-81.7788,34.1647],[-81.7316,34.1876],[-81.7155,34.1752],[-81.6915,34.1729],[-81.6727,34.156],[-81.637,34.1462],[-81.6227,34.1263],[-81.6076,34.1232],[-81.6005,34.1129],[-81.5896,34.1172],[-81.5389,34.0817],[-81.5139,34.0823],[-81.5025,34.0739],[-81.4851,34.0823],[-81.472,34.0766],[-81.5715,33.8773],[-81.6518,33.8145],[-81.8368,33.8665],[-81.8704,33.892],[-81.8946,33.9754],[-81.932,33.9769],[-82.0103,33.964]]]}},{"type":"Feature","properties":{"county_fips":"45023","county_name":"Chester","state":"SC"},"geometry":{"type":"Polygon","coordinates":[[[-81.4883,34.7355],[-81.4529,34.7628],[-81.4593,34.7975],[-81.4693,34.8028],[-81.4691,34.811],[-81.4874,34.8134],[-81.4766,34.8226],[-80.8982,34.8208],[-80.8764,34.7885],[-80.8777,34.7439],[-80.8599,34.7002],[-80.8886,34.6686],[-80.8965,34.6352],[-80.8893,34.6182],[-80.8922,34.598],[-80.8783,34.5811],[-80.873,34.553],[-80.8776,34.5431],[-80.9509,34.5454],[-81.4227,34.572],[-81.4165,34.6353],[-81.442,34.6537],[-81.4543,34.6752],[-81.4542,34.7209],[-81.4794,34.7239],[-81.4883,34.7355]]]}},{"type":"Feature","properties":{"county_fips":"12051","county_name":"Hendry","state":"FL"},"geometry":{"type":"Polygon","coordinates":[[[-81.5638,26.5133],[-81.5657,26.7696],[-81.4595,26.7689],[-81.4593,26.7835],[-81.4349,26.7835],[-81.4346,26.7688],[-80.9453,26.7691],[-80.8856,26.9589],[-80.8797,26.2593],[-81.2682,26.2531],[-81.2718,26.5171],[-81.5638,26.5133]]]}},{"type":"Feature","properties":{"county_fips":"13297","county_name":"Walton","state":"GA"},"geometry":{"type":"Polygon","coordinates":[[[-83.982,33.7863],[-83.7991,33.9298],[-83.7646,33.9072],[-83.761,33.8948],[-83.7442,33.9057],[-83.7274,33.8982],[-83.6764,33.9176],[-83.6389,33.9083],[-83.6303,33.8866],[-83.5836,33.8836],[-83.5906,33.8634],[-83.5733,33.8474],[-83.5332,33.8209],[-83.5059,33.8178],[-83.6809,33.5969],[-83.6994,33.6094],[-83.6916,33.617],[-83.7344,33.6456],[-83.7583,33.6464],[-83.982,33.7863]]]}},{"type":"Feature","properties":{"county_fips":"13263","county_name":"Talbot","state":"GA"},"geometry":{"type":"Polygon","coordinates":[[[-84.7032,32.7007],[-84.6934,32.7081],[-84.6933,32.7225],[-84.6829,32.7228],[-84.6931,32.7388],[-84.6924,32.8294],[-84.7005,32.8446],[-84.5707,32.8452],[-84.4983,32.8836],[-84.4759,32.8769],[-84.4901,32.8569],[-84.4673,32.853],[-84.4566,32.8287],[-84.4427,32.8252],[-84.4335,32.8385],[-84.4149,32.8345],[-84.3825,32.7803],[-84.3556,32.7736],[-84.3536,32.7836],[-84.3357,32.7596],[-84.3014,32.7613],[-84.2862,32.7476],[-84.2888,32.7362],[-84.3379,32.7206],[-84.3389,32.679],[-84.3642,32.6794],[-84.3744,32.6377],[-84.4084,32.6105],[-84.4089,32.5619],[-84.4921,32.562],[-84.4918,32.5483],[-84.5047,32.5482],[-84.5048,32.5418],[-84.5326,32.5427],[-84.5325,32.5498],[-84.551,32.5427],[-84.5538,32.5487],[-84.566,32.5401],[-84.5614,32.5281],[-84.5861,32.5226],[-84.6049,32.535],[-84.6196,32.5298],[-84.649,32.535],[-84.6786,32.5189],[-84.6945,32.5187],[-84.6785,32.5337],[-84.6675,32.5639],[-84.6947,32.5637],[-84.6938,32.6858],[-84.7032,32.6862],[-84.7032,32.7007]]]}},{"type":"Feature","properties":{"county_fips":"13159","county_name":"Jasper","state":"GA"},"geometry":{"type":"Polygon","coordinates":[[[-83.863,33.3435],[-83.8571,33.3538],[-83.8631,33.3683],[-83.8539,33.3672],[-83.8569,33.3717],[-83.831,33.3935],[-83.8452,33.4147],[-83.8283,33.4151],[-83.8249,33.4373],[-83.8122,33.4347],[-83.7713,33.4525],[-83.7367,33.4809],[-83.7047,33.4885],[-83.7123,33.4951],[-83.7052,33.5008],[-83.6876,33.4831],[-83.6784,33.4836],[-83.6881,33.5106],[-83.6822,33.5262],[-83.5337,33.4345],[-83.5459,33.1719],[-83.816,33.1318],[-83.8141,33.1485],[-83.8246,33.1756],[-83.8073,33.193],[-83.8343,33.2101],[-83.8134,33.2486],[-83.8323,33.2723],[-83.8274,33.2925],[-83.8428,33.3184],[-83.8397,33.3278],[-83.863,33.3435]]]}},{"type":"Feature","properties":{"county_fips":"13193","county_name":"Macon","state":"GA"},"geometry":{"type":"MultiPolygon","coordinates":[[[[-84.053,32.5306],[-84.0034,32.5299],[-84.0006,32.5215],[-84.0533,32.522],[-84.053,32.5306]]],[[[-84.2559,32.2962],[-84.2484,32.4006],[-84.1978,32.401],[-84.1223,32.5059],[-84.1113,32.5057],[-84.1112,32.5141],[-84.0723,32.5142],[-84.0722,32.5219],[-84.0343,32.5135],[-84.0341,32.4974],[-84.0173,32.4971],[-84.0181,32.5064],[-83.9874,32.5061],[-83.9873,32.5143],[-83.9712,32.5142],[-83.9711,32.5059],[-83.9234,32.5114],[-83.9311,32.4837],[-83.923,32.4833],[-83.9228,32.4974],[-83.8827,32.492],[-83.8721,32.479],[-83.8494,32.4729],[-83.8462,32.4394],[-83.8367,32.4393],[-83.837,32.3822],[-83.8565,32.3824],[-83.8566,32.3578],[-83.8468,32.3577],[-83.8484,32.291],[-83.8948,32.2922],[-83.8976,32.2807],[-83.9651,32.248],[-83.9759,32.2287],[-84.0295,32.1825],[-84.0313,32.1705],[-84.0492,32.1851],[-84.0741,32.1841],[-84.0889,32.192],[-84.1347,32.1854],[-84.1341,32.228],[-84.2201,32.2311],[-84.2192,32.2951],[-84.2559,32.2962]]]]}},{"type":"Feature","properties":{"county_fips":"12085","county_name":"Martin","state":"FL"},"geometry":{"type":"Polygon","coordinates":[[[-80.8856,26.9589],[-80.6774,27.1216],[-80.6779,27.206],[-80.2855,27.206],[-80.2851,27.231],[-80.293,27.242],[-80.2853,27.2439],[-80.2848,27.2637],[-80.1994,27.263],[-80.1615,27.1928],[-80.1421,27.1198],[-80.0939,27.0186],[-80.0799,26.9705],[-80.1418,26.9709],[-80.142,26.9566],[-80.8856,26.9589]]]}},{"type":"Feature","properties":{"county_fips":"13053","county_name":"Chattahoochee","state":"GA"},"geometry":{"type":"Polygon","coordinates":[[[-85.0081,32.3367],[-84.9835,32.3632],[-84.9841,32.3735],[-84.9451,32.376],[-84.8822,32.4105],[-84.819,32.4128],[-84.8078,32.4225],[-84.7922,32.414],[-84.7819,32.4248],[-84.7677,32.4207],[-84.7667,32.4349],[-84.7451,32.4589],[-84.7246,32.5074],[-84.6373,32.5349],[-84.6382,32.4948],[-84.6573,32.4949],[-84.6589,32.2329],[-84.8025,32.2309],[-84.8025,32.221],[-84.814,32.2211],[-84.8139,32.2309],[-84.923,32.2309],[-84.9127,32.2433],[-84.9244,32.2498],[-84.9072,32.249],[-84.8891,32.2609],[-84.9338,32.2983],[-85.0019,32.322],[-85.0081,32.3367]]]}},{"type":"Feature","properties":{"county_fips":"13069","county_name":"Coffee","state":"GA"},"geometry":{"type":"Polygon","coordinates":[[[-83.1511,31.4616],[-83.1456,31.4723],[-83.1117,31.4782],[-83.065,31.5528],[-83.0588,31.6112],[-83.0448,31.6108],[-83.0444,31.6242],[-83.0302,31.6237],[-83.0294,31.6362],[-83.0142,31.6357],[-83.0134,31.6608],[-82.9988,31.6605],[-82.9957,31.781],[-82.991,31.7765],[-82.9907,31.7871],[-82.9832,31.7837],[-82.9785,31.7931],[-82.9553,31.783],[-82.9187,31.7841],[-82.9194,31.7787],[-82.8993,31.7914],[-82.8997,31.7833],[-82.8904,31.7804],[-82.8767,31.7871],[-82.877,31.7809],[-82.8631,31.783],[-82.8364,31.8162],[-82.8366,31.6714],[-82.6273,31.6727],[-82.6283,31.5583],[-82.5963,31.5579],[-82.5975,31.4693],[-82.6282,31.4693],[-82.629,31.3639],[-82.8172,31.3645],[-82.8441,31.4033],[-82.9581,31.403],[-82.9585,31.4173],[-83.1405,31.4204],[-83.1386,31.4415],[-83.1511,31.4616]]]}},{"type":"Feature","properties":{"county_fips":"01081","county_name":"Lee","state":"AL"},"geometry":{"type":"Polygon","coordinates":[[[-85.6968,32.6974],[-85.6797,32.6979],[-85.6799,32.7125],[-85.6103,32.7139],[-85.61,32.7279],[-85.5768,32.7289],[-85.5768,32.7364],[-85.5681,32.7365],[-85.5681,32.729],[-85.4907,32.7306],[-85.4908,32.7377],[-85.4818,32.7378],[-85.482,32.7305],[-85.4305,32.7303],[-85.4305,32.745],[-85.4134,32.7447],[-85.4045,32.7305],[-85.285,32.7307],[-85.2848,32.7451],[-85.1348,32.7468],[-85.1133,32.7358],[-85.1227,32.7157],[-85.117,32.692],[-85.0885,32.6578],[-85.1053,32.6448],[-85.0966,32.6347],[-85.0836,32.636],[-85.0894,32.6254],[-85.0675,32.5795],[-85.0225,32.5429],[-85.0008,32.5102],[-85.0608,32.5092],[-85.0593,32.473],[-85.3338,32.4686],[-85.3301,32.4108],[-85.434,32.4098],[-85.4386,32.4971],[-85.4893,32.4969],[-85.6611,32.5679],[-85.6613,32.5823],[-85.6957,32.582],[-85.6968,32.6974]]]}},{"type":"Feature","properties":{"county_fips":"13035","county_name":"Butts","state":"GA"},"geometry":{"type":"Polygon","coordinates":[[[-84.1238,33.2028],[-84.1226,33.2527],[-84.089,33.2856],[-84.1024,33.3021],[-84.0737,33.3018],[-84.073,33.3176],[-84.0635,33.3176],[-84.0613,33.3097],[-84.0536,33.3295],[-84.0331,33.3428],[-84.0327,33.3616],[-84.0213,33.3569],[-84.0076,33.3683],[-83.9644,33.3752],[-83.966,33.3851],[-83.9732,33.3852],[-83.9731,33.4076],[-83.9631,33.4076],[-83.9631,33.4192],[-83.954,33.4252],[-83.9435,33.4253],[-83.9435,33.4418],[-83.9239,33.4442],[-83.9123,33.4177],[-83.8951,33.4073],[-83.8939,33.3952],[-83.8643,33.3771],[-83.8571,33.3538],[-83.8626,33.3412],[-83.8397,33.3278],[-83.8428,33.3184],[-83.8274,33.2925],[-83.8323,33.2723],[-83.8134,33.2486],[-83.8343,33.2101],[-83.8073,33.193],[-83.8223,33.1802],[-83.8426,33.1968],[-83.8681,33.2019],[-84.1238,33.2028]]]}},{"type":"Feature","properties":{"county_fips":"13255","county_name":"Spalding","state":"GA"},"geometry":{"type":"Polygon","coordinates":[[[-84.5089,33.2452],[-84.4975,33.2574],[-84.433,33.2565],[-84.4191,33.2935],[-84.4085,33.2942],[-84.4024,33.3055],[-84.3972,33.3015],[-84.3933,33.3169],[-84.3842,33.32],[-84.3881,33.3525],[-84.2474,33.3526],[-84.2473,33.3358],[-84.1506,33.3356],[-84.1509,33.313],[-84.1454,33.3166],[-84.1315,33.3024],[-84.103,33.2988],[-84.089,33.2856],[-84.1226,33.2527],[-84.124,33.1786],[-84.2243,33.1794],[-84.2275,33.1889],[-84.3737,33.1896],[-84.3731,33.2004],[-84.3936,33.2003],[-84.3935,33.2083],[-84.4045,33.2085],[-84.4513,33.2089],[-84.4968,33.1839],[-84.4905,33.1976],[-84.4984,33.2016],[-84.5065,33.2261],[-84.5003,33.2333],[-84.5089,33.2452]]]}},{"type":"Feature","properties":{"county_fips":"13043","county_name":"Candler","state":"GA"},"geometry":{"type":"Polygon","coordinates":[[[-82.2546,32.3515],[-82.1879,32.4336],[-82.1811,32.4741],[-82.1483,32.5204],[-82.0798,32.5601],[-81.971,32.5132],[-81.9798,32.5011],[-81.9741,32.47],[-81.9404,32.4361],[-81.9366,32.4227],[-81.9187,32.4154],[-81.9569,32.2862],[-81.9691,32.2688],[-82.2328,32.3188],[-82.2381,32.3444],[-82.2546,32.3515]]]}},{"type":"Feature","properties":{"county_fips":"13155","county_name":"Irwin","state":"GA"},"geometry":{"type":"Polygon","coordinates":[[[-83.501,31.5701],[-83.4999,31.6195],[-83.4916,31.6194],[-83.4907,31.6961],[-83.4606,31.6954],[-83.4529,31.7086],[-83.4666,31.7418],[-83.4527,31.7506],[-83.4536,31.7579],[-83.3703,31.7571],[-83.3696,31.7697],[-83.3397,31.7696],[-83.3399,31.7566],[-83.3253,31.7566],[-83.3256,31.6806],[-83.2656,31.6799],[-83.2664,31.6542],[-83.1772,31.6517],[-83.1764,31.6784],[-82.9984,31.6732],[-82.9988,31.6605],[-83.0134,31.6608],[-83.0142,31.6357],[-83.0294,31.6362],[-83.0302,31.6237],[-83.0444,31.6242],[-83.0448,31.6108],[-83.0588,31.6112],[-83.06,31.5655],[-83.0683,31.5452],[-83.1198,31.4737],[-83.3765,31.482],[-83.4071,31.5435],[-83.4206,31.5535],[-83.4709,31.556],[-83.4708,31.5694],[-83.501,31.5701]]]}},{"type":"Feature","properties":{"county_fips":"13287","county_name":"Turner","state":"GA"},"geometry":{"type":"Polygon","coordinates":[[[-83.8022,31.8035],[-83.6126,31.8041],[-83.6123,31.8541],[-83.4802,31.8473],[-83.4844,31.8348],[-83.4551,31.7783],[-83.4522,31.7522],[-83.4666,31.7418],[-83.4529,31.7086],[-83.4606,31.6954],[-83.4907,31.6961],[-83.4916,31.6194],[-83.4999,31.6195],[-83.5007,31.594],[-83.649,31.5965],[-83.6494,31.568],[-83.6638,31.5656],[-83.6727,31.5762],[-83.67,31.5951],[-83.6989,31.6028],[-83.7065,31.6191],[-83.7968,31.6229],[-83.8022,31.8035]]]}},{"type":"Feature","properties":{"county_fips":"12109","county_name":"St. Johns","state":"FL"},"geometry":{"type":"Polygon","coordinates":[[[-81.6905,30.0428],[-81.6802,30.1212],[-81.6123,30.1329],[-81.5678,30.1178],[-81.539,30.1199],[-81.5387,30.1037],[-81.4338,30.1055],[-81.4369,30.2523],[-81.3799,30.2529],[-81.309,29.9694],[-81.289,29.9152],[-81.2751,29.8988],[-81.2539,29.7769],[-81.2129,29.6707],[-81.2473,29.6591],[-81.261,29.6691],[-81.2745,29.6527],[-81.3013,29.6501],[-81.3087,29.6421],[-81.3243,29.6535],[-81.3241,29.6256],[-81.5237,29.6224],[-81.5252,29.7595],[-81.5642,29.7985],[-81.599,29.8754],[-81.6084,29.9157],[-81.601,29.956],[-81.6177,29.9766],[-81.6782,30.0122],[-81.6905,30.0428]]]}},{"type":"Feature","properties":{"county_fips":"13257","county_name":"Stephens","state":"GA"},"geometry":{"type":"Polygon","coordinates":[[[-83.4584,34.4839],[-83.365,34.6753],[-83.3382,34.6872],[-83.3414,34.6814],[-83.3046,34.6696],[-83.2932,34.6543],[-83.2545,34.6371],[-83.2313,34.6112],[-83.16,34.6035],[-83.1703,34.5924],[-83.1546,34.5882],[-83.1587,34.579],[-83.1432,34.5734],[-83.1405,34.5624],[-83.1229,34.5601],[-83.1035,34.5386],[-83.1778,34.477],[-83.3731,34.4702],[-83.398,34.461],[-83.4584,34.4839]]]}},{"type":"Feature","properties":{"county_fips":"13293","county_name":"Upson","state":"GA"},"geometry":{"type":"MultiPolygon","coordinates":[[[[-84.3027,32.9997],[-84.2987,33.0041],[-84.2987,32.9997],[-84.3027,32.9997]]],[[[-84.5344,32.9642],[-84.5057,32.9726],[-84.4897,32.9937],[-84.2987,32.9915],[-84.2987,32.9997],[-84.2891,32.9913],[-84.1224,32.9896],[-84.1243,32.8009],[-84.1493,32.8012],[-84.2026,32.69],[-84.219,32.7198],[-84.2363,32.721],[-84.2292,32.7327],[-84.2358,32.7383],[-84.2564,32.7227],[-84.2627,32.7393],[-84.2843,32.7445],[-84.3014,32.7613],[-84.3357,32.7596],[-84.3536,32.7836],[-84.3556,32.7736],[-84.3825,32.7803],[-84.4205,32.8384],[-84.4342,32.8381],[-84.4427,32.8252],[-84.4566,32.8287],[-84.4673,32.853],[-84.4901,32.8569],[-84.4759,32.8769],[-84.5069,32.8818],[-84.5116,32.9123],[-84.5266,32.9135],[-84.5193,32.9524],[-84.5344,32.9642]]]]}},{"type":"Feature","properties":{"county_fips":"12035","county_name":"Flagler","state":"FL"},"geometry":{"type":"Polygon","coordinates":[[[-81.5237,29.6224],[-81.3241,29.6256],[-81.3243,29.6535],[-81.3087,29.6421],[-81.3013,29.6501],[-81.2745,29.6527],[-81.261,29.6691],[-81.2473,29.6591],[-81.2129,29.6707],[-81.1019,29.4271],[-81.1559,29.411],[-81.1501,29.266],[-81.4173,29.2612],[-81.4207,29.3996],[-81.455,29.3897],[-81.4788,29.3991],[-81.4876,29.4483],[-81.5205,29.4965],[-81.5237,29.6224]]]}},{"type":"Feature","properties":{"county_fips":"13147","county_name":"Hart","state":"GA"},"geometry":{"type":"Polygon","coordinates":[[[-83.1158,34.2621],[-83.1059,34.2789],[-83.0947,34.347],[-83.1071,34.3447],[-83.0941,34.4161],[-83.0514,34.4939],[-82.9992,34.4724],[-82.9642,34.4846],[-82.9557,34.4789],[-82.9372,34.4864],[-82.8874,34.481],[-82.8588,34.4552],[-82.8348,34.3663],[-82.7947,34.3406],[-82.7738,34.2887],[-82.9155,34.2477],[-82.98,34.2101],[-82.9964,34.2191],[-82.9884,34.2244],[-83.0188,34.2341],[-83.0769,34.2224],[-83.1158,34.2621]]]}},{"type":"Feature","properties":{"county_fips":"12043","county_name":"Glades","state":"FL"},"geometry":{"type":"Polygon","coordinates":[[[-81.5657,26.7696],[-81.5625,27.0337],[-81.3427,27.0323],[-81.3418,27.0397],[-81.333,27.0396],[-81.333,27.0324],[-81.2672,27.0325],[-81.2677,27.1211],[-81.1683,27.1217],[-81.1691,27.2096],[-80.9618,27.2108],[-80.9064,27.189],[-80.91,27.1746],[-80.8905,27.1642],[-80.8785,27.1688],[-80.8712,27.155],[-80.8856,26.9589],[-80.9453,26.7691],[-81.4346,26.7688],[-81.4371,26.7835],[-81.4593,26.7835],[-81.4595,26.7689],[-81.5657,26.7696]]]}},{"type":"Feature","properties":{"county_fips":"13059","county_name":"Clarke","state":"GA"},"geometry":{"type":"Polygon","coordinates":[[[-83.5374,33.9659],[-83.4982,33.9875],[-83.5016,33.9902],[-83.5037,33.9981],[-83.5031,33.9996],[-83.4845,33.9928],[-83.384,34.031],[-83.393,34.0337],[-83.3844,34.0385],[-83.3777,34.0334],[-83.3595,34.0403],[-83.2942,34.0082],[-83.2633,34.0061],[-83.2584,33.9991],[-83.269,34.0006],[-83.2756,33.9775],[-83.2659,33.9631],[-83.2791,33.9547],[-83.2776,33.9467],[-83.2409,33.9044],[-83.2759,33.848],[-83.3231,33.8547],[-83.3275,33.8689],[-83.3462,33.8787],[-83.36,33.8756],[-83.3662,33.8878],[-83.3734,33.8856],[-83.4219,33.9271],[-83.4383,33.9225],[-83.5083,33.9312],[-83.5374,33.9659]]]}},{"type":"Feature","properties":{"county_fips":"13037","county_name":"Calhoun","state":"GA"},"geometry":{"type":"Polygon","coordinates":[[[-84.8279,31.6019],[-84.818,31.602],[-84.8178,31.6198],[-84.6565,31.62],[-84.6563,31.6379],[-84.6493,31.6437],[-84.6222,31.6378],[-84.6225,31.6285],[-84.6069,31.6283],[-84.6068,31.6378],[-84.5971,31.6376],[-84.5974,31.6214],[-84.5865,31.6212],[-84.5866,31.6374],[-84.578,31.6373],[-84.578,31.6211],[-84.5688,31.6211],[-84.5688,31.6286],[-84.5571,31.6284],[-84.557,31.6212],[-84.4504,31.6219],[-84.4549,31.5483],[-84.4473,31.5442],[-84.4125,31.4569],[-84.4299,31.4367],[-84.4481,31.4366],[-84.436,31.4463],[-84.4591,31.4548],[-84.4686,31.4388],[-84.4908,31.4354],[-84.4908,31.4279],[-84.5138,31.431],[-84.5135,31.4396],[-84.5353,31.4317],[-84.535,31.4404],[-84.546,31.4408],[-84.5466,31.4319],[-84.789,31.4364],[-84.7894,31.4525],[-84.8074,31.473],[-84.7971,31.4736],[-84.7966,31.5013],[-84.8198,31.4916],[-84.8199,31.5144],[-84.8078,31.5189],[-84.81,31.5308],[-84.8196,31.5309],[-84.8189,31.5479],[-84.8103,31.5477],[-84.7991,31.5653],[-84.8184,31.5657],[-84.8182,31.5932],[-84.8281,31.5925],[-84.8279,31.6019]]]}},{"type":"Feature","properties":{"county_fips":"13225","county_name":"Peach","state":"GA"},"geometry":{"type":"Polygon","coordinates":[[[-84.0164,32.5082],[-84.0073,32.523],[-84.0011,32.5206],[-84.0031,32.5302],[-83.9547,32.563],[-83.955,32.5527],[-83.9452,32.5527],[-83.9454,32.5696],[-83.9297,32.5873],[-83.9201,32.587],[-83.7666,32.6926],[-83.7011,32.6916],[-83.7092,32.6513],[-83.7281,32.6508],[-83.7282,32.6351],[-83.7186,32.635],[-83.7187,32.6106],[-83.7127,32.6106],[-83.7192,32.5978],[-83.7219,32.5233],[-83.7487,32.5342],[-83.749,32.5052],[-83.778,32.5055],[-83.7779,32.5129],[-83.7873,32.5128],[-83.7878,32.4965],[-83.7977,32.4966],[-83.7977,32.447],[-83.8276,32.4391],[-83.8278,32.4576],[-83.8866,32.4938],[-83.9228,32.4974],[-83.923,32.4833],[-83.9311,32.4837],[-83.9234,32.5114],[-83.9325,32.5057],[-83.9711,32.5059],[-83.9712,32.5142],[-83.9873,32.5143],[-83.9874,32.5061],[-84.0164,32.5082]]]}},{"type":"Feature","properties":{"county_fips":"13093","county_name":"Dooly","state":"GA"},"geometry":{"type":"Polygon","coordinates":[[[-84.0332,32.1539],[-84.0262,32.1723],[-84.0311,32.1789],[-84.0126,32.2014],[-83.9759,32.2287],[-83.9651,32.248],[-83.8976,32.2807],[-83.8948,32.2922],[-83.7184,32.2902],[-83.7188,32.2831],[-83.7003,32.2826],[-83.7004,32.29],[-83.6064,32.2884],[-83.6064,32.2513],[-83.6158,32.2515],[-83.6158,32.2417],[-83.6069,32.2383],[-83.6097,32.0279],[-83.9613,32.0306],[-83.9684,32.0461],[-83.9799,32.044],[-83.9768,32.0616],[-83.9872,32.0716],[-83.9748,32.0922],[-83.9978,32.1005],[-83.9965,32.1126],[-84.0106,32.1179],[-84.0091,32.1313],[-84.0215,32.136],[-84.0332,32.1539]]]}},{"type":"Feature","properties":{"county_fips":"45001","county_name":"Abbeville","state":"SC"},"geometry":{"type":"Polygon","coordinates":[[[-82.742,34.2117],[-82.3139,34.4843],[-82.3145,34.4696],[-82.2879,34.4536],[-82.2463,34.4097],[-82.3342,34.3426],[-82.3238,34.3253],[-82.3111,34.3204],[-82.3071,34.2759],[-82.2653,34.2445],[-82.2482,34.2206],[-82.2401,34.1922],[-82.2498,34.1345],[-82.2688,34.1071],[-82.3269,34.0641],[-82.3766,34.0574],[-82.4527,34.0603],[-82.4836,34.0812],[-82.4996,34.0721],[-82.5305,34.0719],[-82.5945,34.0139],[-82.5942,34.0289],[-82.627,34.0635],[-82.6405,34.0679],[-82.6416,34.0921],[-82.6752,34.1298],[-82.7175,34.1505],[-82.742,34.2117]]]}},{"type":"Feature","properties":{"county_fips":"13207","county_name":"Monroe","state":"GA"},"geometry":{"type":"Polygon","coordinates":[[[-84.1243,32.8496],[-84.1233,32.9322],[-84.0542,32.9315],[-84.0536,32.948],[-84.0441,32.9479],[-84.0415,33.2026],[-83.877,33.2024],[-83.84,33.1951],[-83.8223,33.1802],[-83.8164,33.1246],[-83.799,33.1166],[-83.7745,33.0797],[-83.747,33.0634],[-83.7254,33.0327],[-83.7212,33.0234],[-83.7296,33.0136],[-83.719,33.0011],[-83.7229,32.9773],[-83.7061,32.9644],[-83.7107,32.9528],[-83.7341,32.9524],[-83.7259,32.9449],[-83.8919,32.8484],[-83.9684,32.8489],[-83.9683,32.8571],[-83.9781,32.8571],[-83.9784,32.8489],[-84.1243,32.8496]]]}},{"type":"Feature","properties":{"county_fips":"13055","county_name":"Chattooga","state":"GA"},"geometry":{"type":"Polygon","coordinates":[[[-85.5273,34.5887],[-85.3714,34.5893],[-85.3593,34.582],[-85.3521,34.5825],[-85.3535,34.5893],[-85.1077,34.5875],[-85.1803,34.4363],[-85.2151,34.4296],[-85.2224,34.4155],[-85.2413,34.4155],[-85.2492,34.4017],[-85.3349,34.3697],[-85.3632,34.339],[-85.3874,34.2861],[-85.4621,34.2864],[-85.5273,34.5887]]]}}]}