{"type":"FeatureCollection","features":[{"type":"Feature","properties":{"county_fips":"12007","county_name":"Bradford","state":"FL"},"geometry":{"type":"Polygon","coordinates":[[[-82.4187,29.9231],[-82.358,29.9336],[-82.3423,29.9613],[-82.3074,29.9562],[-82.2793,29.9886],[-82.26,30.0281],[-82.2256,30.0343],[-82.1797,30.0712],[-82.1699,30.0992],[-82.1424,30.1163],[-82.1426,30.1431],[-82.0494,30.1431],[-82.0492,29.7187],[-82.0556,29.7182],[-82.0603,29.7504],[-82.0882,29.7609],[-82.0793,29.776],[-82.1176,29.7906],[-82.1331,29.8359],[-82.1732,29.837],[-82.1945,29.8485],[-82.2335,29.8453],[-82.2441,29.8524],[-82.2818,29.8444],[-82.305,29.8532],[-82.3142,29.8676],[-82.335,29.8787],[-82.3975,29.8861],[-82.4066,29.9141],[-82.4187,29.9231]]]}},{"type":"Feature","properties":{"county_fips":"12009","county_name":"Brevard","state":"FL"},"geometry":{"type":"Polygon","coordinates":[[[-80.9873,28.613],[-80.9645,28.613],[-80.9679,28.7902],[-80.7329,28.7912],[-80.5742,28.5853],[-80.561,28.5307],[-80.5252,28.455],[-80.5781,28.4231],[-80.5975,28.3855],[-80.6068,28.2964],[-80.5942,28.1959],[-80.5579,28.0718],[-80.447,27.862],[-80.454,27.8548],[-80.4911,27.8546],[-80.5091,27.8221],[-80.8689,27.8225],[-80.8628,28.3472],[-80.8884,28.3855],[-80.883,28.4082],[-80.9012,28.4332],[-80.8902,28.4453],[-80.8983,28.4551],[-80.8945,28.467],[-80.8708,28.4714],[-80.8857,28.5103],[-80.9066,28.5116],[-80.9114,28.5246],[-80.9393,28.535],[-80.93,28.5632],[-80.9471,28.585],[-80.9433,28.5937],[-80.9522,28.6042],[-80.9873,28.613]]]}},{"type":"Feature","properties":{"county_fips":"12053","county_name":"Hernando","state":"FL"},"geometry":{"type":"Polygon","coordinates":[[[-82.6812,28.4642],[-82.6667,28.4756],[-82.6664,28.4973],[-82.6782,28.4993],[-82.6689,28.5077],[-82.668,28.5282],[-82.6528,28.5378],[-82.6631,28.5508],[-82.6523,28.5522],[-82.6562,28.5754],[-82.6443,28.5842],[-82.6554,28.5923],[-82.6554,28.6044],[-82.6637,28.6054],[-82.6533,28.6163],[-82.671,28.6287],[-82.668,28.6475],[-82.6777,28.6548],[-82.6551,28.6805],[-82.668,28.6833],[-82.6673,28.6917],[-82.6746,28.6941],[-82.4184,28.6949],[-82.4178,28.6659],[-82.2631,28.6676],[-82.2736,28.6538],[-82.2568,28.6488],[-82.2602,28.635],[-82.2461,28.6269],[-82.2137,28.5754],[-82.1668,28.564],[-82.1562,28.5734],[-82.138,28.5655],[-82.1286,28.5449],[-82.1094,28.5438],[-82.095,28.5236],[-82.0703,28.5319],[-82.0545,28.5214],[-82.0547,28.4784],[-82.2533,28.4785],[-82.2534,28.4348],[-82.6699,28.4336],[-82.6646,28.452],[-82.6812,28.4642]]]}},{"type":"Feature","properties":{"county_fips":"12047","county_name":"Hamilton","state":"FL"},"geometry":{"type":"Polygon","coordinates":[[[-83.3092,30.6344],[-82.6895,30.5977],[-82.7169,30.5644],[-82.7239,30.5649],[-82.7145,30.5318],[-82.7286,30.5257],[-82.723,30.5174],[-82.7184,30.521],[-82.715,30.5055],[-82.706,30.5042],[-82.7061,30.4924],[-82.6967,30.4894],[-82.7018,30.4777],[-82.6773,30.4719],[-82.6805,30.4615],[-82.6633,30.4521],[-82.6729,30.4486],[-82.6527,30.4294],[-82.647,30.3951],[-82.6654,30.3792],[-82.6623,30.3704],[-82.6869,30.3533],[-82.6815,30.3428],[-82.6899,30.3331],[-82.7164,30.3212],[-82.7246,30.3338],[-82.7454,30.3174],[-82.7633,30.3309],[-82.7885,30.324],[-82.8039,30.3454],[-82.8109,30.337],[-82.8322,30.3468],[-82.8442,30.3409],[-82.8519,30.3569],[-82.8851,30.3653],[-82.8934,30.3746],[-82.8889,30.3861],[-82.9058,30.3881],[-82.9084,30.3801],[-82.9488,30.401],[-82.9559,30.4135],[-83.0042,30.4319],[-83.0079,30.4225],[-83.0343,30.4308],[-83.0706,30.4245],[-83.082,30.4429],[-83.1221,30.4326],[-83.1345,30.4192],[-83.1555,30.4168],[-83.171,30.3852],[-83.18,30.4102],[-83.1948,30.4169],[-83.2062,30.4121],[-83.2094,30.421],[-83.2222,30.4235],[-83.2178,30.4642],[-83.2436,30.473],[-83.2406,30.5059],[-83.2461,30.5125],[-83.2389,30.518],[-83.2473,30.541],[-83.2608,30.5528],[-83.256,30.5622],[-83.2627,30.581],[-83.2566,30.5874],[-83.2691,30.6222],[-83.3092,30.6344]]]}},{"type":"Feature","properties":{"county_fips":"12065","county_name":"Jefferson","state":"FL"},"geometry":{"type":"Polygon","coordinates":[[[-84.076,30.0955],[-84.0747,30.4343],[-84.0415,30.4633],[-84.0412,30.5219],[-83.9774,30.5222],[-83.987,30.5471],[-83.979,30.5506],[-83.998,30.5715],[-84.0077,30.6093],[-84.0075,30.6721],[-83.6117,30.6513],[-83.6121,30.6387],[-83.6044,30.6382],[-83.6042,30.5819],[-83.6207,30.582],[-83.6212,30.5674],[-83.6373,30.5675],[-83.6374,30.5527],[-83.6711,30.5529],[-83.6711,30.538],[-83.7043,30.5381],[-83.7044,30.523],[-83.73,30.5188],[-83.7364,30.5021],[-83.727,30.4877],[-83.7217,30.4344],[-83.7511,30.4076],[-83.7573,30.3855],[-83.7832,30.3789],[-83.79,30.3903],[-83.8046,30.3769],[-83.8076,30.3487],[-83.7871,30.3317],[-83.7925,30.3192],[-83.8157,30.3171],[-83.8203,30.2997],[-83.8377,30.2808],[-83.8797,30.269],[-83.9026,30.2475],[-83.9158,30.2452],[-83.9255,30.1929],[-83.9513,30.1863],[-83.9604,30.1524],[-83.9731,30.146],[-83.9686,30.1362],[-83.9914,30.086],[-83.9965,30.0817],[-84.0015,30.0947],[-84.0243,30.1033],[-84.076,30.0955]]]}},{"type":"Feature","properties":{"county_fips":"12031","county_name":"Duval","state":"FL"},"geometry":{"type":"Polygon","coordinates":[[[-82.0493,30.2733],[-81.8095,30.4845],[-81.7949,30.5054],[-81.7816,30.5033],[-81.7653,30.5187],[-81.7637,30.5349],[-81.7384,30.5346],[-81.7363,30.5571],[-81.7268,30.5594],[-81.7219,30.5719],[-81.7046,30.5636],[-81.6976,30.5696],[-81.6955,30.5632],[-81.6739,30.5662],[-81.6637,30.5508],[-81.6499,30.5766],[-81.6245,30.5862],[-81.6043,30.584],[-81.611,30.5759],[-81.6015,30.5677],[-81.6142,30.5631],[-81.6096,30.554],[-81.5844,30.566],[-81.5854,30.5442],[-81.5678,30.5366],[-81.5509,30.543],[-81.543,30.5239],[-81.5263,30.5312],[-81.5199,30.5436],[-81.5238,30.5563],[-81.514,30.5673],[-81.4996,30.5638],[-81.4844,30.5374],[-81.4555,30.522],[-81.4559,30.5134],[-81.4324,30.4872],[-81.4132,30.4829],[-81.4125,30.4229],[-81.4037,30.4091],[-81.4116,30.4022],[-81.3935,30.3956],[-81.3962,30.3311],[-81.3799,30.2529],[-81.4369,30.2523],[-81.4338,30.1055],[-81.5387,30.1037],[-81.539,30.1199],[-81.5678,30.1178],[-81.6123,30.1329],[-81.6802,30.1212],[-81.6921,30.1447],[-81.6905,30.1719],[-81.6796,30.1905],[-82.0494,30.1869],[-82.0493,30.2733]]]}},{"type":"Feature","properties":{"county_fips":"37047","county_name":"Columbus","state":"NC"},"geometry":{"type":"Polygon","coordinates":[[[-79.0712,34.2993],[-79.0529,34.3146],[-79.0383,34.3135],[-79.0272,34.3529],[-79.009,34.353],[-79.0008,34.3647],[-79.0116,34.3803],[-78.995,34.3926],[-78.9776,34.3903],[-78.9682,34.3973],[-78.9711,34.4277],[-78.9599,34.4428],[-78.9374,34.4551],[-78.9074,34.4557],[-78.869,34.4848],[-78.8252,34.4618],[-78.6676,34.4696],[-78.6564,34.4603],[-78.6594,34.4537],[-78.6468,34.4607],[-78.594,34.4314],[-78.4453,34.3774],[-78.3351,34.3676],[-78.2561,34.3995],[-78.2345,34.3738],[-78.2292,34.379],[-78.2102,34.3684],[-78.2025,34.3533],[-78.1624,34.357],[-78.2546,34.2163],[-78.3743,34.2049],[-78.3668,34.1888],[-78.3916,34.1739],[-78.4227,34.1396],[-78.5029,34.1691],[-78.5452,34.1457],[-78.5388,34.1252],[-78.5551,34.1168],[-78.549,34.1115],[-78.554,34.1041],[-78.5441,34.0999],[-78.5602,34.0921],[-78.5571,34.0618],[-78.5796,34.0516],[-78.5793,34.0369],[-78.5908,34.0272],[-78.6003,34.03],[-78.6406,34.0103],[-78.6241,33.9733],[-78.6484,33.9655],[-78.6422,33.9581],[-78.6504,33.9443],[-79.0712,34.2993]]]}},{"type":"Feature","properties":{"county_fips":"37055","county_name":"Dare","state":"NC"},"geometry":{"type":"MultiPolygon","coordinates":[[[[-75.7268,35.9358],[-75.6911,35.9369],[-75.6595,35.9196],[-75.662,35.9065],[-75.6451,35.9058],[-75.6168,35.8563],[-75.6144,35.8157],[-75.6205,35.8093],[-75.6751,35.8302],[-75.6601,35.8386],[-75.6634,35.8698],[-75.7268,35.9358]]],[[[-75.7325,35.2004],[-75.7006,35.2114],[-75.681,35.2333],[-75.6772,35.2194],[-75.6413,35.2287],[-75.5976,35.257],[-75.5955,35.2693],[-75.5798,35.263],[-75.5218,35.2718],[-75.5137,35.3569],[-75.4952,35.3891],[-75.4833,35.4849],[-75.4861,35.5227],[-75.4761,35.5343],[-75.4687,35.574],[-75.4714,35.6217],[-75.5105,35.7136],[-75.5106,35.7326],[-75.5289,35.7714],[-75.5234,35.7736],[-75.4859,35.6985],[-75.4606,35.577],[-75.4792,35.4834],[-75.4858,35.4007],[-75.5278,35.2277],[-75.6022,35.2326],[-75.7325,35.2004]]],[[[-75.7954,36.2271],[-75.7733,36.2315],[-75.7183,36.1137],[-75.5698,35.8633],[-75.5369,35.7889],[-75.5631,35.7993],[-75.576,35.8231],[-75.5714,35.8311],[-75.6229,35.8923],[-75.6122,35.9053],[-75.6154,35.9264],[-75.6445,35.9644],[-75.6671,35.9714],[-75.6823,35.9958],[-75.7276,36.0034],[-75.7273,36.022],[-75.7106,36.0256],[-75.7064,36.0392],[-75.7152,36.0483],[-75.7371,36.0408],[-75.7519,36.1224],[-75.7459,36.1441],[-75.7724,36.2175],[-75.7856,36.217],[-75.7954,36.2271]]],[[[-76.013,35.6701],[-75.9998,35.694],[-76.0012,35.7253],[-75.9829,35.7726],[-75.9941,35.8125],[-75.976,35.8385],[-75.9881,35.8618],[-75.9805,35.8703],[-75.9861,35.889],[-75.9216,35.9359],[-75.9473,35.9598],[-75.8709,35.9786],[-75.8094,35.9593],[-75.8056,35.9461],[-75.7825,35.9334],[-75.7823,35.9196],[-75.768,35.9119],[-75.7642,35.8924],[-75.7495,35.8841],[-75.7519,35.851],[-75.728,35.8245],[-75.7352,35.7805],[-75.7424,35.7749],[-75.7172,35.6937],[-75.7381,35.682],[-75.7426,35.6996],[-75.7673,35.7056],[-75.7808,35.6884],[-75.7665,35.6771],[-75.7649,35.6564],[-75.7399,35.6446],[-75.7361,35.6255],[-75.7522,35.608],[-75.7851,35.5955],[-75.778,35.5798],[-75.8334,35.5715],[-75.812,35.5833],[-75.8135,35.5917],[-75.8569,35.5877],[-75.8631,35.6094],[-75.8718,35.6106],[-75.8688,35.6299],[-75.892,35.6433],[-75.9013,35.669],[-76.013,35.6701]]]]}},{"type":"Feature","properties":{"county_fips":"45051","county_name":"Horry","state":"SC"},"geometry":{"type":"Polygon","coordinates":[[[-79.3388,33.9705],[-79.3285,34.0002],[-79.3151,33.9965],[-79.3072,34.0059],[-79.3076,34.0277],[-79.2478,34.0571],[-79.2396,34.0768],[-79.2481,34.0795],[-79.2501,34.0904],[-79.2301,34.1088],[-79.2209,34.1077],[-79.2189,34.1268],[-79.2058,34.133],[-79.2075,34.1548],[-79.1973,34.1587],[-79.1927,34.1754],[-79.1769,34.1848],[-79.1736,34.1795],[-79.1539,34.2072],[-79.1337,34.2157],[-79.1357,34.2291],[-79.1267,34.2361],[-79.1348,34.241],[-79.1264,34.2573],[-79.0937,34.278],[-79.0861,34.295],[-79.0713,34.2993],[-78.5473,33.8565],[-78.6977,33.808],[-78.7958,33.7551],[-78.9141,33.6616],[-79.0018,33.5727],[-79.1011,33.573],[-79.0998,33.609],[-79.1091,33.6003],[-79.1213,33.6048],[-79.1233,33.6232],[-79.1337,33.6357],[-79.1349,33.6485],[-79.1273,33.6436],[-79.1239,33.6522],[-79.1295,33.6501],[-79.1364,33.6638],[-79.1533,33.6594],[-79.1573,33.6848],[-79.1914,33.7065],[-79.1959,33.7279],[-79.2481,33.7844],[-79.2609,33.8189],[-79.2488,33.8312],[-79.2641,33.8425],[-79.256,33.8654],[-79.2636,33.8925],[-79.2999,33.9038],[-79.3123,33.9182],[-79.3067,33.9239],[-79.3069,33.9348],[-79.317,33.9341],[-79.3116,33.9442],[-79.3334,33.9527],[-79.3301,33.9616],[-79.3388,33.9705]]]}},{"type":"Feature","properties":{"county_fips":"12117","county_name":"Seminole","state":"FL"},"geometry":{"type":"Polygon","coordinates":[[[-81.4597,28.6444],[-81.4595,28.7133],[-81.4414,28.7151],[-81.4165,28.7557],[-81.4168,28.8246],[-81.383,28.852],[-81.3669,28.8792],[-81.3607,28.8725],[-81.3647,28.8657],[-81.3521,28.8623],[-81.358,28.8478],[-81.3205,28.8345],[-81.2257,28.8325],[-81.2137,28.8042],[-81.1974,28.7919],[-81.1819,28.7972],[-81.1789,28.7819],[-81.1362,28.7922],[-81.1404,28.796],[-81.1293,28.7995],[-81.1205,28.8257],[-81.0761,28.8193],[-81.0531,28.7736],[-81.0611,28.75],[-81.0166,28.693],[-81.0213,28.6743],[-81.0072,28.6635],[-81.0012,28.6411],[-81.0071,28.6363],[-80.9942,28.6216],[-80.9891,28.6247],[-80.9873,28.613],[-81.3279,28.6105],[-81.3285,28.6396],[-81.4597,28.6444]]]}},{"type":"Feature","properties":{"county_fips":"12041","county_name":"Gilchrist","state":"FL"},"geometry":{"type":"Polygon","coordinates":[[[-82.9731,29.6243],[-82.956,29.6401],[-82.9518,29.6598],[-82.9591,29.67],[-82.9574,29.7005],[-82.9372,29.7027],[-82.9566,29.7187],[-82.9443,29.7152],[-82.9497,29.7263],[-82.9383,29.7465],[-82.9497,29.7544],[-82.9476,29.7661],[-82.9198,29.7957],[-82.9354,29.8095],[-82.9238,29.8234],[-82.8934,29.8268],[-82.8755,29.867],[-82.8798,29.8868],[-82.8633,29.911],[-82.8315,29.9128],[-82.8085,29.9331],[-82.7699,29.9278],[-82.7694,29.8982],[-82.7536,29.8935],[-82.7529,29.8802],[-82.7329,29.8565],[-82.6937,29.8342],[-82.6586,29.8301],[-82.6563,29.5648],[-82.7565,29.5625],[-82.7569,29.5777],[-82.773,29.5776],[-82.7729,29.5849],[-82.8565,29.5842],[-82.8566,29.5913],[-82.9418,29.5932],[-82.9522,29.5845],[-82.9722,29.609],[-82.9731,29.6243]]]}},{"type":"Feature","properties":{"county_fips":"13229","county_name":"Pierce","state":"GA"},"geometry":{"type":"Polygon","coordinates":[[[-82.4172,31.4171],[-82.4018,31.4173],[-82.4015,31.4303],[-82.3448,31.4301],[-82.345,31.4418],[-82.3305,31.4421],[-82.33,31.4571],[-82.3151,31.4571],[-82.315,31.4679],[-82.3009,31.4678],[-82.3004,31.4932],[-82.2697,31.4926],[-82.2696,31.5057],[-82.2558,31.5054],[-82.2559,31.5174],[-82.2388,31.5176],[-82.2393,31.5306],[-82.2266,31.5307],[-82.1551,31.4711],[-82.0979,31.4812],[-82.0582,31.4609],[-82.0528,31.4546],[-82.0575,31.4091],[-82.044,31.3951],[-82.0407,31.3619],[-82.0202,31.3274],[-81.9921,31.308],[-81.9972,31.2886],[-82.0076,31.2756],[-82.1127,31.2714],[-82.1259,31.2583],[-82.1442,31.255],[-82.1398,31.2434],[-82.1519,31.2221],[-82.1756,31.2174],[-82.1932,31.2021],[-82.2255,31.2205],[-82.2685,31.2169],[-82.2837,31.2265],[-82.3147,31.2259],[-82.3185,31.2369],[-82.358,31.2633],[-82.3672,31.2853],[-82.3872,31.2971],[-82.3895,31.3649],[-82.4026,31.365],[-82.4026,31.3788],[-82.417,31.3789],[-82.417,31.3909],[-82.4026,31.3909],[-82.4026,31.4048],[-82.4174,31.405],[-82.4172,31.4171]]]}},{"type":"Feature","properties":{"county_fips":"13267","county_name":"Tattnall","state":"GA"},"geometry":{"type":"Polygon","coordinates":[[[-82.2337,32.3164],[-82.0253,32.2789],[-81.98,32.0815],[-81.8891,32.0504],[-81.7617,32.0479],[-81.8244,32.0149],[-81.8607,31.9751],[-81.8759,31.9685],[-81.8895,31.9491],[-81.882,31.9183],[-81.895,31.9029],[-81.8925,31.8953],[-81.9125,31.8867],[-81.9223,31.8515],[-81.9453,31.8353],[-81.9564,31.8087],[-81.9799,31.8045],[-81.981,31.7914],[-81.9691,31.7893],[-81.973,31.7837],[-82.0068,31.8],[-82.0166,31.8238],[-82.0261,31.8151],[-82.0415,31.8204],[-82.1155,31.8628],[-82.1078,31.8837],[-82.1118,31.9005],[-82.1195,31.886],[-82.1355,31.8917],[-82.1342,31.908],[-82.1451,31.8981],[-82.1592,31.9039],[-82.1913,31.9005],[-82.1931,31.9068],[-82.225,31.9131],[-82.1952,32.1407],[-82.1819,32.1659],[-82.2137,32.2292],[-82.2098,32.2388],[-82.2274,32.2778],[-82.2337,32.3164]]]}},{"type":"Feature","properties":{"county_fips":"13205","county_name":"Mitchell","state":"GA"},"geometry":{"type":"Polygon","coordinates":[[[-84.5081,31.0784],[-84.5001,31.118],[-84.5068,31.1233],[-84.481,31.139],[-84.4826,31.1567],[-84.4202,31.1976],[-84.4201,31.1872],[-84.4129,31.1884],[-84.4043,31.1991],[-84.406,31.2189],[-84.3658,31.2405],[-84.3594,31.2597],[-84.3407,31.2787],[-84.3355,31.2915],[-84.3409,31.3049],[-84.3319,31.3117],[-84.3163,31.3117],[-84.3109,31.324],[-84.2756,31.3298],[-84.2675,31.3416],[-84.2401,31.3384],[-84.2251,31.356],[-84.198,31.3575],[-84.1957,31.3914],[-84.1826,31.3992],[-84.1776,31.3932],[-84.1771,31.4106],[-84.1536,31.4135],[-84.1378,31.4427],[-83.9978,31.4438],[-84.003,31.1119],[-84.0137,31.1118],[-84.0139,31.1024],[-84.0032,31.1023],[-84.0036,31.0773],[-84.5081,31.0784]]]}},{"type":"Feature","properties":{"county_fips":"37163","county_name":"Sampson","state":"NC"},"geometry":{"type":"Polygon","coordinates":[[[-78.6718,35.087],[-78.6582,35.0945],[-78.6538,35.1114],[-78.639,35.117],[-78.6519,35.1218],[-78.6347,35.1394],[-78.6399,35.1549],[-78.6328,35.1642],[-78.6389,35.167],[-78.6299,35.1723],[-78.64,35.1859],[-78.6357,35.1917],[-78.6464,35.1986],[-78.6244,35.204],[-78.6332,35.2137],[-78.6195,35.2269],[-78.6171,35.2457],[-78.5846,35.2733],[-78.5835,35.2968],[-78.5383,35.3164],[-78.4919,35.2633],[-78.4118,35.2547],[-78.3066,35.2876],[-78.2462,35.226],[-78.1618,35.2043],[-78.1718,35.0935],[-78.1598,35.0798],[-78.1471,34.9025],[-78.1986,34.7416],[-78.1352,34.7102],[-78.114,34.7218],[-78.1135,34.7072],[-78.1565,34.6791],[-78.2544,34.5536],[-78.2601,34.5566],[-78.2517,34.562],[-78.2663,34.584],[-78.275,34.5814],[-78.2912,34.6005],[-78.3032,34.6005],[-78.3131,34.6259],[-78.3221,34.6285],[-78.3116,34.6416],[-78.3246,34.6497],[-78.325,34.6688],[-78.3469,34.6802],[-78.3493,34.6919],[-78.3734,34.6992],[-78.3686,34.7043],[-78.3823,34.7173],[-78.3794,34.7234],[-78.3919,34.7296],[-78.3907,34.7495],[-78.4245,34.7699],[-78.4498,34.8135],[-78.4592,34.8127],[-78.4658,34.8276],[-78.4877,34.8363],[-78.4952,34.8591],[-78.5131,34.8691],[-78.5127,34.8806],[-78.5469,34.9006],[-78.5435,34.9138],[-78.5623,34.918],[-78.5727,34.9374],[-78.6075,34.9536],[-78.647,34.9923],[-78.645,35.0101],[-78.6593,35.0428],[-78.6545,35.0508],[-78.6718,35.087]]]}},{"type":"Feature","properties":{"county_fips":"45055","county_name":"Kershaw","state":"SC"},"geometry":{"type":"Polygon","coordinates":[[[-80.8792,34.4578],[-80.7433,34.5399],[-80.7377,34.5395],[-80.7456,34.5126],[-80.74,34.48],[-80.7136,34.4873],[-80.6982,34.516],[-80.6891,34.5153],[-80.6584,34.4786],[-80.6452,34.4837],[-80.6456,34.4915],[-80.6322,34.4914],[-80.6281,34.4824],[-80.6227,34.4915],[-80.6296,34.4912],[-80.6296,34.4987],[-80.6136,34.4999],[-80.6104,34.4888],[-80.5958,34.5021],[-80.5794,34.4846],[-80.5489,34.4933],[-80.544,34.5075],[-80.5303,34.5037],[-80.5239,34.5098],[-80.5507,34.56],[-80.4084,34.6148],[-80.3834,34.5922],[-80.3723,34.5468],[-80.3548,34.5311],[-80.3536,34.5209],[-80.3303,34.5095],[-80.3263,34.4374],[-80.3114,34.4243],[-80.3022,34.3998],[-80.2859,34.3941],[-80.284,34.3777],[-80.2869,34.3646],[-80.3251,34.3393],[-80.3638,34.3395],[-80.3658,34.3282],[-80.353,34.3033],[-80.382,34.3052],[-80.4374,34.2845],[-80.4241,34.2507],[-80.433,34.2489],[-80.4308,34.227],[-80.4452,34.206],[-80.4545,34.208],[-80.4646,34.1786],[-80.5801,34.0999],[-80.6185,34.1092],[-80.6162,34.0996],[-80.7036,34.081],[-80.7193,34.069],[-80.8691,34.1829],[-80.7699,34.3771],[-80.7836,34.3888],[-80.7832,34.4065],[-80.7935,34.4133],[-80.8332,34.4148],[-80.8792,34.4578]]]}},{"type":"Feature","properties":{"county_fips":"45027","county_name":"Clarendon","state":"SC"},"geometry":{"type":"Polygon","coordinates":[[[-80.5405,33.629],[-80.5283,33.6367],[-80.5341,33.6439],[-80.4976,33.6743],[-80.4787,33.7143],[-80.4544,33.7135],[-80.4493,33.7375],[-80.4309,33.7383],[-80.4259,33.7241],[-80.4344,33.7119],[-80.392,33.7156],[-80.3971,33.7678],[-80.2712,33.7863],[-80.2554,33.8041],[-80.1954,33.839],[-79.9746,33.9465],[-79.9459,33.886],[-79.8756,33.8852],[-79.9153,33.8186],[-79.9445,33.8102],[-79.9956,33.7679],[-79.9744,33.7216],[-79.9932,33.7045],[-80.1017,33.4969],[-80.1255,33.5024],[-80.1273,33.4933],[-80.1521,33.4854],[-80.1318,33.4634],[-80.1442,33.4641],[-80.1392,33.454],[-80.1522,33.4594],[-80.1507,33.4482],[-80.1615,33.4489],[-80.1627,33.4607],[-80.1734,33.4487],[-80.181,33.4546],[-80.1975,33.4436],[-80.1981,33.4516],[-80.2074,33.4526],[-80.204,33.4419],[-80.2224,33.4478],[-80.2359,33.4396],[-80.2399,33.4547],[-80.2679,33.4379],[-80.282,33.4484],[-80.3236,33.4312],[-80.3489,33.4302],[-80.3902,33.444],[-80.437,33.478],[-80.4391,33.502],[-80.46,33.5029],[-80.4564,33.5122],[-80.4677,33.5162],[-80.468,33.525],[-80.4473,33.5245],[-80.4475,33.5405],[-80.4554,33.5471],[-80.4684,33.5411],[-80.485,33.56],[-80.5045,33.5627],[-80.5161,33.5791],[-80.5022,33.5904],[-80.5198,33.5974],[-80.52,33.6142],[-80.5405,33.629]]]}},{"type":"Feature","properties":{"county_fips":"45017","county_name":"Calhoun","state":"SC"},"geometry":{"type":"Polygon","coordinates":[[[-81.0593,33.7654],[-81.0475,33.7894],[-81.0379,33.8709],[-81.0123,33.8801],[-80.9982,33.8768],[-81.0021,33.8631],[-80.9862,33.8575],[-80.9883,33.8498],[-80.9537,33.8427],[-80.9362,33.8264],[-80.9131,33.8329],[-80.9156,33.8114],[-80.8748,33.8155],[-80.8658,33.8027],[-80.8375,33.7939],[-80.8335,33.7855],[-80.8225,33.787],[-80.828,33.7762],[-80.8112,33.7797],[-80.783,33.7689],[-80.7849,33.761],[-80.7597,33.774],[-80.7473,33.7617],[-80.7516,33.7706],[-80.745,33.7764],[-80.7363,33.7674],[-80.7385,33.7564],[-80.7268,33.7683],[-80.7154,33.7605],[-80.7123,33.7712],[-80.7054,33.7598],[-80.6866,33.756],[-80.6547,33.7735],[-80.6564,33.7614],[-80.6404,33.7475],[-80.6209,33.745],[-80.6296,33.7389],[-80.6276,33.731],[-80.6153,33.7118],[-80.5931,33.7019],[-80.5903,33.6848],[-80.5624,33.6784],[-80.5655,33.6647],[-80.53,33.6411],[-80.5404,33.628],[-80.52,33.6142],[-80.5198,33.5974],[-80.5014,33.5881],[-80.5162,33.5769],[-80.4963,33.5585],[-80.5056,33.5526],[-80.5033,33.5358],[-80.5401,33.5618],[-80.5514,33.5587],[-80.5523,33.5654],[-80.6036,33.5554],[-80.6103,33.5507],[-80.5882,33.5386],[-80.6247,33.4989],[-80.6113,33.4704],[-80.659,33.471],[-80.694,33.506],[-80.6941,33.5219],[-80.8076,33.6041],[-80.8814,33.6197],[-80.9197,33.6055],[-80.9398,33.6088],[-80.9421,33.6419],[-80.9655,33.6253],[-81.0429,33.7071],[-80.9915,33.7321],[-80.9557,33.7378],[-80.9246,33.7569],[-80.9336,33.7648],[-80.9619,33.779],[-81.014,33.7812],[-81.0235,33.7635],[-81.0329,33.7641],[-81.0361,33.7452],[-81.0585,33.7471],[-81.0593,33.7654]]]}},{"type":"Feature","properties":{"county_fips":"12103","county_name":"Pinellas","state":"FL"},"geometry":{"type":"MultiPolygon","coordinates":[[[[-82.6951,27.6616],[-82.6939,27.6687],[-82.6856,27.6647],[-82.6951,27.6616]]],[[[-82.8434,28.1195],[-82.8322,28.1291],[-82.8398,28.1193],[-82.8324,28.1067],[-82.8434,28.1195]]],[[[-82.8466,28.1653],[-82.843,28.1717],[-82.8427,28.1638],[-82.8466,28.1653]]],[[[-82.8522,27.886],[-82.8185,28.0487],[-82.8163,28.0119],[-82.8091,28.0065],[-82.8177,27.9966],[-82.8049,27.966],[-82.7861,28.0479],[-82.8223,28.0541],[-82.8341,28.0638],[-82.8362,28.0919],[-82.8253,28.0787],[-82.8256,28.0637],[-82.8004,28.0526],[-82.7835,28.0526],[-82.7866,28.0652],[-82.7792,28.0728],[-82.7836,28.11],[-82.7783,28.1216],[-82.8009,28.1709],[-82.6512,28.1733],[-82.6485,28.0181],[-82.6636,27.9999],[-82.6654,28.0281],[-82.677,28.0329],[-82.6901,28.0275],[-82.6756,28.0054],[-82.6927,27.9838],[-82.6887,27.973],[-82.7001,27.9603],[-82.7218,27.9546],[-82.7259,27.9362],[-82.6889,27.9244],[-82.6843,27.9158],[-82.6297,27.907],[-82.6383,27.8929],[-82.5964,27.8641],[-82.5887,27.8304],[-82.5944,27.8252],[-82.5876,27.819],[-82.6058,27.8031],[-82.6071,27.7929],[-82.6224,27.7892],[-82.6305,27.7539],[-82.6232,27.7446],[-82.6257,27.727],[-82.6398,27.7039],[-82.6773,27.7062],[-82.6798,27.6949],[-82.6803,27.7058],[-82.6891,27.6995],[-82.6986,27.7081],[-82.7134,27.7037],[-82.7237,27.6624],[-82.708,27.6301],[-82.6982,27.6378],[-82.705,27.6253],[-82.737,27.6126],[-82.7453,27.6538],[-82.7403,27.7182],[-82.7905,27.791],[-82.8286,27.8223],[-82.8465,27.8543],[-82.8522,27.886]]]]}},{"type":"Feature","properties":{"county_fips":"12057","county_name":"Hillsborough","state":"FL"},"geometry":{"type":"MultiPolygon","coordinates":[[[[-82.4199,27.8436],[-82.406,27.85],[-82.4052,27.849],[-82.4199,27.8436]]],[[[-82.4375,27.867],[-82.4354,27.8842],[-82.4246,27.8842],[-82.4243,27.8682],[-82.4375,27.867]]],[[[-82.441,27.836],[-82.4312,27.8386],[-82.4322,27.8223],[-82.4417,27.8235],[-82.441,27.836]]],[[[-82.5767,27.6351],[-82.5727,27.6369],[-82.5726,27.6369],[-82.5767,27.6351]]],[[[-82.6512,28.1733],[-82.0563,28.1716],[-82.0543,27.6464],[-82.5541,27.6458],[-82.5143,27.7056],[-82.4767,27.7237],[-82.4814,27.7434],[-82.4426,27.7575],[-82.4287,27.7731],[-82.4358,27.7754],[-82.4118,27.794],[-82.4105,27.8107],[-82.3859,27.8197],[-82.3947,27.833],[-82.3924,27.8461],[-82.4044,27.8578],[-82.4026,27.8826],[-82.4153,27.9004],[-82.4329,27.8988],[-82.4424,27.9153],[-82.449,27.9071],[-82.4605,27.9084],[-82.4619,27.9386],[-82.4917,27.9147],[-82.4807,27.8893],[-82.4885,27.8632],[-82.4688,27.8433],[-82.4724,27.8226],[-82.5339,27.8329],[-82.5478,27.8515],[-82.5546,27.848],[-82.5529,27.8627],[-82.5386,27.8649],[-82.5299,27.8775],[-82.5309,27.8862],[-82.5415,27.8844],[-82.5424,27.8905],[-82.5321,27.896],[-82.5316,27.9364],[-82.5439,27.9406],[-82.5405,27.947],[-82.5539,27.967],[-82.5734,27.963],[-82.5686,27.9755],[-82.6024,27.9823],[-82.6485,28.0181],[-82.6512,28.1733]]],[[[-82.7633,27.5821],[-82.7615,27.6031],[-82.7561,27.5761],[-82.7633,27.5821]]]]}},{"type":"Feature","properties":{"county_fips":"12075","county_name":"Levy","state":"FL"},"geometry":{"type":"MultiPolygon","coordinates":[[[[-83.0345,29.1218],[-83.0278,29.127],[-83.024,29.1193],[-83.0345,29.1218]]],[[[-83.034,29.0955],[-83.0307,29.099],[-83.0259,29.0963],[-83.034,29.0955]]],[[[-83.076,29.1016],[-83.0618,29.1025],[-83.0599,29.0997],[-83.0654,29.0956],[-83.076,29.1016]]],[[[-83.0934,29.1318],[-83.0826,29.1289],[-83.0857,29.1202],[-83.0903,29.1187],[-83.0934,29.1318]]],[[[-83.1648,29.2892],[-83.142,29.3226],[-83.1129,29.3181],[-83.0988,29.3369],[-83.0904,29.3328],[-83.0617,29.3484],[-83.0721,29.3539],[-83.0622,29.3642],[-83.0647,29.374],[-83.0233,29.3986],[-83.0269,29.4189],[-83.0161,29.4227],[-83.0212,29.4312],[-82.9998,29.4633],[-82.9849,29.4691],[-82.9829,29.5154],[-82.9694,29.5223],[-82.9773,29.5399],[-82.9479,29.5575],[-82.9373,29.5912],[-82.7729,29.5849],[-82.773,29.5776],[-82.7569,29.5777],[-82.7565,29.5625],[-82.6563,29.5648],[-82.6563,29.5356],[-82.5571,29.5375],[-82.5568,29.4801],[-82.4066,29.485],[-82.4032,29.2156],[-82.5349,29.2147],[-82.5356,29.0449],[-82.577,29.0281],[-82.5966,29.0292],[-82.6075,29.0104],[-82.7028,29.0328],[-82.7606,28.9931],[-82.7535,29.0265],[-82.7616,29.0516],[-82.8049,29.0543],[-82.7835,29.0693],[-82.8169,29.0762],[-82.8146,29.0871],[-82.8237,29.0989],[-82.8018,29.1166],[-82.8139,29.1625],[-82.8342,29.1549],[-82.9948,29.1752],[-83.0032,29.1573],[-83.0166,29.1505],[-83.0164,29.1386],[-83.0414,29.1376],[-83.0532,29.1267],[-83.0569,29.1463],[-83.0647,29.1424],[-83.0682,29.1531],[-83.0677,29.1789],[-83.0878,29.2164],[-83.0773,29.2553],[-83.0972,29.2723],[-83.1515,29.292],[-83.1648,29.2892]]]]}},{"type":"Feature","properties":{"county_fips":"12071","county_name":"Lee","state":"FL"},"geometry":{"type":"MultiPolygon","coordinates":[[[[-82.1836,26.695],[-82.1738,26.7056],[-82.1581,26.7073],[-82.1258,26.6995],[-82.099,26.646],[-82.0878,26.6472],[-82.0821,26.6536],[-82.0914,26.6668],[-82.085,26.7024],[-82.0599,26.7704],[-81.5657,26.7696],[-81.5622,26.4232],[-81.6595,26.4211],[-81.6579,26.3176],[-81.819,26.3162],[-81.8191,26.3304],[-81.8458,26.3304],[-81.869,26.3786],[-81.8843,26.394],[-81.8825,26.4027],[-81.8939,26.4036],[-81.9128,26.4294],[-81.9639,26.4572],[-81.9689,26.4648],[-81.9559,26.4575],[-81.9566,26.467],[-81.9695,26.4765],[-82.0127,26.4869],[-82.0091,26.5201],[-81.9981,26.5327],[-82.0387,26.5256],[-82.0581,26.5484],[-82.0716,26.5257],[-82.0569,26.4937],[-82.1057,26.4839],[-82.1006,26.5108],[-82.1091,26.5152],[-82.1021,26.5195],[-82.1225,26.555],[-82.1216,26.5853],[-82.1446,26.6228],[-82.1426,26.6439],[-82.1816,26.6817],[-82.1836,26.695]]],[[[-82.2241,26.6029],[-82.2143,26.6029],[-82.1778,26.4922],[-82.1494,26.4776],[-82.1284,26.4776],[-82.0884,26.4552],[-82.0626,26.4701],[-82.0322,26.4527],[-82.0139,26.4521],[-82.0829,26.4221],[-82.1267,26.4363],[-82.1729,26.4677],[-82.1864,26.4892],[-82.2053,26.5679],[-82.2209,26.5839],[-82.2241,26.6029]]],[[[-82.2625,26.684],[-82.2558,26.7039],[-82.2461,26.7061],[-82.2454,26.6863],[-82.2342,26.6768],[-82.2385,26.6625],[-82.2188,26.6251],[-82.2211,26.6134],[-82.2625,26.684]]],[[[-82.2721,26.7895],[-82.2215,26.7818],[-82.201,26.7708],[-82.2054,26.7644],[-82.2306,26.771],[-82.2499,26.7629],[-82.2619,26.7171],[-82.2721,26.7895]]]]}},{"type":"Feature","properties":{"county_fips":"12037","county_name":"Franklin","state":"FL"},"geometry":{"type":"MultiPolygon","coordinates":[[[[-84.6747,29.7862],[-84.6567,29.7817],[-84.6245,29.7901],[-84.5725,29.8285],[-84.5794,29.8079],[-84.6237,29.7885],[-84.6679,29.7779],[-84.6747,29.7862]]],[[[-85.0972,29.6262],[-85.027,29.5967],[-84.9815,29.6086],[-84.9484,29.6226],[-84.924,29.6469],[-84.9038,29.6487],[-84.8676,29.671],[-84.7905,29.6895],[-84.7986,29.7021],[-84.7822,29.6926],[-84.7772,29.7074],[-84.7258,29.7361],[-84.6967,29.7707],[-84.692,29.7649],[-84.777,29.6922],[-84.8701,29.6587],[-84.9565,29.614],[-85.0451,29.587],[-85.0972,29.6262]]],[[[-85.2062,29.7112],[-85.1094,29.7768],[-85.0782,29.7686],[-85.0648,29.787],[-85.0401,29.7793],[-85.0205,29.8074],[-85.0197,29.8199],[-85.0326,29.8301],[-85.0412,29.8759],[-85.0544,29.9019],[-85.0412,29.9312],[-85.0296,29.9311],[-85.0265,29.9528],[-85.0179,29.951],[-85.0254,29.9714],[-85.0076,30.0139],[-84.5444,30.011],[-84.5489,30.0071],[-84.5424,30.0024],[-84.525,30.0052],[-84.5217,29.9808],[-84.5121,29.982],[-84.5141,29.9891],[-84.4871,29.9885],[-84.4702,30.0025],[-84.4597,29.9934],[-84.4569,29.9727],[-84.4434,29.9822],[-84.4326,29.9762],[-84.442,29.9678],[-84.4389,29.9602],[-84.3841,29.9614],[-84.3365,29.9425],[-84.336,29.913],[-84.3517,29.8964],[-84.3809,29.8937],[-84.4233,29.9033],[-84.4517,29.9291],[-84.492,29.9099],[-84.506,29.9164],[-84.5359,29.9101],[-84.6033,29.8761],[-84.6565,29.8343],[-84.6921,29.8291],[-84.7556,29.7885],[-84.8683,29.7425],[-84.888,29.7224],[-84.9021,29.7353],[-84.8711,29.7813],[-84.8706,29.7971],[-84.8821,29.7965],[-84.8851,29.7845],[-84.9151,29.7833],[-84.9276,29.7612],[-84.9642,29.7398],[-84.9688,29.7271],[-85.0139,29.7095],[-85.1017,29.7187],[-85.2175,29.6947],[-85.2062,29.7112]]],[[[-85.2225,29.6793],[-85.1564,29.6796],[-85.1143,29.6887],[-85.0743,29.674],[-85.0968,29.6331],[-85.1205,29.63],[-85.141,29.634],[-85.1872,29.6657],[-85.2225,29.6793]]]]}},{"type":"Feature","properties":{"county_fips":"12073","county_name":"Leon","state":"FL"},"geometry":{"type":"Polygon","coordinates":[[[-84.7151,30.3331],[-84.6854,30.3499],[-84.6813,30.3676],[-84.6705,30.3641],[-84.6477,30.3946],[-84.626,30.4085],[-84.6069,30.4161],[-84.5905,30.4119],[-84.5615,30.4379],[-84.5306,30.4398],[-84.4953,30.4603],[-84.4605,30.4559],[-84.4348,30.4661],[-84.4209,30.4637],[-84.4029,30.4758],[-84.3963,30.4899],[-84.405,30.5077],[-84.3924,30.5148],[-84.3784,30.5735],[-84.3409,30.6002],[-84.3321,30.5965],[-84.3248,30.6181],[-84.3006,30.6401],[-84.3053,30.6702],[-84.2975,30.6825],[-84.0075,30.6721],[-84.0077,30.6093],[-83.998,30.5715],[-83.979,30.5506],[-83.987,30.5471],[-83.9774,30.5222],[-84.0412,30.5219],[-84.0415,30.4633],[-84.0747,30.4343],[-84.0755,30.2736],[-84.2412,30.2742],[-84.2477,30.3035],[-84.7134,30.3002],[-84.701,30.319],[-84.7151,30.3331]]]}},{"type":"Feature","properties":{"county_fips":"13051","county_name":"Chatham","state":"GA"},"geometry":{"type":"Polygon","coordinates":[[[-81.3917,32.0959],[-81.1957,32.2375],[-81.1452,32.2266],[-81.1522,32.2223],[-81.1384,32.2193],[-81.1221,32.1955],[-81.114,32.1954],[-81.1216,32.1922],[-81.1205,32.1783],[-81.1111,32.1727],[-81.1212,32.1749],[-81.1297,32.1659],[-81.1122,32.1508],[-81.1199,32.134],[-81.1154,32.1147],[-81.0912,32.1109],[-81.0883,32.0999],[-81.0381,32.0837],[-81.0043,32.1024],[-80.9835,32.0795],[-80.9539,32.0701],[-80.9251,32.0419],[-80.8907,32.0307],[-80.876,32.0168],[-80.8527,32.0288],[-80.8435,32.0236],[-80.8404,32.003],[-80.8628,31.9693],[-80.8977,31.9491],[-80.928,31.9385],[-80.9325,31.9619],[-80.9427,31.9637],[-80.9843,31.9401],[-80.9685,31.9158],[-80.9301,31.9081],[-80.9927,31.8576],[-81.0415,31.8762],[-81.0653,31.8771],[-81.0591,31.8501],[-81.0758,31.829],[-81.0523,31.819],[-81.0398,31.823],[-81.0359,31.8104],[-81.0792,31.7627],[-81.1384,31.7209],[-81.1547,31.7262],[-81.1564,31.7423],[-81.1733,31.7572],[-81.161,31.7855],[-81.1812,31.7956],[-81.177,31.8161],[-81.1616,31.8211],[-81.1383,31.8552],[-81.1551,31.8643],[-81.1612,31.8876],[-81.1734,31.8998],[-81.2223,31.8904],[-81.1937,31.9089],[-81.1938,31.9214],[-81.2111,31.9193],[-81.2356,31.8877],[-81.2431,31.8923],[-81.2353,31.9101],[-81.2635,31.9081],[-81.258,31.9267],[-81.273,31.925],[-81.2731,31.9413],[-81.288,31.9441],[-81.2886,31.9772],[-81.3089,31.9823],[-81.3044,32.0007],[-81.3149,32.0114],[-81.3219,32.0074],[-81.3183,32.0155],[-81.3357,32.022],[-81.3383,32.0329],[-81.368,32.0485],[-81.3752,32.0667],[-81.3689,32.069],[-81.3847,32.0795],[-81.3917,32.0959]]]}},{"type":"Feature","properties":{"county_fips":"13185","county_name":"Lowndes","state":"GA"},"geometry":{"type":"Polygon","coordinates":[[[-83.4845,30.7545],[-83.4568,30.7658],[-83.4592,30.7841],[-83.4464,30.8049],[-83.45,30.8176],[-83.4268,30.815],[-83.4147,30.8287],[-83.3957,30.8254],[-83.3727,30.8398],[-83.359,30.8367],[-83.3464,30.8535],[-83.3709,30.8848],[-83.408,30.8866],[-83.4403,30.9048],[-83.4399,30.9394],[-83.4293,30.9487],[-83.4447,30.9886],[-83.4559,30.995],[-83.468,31.0292],[-83.4756,31.032],[-83.1806,31.0255],[-83.1795,30.9501],[-83.0429,30.9473],[-83.0403,30.9269],[-83.0321,30.9225],[-83.0364,30.916],[-83.0204,30.9043],[-83.026,30.8615],[-83.0194,30.8495],[-83.0881,30.8487],[-83.0881,30.8312],[-83.1032,30.8314],[-83.1044,30.8037],[-83.1249,30.8037],[-83.1315,30.7942],[-83.1366,30.624],[-83.3092,30.6344],[-83.3264,30.6435],[-83.3577,30.6374],[-83.3658,30.6414],[-83.3627,30.6586],[-83.394,30.6677],[-83.3963,30.6773],[-83.4152,30.6747],[-83.4208,30.689],[-83.4397,30.6886],[-83.4541,30.7006],[-83.4845,30.7545]]]}},{"type":"Feature","properties":{"county_fips":"13027","county_name":"Brooks","state":"GA"},"geometry":{"type":"MultiPolygon","coordinates":[[[[-83.3409,30.6363],[-83.3264,30.6435],[-83.3092,30.6344],[-83.3409,30.6363]]],[[[-83.7437,30.6584],[-83.7362,31.0377],[-83.574,31.0339],[-83.5739,31.0789],[-83.5499,31.0534],[-83.5026,31.0531],[-83.4925,31.0365],[-83.468,31.0292],[-83.4637,31.0059],[-83.4431,30.985],[-83.4293,30.9487],[-83.4399,30.9394],[-83.4403,30.9048],[-83.408,30.8866],[-83.3709,30.8848],[-83.3464,30.8535],[-83.359,30.8367],[-83.3727,30.8398],[-83.3957,30.8254],[-83.4147,30.8287],[-83.4268,30.815],[-83.45,30.8176],[-83.4475,30.7989],[-83.4593,30.7834],[-83.4543,30.7703],[-83.4848,30.7524],[-83.4541,30.7006],[-83.4397,30.6886],[-83.4208,30.689],[-83.4152,30.6747],[-83.3963,30.6773],[-83.394,30.6677],[-83.3627,30.6586],[-83.3658,30.6414],[-83.3577,30.6374],[-83.7437,30.6584]]]]}},{"type":"Feature","properties":{"county_fips":"13049","county_name":"Charlton","state":"GA"},"geometry":{"type":"Polygon","coordinates":[[[-82.4156,31.0136],[-82.0812,31.0106],[-82.0609,31.0758],[-81.906,31.0397],[-81.9079,30.9948],[-81.9146,30.9957],[-81.9174,30.9849],[-81.8919,30.9602],[-81.9155,30.9131],[-81.9026,30.9152],[-81.9062,30.9092],[-81.8952,30.9048],[-81.8921,30.9099],[-81.9045,30.8177],[-81.927,30.8176],[-81.937,30.8285],[-81.9495,30.8279],[-81.9639,30.8181],[-81.9629,30.7958],[-81.9777,30.7766],[-82.0048,30.7914],[-82.022,30.7882],[-82.0114,30.7626],[-82.0271,30.7511],[-82.0368,30.7544],[-82.0448,30.7285],[-82.0364,30.7066],[-82.0504,30.6763],[-82.0495,30.6555],[-82.0285,30.6218],[-82.0273,30.6067],[-82.0157,30.6017],[-82.0055,30.5635],[-82.0184,30.5312],[-82.0178,30.4751],[-82.0372,30.4345],[-82.0368,30.3779],[-82.0479,30.3633],[-82.0811,30.3588],[-82.1048,30.3683],[-82.1652,30.358],[-82.1929,30.3788],[-82.2103,30.4246],[-82.2014,30.4852],[-82.2269,30.5103],[-82.2404,30.5378],[-82.2344,30.5566],[-82.2144,30.567],[-82.1499,30.7843],[-82.1782,30.791],[-82.4204,30.7952],[-82.4156,31.0136]]]}},{"type":"Feature","properties":{"county_fips":"13245","county_name":"Richmond","state":"GA"},"geometry":{"type":"Polygon","coordinates":[[[-82.3503,33.3148],[-82.0282,33.5449],[-82.0013,33.5201],[-81.9859,33.4865],[-81.9294,33.4658],[-81.9135,33.4413],[-81.9323,33.4266],[-81.9108,33.415],[-81.9124,33.4081],[-81.9248,33.4124],[-81.9456,33.4058],[-81.9248,33.3741],[-81.9463,33.3706],[-81.9353,33.3568],[-81.9397,33.3449],[-81.9193,33.3403],[-81.9089,33.3463],[-81.9189,33.335],[-81.9081,33.3271],[-81.9137,33.32],[-81.9061,33.3216],[-81.902,33.3359],[-81.8986,33.3229],[-81.8892,33.3211],[-81.8925,33.3153],[-81.8825,33.317],[-81.8812,33.3025],[-81.8692,33.3138],[-81.8639,33.302],[-81.8561,33.3099],[-81.8476,33.3071],[-81.8487,33.2967],[-81.86,33.2991],[-81.8633,33.2892],[-81.8325,33.2756],[-81.836,33.2635],[-81.8283,33.263],[-81.8344,33.2584],[-81.8469,33.2666],[-81.84,33.2546],[-81.8561,33.2458],[-81.886,33.2619],[-81.9244,33.2569],[-81.9789,33.2272],[-82.06,33.2426],[-82.0926,33.2301],[-82.1253,33.2497],[-82.1337,33.2759],[-82.1651,33.296],[-82.2735,33.2676],[-82.296,33.2766],[-82.3115,33.2971],[-82.3503,33.3148]]]}},{"type":"Feature","properties":{"county_fips":"37155","county_name":"Robeson","state":"NC"},"geometry":{"type":"Polygon","coordinates":[[[-79.4615,34.6304],[-79.3317,34.773],[-79.3576,34.8203],[-79.3488,34.8389],[-79.1914,34.8337],[-79.0387,34.9527],[-78.9408,34.9034],[-78.9223,34.8755],[-78.927,34.864],[-78.8924,34.8138],[-78.8836,34.8124],[-78.8544,34.7357],[-78.8054,34.6866],[-78.8094,34.6683],[-78.8192,34.6626],[-78.8136,34.6519],[-78.8344,34.6216],[-78.8315,34.6088],[-78.8412,34.5974],[-78.8361,34.5935],[-78.8627,34.562],[-78.853,34.5278],[-78.857,34.5151],[-78.8444,34.5081],[-78.8464,34.5002],[-78.8634,34.498],[-78.8697,34.4824],[-78.9074,34.4557],[-78.9374,34.4551],[-78.9599,34.4428],[-78.9711,34.4277],[-78.9682,34.3973],[-78.9776,34.3903],[-78.995,34.3926],[-79.0116,34.3803],[-79.0008,34.3647],[-79.009,34.353],[-79.0272,34.3529],[-79.0383,34.3135],[-79.0529,34.3146],[-79.0712,34.2993],[-79.4615,34.6304]]]}},{"type":"Feature","properties":{"county_fips":"37129","county_name":"New Hanover","state":"NC"},"geometry":{"type":"Polygon","coordinates":[[[-78.0299,34.3318],[-77.9932,34.3368],[-77.978,34.3574],[-77.9881,34.3639],[-77.987,34.3721],[-77.9628,34.3826],[-77.9578,34.3686],[-77.9404,34.37],[-77.9354,34.358],[-77.9345,34.3666],[-77.9288,34.3615],[-77.9178,34.3755],[-77.9006,34.378],[-77.8979,34.3647],[-77.8884,34.3641],[-77.823,34.3894],[-77.8047,34.3767],[-77.8151,34.367],[-77.8127,34.359],[-77.752,34.3033],[-77.7414,34.3015],[-77.7398,34.2932],[-77.7106,34.2977],[-77.7753,34.2333],[-77.839,34.1479],[-77.871,34.0838],[-77.8795,34.0806],[-77.8804,34.0607],[-77.9372,33.9292],[-77.9485,33.9713],[-77.9362,34.0046],[-77.9311,34.0589],[-77.9369,34.1228],[-77.9586,34.1738],[-77.9566,34.2345],[-77.9685,34.2423],[-77.9678,34.2521],[-77.9731,34.2472],[-77.9875,34.2683],[-78.002,34.2731],[-77.9902,34.2817],[-78.0048,34.2805],[-78.0059,34.2889],[-78.0159,34.2903],[-78.0062,34.3195],[-78.0262,34.3181],[-78.0299,34.3318]]]}},{"type":"Feature","properties":{"county_fips":"37141","county_name":"Pender","state":"NC"},"geometry":{"type":"Polygon","coordinates":[[[-78.2722,34.5384],[-78.1565,34.6791],[-78.1135,34.7072],[-78.114,34.7218],[-78.1024,34.7254],[-78.0307,34.7248],[-78.0127,34.7326],[-77.9812,34.714],[-77.9614,34.7199],[-77.952,34.7147],[-77.938,34.7232],[-77.6801,34.7206],[-77.5759,34.4764],[-77.5412,34.465],[-77.5184,34.4409],[-77.7248,34.2929],[-77.7398,34.2932],[-77.7414,34.3015],[-77.752,34.3033],[-77.8127,34.359],[-77.8151,34.367],[-77.8047,34.3767],[-77.823,34.3894],[-77.8884,34.3641],[-77.8979,34.3647],[-77.9006,34.378],[-77.9178,34.3755],[-77.9288,34.3615],[-77.9345,34.3666],[-77.9354,34.358],[-77.9404,34.37],[-77.9578,34.3686],[-77.9628,34.3826],[-77.987,34.3721],[-77.9881,34.3639],[-77.978,34.3574],[-77.9932,34.3368],[-78.0467,34.3304],[-78.0582,34.344],[-78.0593,34.3379],[-78.0783,34.3389],[-78.0788,34.3539],[-78.1028,34.355],[-78.1221,34.3684],[-78.1373,34.3717],[-78.1738,34.3519],[-78.1962,34.3525],[-78.2102,34.358],[-78.2116,34.3694],[-78.2292,34.379],[-78.2357,34.3747],[-78.2561,34.3995],[-78.1765,34.4654],[-78.2029,34.4756],[-78.207,34.4874],[-78.2356,34.4925],[-78.2524,34.5047],[-78.2541,34.5198],[-78.2639,34.5196],[-78.2722,34.5384]]]}},{"type":"Feature","properties":{"county_fips":"37133","county_name":"Onslow","state":"NC"},"geometry":{"type":"MultiPolygon","coordinates":[[[[-77.1692,34.6224],[-77.1212,34.648],[-77.1104,34.6451],[-77.1692,34.6224]]],[[[-77.2269,34.5967],[-77.2024,34.6128],[-77.1795,34.6204],[-77.2269,34.5967]]],[[[-77.6801,34.7206],[-77.677,34.7996],[-77.6511,34.9235],[-77.6534,34.9405],[-77.6801,34.9711],[-77.639,34.9845],[-77.5028,34.9696],[-77.3668,34.9087],[-77.3633,34.9255],[-77.3316,34.9391],[-77.2674,34.9255],[-77.2602,34.9096],[-77.2374,34.9],[-77.2342,34.8863],[-77.2224,34.8871],[-77.202,34.8348],[-77.1813,34.8362],[-77.1958,34.8094],[-77.1711,34.7907],[-77.1727,34.7806],[-77.166,34.785],[-77.1657,34.7793],[-77.1574,34.7808],[-77.1603,34.7746],[-77.1533,34.7762],[-77.1578,34.7659],[-77.1256,34.7567],[-77.1052,34.6947],[-77.1133,34.683],[-77.1259,34.6852],[-77.1362,34.6783],[-77.1336,34.6728],[-77.1546,34.6679],[-77.1634,34.6537],[-77.2047,34.6343],[-77.2424,34.6],[-77.2337,34.593],[-77.307,34.5451],[-77.5184,34.4409],[-77.5412,34.465],[-77.5759,34.4764],[-77.6801,34.7206]]]]}},{"type":"Feature","properties":{"county_fips":"37049","county_name":"Craven","state":"NC"},"geometry":{"type":"Polygon","coordinates":[[[-77.4733,35.2311],[-77.427,35.2559],[-77.4496,35.2995],[-77.4311,35.313],[-77.4313,35.3298],[-77.4105,35.3319],[-77.4109,35.3378],[-77.3952,35.343],[-77.3504,35.3284],[-77.2943,35.3791],[-77.2693,35.3692],[-77.2661,35.3536],[-77.2487,35.3543],[-77.2382,35.3618],[-77.2396,35.3814],[-77.2271,35.3998],[-77.2016,35.3987],[-77.1891,35.4184],[-76.9588,35.301],[-76.8959,35.2539],[-76.9062,35.2359],[-76.9326,35.2303],[-76.9446,35.2108],[-76.9595,35.2028],[-76.9705,35.1619],[-76.9875,35.1543],[-76.9759,35.1337],[-76.942,35.1155],[-76.9311,35.1172],[-76.9402,35.103],[-76.9333,35.0802],[-76.9429,35.0514],[-76.9876,35.0656],[-77.0104,35.1012],[-77.0189,35.1027],[-77.0304,35.1331],[-77.0539,35.1474],[-77.0615,35.1441],[-77.0346,35.1112],[-77.0339,35.0922],[-76.9893,35.0438],[-76.9705,34.9973],[-76.8892,34.9482],[-76.8683,34.9476],[-76.8478,34.9363],[-76.8112,34.9392],[-76.7608,34.9159],[-76.7454,34.9223],[-76.7456,34.9303],[-76.7266,34.9279],[-76.7076,34.9542],[-76.6772,34.9577],[-76.6526,34.9376],[-76.6606,34.9156],[-76.6863,34.8954],[-76.693,34.8692],[-76.758,34.8463],[-76.8831,34.8449],[-76.8823,34.8367],[-76.9548,34.8245],[-76.9544,34.8091],[-77.0783,34.8113],[-77.0472,34.8364],[-77.1089,34.8308],[-77.0989,35.0267],[-77.1102,35.0455],[-77.1096,35.0685],[-77.1305,35.0723],[-77.1483,35.0547],[-77.1645,35.0655],[-77.1684,35.0606],[-77.1806,35.0552],[-77.1739,35.0591],[-77.1894,35.0667],[-77.1877,35.0811],[-77.4733,35.2311]]]}},{"type":"Feature","properties":{"county_fips":"37137","county_name":"Pamlico","state":"NC"},"geometry":{"type":"Polygon","coordinates":[[[-76.9875,35.1543],[-76.9705,35.1619],[-76.9595,35.2028],[-76.9446,35.2108],[-76.9326,35.2303],[-76.9062,35.2359],[-76.8959,35.2539],[-76.8453,35.2161],[-76.6326,35.2353],[-76.6138,35.2708],[-76.6194,35.3023],[-76.6112,35.3355],[-76.6068,35.3293],[-76.575,35.3305],[-76.4842,35.3136],[-76.4839,35.3063],[-76.4989,35.3059],[-76.4927,35.2913],[-76.4982,35.2796],[-76.4799,35.2791],[-76.4771,35.2867],[-76.4697,35.2809],[-76.4758,35.2768],[-76.4674,35.2613],[-76.4794,35.269],[-76.4907,35.2627],[-76.4792,35.2473],[-76.5034,35.2407],[-76.4914,35.2207],[-76.496,35.217],[-76.5291,35.2312],[-76.5655,35.2292],[-76.521,35.2061],[-76.5267,35.1848],[-76.5864,35.202],[-76.6013,35.1974],[-76.5987,35.1879],[-76.6341,35.1743],[-76.6337,35.1607],[-76.5866,35.1544],[-76.588,35.1688],[-76.5693,35.1735],[-76.5472,35.1492],[-76.5395,35.1546],[-76.5363,35.1499],[-76.5695,35.0985],[-76.5952,35.092],[-76.5973,35.074],[-76.6969,35.0224],[-76.7116,35.0045],[-76.7575,34.9924],[-76.7712,34.9767],[-76.8036,34.9638],[-76.9457,35.045],[-76.9488,35.0515],[-76.9361,35.0619],[-76.9333,35.0802],[-76.9402,35.103],[-76.9311,35.1172],[-76.942,35.1155],[-76.9759,35.1337],[-76.9875,35.1543]]]}},{"type":"Feature","properties":{"county_fips":"37177","county_name":"Tyrrell","state":"NC"},"geometry":{"type":"Polygon","coordinates":[[[-76.4056,35.7863],[-76.3536,35.8613],[-76.38,35.9147],[-76.3534,35.9407],[-76.3254,35.9386],[-76.2717,35.9723],[-76.1705,35.9945],[-76.0625,35.9907],[-76.0114,35.9542],[-76.0205,35.9325],[-76.0128,35.9219],[-76.0285,35.9107],[-76.0454,35.8845],[-76.046,35.8703],[-76.0632,35.8534],[-76.0635,35.824],[-76.0505,35.8067],[-76.0559,35.7602],[-76.0483,35.7371],[-76.0601,35.7087],[-76.0364,35.6884],[-76.0451,35.6656],[-76.0611,35.6752],[-76.0967,35.6696],[-76.1202,35.6806],[-76.1183,35.6919],[-76.1301,35.6908],[-76.142,35.7029],[-76.1696,35.6986],[-76.1675,35.6908],[-76.1766,35.6862],[-76.1695,35.6725],[-76.1814,35.6667],[-76.1778,35.6549],[-76.1931,35.646],[-76.1958,35.6201],[-76.2143,35.5984],[-76.2928,35.6064],[-76.2979,35.609],[-76.2692,35.6908],[-76.406,35.6976],[-76.4056,35.7863]]]}},{"type":"Feature","properties":{"county_fips":"51131","county_name":"Northampton","state":"VA"},"geometry":{"type":"MultiPolygon","coordinates":[[[[-75.981,37.0971],[-75.962,37.1075],[-75.9429,37.098],[-75.9449,37.088],[-75.9672,37.0846],[-75.981,37.0971]]],[[[-76.0248,37.2627],[-76.013,37.2794],[-76.0118,37.2974],[-76.0216,37.3005],[-76.0149,37.3282],[-75.984,37.3699],[-75.9862,37.3821],[-75.9683,37.3955],[-75.9803,37.4027],[-75.9796,37.4383],[-75.9584,37.4695],[-75.959,37.5001],[-75.9331,37.5539],[-75.9004,37.5573],[-75.8831,37.5493],[-75.8385,37.5554],[-75.7881,37.5289],[-75.8054,37.5139],[-75.8033,37.5053],[-75.7917,37.5038],[-75.7935,37.4888],[-75.8126,37.4754],[-75.8054,37.4633],[-75.787,37.4646],[-75.7766,37.4546],[-75.7639,37.4633],[-75.7309,37.4605],[-75.7091,37.4486],[-75.6633,37.4611],[-75.6621,37.4434],[-75.7226,37.3687],[-75.7436,37.3285],[-75.7759,37.2987],[-75.7976,37.2961],[-75.792,37.282],[-75.7972,37.2544],[-75.8185,37.2442],[-75.8137,37.2366],[-75.8037,37.2386],[-75.8014,37.2205],[-75.8293,37.2071],[-75.8189,37.2018],[-75.8206,37.193],[-75.8984,37.1186],[-75.921,37.1118],[-75.9115,37.1229],[-75.9278,37.1303],[-75.9701,37.1172],[-75.9782,37.1588],[-76.0131,37.206],[-76.0091,37.2322],[-76.0248,37.2627]]]]}},{"type":"Feature","properties":{"county_fips":"12069","county_name":"Lake","state":"FL"},"geometry":{"type":"Polygon","coordinates":[[[-81.9576,28.3452],[-81.9542,28.9601],[-81.6587,28.9603],[-81.6592,29.0478],[-81.6387,29.0478],[-81.6419,29.2768],[-81.6123,29.2028],[-81.5609,29.2002],[-81.554,29.1846],[-81.5315,29.1769],[-81.5045,29.1237],[-81.5021,29.0978],[-81.4592,29.0942],[-81.4553,29.0631],[-81.4029,29.0325],[-81.3728,28.9992],[-81.3757,28.994],[-81.3559,28.987],[-81.3709,28.9583],[-81.3589,28.9559],[-81.354,28.9496],[-81.3593,28.9446],[-81.3497,28.9396],[-81.3602,28.9066],[-81.3528,28.8967],[-81.3572,28.8871],[-81.3645,28.8903],[-81.3631,28.8797],[-81.383,28.852],[-81.4168,28.8246],[-81.4147,28.7856],[-81.6465,28.7859],[-81.6465,28.7698],[-81.6586,28.7664],[-81.6572,28.5926],[-81.6481,28.5845],[-81.6572,28.5698],[-81.6573,28.3471],[-81.7907,28.3464],[-81.7909,28.3618],[-81.8576,28.3619],[-81.8575,28.346],[-81.9576,28.3452]]]}},{"type":"Feature","properties":{"county_fips":"12083","county_name":"Marion","state":"FL"},"geometry":{"type":"Polygon","coordinates":[[[-82.5349,29.0409],[-82.5349,29.2147],[-82.4032,29.2156],[-82.4066,29.485],[-82.2119,29.4841],[-82.2082,29.4668],[-82.2036,29.472],[-82.1881,29.4569],[-82.1916,29.4525],[-82.199,29.4558],[-82.1935,29.4614],[-82.2127,29.4656],[-82.2177,29.4571],[-82.2102,29.4285],[-82.1936,29.4209],[-82.1507,29.4265],[-82.1485,29.4172],[-82.1345,29.435],[-82.1193,29.4282],[-82.1011,29.4383],[-82.0992,29.4188],[-82.0809,29.4404],[-82.0705,29.4342],[-82.0713,29.4433],[-82.0567,29.44],[-82.0559,29.4712],[-82.0263,29.4947],[-81.9642,29.5038],[-81.9318,29.5164],[-81.9118,29.504],[-81.9017,29.516],[-81.8879,29.5092],[-81.8449,29.5217],[-81.8428,29.4865],[-81.7762,29.4874],[-81.7749,29.4292],[-81.7418,29.4299],[-81.7414,29.371],[-81.6685,29.3717],[-81.6563,29.3382],[-81.6754,29.3386],[-81.6809,29.3244],[-81.6733,29.3066],[-81.6557,29.2999],[-81.6419,29.2768],[-81.6387,29.0478],[-81.6592,29.0478],[-81.6587,28.9603],[-82.3117,28.9604],[-82.3158,28.9733],[-82.3616,28.9936],[-82.3639,29.0018],[-82.3935,29.008],[-82.4016,29.019],[-82.4182,29.013],[-82.4589,29.0477],[-82.4821,29.0525],[-82.5081,29.0375],[-82.5169,29.0442],[-82.5349,29.0409]]]}},{"type":"Feature","properties":{"county_fips":"12023","county_name":"Columbia","state":"FL"},"geometry":{"type":"Polygon","coordinates":[[[-82.7989,29.9336],[-82.7858,29.9549],[-82.7622,29.9644],[-82.7586,29.9757],[-82.7604,29.9862],[-82.794,29.9862],[-82.7946,30.337],[-82.7885,30.324],[-82.7633,30.3309],[-82.7454,30.3174],[-82.7246,30.3338],[-82.7164,30.3212],[-82.6899,30.3331],[-82.6815,30.3428],[-82.6869,30.3533],[-82.6623,30.3704],[-82.6654,30.3792],[-82.647,30.3951],[-82.6456,30.4064],[-82.6591,30.4407],[-82.6729,30.4486],[-82.6633,30.4521],[-82.6805,30.4615],[-82.6773,30.4719],[-82.7018,30.4777],[-82.6967,30.4894],[-82.7061,30.4924],[-82.706,30.5042],[-82.715,30.5055],[-82.7184,30.521],[-82.723,30.5174],[-82.7286,30.5257],[-82.7145,30.5318],[-82.7239,30.5649],[-82.7169,30.5644],[-82.6895,30.5977],[-82.4598,30.5843],[-82.4583,30.129],[-82.4526,30.1221],[-82.4593,30.1016],[-82.499,30.0888],[-82.5319,30.0612],[-82.5366,30.0253],[-82.5731,30.0107],[-82.5693,29.975],[-82.5333,29.9584],[-82.5294,29.9343],[-82.5783,29.9158],[-82.5759,29.8949],[-82.5926,29.8875],[-82.5865,29.8667],[-82.6063,29.8529],[-82.6197,29.8591],[-82.6178,29.8473],[-82.6313,29.8491],[-82.6358,29.8324],[-82.6521,29.8256],[-82.6937,29.8342],[-82.7329,29.8565],[-82.7529,29.8802],[-82.7536,29.8935],[-82.7694,29.8982],[-82.7699,29.9278],[-82.7989,29.9336]]]}},{"type":"Feature","properties":{"county_fips":"12119","county_name":"Sumter","state":"FL"},"geometry":{"type":"Polygon","coordinates":[[[-82.3117,28.9604],[-81.9542,28.9601],[-81.958,28.3089],[-81.9858,28.3053],[-81.9957,28.3188],[-82.0206,28.3238],[-82.0558,28.3128],[-82.0545,28.5214],[-82.0703,28.5319],[-82.095,28.5236],[-82.1094,28.5438],[-82.1286,28.5449],[-82.138,28.5655],[-82.1562,28.5734],[-82.1668,28.564],[-82.192,28.5748],[-82.2097,28.5728],[-82.2484,28.6299],[-82.2602,28.635],[-82.2568,28.6488],[-82.2736,28.6538],[-82.2485,28.7019],[-82.2491,28.7178],[-82.2073,28.7569],[-82.1863,28.7605],[-82.1869,28.7795],[-82.1691,28.793],[-82.1836,28.8236],[-82.232,28.8566],[-82.2425,28.8768],[-82.2736,28.8972],[-82.2971,28.9484],[-82.3117,28.9604]]]}},{"type":"Feature","properties":{"county_fips":"12097","county_name":"Osceola","state":"FL"},"geometry":{"type":"Polygon","coordinates":[[[-81.6573,28.3471],[-80.8629,28.3475],[-80.8689,27.8225],[-80.8816,27.8225],[-80.8731,27.6423],[-81.1422,27.6432],[-81.1325,27.6475],[-81.131,27.6593],[-81.1441,27.6693],[-81.1458,27.7102],[-81.1687,27.726],[-81.165,27.7422],[-81.1785,27.7519],[-81.1729,27.7605],[-81.1877,27.7755],[-81.2081,27.8211],[-81.2333,27.8437],[-81.3016,27.8619],[-81.3149,27.9012],[-81.3086,27.9216],[-81.3471,27.9373],[-81.3384,27.9392],[-81.3367,27.9496],[-81.3765,27.9783],[-81.387,28.0036],[-81.4156,27.9982],[-81.4403,28.0339],[-81.4588,28.0401],[-81.4574,28.0551],[-81.4407,28.0586],[-81.428,28.0393],[-81.394,28.028],[-81.3787,28.0117],[-81.3756,28.0297],[-81.3626,28.0405],[-81.365,28.0682],[-81.3463,28.0697],[-81.3464,28.0847],[-81.4558,28.0849],[-81.4562,28.1432],[-81.5242,28.1428],[-81.5241,28.201],[-81.5575,28.2594],[-81.6572,28.2592],[-81.6573,28.3471]]]}},{"type":"Feature","properties":{"county_fips":"12121","county_name":"Suwannee","state":"FL"},"geometry":{"type":"Polygon","coordinates":[[[-83.2532,30.2536],[-83.237,30.2616],[-83.233,30.292],[-83.2099,30.3119],[-83.2126,30.3459],[-83.1912,30.3512],[-83.1929,30.374],[-83.1693,30.3869],[-83.1581,30.4141],[-83.082,30.4429],[-83.0754,30.4254],[-83.0343,30.4308],[-83.0079,30.4225],[-83.0042,30.4319],[-82.9978,30.4307],[-82.9827,30.419],[-82.9559,30.4135],[-82.9488,30.401],[-82.9084,30.3801],[-82.9058,30.3881],[-82.892,30.3876],[-82.8934,30.3746],[-82.8851,30.3653],[-82.8519,30.3569],[-82.8442,30.3409],[-82.8322,30.3468],[-82.8109,30.337],[-82.7996,30.3442],[-82.794,29.9862],[-82.7604,29.9862],[-82.7622,29.9644],[-82.7858,29.9549],[-82.8005,29.9321],[-82.8144,29.9298],[-82.8315,29.9128],[-82.8633,29.911],[-82.8842,29.8823],[-82.8979,29.9014],[-82.913,29.8898],[-82.9308,29.9574],[-82.9524,29.9594],[-82.9638,29.9945],[-82.9794,30.0074],[-83.0013,30.0088],[-83.0133,30.0321],[-83.0665,30.0654],[-83.0696,30.0813],[-83.1111,30.0909],[-83.1192,30.105],[-83.1329,30.0969],[-83.1625,30.11],[-83.1844,30.0941],[-83.2259,30.1136],[-83.2251,30.138],[-83.2387,30.1528],[-83.2316,30.1668],[-83.25,30.1905],[-83.2397,30.2267],[-83.253,30.2387],[-83.2425,30.2482],[-83.2532,30.2536]]]}},{"type":"Feature","properties":{"county_fips":"12125","county_name":"Union","state":"FL"},"geometry":{"type":"Polygon","coordinates":[[[-82.576,29.9909],[-82.5731,30.0107],[-82.5347,30.0278],[-82.5391,30.0443],[-82.519,30.076],[-82.4572,30.1035],[-82.4525,30.1239],[-82.4584,30.1364],[-82.1426,30.1431],[-82.1424,30.1163],[-82.1699,30.0992],[-82.184,30.0668],[-82.2256,30.0343],[-82.26,30.0281],[-82.2793,29.9886],[-82.3047,29.9584],[-82.3221,29.954],[-82.3423,29.9613],[-82.358,29.9336],[-82.4224,29.9199],[-82.4366,29.9308],[-82.47,29.9258],[-82.4845,29.9397],[-82.5297,29.9409],[-82.5333,29.9584],[-82.5553,29.964],[-82.576,29.9909]]]}},{"type":"Feature","properties":{"county_fips":"13163","county_name":"Jefferson","state":"GA"},"geometry":{"type":"Polygon","coordinates":[[[-82.6619,33.1263],[-82.5788,33.1198],[-82.5739,33.1539],[-82.5849,33.1715],[-82.3838,33.3121],[-82.3343,33.3093],[-82.3039,33.2909],[-82.296,33.2766],[-82.2596,33.2636],[-82.2328,33.2285],[-82.2811,33.1104],[-82.2912,33.0628],[-82.2724,32.9378],[-82.3165,32.8358],[-82.3266,32.8412],[-82.3677,32.8148],[-82.4158,32.8133],[-82.419,32.8013],[-82.3984,32.7772],[-82.4298,32.7615],[-82.4582,32.7682],[-82.5022,32.8009],[-82.526,32.8336],[-82.5109,32.9178],[-82.5394,32.9478],[-82.5502,33.0194],[-82.5592,33.0142],[-82.5798,33.03],[-82.6003,33.0328],[-82.6043,33.0455],[-82.6179,33.0511],[-82.6129,33.0609],[-82.628,33.0643],[-82.6267,33.0721],[-82.6416,33.0844],[-82.6381,33.1004],[-82.6475,33.1021],[-82.6619,33.1263]]]}},{"type":"Feature","properties":{"county_fips":"13279","county_name":"Toombs","state":"GA"},"geometry":{"type":"Polygon","coordinates":[[[-82.4831,31.969],[-82.4411,32.218],[-82.4391,32.2926],[-82.4091,32.3538],[-82.3926,32.3354],[-82.3789,32.3369],[-82.3587,32.3184],[-82.3545,32.2922],[-82.2798,32.2942],[-82.2328,32.3188],[-82.2274,32.2778],[-82.2098,32.2388],[-82.2137,32.2292],[-82.1819,32.1659],[-82.1952,32.1407],[-82.225,31.9131],[-82.2369,31.9205],[-82.2468,31.9151],[-82.256,31.9321],[-82.2672,31.9286],[-82.2864,31.9424],[-82.3011,31.9333],[-82.3151,31.9466],[-82.3078,31.9375],[-82.3145,31.9308],[-82.3771,31.9417],[-82.3715,31.9535],[-82.3845,31.96],[-82.3871,31.9482],[-82.4001,31.9602],[-82.4055,31.9492],[-82.4302,31.966],[-82.4831,31.969]]]}},{"type":"Feature","properties":{"county_fips":"13001","county_name":"Appling","state":"GA"},"geometry":{"type":"Polygon","coordinates":[[[-82.5507,31.7491],[-82.5202,31.7492],[-82.5203,31.8384],[-82.4314,31.838],[-82.4315,31.9662],[-82.4072,31.9495],[-82.4001,31.9602],[-82.3871,31.9482],[-82.3845,31.96],[-82.3715,31.9535],[-82.3771,31.9417],[-82.3145,31.9308],[-82.3078,31.9375],[-82.3151,31.9466],[-82.3011,31.9333],[-82.2864,31.9424],[-82.2672,31.9286],[-82.256,31.9321],[-82.2468,31.9151],[-82.2369,31.9205],[-82.2296,31.9118],[-82.1931,31.9068],[-82.1913,31.9005],[-82.1592,31.9039],[-82.1451,31.8981],[-82.1342,31.908],[-82.1355,31.8917],[-82.1195,31.886],[-82.1118,31.9005],[-82.1078,31.8837],[-82.1155,31.8628],[-82.0486,31.8271],[-82.0771,31.8291],[-82.0874,31.8216],[-82.0872,31.7995],[-82.1065,31.7998],[-82.107,31.7861],[-82.0893,31.7859],[-82.0894,31.7729],[-82.133,31.7734],[-82.1329,31.5693],[-82.1479,31.5691],[-82.1479,31.5573],[-82.1329,31.5575],[-82.1328,31.4713],[-82.141,31.4694],[-82.1639,31.4759],[-82.2162,31.5162],[-82.2443,31.558],[-82.3072,31.5877],[-82.367,31.6302],[-82.4075,31.6392],[-82.4357,31.6607],[-82.4509,31.6614],[-82.4959,31.7106],[-82.5214,31.7108],[-82.5206,31.7362],[-82.5507,31.7363],[-82.5507,31.7491]]]}},{"type":"Feature","properties":{"county_fips":"13315","county_name":"Wilcox","state":"GA"},"geometry":{"type":"Polygon","coordinates":[[[-83.6123,31.8541],[-83.6085,32.1184],[-83.551,32.1181],[-83.5508,32.1262],[-83.5415,32.1261],[-83.5416,32.1181],[-83.4357,32.1172],[-83.4356,32.1252],[-83.4165,32.1252],[-83.4131,32.1333],[-83.397,32.1326],[-83.3971,32.1241],[-83.3611,32.1241],[-83.3505,32.1126],[-83.3594,32.1061],[-83.3244,32.104],[-83.318,32.0859],[-83.3103,32.0924],[-83.3033,32.0777],[-83.2952,32.0792],[-83.3052,32.0733],[-83.3006,32.0551],[-83.3086,32.0498],[-83.2944,32.0385],[-83.2974,32.0276],[-83.2896,32.0264],[-83.2959,32.0017],[-83.2837,32.0029],[-83.2784,31.9944],[-83.2918,31.9832],[-83.2846,31.9842],[-83.2615,31.9521],[-83.2449,31.945],[-83.2358,31.951],[-83.2408,31.942],[-83.2267,31.9383],[-83.2325,31.9308],[-83.2141,31.9218],[-83.2184,31.9157],[-83.1999,31.8925],[-83.2042,31.8847],[-83.1899,31.8745],[-83.1816,31.8797],[-83.1768,31.8684],[-83.1833,31.8588],[-83.1767,31.8499],[-83.2096,31.8446],[-83.5345,31.8477],[-83.6123,31.8541]]]}},{"type":"Feature","properties":{"county_fips":"13305","county_name":"Wayne","state":"GA"},"geometry":{"type":"Polygon","coordinates":[[[-82.1479,31.5691],[-82.1329,31.5693],[-82.133,31.7734],[-82.0894,31.7729],[-82.0893,31.7859],[-82.107,31.7861],[-82.1065,31.7998],[-82.0872,31.7995],[-82.0874,31.8216],[-82.0771,31.8291],[-82.0486,31.8271],[-82.0261,31.8151],[-82.0182,31.8241],[-82.0068,31.8],[-81.9961,31.7998],[-81.9986,31.7941],[-81.9765,31.7826],[-81.954,31.7893],[-81.9445,31.7604],[-81.9114,31.7535],[-81.9067,31.7258],[-81.8765,31.7131],[-81.8671,31.6911],[-81.8476,31.6773],[-81.8506,31.6677],[-81.8289,31.664],[-81.8309,31.6573],[-81.821,31.6511],[-81.8116,31.6545],[-81.8136,31.6645],[-81.7875,31.6432],[-81.7891,31.6317],[-81.7653,31.6246],[-81.7688,31.6143],[-81.7596,31.6205],[-81.7439,31.6117],[-81.7472,31.6015],[-81.7368,31.6084],[-81.7232,31.5916],[-81.7018,31.5849],[-81.6968,31.554],[-81.6824,31.5518],[-81.6813,31.5417],[-81.6718,31.548],[-81.6641,31.5418],[-81.6677,31.5335],[-81.6522,31.5278],[-81.6574,31.5084],[-81.6408,31.4886],[-81.6231,31.4848],[-81.6123,31.4683],[-81.665,31.3999],[-81.692,31.4005],[-81.7048,31.3749],[-81.699,31.363],[-81.7252,31.3272],[-81.8011,31.3637],[-81.9232,31.3459],[-81.9517,31.3511],[-82.0426,31.3742],[-82.044,31.3951],[-82.0575,31.4091],[-82.0528,31.4546],[-82.0634,31.4664],[-82.0979,31.4812],[-82.1328,31.4713],[-82.1329,31.5575],[-82.1479,31.5573],[-82.1479,31.5691]]]}},{"type":"Feature","properties":{"county_fips":"37085","county_name":"Harnett","state":"NC"},"geometry":{"type":"Polygon","coordinates":[[[-79.2219,35.2694],[-78.9688,35.5225],[-78.9161,35.5841],[-78.6897,35.5159],[-78.6869,35.5019],[-78.6606,35.4962],[-78.6503,35.4724],[-78.6272,35.4583],[-78.6072,35.4321],[-78.5927,35.3986],[-78.5745,35.3885],[-78.5688,35.3693],[-78.5299,35.3349],[-78.5387,35.3158],[-78.5835,35.2968],[-78.5846,35.2733],[-78.6171,35.2457],[-78.7122,35.2576],[-78.7259,35.2669],[-78.7647,35.2584],[-78.7957,35.2657],[-78.8047,35.2572],[-78.8475,35.2528],[-78.8761,35.2415],[-78.8804,35.2304],[-78.9207,35.2202],[-78.9977,35.2141],[-79.0958,35.1921],[-79.1506,35.2133],[-79.1651,35.2409],[-79.2219,35.2694]]]}},{"type":"Feature","properties":{"county_fips":"37125","county_name":"Moore","state":"NC"},"geometry":{"type":"Polygon","coordinates":[[[-79.768,35.5115],[-79.3501,35.518],[-79.3359,35.4978],[-79.3519,35.4775],[-79.3599,35.4775],[-79.3598,35.4697],[-79.3296,35.4398],[-79.3289,35.4231],[-79.2896,35.4004],[-79.2733,35.3523],[-79.1836,35.3072],[-79.223,35.2681],[-79.1651,35.2409],[-79.1506,35.2133],[-79.1004,35.1962],[-79.0976,35.1742],[-79.1251,35.1665],[-79.133,35.1777],[-79.1421,35.169],[-79.1543,35.1804],[-79.1683,35.1814],[-79.1755,35.1931],[-79.2113,35.194],[-79.2298,35.2106],[-79.2467,35.2131],[-79.2926,35.1884],[-79.3123,35.1685],[-79.3354,35.1616],[-79.4588,35.0436],[-79.499,35.0638],[-79.5683,35.0648],[-79.5828,35.084],[-79.5733,35.1225],[-79.6094,35.149],[-79.6161,35.1685],[-79.6571,35.1913],[-79.6725,35.245],[-79.698,35.2515],[-79.712,35.2759],[-79.7099,35.3013],[-79.7642,35.4757],[-79.768,35.5115]]]}},{"type":"Feature","properties":{"county_fips":"37117","county_name":"Martin","state":"NC"},"geometry":{"type":"Polygon","coordinates":[[[-77.4092,35.9987],[-77.3276,36.0714],[-77.3187,36.0554],[-77.2063,36.0068],[-77.2133,35.9925],[-77.1959,35.992],[-77.1908,35.9608],[-77.1976,35.9619],[-77.1889,35.9567],[-77.1979,35.9576],[-77.1942,35.9497],[-77.2023,35.9474],[-77.1858,35.9309],[-77.1309,35.9408],[-77.1249,35.9267],[-77.1029,35.9333],[-77.094,35.9248],[-77.0805,35.9376],[-77.068,35.9361],[-77.0708,35.9438],[-77.0609,35.9386],[-77.045,35.9439],[-77.038,35.9302],[-77.0275,35.9297],[-77.0306,35.9054],[-77.0222,35.8911],[-77.0375,35.8906],[-77.0313,35.8807],[-77.0455,35.8748],[-77.0446,35.8621],[-77.0356,35.8575],[-77.0053,35.8584],[-76.9866,35.8768],[-76.9811,35.8728],[-76.9409,35.9011],[-76.9287,35.9],[-76.893,35.864],[-76.9035,35.8374],[-76.8939,35.8307],[-76.9041,35.8241],[-76.893,35.8187],[-76.8973,35.8139],[-76.8826,35.8119],[-76.8331,35.8522],[-76.832,35.885],[-76.8069,35.8839],[-76.781,35.8639],[-76.7606,35.8649],[-76.7835,35.8492],[-76.7892,35.8376],[-76.7827,35.8242],[-76.8026,35.8052],[-76.793,35.7899],[-76.8035,35.7839],[-76.8033,35.773],[-76.8313,35.7307],[-76.9858,35.6588],[-77.1568,35.7368],[-77.174,35.7328],[-77.2159,35.7601],[-77.2598,35.7652],[-77.2644,35.7752],[-77.2552,35.7864],[-77.3504,35.8192],[-77.3424,35.9053],[-77.4092,35.9987]]]}},{"type":"Feature","properties":{"county_fips":"37051","county_name":"Cumberland","state":"NC"},"geometry":{"type":"Polygon","coordinates":[[[-79.1129,35.1259],[-79.0958,35.1921],[-78.9977,35.2141],[-78.9207,35.2202],[-78.8804,35.2304],[-78.8761,35.2415],[-78.8249,35.2596],[-78.8047,35.2572],[-78.7934,35.266],[-78.7647,35.2584],[-78.7259,35.2669],[-78.7122,35.2576],[-78.6171,35.2457],[-78.6195,35.2269],[-78.6337,35.2125],[-78.6244,35.204],[-78.6468,35.1974],[-78.6357,35.1917],[-78.64,35.1859],[-78.6299,35.1723],[-78.6389,35.167],[-78.6328,35.1642],[-78.6399,35.1549],[-78.6347,35.1394],[-78.6519,35.1218],[-78.6393,35.1159],[-78.6538,35.1114],[-78.6582,35.0945],[-78.6707,35.0925],[-78.6723,35.0853],[-78.6545,35.0508],[-78.6593,35.0428],[-78.645,35.0101],[-78.647,34.9923],[-78.6075,34.9536],[-78.5727,34.9374],[-78.5623,34.918],[-78.5435,34.9138],[-78.5469,34.9006],[-78.5139,34.8817],[-78.5131,34.8691],[-78.4947,34.8562],[-78.5161,34.8459],[-78.8274,34.8507],[-78.9042,34.8349],[-78.927,34.864],[-78.9223,34.8755],[-78.9408,34.9034],[-79.0387,34.9527],[-79.0348,34.963],[-79.0497,34.992],[-79.0903,35.042],[-79.0932,35.0902],[-79.1129,35.1259]]]}},{"type":"Feature","properties":{"county_fips":"37093","county_name":"Hoke","state":"NC"},"geometry":{"type":"Polygon","coordinates":[[[-79.4579,35.0446],[-79.3354,35.1616],[-79.3123,35.1685],[-79.2926,35.1884],[-79.2429,35.2138],[-79.2113,35.194],[-79.1755,35.1931],[-79.1683,35.1814],[-79.1543,35.1804],[-79.1421,35.169],[-79.133,35.1777],[-79.1251,35.1665],[-79.0976,35.1742],[-79.1129,35.1259],[-79.0932,35.0902],[-79.0903,35.042],[-79.0497,34.992],[-79.0356,34.9552],[-79.1914,34.8337],[-79.3479,34.8386],[-79.3373,34.8537],[-79.3489,34.8874],[-79.3531,34.9442],[-79.3965,34.9941],[-79.4495,35.0271],[-79.4579,35.0446]]]}},{"type":"Feature","properties":{"county_fips":"45079","county_name":"Richland","state":"SC"},"geometry":{"type":"Polygon","coordinates":[[[-81.3453,34.205],[-81.3169,34.2395],[-81.2966,34.2374],[-81.2513,34.2029],[-81.2264,34.2057],[-81.1783,34.1746],[-81.1794,34.1871],[-81.1684,34.1977],[-81.1812,34.2203],[-81.0959,34.2139],[-81.0708,34.2251],[-81.0699,34.2322],[-81.0612,34.228],[-80.9619,34.252],[-80.8259,34.2688],[-80.8685,34.1817],[-80.7193,34.069],[-80.7036,34.081],[-80.6162,34.0996],[-80.6362,34.0802],[-80.6195,34.0823],[-80.6312,34.0682],[-80.6064,34.058],[-80.6126,34.0518],[-80.601,34.0394],[-80.608,34.0293],[-80.6021,34.0254],[-80.6155,34.0245],[-80.628,34.0119],[-80.6253,34.0037],[-80.6373,34.0076],[-80.6354,34.0014],[-80.6466,33.999],[-80.6304,33.9758],[-80.6331,33.9665],[-80.6158,33.9655],[-80.6291,33.9418],[-80.6167,33.9364],[-80.6306,33.9337],[-80.6262,33.9299],[-80.6341,33.9173],[-80.615,33.8919],[-80.6256,33.8935],[-80.623,33.8604],[-80.6335,33.8527],[-80.6161,33.8343],[-80.6157,33.8145],[-80.5983,33.8045],[-80.6054,33.8047],[-80.5962,33.7864],[-80.603,33.7853],[-80.5977,33.7775],[-80.6057,33.7718],[-80.605,33.7585],[-80.6187,33.7436],[-80.6328,33.7437],[-80.6564,33.7614],[-80.6547,33.7735],[-80.6866,33.756],[-80.7054,33.7598],[-80.7123,33.7712],[-80.7154,33.7605],[-80.7268,33.7683],[-80.7385,33.7564],[-80.7363,33.7674],[-80.745,33.7764],[-80.7516,33.7706],[-80.7473,33.7617],[-80.7597,33.774],[-80.7849,33.761],[-80.783,33.7689],[-80.8112,33.7797],[-80.828,33.7762],[-80.8225,33.787],[-80.8335,33.7855],[-80.8375,33.7939],[-80.8658,33.8027],[-80.8748,33.8155],[-80.9156,33.8114],[-80.9153,33.8339],[-80.9362,33.8264],[-80.9537,33.8427],[-80.9883,33.8498],[-80.9862,33.8575],[-81.0021,33.8631],[-80.9982,33.8768],[-81.0207,33.8847],[-81.0088,33.9041],[-81.0301,33.9136],[-81.017,33.9309],[-81.0547,34.0008],[-81.0975,34.0177],[-81.132,34.0623],[-81.1729,34.0905],[-81.2334,34.1018],[-81.2758,34.0974],[-81.315,34.1461],[-81.3023,34.1624],[-81.3145,34.1869],[-81.3453,34.205]]]}},{"type":"Feature","properties":{"county_fips":"45049","county_name":"Hampton","state":"SC"},"geometry":{"type":"Polygon","coordinates":[[[-81.4275,32.7022],[-81.4151,32.7137],[-81.4203,32.7211],[-81.41,32.7219],[-81.4178,32.7251],[-81.4127,32.7391],[-81.3385,32.7685],[-81.3268,32.7909],[-81.2617,32.8391],[-81.2767,32.8921],[-81.2377,32.9067],[-81.237,32.9402],[-81.0823,33.0266],[-81.0135,32.9548],[-80.9872,32.9011],[-80.9588,32.8767],[-80.9455,32.8764],[-80.9001,32.8326],[-80.8958,32.8106],[-80.8662,32.7756],[-80.8456,32.7208],[-80.8263,32.7043],[-80.8372,32.6998],[-80.9024,32.6216],[-80.9587,32.6425],[-80.963,32.6522],[-80.95,32.6615],[-80.9459,32.6873],[-80.9648,32.6951],[-80.9765,32.7209],[-81.0146,32.7531],[-81.2889,32.5512],[-81.2913,32.5627],[-81.2967,32.5534],[-81.298,32.563],[-81.3218,32.5595],[-81.3548,32.5711],[-81.3577,32.5821],[-81.367,32.577],[-81.3698,32.5912],[-81.381,32.5897],[-81.4112,32.6177],[-81.4184,32.6347],[-81.4082,32.6313],[-81.4027,32.637],[-81.4126,32.6415],[-81.393,32.6515],[-81.4072,32.6605],[-81.3975,32.6626],[-81.4096,32.697],[-81.4124,32.6921],[-81.4275,32.7022]]]}},{"type":"Feature","properties":{"county_fips":"45005","county_name":"Allendale","state":"SC"},"geometry":{"type":"Polygon","coordinates":[[[-81.6136,33.0957],[-81.5419,33.1583],[-81.3649,33.1081],[-81.1931,33.1187],[-81.1244,33.0532],[-81.1012,33.0491],[-81.0823,33.0266],[-81.237,32.9402],[-81.2377,32.9067],[-81.2767,32.8921],[-81.2617,32.8391],[-81.3268,32.7909],[-81.3385,32.7685],[-81.4051,32.745],[-81.4198,32.7498],[-81.4084,32.7547],[-81.4118,32.7631],[-81.4319,32.7689],[-81.4145,32.7781],[-81.4312,32.7841],[-81.4222,32.784],[-81.4274,32.7883],[-81.4197,32.7932],[-81.4283,32.8008],[-81.418,32.8182],[-81.4271,32.8169],[-81.422,32.8215],[-81.4299,32.8282],[-81.4216,32.8352],[-81.4399,32.8404],[-81.4449,32.851],[-81.4517,32.8448],[-81.4607,32.846],[-81.4534,32.8739],[-81.4794,32.8811],[-81.4641,32.8978],[-81.4808,32.8986],[-81.4832,32.9218],[-81.5024,32.9354],[-81.4994,32.945],[-81.5086,32.9526],[-81.5108,32.9685],[-81.4998,32.9638],[-81.4915,32.9954],[-81.5002,33.0035],[-81.4914,33.0081],[-81.5041,33.0163],[-81.5107,33.0103],[-81.5103,33.0212],[-81.5191,33.0232],[-81.5112,33.0278],[-81.5291,33.0408],[-81.5388,33.0392],[-81.5438,33.0486],[-81.5619,33.0458],[-81.5589,33.0529],[-81.564,33.0608],[-81.5719,33.054],[-81.5772,33.0659],[-81.6032,33.0744],[-81.5965,33.0799],[-81.6013,33.087],[-81.6129,33.081],[-81.6136,33.0957]]]}},{"type":"Feature","properties":{"county_fips":"37019","county_name":"Brunswick","state":"NC"},"geometry":{"type":"Polygon","coordinates":[[[-78.6504,33.9457],[-78.6422,33.9581],[-78.6484,33.9655],[-78.6241,33.9733],[-78.6406,34.0103],[-78.6003,34.03],[-78.5908,34.0272],[-78.5793,34.0369],[-78.5796,34.0516],[-78.5571,34.0618],[-78.5602,34.0921],[-78.5441,34.0999],[-78.554,34.1041],[-78.549,34.1115],[-78.5551,34.1168],[-78.5388,34.1252],[-78.5452,34.1457],[-78.5029,34.1691],[-78.4227,34.1396],[-78.3916,34.1739],[-78.3668,34.1888],[-78.3743,34.2049],[-78.2546,34.2163],[-78.1545,34.365],[-78.1395,34.3655],[-78.1373,34.3717],[-78.1207,34.368],[-78.1028,34.355],[-78.0788,34.3539],[-78.0783,34.3389],[-78.0593,34.3379],[-78.0598,34.3448],[-78.0467,34.3304],[-78.0263,34.3293],[-78.0262,34.3181],[-78.0087,34.3226],[-78.0159,34.2903],[-78.0059,34.2889],[-78.0048,34.2805],[-77.9902,34.2817],[-78.002,34.2731],[-77.9875,34.2683],[-77.9731,34.2472],[-77.9678,34.2521],[-77.9685,34.2423],[-77.9566,34.2345],[-77.9586,34.1738],[-77.9369,34.1228],[-77.931,34.0503],[-77.9485,33.9713],[-77.9372,33.9292],[-77.9534,33.8956],[-77.9605,33.8432],[-78.0083,33.8642],[-77.9898,33.888],[-77.989,33.9025],[-77.9959,33.9056],[-78.017,33.9023],[-78.0207,33.8883],[-78.1203,33.9103],[-78.2392,33.9175],[-78.3871,33.902],[-78.5405,33.8527],[-78.6504,33.9457]]]}},{"type":"Feature","properties":{"county_fips":"12123","county_name":"Taylor","state":"FL"},"geometry":{"type":"MultiPolygon","coordinates":[[[[-83.829,29.9698],[-83.8278,29.9728],[-83.827,29.9711],[-83.829,29.9698]]],[[[-83.992,30.0934],[-83.9686,30.1362],[-83.9731,30.146],[-83.9604,30.1524],[-83.9513,30.1863],[-83.9255,30.1929],[-83.9158,30.2452],[-83.9026,30.2475],[-83.8797,30.269],[-83.8377,30.2808],[-83.8202,30.3035],[-83.4688,30.3042],[-83.4693,30.2604],[-83.3673,30.2604],[-83.3709,29.8879],[-83.353,29.8879],[-83.3529,29.8222],[-83.3189,29.8226],[-83.3195,29.7783],[-83.3457,29.7435],[-83.3507,29.6953],[-83.3654,29.6758],[-83.3632,29.6682],[-83.4554,29.6764],[-83.4837,29.6882],[-83.4836,29.6985],[-83.4987,29.7098],[-83.493,29.7127],[-83.5479,29.7281],[-83.566,29.7614],[-83.5856,29.7614],[-83.579,29.7684],[-83.5892,29.7833],[-83.5819,29.7921],[-83.5868,29.8189],[-83.6186,29.8423],[-83.638,29.8861],[-83.6772,29.9116],[-83.6808,29.9216],[-83.7824,29.9755],[-83.8287,29.9832],[-83.863,30.0079],[-83.9254,30.0346],[-83.9597,30.0649],[-83.9892,30.0777],[-83.992,30.0934]]]]}},{"type":"Feature","properties":{"county_fips":"12101","county_name":"Pasco","state":"FL"},"geometry":{"type":"MultiPolygon","coordinates":[[[[-82.7991,28.1853],[-82.756,28.2281],[-82.7645,28.2321],[-82.7622,28.2421],[-82.7484,28.2468],[-82.7582,28.2549],[-82.7493,28.2559],[-82.737,28.2745],[-82.7435,28.2787],[-82.7254,28.2901],[-82.7353,28.2994],[-82.7315,28.325],[-82.7104,28.352],[-82.7181,28.3573],[-82.7013,28.3748],[-82.7064,28.4031],[-82.6878,28.4087],[-82.6999,28.4125],[-82.6973,28.4202],[-82.6699,28.4336],[-82.2534,28.4348],[-82.2533,28.4785],[-82.0547,28.4784],[-82.0555,28.2589],[-82.1062,28.2592],[-82.1059,28.1716],[-82.7855,28.1726],[-82.7991,28.1853]]],[[[-82.8001,28.1732],[-82.7983,28.1749],[-82.7984,28.1739],[-82.8001,28.1732]]],[[[-82.8043,28.1764],[-82.8035,28.1779],[-82.8016,28.1765],[-82.8043,28.1764]]],[[[-82.8061,28.173],[-82.8042,28.1741],[-82.8041,28.1731],[-82.8061,28.173]]],[[[-82.8524,28.2102],[-82.8404,28.212],[-82.8484,28.2045],[-82.843,28.1717],[-82.8524,28.2102]]]]}},{"type":"Feature","properties":{"county_fips":"12089","county_name":"Nassau","state":"FL"},"geometry":{"type":"Polygon","coordinates":[[[-82.0504,30.6763],[-82.0364,30.7066],[-82.0448,30.7285],[-82.0387,30.7511],[-82.0114,30.7626],[-82.022,30.7882],[-82.0048,30.7914],[-81.9777,30.7766],[-81.9629,30.7958],[-81.9639,30.8181],[-81.9388,30.8288],[-81.927,30.8176],[-81.9109,30.8161],[-81.9014,30.8299],[-81.8815,30.7999],[-81.8683,30.7929],[-81.8074,30.7901],[-81.7985,30.7823],[-81.7944,30.787],[-81.7822,30.7613],[-81.7719,30.7638],[-81.7696,30.7771],[-81.7408,30.765],[-81.742,30.7591],[-81.7199,30.7446],[-81.6948,30.7484],[-81.6728,30.7389],[-81.6725,30.7484],[-81.6831,30.7485],[-81.6633,30.7544],[-81.6627,30.743],[-81.6523,30.7431],[-81.6531,30.7298],[-81.6307,30.7281],[-81.6244,30.7363],[-81.6235,30.7247],[-81.6107,30.7162],[-81.6009,30.7294],[-81.5971,30.7193],[-81.5737,30.7223],[-81.5607,30.7117],[-81.5493,30.7183],[-81.5384,30.7087],[-81.5312,30.7242],[-81.4873,30.7261],[-81.4726,30.7133],[-81.4258,30.7005],[-81.4419,30.6014],[-81.4376,30.5187],[-81.4799,30.5335],[-81.4996,30.5638],[-81.514,30.5673],[-81.5238,30.5563],[-81.5199,30.5436],[-81.5263,30.5312],[-81.543,30.5239],[-81.5509,30.543],[-81.5678,30.5366],[-81.5854,30.5442],[-81.5844,30.566],[-81.6096,30.554],[-81.6142,30.5631],[-81.6015,30.5677],[-81.611,30.5759],[-81.606,30.5855],[-81.6499,30.5766],[-81.6637,30.5508],[-81.6739,30.5662],[-81.6955,30.5632],[-81.6976,30.5696],[-81.7046,30.5636],[-81.7219,30.5719],[-81.7268,30.5594],[-81.7363,30.5571],[-81.7384,30.5346],[-81.7637,30.5349],[-81.7653,30.5187],[-81.7816,30.5033],[-81.7949,30.5054],[-81.8095,30.4845],[-82.0492,30.2734],[-82.05,30.3624],[-82.0368,30.3779],[-82.0372,30.4345],[-82.0178,30.4751],[-82.0184,30.5312],[-82.0055,30.5635],[-82.0157,30.6017],[-82.0273,30.6067],[-82.0285,30.6218],[-82.0495,30.6555],[-82.0504,30.6763]]]}},{"type":"Feature","properties":{"county_fips":"13039","county_name":"Camden","state":"GA"},"geometry":{"type":"Polygon","coordinates":[[[-81.9367,31.0608],[-81.9263,31.0609],[-81.9274,31.0789],[-81.9159,31.0953],[-81.8407,31.0977],[-81.8191,31.1365],[-81.8016,31.1513],[-81.7907,31.146],[-81.7662,31.1697],[-81.7624,31.1533],[-81.7242,31.1496],[-81.6862,31.1224],[-81.6621,31.1256],[-81.6328,31.1078],[-81.623,31.1166],[-81.5821,31.115],[-81.5704,31.1292],[-81.5603,31.1288],[-81.5616,31.1107],[-81.5727,31.0956],[-81.5567,31.0808],[-81.5398,31.0838],[-81.5266,31.0632],[-81.4929,31.0548],[-81.4827,31.0326],[-81.4547,31.0371],[-81.4449,31.029],[-81.4431,31.0167],[-81.4578,31.0103],[-81.461,30.9991],[-81.4906,30.985],[-81.487,30.9696],[-81.4668,30.9709],[-81.448,30.9655],[-81.4474,30.9567],[-81.4269,30.9566],[-81.4201,30.9741],[-81.4085,30.9777],[-81.4041,30.9037],[-81.4601,30.7699],[-81.4595,30.742],[-81.4441,30.7097],[-81.4726,30.7133],[-81.4873,30.7261],[-81.5312,30.7242],[-81.5384,30.7087],[-81.5493,30.7183],[-81.5607,30.7117],[-81.5737,30.7223],[-81.5971,30.7193],[-81.6009,30.7294],[-81.6107,30.7162],[-81.6235,30.7247],[-81.6244,30.7363],[-81.6307,30.7281],[-81.6531,30.7298],[-81.6523,30.7431],[-81.6627,30.743],[-81.6633,30.7544],[-81.6831,30.7485],[-81.6725,30.7484],[-81.6728,30.7389],[-81.6948,30.7484],[-81.7199,30.7446],[-81.7617,30.7757],[-81.7713,30.7763],[-81.7719,30.7638],[-81.7822,30.7613],[-81.7944,30.787],[-81.8392,30.7866],[-81.8815,30.7999],[-81.8929,30.8255],[-81.9049,30.8283],[-81.8921,30.9099],[-81.8952,30.9048],[-81.9062,30.9092],[-81.9026,30.9152],[-81.9155,30.9131],[-81.8925,30.9512],[-81.8919,30.9602],[-81.9174,30.9849],[-81.9146,30.9957],[-81.9079,30.9948],[-81.9114,31.0107],[-81.9028,31.0294],[-81.9115,31.0432],[-81.936,31.048],[-81.9367,31.0608]]]}},{"type":"Feature","properties":{"county_fips":"13033","county_name":"Burke","state":"GA"},"geometry":{"type":"Polygon","coordinates":[[[-82.3165,32.8358],[-82.2724,32.9378],[-82.2912,33.0628],[-82.2811,33.1104],[-82.2328,33.2285],[-82.2676,33.2674],[-82.1742,33.2968],[-82.1337,33.2759],[-82.1253,33.2497],[-82.0971,33.2306],[-82.06,33.2426],[-81.9789,33.2272],[-81.9244,33.2569],[-81.886,33.2619],[-81.8117,33.2238],[-81.8065,33.2121],[-81.7845,33.2081],[-81.774,33.2211],[-81.7569,33.1978],[-81.7661,33.1778],[-81.7724,33.1809],[-81.7681,33.1682],[-81.7445,33.1422],[-81.7046,33.1165],[-81.6464,33.0946],[-81.6117,33.0943],[-81.6129,33.081],[-81.6013,33.087],[-81.6009,33.0728],[-81.5772,33.0659],[-81.5719,33.054],[-81.564,33.0608],[-81.5619,33.0458],[-81.5417,33.0457],[-81.7676,32.9094],[-81.7836,32.9284],[-81.8579,32.9539],[-81.9564,32.9237],[-82.0813,32.9168],[-82.1237,32.8837],[-82.145,32.8127],[-82.2137,32.8039],[-82.2563,32.824],[-82.3001,32.8258],[-82.3165,32.8358]]]}},{"type":"Feature","properties":{"county_fips":"12105","county_name":"Polk","state":"FL"},"geometry":{"type":"Polygon","coordinates":[[[-82.1062,28.2592],[-82.0555,28.2589],[-82.0558,28.3128],[-82.0399,28.3203],[-82.0076,28.3232],[-81.9858,28.3053],[-81.958,28.3089],[-81.9576,28.3452],[-81.8575,28.346],[-81.8576,28.3619],[-81.7909,28.3618],[-81.7907,28.3464],[-81.6573,28.3471],[-81.6572,28.2592],[-81.5575,28.2594],[-81.5241,28.201],[-81.5242,28.1428],[-81.4562,28.1432],[-81.4558,28.0849],[-81.3464,28.0847],[-81.3463,28.0697],[-81.365,28.0682],[-81.3626,28.0405],[-81.3756,28.0297],[-81.3787,28.0117],[-81.394,28.028],[-81.428,28.0393],[-81.4407,28.0586],[-81.4574,28.0551],[-81.4588,28.0401],[-81.4403,28.0339],[-81.4156,27.9982],[-81.387,28.0036],[-81.3765,27.9783],[-81.3367,27.9496],[-81.3384,27.9392],[-81.3471,27.9373],[-81.3086,27.9216],[-81.3149,27.9012],[-81.3016,27.8619],[-81.2333,27.8437],[-81.2081,27.8211],[-81.1877,27.7755],[-81.1729,27.7605],[-81.1785,27.7519],[-81.165,27.7422],[-81.1687,27.726],[-81.1458,27.7102],[-81.149,27.692],[-81.1441,27.6693],[-81.1318,27.6615],[-81.1325,27.6475],[-82.0543,27.6464],[-82.0563,28.1716],[-82.1059,28.1716],[-82.1062,28.2592]]]}},{"type":"Feature","properties":{"county_fips":"45075","county_name":"Orangeburg","state":"SC"},"geometry":{"type":"Polygon","coordinates":[[[-81.3735,33.4905],[-81.1873,33.6529],[-81.0429,33.7071],[-80.9655,33.6253],[-80.9421,33.6419],[-80.9398,33.6088],[-80.9197,33.6055],[-80.8814,33.6197],[-80.8076,33.6041],[-80.6941,33.5219],[-80.694,33.506],[-80.659,33.471],[-80.6113,33.4704],[-80.6247,33.4989],[-80.5882,33.5386],[-80.6103,33.5507],[-80.6036,33.5554],[-80.5523,33.5654],[-80.5514,33.5587],[-80.5401,33.5618],[-80.5033,33.5358],[-80.5056,33.5526],[-80.485,33.56],[-80.4684,33.5411],[-80.4554,33.5471],[-80.4475,33.5405],[-80.4473,33.5245],[-80.468,33.525],[-80.4677,33.5162],[-80.4564,33.5122],[-80.4611,33.5043],[-80.4391,33.502],[-80.437,33.478],[-80.3938,33.4458],[-80.3545,33.4304],[-80.3236,33.4312],[-80.282,33.4484],[-80.2679,33.4379],[-80.2399,33.4547],[-80.2391,33.44],[-80.2223,33.4437],[-80.2226,33.3913],[-80.2299,33.3916],[-80.2302,33.3841],[-80.2385,33.3912],[-80.2416,33.3831],[-80.2396,33.3522],[-80.2538,33.2993],[-80.3019,33.2675],[-80.3172,33.2641],[-80.3489,33.278],[-80.3591,33.272],[-80.3619,33.2574],[-80.3942,33.2647],[-80.4362,33.26],[-80.4846,33.28],[-80.5028,33.3345],[-80.7979,33.1769],[-80.817,33.1875],[-80.8247,33.2016],[-80.8375,33.2037],[-80.8462,33.2383],[-80.8876,33.2579],[-80.8852,33.2629],[-80.9487,33.3093],[-80.9619,33.3081],[-80.9683,33.3188],[-80.9797,33.3181],[-81.0048,33.3363],[-81.0478,33.3492],[-81.0886,33.3796],[-81.1113,33.3809],[-81.164,33.4093],[-81.1895,33.4117],[-81.2061,33.4373],[-81.2537,33.4462],[-81.2969,33.4799],[-81.3442,33.4809],[-81.3735,33.4905]]]}},{"type":"Feature","properties":{"county_fips":"45067","county_name":"Marion","state":"SC"},"geometry":{"type":"Polygon","coordinates":[[[-79.5719,34.1854],[-79.5457,34.2108],[-79.5543,34.2476],[-79.5124,34.2575],[-79.4963,34.2748],[-79.4791,34.2786],[-79.4807,34.2881],[-79.411,34.3002],[-79.3803,34.3006],[-79.3054,34.2693],[-79.2944,34.277],[-79.2394,34.2543],[-79.2143,34.2555],[-79.1735,34.2875],[-79.1266,34.2517],[-79.1348,34.241],[-79.1267,34.2361],[-79.1357,34.2291],[-79.1337,34.2157],[-79.1539,34.2072],[-79.1736,34.1795],[-79.1769,34.1848],[-79.1927,34.1754],[-79.1973,34.1587],[-79.2075,34.1548],[-79.2058,34.133],[-79.2189,34.1268],[-79.2209,34.1077],[-79.2301,34.1088],[-79.2501,34.0904],[-79.2481,34.0795],[-79.2396,34.0768],[-79.2478,34.0571],[-79.3076,34.0277],[-79.3072,34.0059],[-79.3151,33.9965],[-79.3285,34.0002],[-79.3388,33.9705],[-79.3301,33.9616],[-79.3334,33.9527],[-79.3116,33.9442],[-79.317,33.9341],[-79.3069,33.9348],[-79.3067,33.9239],[-79.3123,33.9182],[-79.2999,33.9038],[-79.2636,33.8925],[-79.256,33.8654],[-79.2641,33.8425],[-79.2488,33.8312],[-79.2603,33.8149],[-79.2355,33.7644],[-79.1959,33.7279],[-79.1903,33.7058],[-79.1994,33.7101],[-79.1962,33.7013],[-79.2128,33.7001],[-79.218,33.7058],[-79.2389,33.6944],[-79.2493,33.697],[-79.2424,33.7059],[-79.2751,33.7089],[-79.2711,33.7216],[-79.2864,33.7176],[-79.2933,33.7523],[-79.3233,33.7887],[-79.3152,33.8268],[-79.3369,33.8326],[-79.332,33.8366],[-79.3398,33.8415],[-79.3538,33.8341],[-79.3535,33.8412],[-79.3683,33.8429],[-79.3895,33.8732],[-79.4098,33.8853],[-79.4004,33.8922],[-79.429,33.8978],[-79.4522,33.9148],[-79.452,33.9246],[-79.4596,33.9208],[-79.4629,33.9318],[-79.4737,33.93],[-79.4917,33.9465],[-79.4815,33.9647],[-79.4998,33.9713],[-79.5169,33.994],[-79.5089,34.0037],[-79.5114,34.0409],[-79.5359,34.0761],[-79.5291,34.1002],[-79.5153,34.0972],[-79.5246,34.1156],[-79.5172,34.1268],[-79.5325,34.1263],[-79.5326,34.1357],[-79.5719,34.1854]]]}},{"type":"Feature","properties":{"county_fips":"45009","county_name":"Bamberg","state":"SC"},"geometry":{"type":"Polygon","coordinates":[[[-81.2278,33.1626],[-81.2179,33.2084],[-81.2132,33.3979],[-81.2227,33.44],[-81.2061,33.4373],[-81.1895,33.4117],[-81.164,33.4093],[-81.1113,33.3809],[-81.0886,33.3796],[-81.0478,33.3492],[-81.0048,33.3363],[-80.9797,33.3181],[-80.9683,33.3188],[-80.9619,33.3081],[-80.9487,33.3093],[-80.8852,33.2629],[-80.8876,33.2579],[-80.8462,33.2383],[-80.8375,33.2037],[-80.8247,33.2016],[-80.817,33.1875],[-80.7979,33.1769],[-80.8954,33.1253],[-80.889,33.1022],[-80.8769,33.0932],[-80.8961,33.0614],[-80.906,33.0602],[-80.9372,33.1026],[-81.0823,33.0266],[-81.0985,33.0472],[-81.1244,33.0532],[-81.1708,33.0957],[-81.2101,33.1337],[-81.2278,33.1626]]]}},{"type":"Feature","properties":{"county_fips":"12045","county_name":"Gulf","state":"FL"},"geometry":{"type":"Polygon","coordinates":[[[-85.4175,29.8299],[-85.4118,29.8598],[-85.3912,29.8743],[-85.4104,29.8307],[-85.4104,29.8081],[-85.3886,29.7302],[-85.3608,29.6787],[-85.3137,29.6865],[-85.304,29.7206],[-85.3028,29.8089],[-85.3114,29.8144],[-85.3175,29.8389],[-85.3367,29.8493],[-85.3637,29.8989],[-85.3887,29.9244],[-85.3897,30.201],[-85.1157,30.2],[-85.1387,30.1725],[-85.1332,30.161],[-85.1385,30.1463],[-85.1321,30.1448],[-85.1454,30.1247],[-85.1302,30.1174],[-85.1486,30.1115],[-85.1449,30.0975],[-85.154,30.092],[-85.1343,30.082],[-85.1353,30.0433],[-85.1157,30.0241],[-85.0983,30.0246],[-85.099,30.0153],[-85.0582,30.0039],[-85.0497,29.9901],[-85.0273,29.9821],[-85.0179,29.951],[-85.0265,29.9528],[-85.0296,29.9311],[-85.0412,29.9312],[-85.0544,29.9019],[-85.0412,29.8759],[-85.0326,29.8301],[-85.0197,29.8199],[-85.0401,29.7793],[-85.0648,29.787],[-85.0782,29.7686],[-85.1094,29.7768],[-85.2062,29.7112],[-85.2175,29.6947],[-85.2509,29.6872],[-85.2459,29.6816],[-85.222,29.6855],[-85.2322,29.6774],[-85.2986,29.684],[-85.3515,29.6667],[-85.3677,29.6808],[-85.3873,29.7154],[-85.4175,29.8299]]]}},{"type":"Feature","properties":{"county_fips":"12029","county_name":"Dixie","state":"FL"},"geometry":{"type":"MultiPolygon","coordinates":[[[[-82.9187,29.8241],[-82.904,29.8243],[-82.9123,29.8208],[-82.9187,29.8241]]],[[[-83.4148,29.6636],[-83.3985,29.6739],[-83.3632,29.6682],[-83.3654,29.6758],[-83.3507,29.6953],[-83.3457,29.7435],[-83.3195,29.7783],[-83.3189,29.8226],[-82.9206,29.8241],[-82.9355,29.807],[-82.9198,29.7957],[-82.9374,29.7836],[-82.9497,29.7579],[-82.9388,29.7502],[-82.9497,29.7263],[-82.9432,29.7176],[-82.9566,29.7187],[-82.9372,29.7027],[-82.9574,29.7005],[-82.9591,29.67],[-82.9518,29.6598],[-82.956,29.6401],[-82.9731,29.6243],[-82.9722,29.609],[-82.9549,29.5856],[-82.9418,29.5932],[-82.9371,29.5883],[-82.9479,29.5575],[-82.9773,29.5399],[-82.9694,29.5223],[-82.9829,29.5154],[-82.9849,29.4691],[-82.9998,29.4633],[-83.0212,29.4312],[-83.0161,29.4227],[-83.0269,29.4189],[-83.0233,29.3986],[-83.0647,29.374],[-83.0622,29.3642],[-83.0721,29.3539],[-83.0605,29.3495],[-83.0904,29.3328],[-83.0988,29.3369],[-83.1129,29.3181],[-83.142,29.3226],[-83.1648,29.2892],[-83.1746,29.3071],[-83.1562,29.3249],[-83.1726,29.3301],[-83.1739,29.3468],[-83.1911,29.3682],[-83.2025,29.3713],[-83.2024,29.3944],[-83.2113,29.3983],[-83.2181,29.4205],[-83.2405,29.4332],[-83.2937,29.437],[-83.2897,29.4448],[-83.3144,29.4751],[-83.3311,29.4756],[-83.3567,29.4999],[-83.3703,29.4999],[-83.4003,29.5172],[-83.3957,29.5263],[-83.4072,29.5706],[-83.4014,29.6334],[-83.4148,29.6636]]]]}},{"type":"Feature","properties":{"county_fips":"12129","county_name":"Wakulla","state":"FL"},"geometry":{"type":"Polygon","coordinates":[[[-84.7366,30.2681],[-84.7277,30.2758],[-84.7292,30.2874],[-84.7134,30.3002],[-84.3784,30.3034],[-84.2477,30.3035],[-84.2412,30.2742],[-84.0755,30.2736],[-84.076,30.0955],[-84.1138,30.0855],[-84.1249,30.0906],[-84.1679,30.0714],[-84.1845,30.0773],[-84.175,30.0958],[-84.1881,30.094],[-84.2056,30.1143],[-84.1985,30.0879],[-84.2034,30.0846],[-84.237,30.0856],[-84.2475,30.1011],[-84.2623,30.1037],[-84.2725,30.0924],[-84.2731,30.0638],[-84.3175,30.0481],[-84.3524,30.0129],[-84.3566,30.0186],[-84.3661,30.0087],[-84.362,29.9877],[-84.3522,29.9791],[-84.3447,29.985],[-84.3418,29.9703],[-84.4342,29.9905],[-84.4382,29.9772],[-84.4434,29.9822],[-84.4546,29.9713],[-84.4597,29.9934],[-84.4702,30.0025],[-84.4871,29.9885],[-84.5141,29.9891],[-84.5121,29.982],[-84.5217,29.9808],[-84.525,30.0052],[-84.5424,30.0024],[-84.5489,30.0071],[-84.543,30.0128],[-84.5584,30.0221],[-84.5704,30.0169],[-84.5952,30.0334],[-84.5965,30.0464],[-84.6039,30.0463],[-84.616,30.0654],[-84.6315,30.0662],[-84.6379,30.0837],[-84.6543,30.0972],[-84.6481,30.1054],[-84.6532,30.1182],[-84.6596,30.1151],[-84.6704,30.1276],[-84.6655,30.1346],[-84.6725,30.1504],[-84.6649,30.1698],[-84.6783,30.1881],[-84.6819,30.2177],[-84.6995,30.2277],[-84.6988,30.2461],[-84.7366,30.2681]]]}},{"type":"Feature","properties":{"county_fips":"45019","county_name":"Charleston","state":"SC"},"geometry":{"type":"MultiPolygon","coordinates":[[[[-79.5079,33.0201],[-79.5024,33.0206],[-79.501,33.0182],[-79.5031,33.0176],[-79.5079,33.0201]]],[[[-79.5522,32.9888],[-79.5487,32.993],[-79.5452,32.9907],[-79.5522,32.9888]]],[[[-80.182,32.5472],[-80.1845,32.5536],[-80.1772,32.5483],[-80.182,32.5472]]],[[[-80.4536,32.7405],[-80.4475,32.7627],[-80.4329,32.7785],[-80.4358,32.7882],[-80.4054,32.815],[-80.3941,32.8445],[-80.4013,32.8585],[-80.3018,32.8519],[-80.1493,32.8182],[-80.1608,32.8409],[-80.1837,32.8471],[-80.1857,32.8608],[-80.1767,32.8671],[-80.1613,32.8559],[-80.1549,32.8651],[-80.1622,32.8746],[-80.1448,32.8876],[-80.1254,32.8896],[-80.1228,32.9018],[-80.1195,32.8936],[-80.0977,32.887],[-80.0798,32.9282],[-80.1413,32.9792],[-80.1105,32.9855],[-80.1355,32.9989],[-80.146,32.9843],[-80.1676,33.0026],[-80.1626,33.0105],[-80.17,33.0043],[-80.1764,33.01],[-80.1607,33.0208],[-80.1492,33.0216],[-80.1134,32.9981],[-80.1027,33.0013],[-80.1051,32.9925],[-80.0982,32.9881],[-80.056,32.9994],[-80.0401,32.9827],[-80.0415,32.955],[-80.0118,32.8999],[-79.9482,32.9083],[-79.9624,32.8911],[-79.9637,32.8754],[-79.9563,32.86],[-79.9312,32.85],[-79.9297,32.8232],[-79.9138,32.8157],[-79.8962,32.8297],[-79.8959,32.8599],[-79.853,32.8761],[-79.8359,32.9198],[-79.826,32.9186],[-79.7814,32.9438],[-79.7716,32.9418],[-79.7634,32.9563],[-79.7693,32.9716],[-79.7621,32.9891],[-79.7303,33.0126],[-79.7164,33.0386],[-79.6605,33.0908],[-79.6423,33.1244],[-79.6123,33.1384],[-79.6029,33.1338],[-79.5623,33.1563],[-79.5339,33.1438],[-79.522,33.1467],[-79.4773,33.2089],[-79.4503,33.2073],[-79.4377,33.2152],[-79.404,33.1838],[-79.3513,33.1535],[-79.3333,33.1558],[-79.2688,33.136],[-79.2756,33.1168],[-79.3282,33.0904],[-79.3623,33.0091],[-79.4231,33.0102],[-79.4011,33.0112],[-79.4044,33.0196],[-79.4833,33.0098],[-79.5069,33.0328],[-79.5252,33.0373],[-79.5711,33.0138],[-79.6176,32.9527],[-79.6075,32.9262],[-79.5741,32.9325],[-79.5811,32.9064],[-79.6311,32.8886],[-79.6981,32.8513],[-79.7264,32.806],[-79.814,32.7748],[-79.824,32.7627],[-79.8488,32.7536],[-79.878,32.7857],[-79.9232,32.7818],[-79.9285,32.7542],[-79.8791,32.7508],[-79.8709,32.7424],[-79.8701,32.73],[-79.8871,32.7019],[-79.8856,32.6849],[-79.9743,32.641],[-79.9922,32.611],[-80.0981,32.5983],[-80.1454,32.5781],[-80.1666,32.5602],[-80.195,32.56],[-80.3182,32.5113],[-80.3229,32.5237],[-80.3483,32.5254],[-80.35,32.5187],[-80.3246,32.5037],[-80.3267,32.4931],[-80.3513,32.4987],[-80.3815,32.5302],[-80.4149,32.5465],[-80.4123,32.5569],[-80.3957,32.5617],[-80.3891,32.5738],[-80.3972,32.5919],[-80.3872,32.6151],[-80.3991,32.6183],[-80.4204,32.6042],[-80.428,32.6225],[-80.4075,32.6271],[-80.389,32.6523],[-80.4049,32.6524],[-80.4209,32.6701],[-80.4227,32.6885],[-80.4159,32.6947],[-80.4228,32.7146],[-80.4354,32.7131],[-80.4296,32.7204],[-80.4471,32.7284],[-80.4536,32.7405]]]]}},{"type":"Feature","properties":{"county_fips":"45003","county_name":"Aiken","state":"SC"},"geometry":{"type":"Polygon","coordinates":[[[-82.0125,33.5321],[-81.5715,33.8773],[-81.5611,33.8628],[-81.5464,33.8586],[-81.515,33.8131],[-81.4606,33.7973],[-81.4357,33.7757],[-81.4267,33.7431],[-81.4152,33.7321],[-81.3645,33.7281],[-81.2905,33.6942],[-81.2701,33.6939],[-81.1873,33.6529],[-81.3729,33.4904],[-81.7571,33.1981],[-81.774,33.2211],[-81.7845,33.2081],[-81.8065,33.2121],[-81.8092,33.2221],[-81.8529,33.2487],[-81.84,33.2546],[-81.8469,33.2666],[-81.8344,33.2584],[-81.8283,33.263],[-81.836,33.2635],[-81.8325,33.2756],[-81.8633,33.2892],[-81.86,33.2991],[-81.8487,33.2967],[-81.8476,33.3071],[-81.8561,33.3099],[-81.8639,33.302],[-81.8692,33.3138],[-81.8812,33.3025],[-81.8825,33.317],[-81.8925,33.3153],[-81.8892,33.3211],[-81.8986,33.3229],[-81.902,33.3359],[-81.9061,33.3216],[-81.9137,33.32],[-81.9081,33.3271],[-81.9189,33.335],[-81.9089,33.3463],[-81.9193,33.3403],[-81.9397,33.3449],[-81.9353,33.3568],[-81.9463,33.3706],[-81.9248,33.3741],[-81.9456,33.4058],[-81.9248,33.4124],[-81.9124,33.4081],[-81.9108,33.415],[-81.9323,33.4266],[-81.9135,33.4413],[-81.9294,33.4658],[-81.9859,33.4865],[-82.0125,33.5321]]]}},{"type":"Feature","properties":{"county_fips":"12001","county_name":"Alachua","state":"FL"},"geometry":{"type":"Polygon","coordinates":[[[-82.6586,29.8301],[-82.6414,29.8274],[-82.6313,29.8491],[-82.6178,29.8473],[-82.6197,29.8591],[-82.6063,29.8529],[-82.5865,29.8667],[-82.5926,29.8875],[-82.5759,29.8949],[-82.5795,29.9144],[-82.5547,29.9285],[-82.5416,29.9255],[-82.5241,29.9453],[-82.4845,29.9397],[-82.47,29.9258],[-82.4466,29.9318],[-82.4125,29.922],[-82.3975,29.8861],[-82.335,29.8787],[-82.3142,29.8676],[-82.305,29.8532],[-82.2818,29.8444],[-82.2441,29.8524],[-82.2335,29.8453],[-82.1945,29.8485],[-82.1732,29.837],[-82.1331,29.8359],[-82.1176,29.7906],[-82.0793,29.776],[-82.0882,29.7609],[-82.0731,29.7604],[-82.0579,29.7478],[-82.0555,29.7172],[-82.0491,29.7134],[-82.0561,29.6568],[-82.0567,29.44],[-82.0713,29.4433],[-82.0705,29.4342],[-82.0809,29.4404],[-82.0992,29.4188],[-82.1011,29.4383],[-82.1193,29.4282],[-82.1345,29.435],[-82.1458,29.4176],[-82.1507,29.4265],[-82.1936,29.4209],[-82.2132,29.4318],[-82.2127,29.4656],[-82.1935,29.4614],[-82.199,29.4558],[-82.1916,29.4525],[-82.1881,29.4569],[-82.2036,29.472],[-82.2082,29.4668],[-82.2119,29.4841],[-82.5568,29.4801],[-82.5571,29.5375],[-82.6563,29.5356],[-82.6586,29.8301]]]}},{"type":"Feature","properties":{"county_fips":"13309","county_name":"Wheeler","state":"GA"},"geometry":{"type":"Polygon","coordinates":[[[-82.9398,32.1249],[-82.8718,32.1827],[-82.8848,32.1961],[-82.8583,32.1944],[-82.7687,32.2697],[-82.7619,32.2642],[-82.7552,32.2697],[-82.762,32.2756],[-82.722,32.3093],[-82.6937,32.2946],[-82.667,32.2948],[-82.669,32.3039],[-82.6576,32.3027],[-82.6447,32.2954],[-82.6515,32.2868],[-82.6366,32.2691],[-82.6492,32.2464],[-82.6338,32.2328],[-82.6357,32.2205],[-82.6253,32.206],[-82.6312,32.1809],[-82.6238,32.182],[-82.626,32.1688],[-82.6129,32.1615],[-82.6136,32.15],[-82.6304,32.1301],[-82.6174,32.105],[-82.6113,32.1068],[-82.6172,32.1012],[-82.613,32.0844],[-82.623,32.0823],[-82.6084,32.0728],[-82.6138,32.0606],[-82.6021,32.0468],[-82.6075,32.032],[-82.5975,32.0296],[-82.6014,32.0216],[-82.5917,32.0086],[-82.5655,31.99],[-82.5587,31.9923],[-82.5555,31.9799],[-82.546,31.9806],[-82.5397,31.9644],[-82.5452,31.9554],[-82.5684,31.9554],[-82.5948,31.9316],[-82.6034,31.9376],[-82.6146,31.9267],[-82.6457,31.9189],[-82.6952,31.9569],[-82.7254,32.0045],[-82.7828,32.0197],[-82.8073,32.0488],[-82.8556,32.0617],[-82.8872,32.0796],[-82.9153,32.1236],[-82.9398,32.1249]]]}},{"type":"Feature","properties":{"county_fips":"13025","county_name":"Brantley","state":"GA"},"geometry":{"type":"Polygon","coordinates":[[[-82.2846,31.2244],[-82.2685,31.2169],[-82.2255,31.2205],[-82.1932,31.2021],[-82.1756,31.2174],[-82.1657,31.215],[-82.1466,31.2268],[-82.1506,31.2344],[-82.1419,31.2376],[-82.1455,31.2524],[-82.1396,31.2587],[-82.1259,31.2583],[-82.1002,31.2767],[-82.0825,31.2714],[-82.0076,31.2756],[-81.9921,31.308],[-82.0202,31.3274],[-82.0411,31.3737],[-81.9232,31.3459],[-81.8011,31.3637],[-81.7317,31.33],[-81.7343,31.2958],[-81.7472,31.2815],[-81.7668,31.2018],[-81.7826,31.1725],[-81.7763,31.1645],[-81.7662,31.1697],[-81.7907,31.146],[-81.8016,31.1513],[-81.8191,31.1365],[-81.8407,31.0977],[-81.9159,31.0953],[-81.9274,31.0789],[-81.9263,31.0609],[-81.9367,31.0608],[-81.936,31.048],[-82.0609,31.0758],[-82.0812,31.0106],[-82.1317,31.0107],[-82.1636,31.0486],[-82.2083,31.0848],[-82.2087,31.1709],[-82.2304,31.1686],[-82.2843,31.1922],[-82.2846,31.2244]]]}},{"type":"Feature","properties":{"county_fips":"13127","county_name":"Glynn","state":"GA"},"geometry":{"type":"Polygon","coordinates":[[[-81.7826,31.1725],[-81.7668,31.2018],[-81.7472,31.2815],[-81.7343,31.2958],[-81.7317,31.33],[-81.7252,31.3272],[-81.699,31.363],[-81.7048,31.3749],[-81.6972,31.3924],[-81.692,31.4005],[-81.665,31.3999],[-81.626,31.453],[-81.6113,31.4459],[-81.6046,31.4255],[-81.5874,31.4163],[-81.5776,31.3994],[-81.5457,31.3848],[-81.5515,31.3761],[-81.5381,31.3778],[-81.5343,31.3678],[-81.4735,31.3328],[-81.4702,31.3397],[-81.4537,31.3263],[-81.4376,31.3318],[-81.4359,31.3133],[-81.4044,31.3092],[-81.4086,31.2912],[-81.383,31.3171],[-81.316,31.3089],[-81.2982,31.2925],[-81.2835,31.2934],[-81.2696,31.2587],[-81.2828,31.2443],[-81.2905,31.2177],[-81.3031,31.2169],[-81.3311,31.197],[-81.3658,31.1479],[-81.3997,31.1341],[-81.4095,31.1206],[-81.4013,31.0728],[-81.4247,31.0137],[-81.4431,31.0167],[-81.4525,31.0364],[-81.4863,31.0346],[-81.4919,31.0539],[-81.5266,31.0632],[-81.5346,31.0815],[-81.5567,31.0808],[-81.5727,31.0956],[-81.5578,31.1219],[-81.5636,31.1306],[-81.5788,31.116],[-81.623,31.1166],[-81.6328,31.1078],[-81.6621,31.1256],[-81.6862,31.1224],[-81.7242,31.1496],[-81.7624,31.1533],[-81.7636,31.1681],[-81.7763,31.1645],[-81.7826,31.1725]]]}},{"type":"Feature","properties":{"county_fips":"45069","county_name":"Marlboro","state":"SC"},"geometry":{"type":"Polygon","coordinates":[[[-79.9262,34.7665],[-79.9307,34.8066],[-79.6753,34.8047],[-79.45,34.621],[-79.6334,34.298],[-79.6578,34.3052],[-79.6604,34.3223],[-79.6927,34.3565],[-79.6737,34.3711],[-79.6894,34.3818],[-79.6834,34.3991],[-79.6997,34.4066],[-79.7213,34.3925],[-79.7184,34.4171],[-79.7506,34.4368],[-79.7518,34.4665],[-79.7317,34.4664],[-79.7324,34.4771],[-79.7218,34.4854],[-79.7266,34.4955],[-79.7544,34.5041],[-79.7521,34.5135],[-79.7633,34.5191],[-79.7691,34.4965],[-79.7829,34.4978],[-79.788,34.4843],[-79.7964,34.4916],[-79.8061,34.4846],[-79.8334,34.5103],[-79.8062,34.6058],[-79.7778,34.6143],[-79.8006,34.6377],[-79.7956,34.6476],[-79.8169,34.6587],[-79.8305,34.6572],[-79.8594,34.6778],[-79.893,34.742],[-79.9262,34.7665]]]}},{"type":"Feature","properties":{"county_fips":"12095","county_name":"Orange","state":"FL"},"geometry":{"type":"Polygon","coordinates":[[[-81.6572,28.5926],[-81.6586,28.7664],[-81.6465,28.7698],[-81.6465,28.7859],[-81.4147,28.7856],[-81.4228,28.7369],[-81.4414,28.7151],[-81.4595,28.7133],[-81.4597,28.6402],[-81.3285,28.6396],[-81.3279,28.6105],[-80.9954,28.6132],[-80.9522,28.6042],[-80.93,28.5632],[-80.9393,28.535],[-80.9114,28.5246],[-80.9066,28.5116],[-80.8857,28.5103],[-80.8826,28.4915],[-80.8753,28.4887],[-80.8708,28.4714],[-80.8945,28.467],[-80.8983,28.4551],[-80.8902,28.4453],[-80.9012,28.4332],[-80.883,28.4082],[-80.8884,28.3855],[-80.8629,28.3475],[-81.6573,28.3471],[-81.6572,28.5698],[-81.6481,28.5845],[-81.6572,28.5926]]]}},{"type":"Feature","properties":{"county_fips":"13029","county_name":"Bryan","state":"GA"},"geometry":{"type":"Polygon","coordinates":[[[-81.7815,32.1525],[-81.4358,32.2413],[-81.4261,32.228],[-81.4292,32.2166],[-81.4129,32.2054],[-81.4186,32.1972],[-81.41,32.1848],[-81.4137,32.1602],[-81.4016,32.1499],[-81.406,32.1019],[-81.4029,32.1073],[-81.3913,32.0998],[-81.3867,32.0822],[-81.3689,32.069],[-81.3752,32.0667],[-81.368,32.0485],[-81.3383,32.0329],[-81.3357,32.022],[-81.3183,32.0155],[-81.3219,32.0074],[-81.3149,32.0114],[-81.3044,32.0007],[-81.3089,31.9823],[-81.2886,31.9772],[-81.288,31.9441],[-81.2731,31.9413],[-81.273,31.925],[-81.258,31.9267],[-81.2657,31.9106],[-81.259,31.9054],[-81.2353,31.9101],[-81.2429,31.8941],[-81.2387,31.8871],[-81.2111,31.9193],[-81.1938,31.9214],[-81.1937,31.9089],[-81.2223,31.8904],[-81.1734,31.8998],[-81.1612,31.8876],[-81.1551,31.8643],[-81.1383,31.8552],[-81.1616,31.8211],[-81.177,31.8161],[-81.1812,31.7956],[-81.161,31.7855],[-81.1736,31.7586],[-81.1564,31.7423],[-81.1547,31.7262],[-81.1928,31.7332],[-81.1984,31.7261],[-81.2209,31.7436],[-81.2609,31.7543],[-81.2704,31.7645],[-81.2735,31.7926],[-81.311,31.7899],[-81.32,31.8089],[-81.315,31.8168],[-81.3282,31.823],[-81.3333,31.8405],[-81.3454,31.837],[-81.3325,31.834],[-81.3429,31.8279],[-81.339,31.8188],[-81.3558,31.8149],[-81.3448,31.8248],[-81.3817,31.854],[-81.3829,31.8761],[-81.3964,31.8832],[-81.3916,31.8936],[-81.4075,31.9442],[-81.4241,31.9382],[-81.4638,31.95],[-81.4755,31.9742],[-81.4848,31.964],[-81.5127,31.9693],[-81.5205,31.9593],[-81.5321,31.9642],[-81.5474,31.9573],[-81.5642,31.9595],[-81.5779,31.9726],[-81.5933,31.9712],[-81.5928,31.9893],[-81.6021,31.9944],[-81.6195,32.0322],[-81.6512,32.0584],[-81.6728,32.0639],[-81.6927,32.0883],[-81.7187,32.0894],[-81.7268,32.0988],[-81.7563,32.1046],[-81.7539,32.1114],[-81.7773,32.1319],[-81.7815,32.1525]]]}},{"type":"Feature","properties":{"county_fips":"13107","county_name":"Emanuel","state":"GA"},"geometry":{"type":"Polygon","coordinates":[[[-82.6477,32.5125],[-82.603,32.5215],[-82.6026,32.5095],[-82.5979,32.5329],[-82.5853,32.5252],[-82.5644,32.5324],[-82.5912,32.5577],[-82.5944,32.5792],[-82.512,32.6252],[-82.5177,32.6337],[-82.4989,32.6427],[-82.4929,32.634],[-82.4639,32.6472],[-82.4903,32.662],[-82.4994,32.6863],[-82.4528,32.7193],[-82.4341,32.7623],[-82.3984,32.7772],[-82.4092,32.7845],[-82.4186,32.8113],[-82.3628,32.8159],[-82.3266,32.8412],[-82.3087,32.8285],[-82.2563,32.824],[-82.2137,32.8039],[-82.1464,32.8146],[-82.0829,32.6633],[-82.0012,32.6069],[-82.0302,32.5388],[-82.0798,32.5601],[-82.1483,32.5204],[-82.1811,32.4741],[-82.1879,32.4336],[-82.2546,32.3515],[-82.2381,32.3444],[-82.2328,32.3188],[-82.2798,32.2942],[-82.3545,32.2922],[-82.3587,32.3184],[-82.3789,32.3369],[-82.3926,32.3354],[-82.4091,32.3538],[-82.4112,32.3651],[-82.3943,32.3918],[-82.3943,32.4126],[-82.3819,32.4406],[-82.398,32.4519],[-82.4905,32.4963],[-82.6477,32.5125]]]}},{"type":"Feature","properties":{"county_fips":"37101","county_name":"Johnston","state":"NC"},"geometry":{"type":"Polygon","coordinates":[[[-78.7089,35.5195],[-78.4677,35.7075],[-78.46,35.7057],[-78.256,35.8181],[-78.2439,35.7919],[-78.2509,35.7739],[-78.2383,35.7671],[-78.2327,35.7513],[-78.2188,35.7549],[-78.2085,35.7303],[-78.1823,35.7289],[-78.1609,35.7119],[-78.1578,35.6856],[-78.1256,35.6031],[-78.0648,35.5853],[-78.1549,35.4178],[-78.1537,35.392],[-78.1443,35.3874],[-78.1624,35.3672],[-78.1532,35.3507],[-78.2155,35.3415],[-78.2156,35.3338],[-78.2421,35.32],[-78.269,35.3228],[-78.2897,35.3151],[-78.3066,35.2876],[-78.4118,35.2547],[-78.4919,35.2633],[-78.5383,35.3164],[-78.5328,35.3423],[-78.5688,35.3693],[-78.5725,35.3865],[-78.5927,35.3986],[-78.6272,35.4583],[-78.6503,35.4724],[-78.6606,35.4962],[-78.6755,35.4964],[-78.6869,35.5019],[-78.6897,35.5159],[-78.7089,35.5195]]]}},{"type":"Feature","properties":{"county_fips":"45085","county_name":"Sumter","state":"SC"},"geometry":{"type":"Polygon","coordinates":[[[-80.6466,33.999],[-80.6354,34.0014],[-80.6373,34.0076],[-80.6253,34.0037],[-80.628,34.0119],[-80.6155,34.0245],[-80.6021,34.0254],[-80.608,34.0293],[-80.601,34.0394],[-80.6126,34.0518],[-80.6064,34.058],[-80.6312,34.0682],[-80.6195,34.0823],[-80.6362,34.0802],[-80.6157,34.0968],[-80.6203,34.1074],[-80.5801,34.0999],[-80.4799,34.1687],[-80.4813,34.1126],[-80.4055,34.0814],[-80.3956,34.0895],[-80.3787,34.0807],[-80.317,34.0783],[-80.2949,34.0394],[-80.267,34.0331],[-80.2498,33.9922],[-80.1883,34.0049],[-80.1804,33.952],[-80.0704,34.0079],[-80.0268,34.0085],[-80.0006,34.0479],[-79.9598,34.0214],[-79.9469,34.023],[-79.9109,34.0065],[-79.8935,33.988],[-80.1216,33.8696],[-80.1954,33.839],[-80.2554,33.8041],[-80.2712,33.7863],[-80.3971,33.7678],[-80.392,33.7156],[-80.4344,33.7119],[-80.4259,33.7241],[-80.4309,33.7383],[-80.4493,33.7375],[-80.4544,33.7135],[-80.4787,33.7143],[-80.4976,33.6743],[-80.5341,33.6439],[-80.5655,33.6647],[-80.5624,33.6784],[-80.5903,33.6848],[-80.5931,33.7019],[-80.6153,33.7118],[-80.6297,33.7374],[-80.6056,33.7575],[-80.6057,33.7718],[-80.5977,33.7775],[-80.603,33.7853],[-80.5962,33.7864],[-80.6054,33.8047],[-80.5983,33.8045],[-80.6157,33.8145],[-80.6161,33.8343],[-80.6335,33.8527],[-80.623,33.8604],[-80.6256,33.8935],[-80.615,33.8919],[-80.6341,33.9173],[-80.6262,33.9299],[-80.6306,33.9337],[-80.6167,33.9364],[-80.6291,33.9418],[-80.6158,33.9655],[-80.6331,33.9665],[-80.6304,33.9758],[-80.6466,33.999]]]}},{"type":"Feature","properties":{"county_fips":"45061","county_name":"Lee","state":"SC"},"geometry":{"type":"Polygon","coordinates":[[[-80.4813,34.1126],[-80.4799,34.1687],[-80.4609,34.1833],[-80.4545,34.208],[-80.4452,34.206],[-80.4375,34.2167],[-80.4308,34.227],[-80.433,34.2489],[-80.4241,34.2507],[-80.4374,34.2845],[-80.382,34.3052],[-80.353,34.3033],[-80.3658,34.3282],[-80.3638,34.3395],[-80.3251,34.3393],[-80.2887,34.3641],[-80.2756,34.3492],[-80.2529,34.3407],[-80.2436,34.3239],[-80.2063,34.3391],[-80.1851,34.3679],[-80.1772,34.3662],[-80.1702,34.316],[-80.1339,34.2824],[-80.1358,34.2725],[-80.1117,34.2286],[-80.1127,34.197],[-80.1586,34.1616],[-80.1345,34.1285],[-80.1072,34.1152],[-80.0842,34.0911],[-80.0319,34.0768],[-80.0006,34.0479],[-80.0268,34.0085],[-80.0704,34.0079],[-80.1804,33.952],[-80.1883,34.0049],[-80.2498,33.9922],[-80.267,34.0331],[-80.2949,34.0394],[-80.317,34.0783],[-80.3787,34.0807],[-80.3956,34.0895],[-80.4055,34.0814],[-80.4813,34.1126]]]}},{"type":"Feature","properties":{"county_fips":"12093","county_name":"Okeechobee","state":"FL"},"geometry":{"type":"Polygon","coordinates":[[[-81.2139,27.5295],[-81.2025,27.5394],[-81.206,27.5473],[-81.1566,27.575],[-81.1551,27.5918],[-81.1405,27.6013],[-81.1422,27.6432],[-80.778,27.6432],[-80.7772,27.5587],[-80.6797,27.5587],[-80.6774,27.1216],[-80.8856,26.9589],[-80.8702,27.1523],[-80.8785,27.1688],[-80.9035,27.1691],[-80.91,27.1746],[-80.9064,27.189],[-80.9348,27.1962],[-80.9483,27.2223],[-80.9647,27.2159],[-80.9853,27.2316],[-80.9805,27.246],[-80.9926,27.2503],[-81.0006,27.2676],[-80.9946,27.2973],[-81.0247,27.3018],[-81.0298,27.3232],[-81.0441,27.3297],[-81.0421,27.3476],[-81.0307,27.3515],[-81.0344,27.359],[-81.0511,27.363],[-81.05,27.3707],[-81.0684,27.3823],[-81.0983,27.3791],[-81.1213,27.3898],[-81.1232,27.4029],[-81.1438,27.412],[-81.1391,27.434],[-81.1449,27.445],[-81.1726,27.4629],[-81.1825,27.4837],[-81.2051,27.4897],[-81.1994,27.515],[-81.2139,27.5295]]]}},{"type":"Feature","properties":{"county_fips":"13031","county_name":"Bulloch","state":"GA"},"geometry":{"type":"Polygon","coordinates":[[[-82.0302,32.5388],[-82.0015,32.6069],[-81.8338,32.6534],[-81.8036,32.6442],[-81.799,32.6272],[-81.7542,32.602],[-81.7333,32.5858],[-81.7298,32.574],[-81.708,32.5658],[-81.6893,32.5462],[-81.6568,32.54],[-81.6485,32.5277],[-81.6393,32.5325],[-81.6173,32.5249],[-81.6164,32.5157],[-81.5996,32.5076],[-81.5781,32.5123],[-81.536,32.4814],[-81.543,32.4671],[-81.5314,32.4664],[-81.5258,32.4494],[-81.5425,32.4193],[-81.5326,32.4064],[-81.5349,32.3936],[-81.5233,32.3929],[-81.5077,32.3579],[-81.491,32.3519],[-81.4878,32.3339],[-81.4655,32.3286],[-81.4655,32.3128],[-81.4532,32.3064],[-81.4331,32.2447],[-81.7809,32.1529],[-81.7813,32.1765],[-81.8034,32.1992],[-81.8039,32.2198],[-81.8163,32.2375],[-81.8417,32.2409],[-81.8563,32.2571],[-81.8927,32.2748],[-81.9691,32.2688],[-81.9569,32.2862],[-81.9187,32.4154],[-81.9366,32.4227],[-81.9404,32.4361],[-81.9741,32.47],[-81.9798,32.5011],[-81.971,32.5132],[-82.0302,32.5388]]]}},{"type":"Feature","properties":{"county_fips":"13183","county_name":"Long","state":"GA"},"geometry":{"type":"Polygon","coordinates":[[[-81.9816,31.7999],[-81.9564,31.8087],[-81.9453,31.8353],[-81.9223,31.8515],[-81.9125,31.8867],[-81.8945,31.8924],[-81.882,31.9183],[-81.8895,31.9491],[-81.8244,32.0149],[-81.7939,31.9778],[-81.7764,31.9809],[-81.7469,31.9693],[-81.7454,31.9363],[-81.7663,31.8862],[-81.7523,31.8612],[-81.7356,31.8537],[-81.6954,31.8128],[-81.6565,31.798],[-81.6433,31.7857],[-81.6418,31.7655],[-81.4918,31.6996],[-81.566,31.5765],[-81.6632,31.5387],[-81.6718,31.548],[-81.6813,31.5417],[-81.6809,31.5505],[-81.6986,31.5577],[-81.7018,31.5849],[-81.7232,31.5916],[-81.7368,31.6084],[-81.7472,31.6015],[-81.7439,31.6117],[-81.7596,31.6205],[-81.7688,31.6143],[-81.7653,31.6246],[-81.7891,31.6317],[-81.7875,31.6432],[-81.8136,31.6645],[-81.8116,31.6545],[-81.821,31.6511],[-81.8309,31.6573],[-81.8289,31.664],[-81.8506,31.6677],[-81.8476,31.6773],[-81.8671,31.6911],[-81.8765,31.7131],[-81.9067,31.7258],[-81.9114,31.7535],[-81.9445,31.7604],[-81.9525,31.7883],[-81.9752,31.7879],[-81.9816,31.7999]]]}},{"type":"Feature","properties":{"county_fips":"45041","county_name":"Florence","state":"SC"},"geometry":{"type":"Polygon","coordinates":[[[-80.0699,34.0862],[-79.809,34.2524],[-79.7494,34.2451],[-79.7526,34.2506],[-79.7296,34.2952],[-79.6856,34.2844],[-79.6624,34.3076],[-79.6239,34.3006],[-79.5767,34.2726],[-79.544,34.2252],[-79.5485,34.2041],[-79.5718,34.1837],[-79.5326,34.1357],[-79.5325,34.1263],[-79.5172,34.1268],[-79.5246,34.1156],[-79.5153,34.0972],[-79.5291,34.1002],[-79.5359,34.0761],[-79.5114,34.0409],[-79.5089,34.0037],[-79.5169,33.994],[-79.4998,33.9713],[-79.4815,33.9647],[-79.4917,33.9465],[-79.4737,33.93],[-79.4629,33.9318],[-79.4596,33.9208],[-79.452,33.9246],[-79.4522,33.9148],[-79.429,33.8978],[-79.4004,33.8922],[-79.4098,33.8853],[-79.3895,33.8732],[-79.3683,33.8429],[-79.3535,33.8412],[-79.3538,33.8341],[-79.3398,33.8415],[-79.332,33.8366],[-79.3369,33.8326],[-79.3152,33.8268],[-79.3173,33.7993],[-79.3404,33.8028],[-79.3522,33.8151],[-79.3826,33.8186],[-79.3972,33.8012],[-79.4187,33.7994],[-79.4415,33.7844],[-79.4965,33.7754],[-79.6349,33.8084],[-79.6358,33.818],[-79.6773,33.8147],[-79.688,33.8049],[-79.6996,33.814],[-79.7249,33.8146],[-79.7434,33.8351],[-79.7984,33.8356],[-79.8349,33.8826],[-79.8549,33.8917],[-79.8664,33.8843],[-79.944,33.8851],[-79.9746,33.9465],[-79.8942,33.9897],[-79.9109,34.0065],[-79.9921,34.0398],[-80.0319,34.0768],[-80.0699,34.0862]]]}},{"type":"Feature","properties":{"county_fips":"13179","county_name":"Liberty","state":"GA"},"geometry":{"type":"Polygon","coordinates":[[[-81.8244,32.0149],[-81.7617,32.0479],[-81.7141,32.0925],[-81.6984,32.0907],[-81.6728,32.0639],[-81.6512,32.0584],[-81.6195,32.0322],[-81.6021,31.9944],[-81.5928,31.9893],[-81.5933,31.9712],[-81.5779,31.9726],[-81.5642,31.9595],[-81.5474,31.9573],[-81.5321,31.9642],[-81.5205,31.9593],[-81.5127,31.9693],[-81.4848,31.964],[-81.4755,31.9742],[-81.4638,31.95],[-81.4241,31.9382],[-81.4075,31.9442],[-81.3916,31.8936],[-81.3964,31.8832],[-81.3829,31.8761],[-81.3817,31.854],[-81.3448,31.8248],[-81.3558,31.8149],[-81.339,31.8188],[-81.3429,31.8279],[-81.3325,31.834],[-81.3434,31.8391],[-81.3304,31.839],[-81.3282,31.823],[-81.315,31.8168],[-81.32,31.8089],[-81.311,31.7899],[-81.2735,31.7926],[-81.2669,31.7585],[-81.2145,31.7396],[-81.1863,31.7015],[-81.1611,31.6914],[-81.1494,31.6993],[-81.1311,31.6958],[-81.1364,31.6748],[-81.1288,31.6314],[-81.1604,31.5704],[-81.1788,31.5582],[-81.1922,31.5803],[-81.1953,31.6063],[-81.2222,31.6304],[-81.2646,31.6512],[-81.2984,31.6493],[-81.318,31.6599],[-81.3381,31.6471],[-81.3556,31.6547],[-81.3748,31.6473],[-81.373,31.6508],[-81.3781,31.6549],[-81.3916,31.6436],[-81.4178,31.652],[-81.4342,31.6411],[-81.4671,31.6776],[-81.4609,31.6835],[-81.4657,31.6942],[-81.4996,31.7],[-81.6418,31.7655],[-81.6433,31.7857],[-81.6565,31.798],[-81.6954,31.8128],[-81.7654,31.8745],[-81.7454,31.9363],[-81.7469,31.9693],[-81.7764,31.9809],[-81.7939,31.9778],[-81.8244,32.0149]]]}},{"type":"Feature","properties":{"county_fips":"45043","county_name":"Georgetown","state":"SC"},"geometry":{"type":"Polygon","coordinates":[[[-79.6809,33.3196],[-79.6772,33.3368],[-79.6338,33.3726],[-79.596,33.4215],[-79.5901,33.4435],[-79.5453,33.4909],[-79.4963,33.5175],[-79.4833,33.5368],[-79.4359,33.5725],[-79.4425,33.596],[-79.4111,33.6858],[-79.3324,33.7771],[-79.317,33.7799],[-79.3088,33.772],[-79.2862,33.7374],[-79.2872,33.7188],[-79.2711,33.7216],[-79.2751,33.7089],[-79.265,33.7103],[-79.2676,33.7034],[-79.2424,33.7059],[-79.2493,33.697],[-79.2347,33.6942],[-79.218,33.7058],[-79.1962,33.7013],[-79.1994,33.7101],[-79.1573,33.6848],[-79.1533,33.6594],[-79.1364,33.6638],[-79.1295,33.6501],[-79.1239,33.6522],[-79.1273,33.6436],[-79.1351,33.6467],[-79.1222,33.6057],[-79.1091,33.6003],[-79.0998,33.609],[-79.1011,33.573],[-79.0018,33.5727],[-79.0286,33.5334],[-79.0388,33.5315],[-79.0846,33.4837],[-79.1354,33.4039],[-79.1585,33.3367],[-79.1721,33.3291],[-79.1638,33.312],[-79.1803,33.2541],[-79.1757,33.2111],[-79.1832,33.1908],[-79.1945,33.1698],[-79.2464,33.126],[-79.2756,33.1168],[-79.2679,33.1327],[-79.2724,33.1397],[-79.3151,33.1457],[-79.3333,33.1558],[-79.3513,33.1535],[-79.404,33.1838],[-79.4275,33.2098],[-79.4551,33.2177],[-79.4587,33.2352],[-79.4739,33.2298],[-79.4707,33.2394],[-79.4829,33.2354],[-79.4793,33.2461],[-79.494,33.236],[-79.5302,33.2475],[-79.5498,33.265],[-79.5611,33.2615],[-79.5623,33.2725],[-79.6643,33.2983],[-79.677,33.3049],[-79.6727,33.3107],[-79.6809,33.3196]]]}},{"type":"Feature","properties":{"county_fips":"13191","county_name":"McIntosh","state":"GA"},"geometry":{"type":"MultiPolygon","coordinates":[[[[-81.2719,31.3041],[-81.2772,31.3112],[-81.2707,31.3105],[-81.2719,31.3041]]],[[[-81.6683,31.5366],[-81.566,31.5765],[-81.4918,31.6996],[-81.4657,31.6942],[-81.4609,31.6835],[-81.4671,31.6776],[-81.4342,31.6411],[-81.4178,31.652],[-81.3916,31.6436],[-81.3781,31.6549],[-81.3748,31.6473],[-81.3556,31.6547],[-81.3381,31.6471],[-81.318,31.6599],[-81.2984,31.6493],[-81.2646,31.6512],[-81.2344,31.6378],[-81.192,31.6023],[-81.1922,31.5803],[-81.2161,31.5584],[-81.2765,31.5485],[-81.2983,31.5335],[-81.2952,31.5215],[-81.2588,31.5291],[-81.2639,31.5158],[-81.2823,31.5044],[-81.2629,31.4958],[-81.2367,31.5292],[-81.2135,31.5282],[-81.1983,31.537],[-81.1787,31.5182],[-81.2686,31.383],[-81.2943,31.3686],[-81.286,31.3497],[-81.2835,31.2934],[-81.2982,31.2925],[-81.316,31.3089],[-81.3331,31.3064],[-81.3688,31.3187],[-81.3872,31.3149],[-81.4086,31.2912],[-81.4044,31.3092],[-81.4359,31.3133],[-81.4361,31.3309],[-81.4537,31.3263],[-81.4702,31.3397],[-81.4722,31.3325],[-81.4748,31.3391],[-81.4829,31.3368],[-81.5343,31.3678],[-81.5381,31.3778],[-81.5515,31.3761],[-81.5473,31.3864],[-81.5776,31.3994],[-81.5874,31.4163],[-81.6046,31.4255],[-81.6113,31.4459],[-81.6249,31.4507],[-81.6124,31.4704],[-81.6231,31.4848],[-81.6472,31.495],[-81.6583,31.5109],[-81.6526,31.529],[-81.6683,31.5366]]]]}},{"type":"Feature","properties":{"county_fips":"37013","county_name":"Beaufort","state":"NC"},"geometry":{"type":"Polygon","coordinates":[[[-77.1958,35.6998],[-77.1857,35.7197],[-77.1709,35.7163],[-77.1751,35.7295],[-77.1638,35.7395],[-76.9858,35.6588],[-76.8473,35.72],[-76.8446,35.7057],[-76.6375,35.7052],[-76.602,35.6701],[-76.6062,35.6469],[-76.5776,35.6112],[-76.5343,35.5956],[-76.5384,35.5826],[-76.5016,35.5797],[-76.5014,35.5716],[-76.4689,35.5578],[-76.4872,35.5371],[-76.5199,35.5307],[-76.5568,35.5289],[-76.5704,35.5385],[-76.5992,35.5399],[-76.6379,35.513],[-76.6147,35.4874],[-76.5974,35.4819],[-76.607,35.4555],[-76.5928,35.4367],[-76.5776,35.3876],[-76.6479,35.4034],[-76.6608,35.4129],[-76.6629,35.4255],[-76.6807,35.4159],[-76.7107,35.4286],[-76.7592,35.4189],[-76.8088,35.4406],[-76.8172,35.452],[-76.8309,35.4479],[-76.906,35.4594],[-76.9576,35.483],[-76.9792,35.4834],[-77.0097,35.5137],[-77.043,35.5368],[-77.0532,35.5352],[-77.0213,35.4985],[-77.0451,35.5033],[-77.0047,35.4758],[-76.9864,35.4725],[-76.9662,35.434],[-76.925,35.4488],[-76.8839,35.4262],[-76.8445,35.4237],[-76.8217,35.3999],[-76.8003,35.3908],[-76.7729,35.391],[-76.7691,35.383],[-76.7195,35.3751],[-76.6707,35.3456],[-76.6163,35.3427],[-76.6112,35.3355],[-76.6194,35.3023],[-76.6138,35.2708],[-76.6326,35.2353],[-76.8453,35.2161],[-76.9588,35.301],[-77.1904,35.419],[-77.1912,35.435],[-77.1738,35.4566],[-77.1671,35.4969],[-77.1765,35.5013],[-77.1762,35.5191],[-77.1274,35.5538],[-77.0846,35.5526],[-77.0902,35.5687],[-77.1105,35.5696],[-77.1067,35.5814],[-77.1172,35.5814],[-77.1144,35.5886],[-77.1254,35.5846],[-77.1246,35.5969],[-77.1508,35.6026],[-77.1402,35.6063],[-77.1436,35.6205],[-77.174,35.6353],[-77.1807,35.6645],[-77.1671,35.6726],[-77.1698,35.6843],[-77.1958,35.6998]]]}},{"type":"Feature","properties":{"county_fips":"13075","county_name":"Cook","state":"GA"},"geometry":{"type":"Polygon","coordinates":[[[-83.5767,31.0805],[-83.5573,31.1105],[-83.5559,31.1445],[-83.5435,31.148],[-83.5415,31.1774],[-83.51,31.206],[-83.5136,31.2329],[-83.5056,31.269],[-83.5153,31.3023],[-83.5126,31.3274],[-83.4606,31.3263],[-83.4605,31.333],[-83.4455,31.336],[-83.4449,31.3496],[-83.4345,31.3504],[-83.439,31.3188],[-83.4306,31.2947],[-83.4094,31.2868],[-83.3812,31.2556],[-83.3476,31.2521],[-83.3342,31.2416],[-83.3342,31.1915],[-83.3056,31.1672],[-83.3045,31.1564],[-83.3225,31.1183],[-83.3219,31.0977],[-83.3042,31.0918],[-83.296,31.0702],[-83.2798,31.0634],[-83.2835,31.0409],[-83.2951,31.0273],[-83.4819,31.0326],[-83.5026,31.0531],[-83.5499,31.0534],[-83.5767,31.0805]]]}},{"type":"Feature","properties":{"county_fips":"12107","county_name":"Putnam","state":"FL"},"geometry":{"type":"Polygon","coordinates":[[[-82.0561,29.6568],[-82.0491,29.7134],[-82.0556,29.7182],[-82.0289,29.7187],[-82.0071,29.7395],[-81.9911,29.744],[-81.9394,29.7475],[-81.9142,29.7914],[-81.862,29.8002],[-81.8124,29.8365],[-81.5812,29.8402],[-81.5642,29.7985],[-81.5252,29.7595],[-81.5205,29.4965],[-81.4876,29.4483],[-81.4763,29.3962],[-81.455,29.3897],[-81.4336,29.3982],[-81.4509,29.3785],[-81.6809,29.3244],[-81.6754,29.3386],[-81.6563,29.3382],[-81.6685,29.3717],[-81.7414,29.371],[-81.7418,29.4299],[-81.7749,29.4292],[-81.7762,29.4874],[-81.8428,29.4865],[-81.843,29.521],[-81.8879,29.5092],[-81.9017,29.516],[-81.9118,29.504],[-81.9318,29.5164],[-81.9642,29.5038],[-82.0044,29.5017],[-82.032,29.4914],[-82.0559,29.4712],[-82.0561,29.6568]]]}},{"type":"Feature","properties":{"county_fips":"37147","county_name":"Pitt","state":"NC"},"geometry":{"type":"Polygon","coordinates":[[[-77.7007,35.6523],[-77.5163,35.7613],[-77.4723,35.8011],[-77.4523,35.7999],[-77.4464,35.8086],[-77.4255,35.8054],[-77.4122,35.8253],[-77.3971,35.8252],[-77.3902,35.8331],[-77.2552,35.7864],[-77.2644,35.7752],[-77.2598,35.7652],[-77.2159,35.7601],[-77.2024,35.7464],[-77.1787,35.7394],[-77.1709,35.7163],[-77.1857,35.7197],[-77.1958,35.6998],[-77.1698,35.6843],[-77.1671,35.6726],[-77.1807,35.6645],[-77.174,35.6353],[-77.1436,35.6205],[-77.1402,35.6063],[-77.1508,35.6026],[-77.1246,35.5969],[-77.1254,35.5846],[-77.1144,35.5886],[-77.1172,35.5814],[-77.1067,35.5814],[-77.1105,35.5696],[-77.0902,35.5687],[-77.0846,35.5526],[-77.1274,35.5538],[-77.1762,35.5191],[-77.1765,35.5013],[-77.1671,35.4969],[-77.1738,35.4566],[-77.1912,35.435],[-77.1897,35.4159],[-77.2016,35.3987],[-77.2271,35.3998],[-77.2396,35.3814],[-77.2391,35.3609],[-77.2605,35.3517],[-77.2702,35.3597],[-77.2693,35.3692],[-77.2943,35.3791],[-77.3525,35.3277],[-77.3826,35.3343],[-77.4082,35.3534],[-77.4252,35.3491],[-77.4315,35.367],[-77.4482,35.3715],[-77.4452,35.38],[-77.455,35.3855],[-77.4485,35.3927],[-77.4707,35.4098],[-77.4767,35.4454],[-77.4842,35.4451],[-77.4805,35.4513],[-77.4927,35.4615],[-77.4941,35.4774],[-77.5116,35.497],[-77.5034,35.5174],[-77.5217,35.5176],[-77.5252,35.5283],[-77.541,35.533],[-77.5579,35.532],[-77.5914,35.5632],[-77.6102,35.5675],[-77.6816,35.6308],[-77.6889,35.6494],[-77.7007,35.6523]]]}},{"type":"Feature","properties":{"county_fips":"13103","county_name":"Effingham","state":"GA"},"geometry":{"type":"Polygon","coordinates":[[[-81.548,32.4893],[-81.5386,32.5091],[-81.3893,32.5954],[-81.3698,32.5912],[-81.367,32.577],[-81.3577,32.5821],[-81.3548,32.5711],[-81.3286,32.5611],[-81.298,32.563],[-81.2967,32.5534],[-81.2913,32.5627],[-81.2889,32.5512],[-81.2813,32.5565],[-81.275,32.5448],[-81.2799,32.5366],[-81.2529,32.5183],[-81.2334,32.518],[-81.2387,32.507],[-81.2336,32.4985],[-81.187,32.4636],[-81.1975,32.4491],[-81.2045,32.4528],[-81.1994,32.4442],[-81.2084,32.437],[-81.2055,32.4236],[-81.1787,32.3936],[-81.1818,32.3793],[-81.1679,32.3683],[-81.1738,32.3627],[-81.1548,32.3496],[-81.1598,32.34],[-81.1438,32.3515],[-81.1294,32.3416],[-81.1379,32.3287],[-81.1306,32.3254],[-81.1331,32.309],[-81.1229,32.3073],[-81.1199,32.2862],[-81.127,32.2827],[-81.1234,32.2751],[-81.1419,32.2717],[-81.1369,32.2661],[-81.1466,32.2628],[-81.1457,32.2515],[-81.1566,32.2439],[-81.1447,32.2263],[-81.1957,32.2375],[-81.3917,32.0959],[-81.4029,32.1073],[-81.406,32.1019],[-81.4016,32.1499],[-81.4137,32.1602],[-81.41,32.1848],[-81.4186,32.1972],[-81.4136,32.208],[-81.4292,32.2166],[-81.4384,32.2719],[-81.4499,32.2832],[-81.4532,32.3064],[-81.4655,32.3128],[-81.4655,32.3286],[-81.4878,32.3339],[-81.491,32.3519],[-81.5077,32.3579],[-81.5233,32.3929],[-81.5349,32.3936],[-81.5326,32.4064],[-81.5425,32.4193],[-81.5258,32.4494],[-81.5314,32.4664],[-81.5428,32.4663],[-81.536,32.4814],[-81.548,32.4893]]]}},{"type":"Feature","properties":{"county_fips":"12039","county_name":"Gadsden","state":"FL"},"geometry":{"type":"Polygon","coordinates":[[[-84.9319,30.6069],[-84.9056,30.622],[-84.8881,30.6631],[-84.8583,30.6966],[-84.8647,30.7115],[-84.2826,30.6853],[-84.3035,30.6777],[-84.3006,30.6401],[-84.3248,30.6181],[-84.3321,30.5965],[-84.3409,30.6002],[-84.3784,30.5735],[-84.3924,30.5148],[-84.405,30.5077],[-84.3963,30.4899],[-84.4029,30.4758],[-84.4209,30.4637],[-84.4348,30.4661],[-84.4605,30.4559],[-84.4953,30.4603],[-84.5306,30.4398],[-84.5615,30.4379],[-84.5801,30.4173],[-84.6236,30.4095],[-84.6477,30.3946],[-84.6464,30.3883],[-84.6806,30.388],[-84.6805,30.4173],[-84.7141,30.4172],[-84.7141,30.4604],[-84.7811,30.4598],[-84.7818,30.5187],[-84.8156,30.5185],[-84.8158,30.5331],[-84.8826,30.5331],[-84.8833,30.6056],[-84.9319,30.6069]]]}},{"type":"Feature","properties":{"county_fips":"37031","county_name":"Carteret","state":"NC"},"geometry":{"type":"MultiPolygon","coordinates":[[[[-76.3301,34.8479],[-76.2974,34.8722],[-76.2892,34.8887],[-76.2762,34.8859],[-76.227,34.9257],[-76.1716,34.9805],[-76.1518,34.9868],[-76.1413,35.0057],[-76.0861,35.0481],[-76.0759,35.0699],[-76.054,35.0714],[-76.0378,35.0619],[-76.3226,34.8481],[-76.3301,34.8479]]],[[[-76.5476,34.7106],[-76.5383,34.712],[-76.5195,34.7071],[-76.5228,34.6991],[-76.544,34.7012],[-76.5476,34.7106]]],[[[-76.553,34.6146],[-76.5504,34.6309],[-76.5506,34.616],[-76.5322,34.6105],[-76.4977,34.6668],[-76.502,34.6747],[-76.474,34.7114],[-76.4415,34.7338],[-76.4381,34.7613],[-76.4136,34.7651],[-76.414,34.7792],[-76.4026,34.7914],[-76.3833,34.7949],[-76.3637,34.8234],[-76.3375,34.8388],[-76.4881,34.671],[-76.5355,34.5916],[-76.553,34.6146]]],[[[-76.5863,34.7139],[-76.5606,34.71],[-76.5642,34.7022],[-76.5259,34.6919],[-76.5257,34.6852],[-76.5816,34.6991],[-76.5863,34.7139]]],[[[-76.6655,34.6897],[-76.5893,34.672],[-76.5302,34.6436],[-76.5288,34.6315],[-76.5706,34.6583],[-76.6655,34.6897]]],[[[-77.0985,34.6469],[-77.0679,34.6638],[-77.0146,34.676],[-76.9478,34.6787],[-76.8222,34.7047],[-76.7667,34.7],[-76.7476,34.702],[-76.7421,34.7124],[-76.7306,34.7008],[-76.7026,34.6998],[-76.6989,34.7123],[-76.6757,34.6957],[-76.8474,34.6908],[-77.0985,34.6469]]],[[[-77.1664,34.7914],[-77.1357,34.798],[-77.1162,34.794],[-77.1074,34.8031],[-77.0907,34.7993],[-77.085,34.8111],[-76.9544,34.8091],[-76.9548,34.8245],[-76.8823,34.8367],[-76.8831,34.8449],[-76.758,34.8463],[-76.693,34.8692],[-76.6863,34.8954],[-76.6625,34.9123],[-76.6526,34.9376],[-76.6772,34.9577],[-76.6769,34.9688],[-76.6311,34.9887],[-76.5785,34.9762],[-76.5797,34.9901],[-76.5436,35.002],[-76.5116,35.0051],[-76.498,34.985],[-76.4842,34.9881],[-76.4975,35.0082],[-76.4865,35.0204],[-76.4939,35.0232],[-76.4858,35.0406],[-76.4647,35.0467],[-76.4775,35.0584],[-76.4704,35.0757],[-76.4358,35.0579],[-76.4331,35.0335],[-76.4226,35.0267],[-76.4376,35.0245],[-76.4404,35.0146],[-76.4359,35.001],[-76.4255,35.0015],[-76.4224,34.9772],[-76.43,34.9687],[-76.4228,34.9507],[-76.4031,34.9634],[-76.3984,34.9455],[-76.3874,34.9511],[-76.3815,34.9792],[-76.3634,34.9692],[-76.3618,34.9764],[-76.3404,34.9663],[-76.332,34.9709],[-76.3244,34.9605],[-76.3195,34.9659],[-76.3675,35.0311],[-76.3641,35.0366],[-76.2439,34.9969],[-76.2624,34.9753],[-76.2881,34.9963],[-76.3057,34.9914],[-76.2779,34.9607],[-76.2795,34.9414],[-76.2978,34.9346],[-76.2976,34.9237],[-76.3408,34.9334],[-76.3368,34.9098],[-76.3141,34.9063],[-76.3468,34.8734],[-76.3683,34.8729],[-76.3822,34.857],[-76.3957,34.8609],[-76.3917,34.8786],[-76.4024,34.8866],[-76.4121,34.8322],[-76.4186,34.8267],[-76.4276,34.8314],[-76.4495,34.8148],[-76.4854,34.7549],[-76.498,34.7639],[-76.5141,34.7543],[-76.4984,34.7321],[-76.5158,34.7196],[-76.5757,34.7217],[-76.5821,34.7313],[-76.5752,34.7397],[-76.5859,34.7567],[-76.5757,34.7684],[-76.5937,34.7717],[-76.6044,34.7899],[-76.6173,34.7879],[-76.6272,34.7246],[-76.6156,34.7102],[-76.6194,34.7042],[-76.6727,34.7147],[-76.6807,34.7062],[-76.6905,34.716],[-76.7685,34.7244],[-76.8998,34.7269],[-76.9717,34.7093],[-77.0052,34.6925],[-77.0172,34.6946],[-77.0169,34.6878],[-77.0305,34.6818],[-77.0422,34.6897],[-77.0927,34.6729],[-77.113,34.6814],[-77.106,34.7101],[-77.1218,34.7315],[-77.1256,34.7567],[-77.1578,34.7659],[-77.1508,34.7714],[-77.1603,34.7746],[-77.1593,34.782],[-77.1657,34.7793],[-77.1664,34.7914]]]]}},{"type":"Feature","properties":{"county_fips":"37103","county_name":"Jones","state":"NC"},"geometry":{"type":"Polygon","coordinates":[[[-77.731,35.0081],[-77.6013,35.0714],[-77.5075,35.1728],[-77.5272,35.243],[-77.4523,35.219],[-77.1877,35.0811],[-77.1894,35.0667],[-77.1739,35.0591],[-77.1806,35.0552],[-77.1684,35.0606],[-77.1645,35.0655],[-77.1483,35.0547],[-77.1305,35.0723],[-77.1136,35.0726],[-77.1079,35.0381],[-77.0989,35.0267],[-77.1089,34.8308],[-77.0472,34.8364],[-77.0897,34.809],[-77.0907,34.7993],[-77.1617,34.7948],[-77.1727,34.7806],[-77.1711,34.7907],[-77.1963,34.811],[-77.1813,34.8362],[-77.202,34.8348],[-77.2224,34.8871],[-77.2342,34.8863],[-77.2374,34.9],[-77.2602,34.9096],[-77.2674,34.9255],[-77.3316,34.9391],[-77.3633,34.9255],[-77.3668,34.9087],[-77.5028,34.9696],[-77.639,34.9845],[-77.6748,34.9739],[-77.731,35.0081]]]}},{"type":"Feature","properties":{"county_fips":"45029","county_name":"Colleton","state":"SC"},"geometry":{"type":"Polygon","coordinates":[[[-81.0823,33.0266],[-80.9372,33.1026],[-80.906,33.0602],[-80.8961,33.0614],[-80.8769,33.0932],[-80.889,33.1022],[-80.8954,33.1253],[-80.7908,33.1812],[-80.772,33.1716],[-80.7461,33.1745],[-80.7031,33.1525],[-80.6704,33.1036],[-80.6227,33.0663],[-80.5785,33.0573],[-80.5503,33.0583],[-80.532,33.0697],[-80.5097,33.0573],[-80.4748,33.0644],[-80.4521,33.0622],[-80.44,33.049],[-80.4219,33.0549],[-80.412,33.0466],[-80.4007,33.0528],[-80.3878,33.0328],[-80.4065,33.019],[-80.4087,32.9846],[-80.4188,32.9673],[-80.4052,32.9551],[-80.3994,32.936],[-80.4064,32.9102],[-80.3853,32.8861],[-80.3962,32.883],[-80.4033,32.8696],[-80.3941,32.8445],[-80.4054,32.815],[-80.4358,32.7882],[-80.4329,32.7785],[-80.4475,32.7627],[-80.4536,32.7405],[-80.4471,32.7284],[-80.4296,32.7204],[-80.4354,32.7131],[-80.4228,32.7146],[-80.4159,32.6947],[-80.4227,32.6885],[-80.4209,32.6701],[-80.4049,32.6524],[-80.389,32.6523],[-80.4075,32.6271],[-80.428,32.6225],[-80.4204,32.6042],[-80.3991,32.6183],[-80.3872,32.6151],[-80.3972,32.5919],[-80.3891,32.5738],[-80.4153,32.5479],[-80.3368,32.4932],[-80.3267,32.4931],[-80.3246,32.5037],[-80.35,32.5187],[-80.3483,32.5254],[-80.3229,32.5237],[-80.3191,32.5111],[-80.2848,32.5296],[-80.2775,32.5236],[-80.2608,32.5365],[-80.2544,32.5321],[-80.3324,32.4781],[-80.3604,32.4998],[-80.3926,32.4753],[-80.4135,32.4707],[-80.4216,32.4948],[-80.4441,32.5049],[-80.4721,32.497],[-80.477,32.4854],[-80.5029,32.4957],[-80.5178,32.5191],[-80.5365,32.5292],[-80.5515,32.5658],[-80.566,32.5509],[-80.5652,32.5655],[-80.5842,32.5677],[-80.5762,32.5778],[-80.5798,32.5843],[-80.5998,32.581],[-80.6099,32.59],[-80.6209,32.5812],[-80.6478,32.5964],[-80.6607,32.6151],[-80.6544,32.6269],[-80.6751,32.6252],[-80.674,32.6329],[-80.6586,32.6351],[-80.6607,32.6433],[-80.6782,32.6427],[-80.6845,32.6546],[-80.6805,32.6628],[-80.6689,32.6636],[-80.6711,32.6716],[-80.7033,32.6646],[-80.7184,32.6795],[-80.7285,32.6737],[-80.7392,32.6823],[-80.7449,32.6742],[-80.7656,32.6753],[-80.7686,32.6815],[-80.7727,32.6762],[-80.7783,32.6869],[-80.7873,32.6825],[-80.7875,32.6882],[-80.8227,32.6969],[-80.8456,32.7208],[-80.8662,32.7756],[-80.8958,32.8106],[-80.9001,32.8326],[-80.9455,32.8764],[-80.9588,32.8767],[-80.9872,32.9011],[-81.0135,32.9548],[-81.0823,33.0266]]]}},{"type":"Feature","properties":{"county_fips":"13271","county_name":"Telfair","state":"GA"},"geometry":{"type":"Polygon","coordinates":[[[-83.2075,31.8965],[-82.9421,32.1241],[-82.9555,32.1353],[-82.9346,32.1533],[-82.9279,32.1353],[-82.9398,32.1249],[-82.9153,32.1236],[-82.902,32.1103],[-82.8952,32.0861],[-82.8556,32.0617],[-82.8073,32.0488],[-82.7869,32.0225],[-82.7668,32.0116],[-82.7254,32.0045],[-82.6952,31.9569],[-82.6457,31.9189],[-82.6818,31.9207],[-82.6769,31.9103],[-82.7418,31.8769],[-82.7573,31.8569],[-82.7679,31.8616],[-82.7697,31.8554],[-82.7757,31.8626],[-82.7911,31.8523],[-82.7847,31.8385],[-82.8247,31.8135],[-82.8249,31.8197],[-82.8387,31.8157],[-82.8631,31.783],[-82.877,31.7809],[-82.8767,31.7871],[-82.8904,31.7804],[-82.8997,31.7833],[-82.8993,31.7914],[-82.9194,31.7787],[-82.9187,31.7841],[-82.9553,31.783],[-82.9785,31.7931],[-82.9832,31.7837],[-82.9907,31.7871],[-82.991,31.7765],[-82.9969,31.7816],[-83.0058,31.7746],[-83.0804,31.8006],[-83.0867,31.8127],[-83.0993,31.8083],[-83.1063,31.8192],[-83.1116,31.8092],[-83.1394,31.815],[-83.1326,31.8152],[-83.1346,31.8241],[-83.152,31.8249],[-83.1718,31.842],[-83.1833,31.8588],[-83.1768,31.8684],[-83.1816,31.8797],[-83.1925,31.8751],[-83.2075,31.8965]]]}},{"type":"Feature","properties":{"county_fips":"13283","county_name":"Treutlen","state":"GA"},"geometry":{"type":"Polygon","coordinates":[[[-82.7476,32.331],[-82.7445,32.3413],[-82.7338,32.3421],[-82.7308,32.3627],[-82.7169,32.373],[-82.7162,32.3926],[-82.6976,32.4072],[-82.7022,32.4316],[-82.6903,32.4438],[-82.694,32.4541],[-82.6486,32.4672],[-82.6331,32.491],[-82.6571,32.5072],[-82.6477,32.5125],[-82.4905,32.4963],[-82.3819,32.4406],[-82.3943,32.4126],[-82.3943,32.3918],[-82.4112,32.3651],[-82.4091,32.3537],[-82.6491,32.3115],[-82.6555,32.2976],[-82.669,32.3039],[-82.6631,32.2978],[-82.673,32.2936],[-82.7084,32.2986],[-82.7134,32.3102],[-82.73,32.3106],[-82.7251,32.3157],[-82.7476,32.331]]]}},{"type":"Feature","properties":{"county_fips":"37017","county_name":"Bladen","state":"NC"},"geometry":{"type":"Polygon","coordinates":[[[-78.902,34.8353],[-78.8274,34.8507],[-78.5161,34.8459],[-78.4947,34.8562],[-78.4877,34.8363],[-78.4658,34.8276],[-78.4592,34.8127],[-78.4498,34.8135],[-78.4245,34.7699],[-78.3907,34.7495],[-78.3919,34.7296],[-78.3794,34.7234],[-78.3823,34.7173],[-78.3686,34.7043],[-78.3734,34.6992],[-78.3493,34.6919],[-78.3469,34.6802],[-78.325,34.6688],[-78.3246,34.6497],[-78.3116,34.6416],[-78.3228,34.6297],[-78.3131,34.6259],[-78.305,34.6024],[-78.2912,34.6005],[-78.275,34.5814],[-78.2663,34.584],[-78.2551,34.5689],[-78.2517,34.562],[-78.2601,34.5557],[-78.2544,34.5536],[-78.2726,34.5378],[-78.2639,34.5196],[-78.2541,34.5198],[-78.2553,34.5081],[-78.1765,34.4654],[-78.2561,34.3995],[-78.3351,34.3676],[-78.4453,34.3774],[-78.594,34.4314],[-78.6468,34.4607],[-78.6594,34.4537],[-78.6564,34.4603],[-78.6676,34.4696],[-78.8252,34.4618],[-78.8581,34.4744],[-78.8694,34.4871],[-78.8444,34.5081],[-78.857,34.5151],[-78.853,34.5278],[-78.8627,34.562],[-78.8361,34.5935],[-78.8412,34.5974],[-78.8315,34.6088],[-78.8344,34.6216],[-78.8136,34.6519],[-78.8192,34.6626],[-78.8094,34.6683],[-78.8054,34.6866],[-78.8544,34.7357],[-78.8836,34.8124],[-78.8924,34.8138],[-78.902,34.8353]]]}},{"type":"Feature","properties":{"county_fips":"45035","county_name":"Dorchester","state":"SC"},"geometry":{"type":"Polygon","coordinates":[[[-80.7899,33.1794],[-80.5028,33.3345],[-80.4947,33.3238],[-80.494,33.2975],[-80.4756,33.2749],[-80.4271,33.2578],[-80.3919,33.2646],[-80.3484,33.2489],[-80.3308,33.1984],[-80.2964,33.1795],[-80.311,33.1584],[-80.3359,33.1455],[-80.1492,33.0216],[-80.1764,33.01],[-80.17,33.0043],[-80.1626,33.0105],[-80.1676,33.0026],[-80.146,32.9843],[-80.1355,32.9989],[-80.1105,32.9855],[-80.1306,32.979],[-80.1392,32.9818],[-80.1413,32.9792],[-80.0798,32.9282],[-80.0977,32.887],[-80.1195,32.8936],[-80.1228,32.9018],[-80.1254,32.8896],[-80.1448,32.8876],[-80.1622,32.8746],[-80.1549,32.8651],[-80.1613,32.8559],[-80.1767,32.8671],[-80.1857,32.8608],[-80.1837,32.8471],[-80.1608,32.8409],[-80.1493,32.8182],[-80.3018,32.8519],[-80.4013,32.8585],[-80.3962,32.883],[-80.3853,32.8861],[-80.4064,32.9102],[-80.3994,32.936],[-80.4052,32.9551],[-80.4188,32.9673],[-80.4087,32.9846],[-80.4065,33.019],[-80.3878,33.0328],[-80.4007,33.0528],[-80.412,33.0466],[-80.4219,33.0549],[-80.44,33.049],[-80.4521,33.0622],[-80.4748,33.0644],[-80.5097,33.0573],[-80.532,33.0697],[-80.5503,33.0583],[-80.6181,33.0648],[-80.6704,33.1036],[-80.7031,33.1525],[-80.7461,33.1745],[-80.7622,33.1703],[-80.7899,33.1794]]]}},{"type":"Feature","properties":{"county_fips":"45063","county_name":"Lexington","state":"SC"},"geometry":{"type":"Polygon","coordinates":[[[-81.5715,33.8773],[-81.4655,34.0873],[-81.4449,34.0777],[-81.4249,34.083],[-81.4028,34.0708],[-81.3901,34.0753],[-81.4372,34.13],[-81.4037,34.1779],[-81.3748,34.179],[-81.3523,34.1967],[-81.339,34.1976],[-81.3145,34.1869],[-81.3023,34.1624],[-81.315,34.1461],[-81.2758,34.0974],[-81.2334,34.1018],[-81.1729,34.0905],[-81.132,34.0623],[-81.0975,34.0177],[-81.0649,34.0086],[-81.0509,33.9958],[-81.017,33.9309],[-81.0301,33.9136],[-81.0088,33.9041],[-81.0214,33.8881],[-81.0123,33.8801],[-81.0379,33.8709],[-81.0585,33.7471],[-81.0361,33.7452],[-81.0329,33.7641],[-81.0235,33.7635],[-81.014,33.7812],[-80.9619,33.779],[-80.9246,33.7569],[-80.9557,33.7378],[-80.9915,33.7321],[-81.1873,33.6529],[-81.2701,33.6939],[-81.2905,33.6942],[-81.3645,33.7281],[-81.4152,33.7321],[-81.4267,33.7431],[-81.4357,33.7757],[-81.4606,33.7973],[-81.515,33.8131],[-81.5464,33.8586],[-81.5611,33.8628],[-81.5715,33.8773]]]}},{"type":"Feature","properties":{"county_fips":"45031","county_name":"Darlington","state":"SC"},"geometry":{"type":"Polygon","coordinates":[[[-80.2887,34.3641],[-80.0455,34.4926],[-80.0265,34.4865],[-79.9834,34.5017],[-79.9625,34.487],[-79.9198,34.4958],[-79.8942,34.4891],[-79.8748,34.4963],[-79.862,34.521],[-79.8361,34.5351],[-79.83,34.5319],[-79.8334,34.5103],[-79.8061,34.4846],[-79.7964,34.4916],[-79.788,34.4843],[-79.7829,34.4978],[-79.7691,34.4965],[-79.7633,34.5191],[-79.7521,34.5135],[-79.7544,34.5041],[-79.7266,34.4955],[-79.7218,34.4854],[-79.7324,34.4771],[-79.7317,34.4664],[-79.7518,34.4665],[-79.7506,34.4368],[-79.7184,34.4171],[-79.7213,34.3925],[-79.6997,34.4066],[-79.6834,34.3991],[-79.6894,34.3818],[-79.6737,34.3711],[-79.6927,34.3565],[-79.6604,34.3223],[-79.6568,34.3091],[-79.6707,34.304],[-79.6856,34.2844],[-79.7296,34.2952],[-79.7526,34.2506],[-79.7494,34.2451],[-79.809,34.2524],[-80.0722,34.0853],[-80.1345,34.1285],[-80.1586,34.1616],[-80.1127,34.197],[-80.1117,34.2286],[-80.1358,34.2725],[-80.1339,34.2824],[-80.1702,34.316],[-80.1772,34.3662],[-80.1913,34.3667],[-80.2063,34.3391],[-80.2436,34.3239],[-80.2529,34.3407],[-80.2756,34.3492],[-80.2887,34.3641]]]}},{"type":"Feature","properties":{"county_fips":"12055","county_name":"Highlands","state":"FL"},"geometry":{"type":"Polygon","coordinates":[[[-81.5625,27.0337],[-81.5635,27.6466],[-81.1422,27.6432],[-81.1405,27.6013],[-81.1551,27.5918],[-81.1566,27.575],[-81.206,27.5473],[-81.2025,27.5394],[-81.2143,27.5287],[-81.1994,27.515],[-81.2051,27.4897],[-81.1825,27.4837],[-81.1726,27.4629],[-81.1449,27.445],[-81.1391,27.434],[-81.1438,27.412],[-81.1232,27.4029],[-81.1213,27.3898],[-81.0983,27.3791],[-81.0684,27.3823],[-81.05,27.3707],[-81.0511,27.363],[-81.0344,27.359],[-81.0307,27.3515],[-81.0421,27.3476],[-81.0441,27.3297],[-81.0298,27.3232],[-81.0247,27.3018],[-80.9946,27.2973],[-81.0006,27.2676],[-80.9926,27.2503],[-80.9805,27.246],[-80.9853,27.2316],[-80.9647,27.2159],[-80.951,27.2242],[-80.9407,27.2059],[-81.1691,27.2096],[-81.1683,27.1217],[-81.2677,27.1211],[-81.2672,27.0325],[-81.333,27.0324],[-81.333,27.0396],[-81.3418,27.0397],[-81.3427,27.0323],[-81.5625,27.0337]]]}},{"type":"Feature","properties":{"county_fips":"12017","county_name":"Citrus","state":"FL"},"geometry":{"type":"MultiPolygon","coordinates":[[[[-82.7573,28.8007],[-82.7421,28.8032],[-82.7238,28.7905],[-82.7367,28.7737],[-82.7573,28.8007]]],[[[-82.7563,28.9963],[-82.7028,29.0328],[-82.6127,29.0093],[-82.6021,29.0135],[-82.5966,29.0292],[-82.577,29.0281],[-82.5356,29.0449],[-82.5081,29.0375],[-82.4881,29.0514],[-82.4589,29.0477],[-82.4182,29.013],[-82.4016,29.019],[-82.3935,29.008],[-82.3639,29.0018],[-82.3616,28.9936],[-82.3158,28.9733],[-82.2736,28.8972],[-82.2425,28.8768],[-82.232,28.8566],[-82.1836,28.8236],[-82.1693,28.7919],[-82.1869,28.7795],[-82.1863,28.7605],[-82.2073,28.7569],[-82.2491,28.7178],[-82.2631,28.6676],[-82.4178,28.6659],[-82.4184,28.6949],[-82.6746,28.6941],[-82.7048,28.7145],[-82.7208,28.7137],[-82.7048,28.7359],[-82.6901,28.7366],[-82.7025,28.7774],[-82.6915,28.7922],[-82.7131,28.7997],[-82.7387,28.8248],[-82.7366,28.8359],[-82.7276,28.8393],[-82.7338,28.8522],[-82.7279,28.8713],[-82.6898,28.8855],[-82.6889,28.9056],[-82.7015,28.9194],[-82.696,28.9308],[-82.7088,28.936],[-82.7257,28.9622],[-82.7437,28.9702],[-82.7436,28.9782],[-82.7572,28.986],[-82.7563,28.9963]]]]}},{"type":"Feature","properties":{"county_fips":"13019","county_name":"Berrien","state":"GA"},"geometry":{"type":"Polygon","coordinates":[[[-83.439,31.3188],[-83.4299,31.3639],[-83.4153,31.3632],[-83.4152,31.3759],[-83.3999,31.3764],[-83.3995,31.3893],[-83.385,31.3888],[-83.3848,31.401],[-83.3709,31.4011],[-83.3695,31.4651],[-83.3392,31.4651],[-83.3387,31.476],[-83.1456,31.4723],[-83.1511,31.4616],[-83.1359,31.4305],[-83.1399,31.4008],[-83.1163,31.3887],[-83.1004,31.3548],[-83.0756,31.3473],[-83.0596,31.3299],[-83.059,31.3042],[-83.0335,31.275],[-83.052,31.2253],[-83.0452,31.2203],[-83.0519,31.2078],[-83.0452,31.1943],[-83.0493,31.1762],[-83.0364,31.151],[-83.1651,31.1472],[-83.1674,31.0624],[-83.1979,31.0622],[-83.198,31.0254],[-83.2951,31.0273],[-83.2835,31.0409],[-83.2798,31.0634],[-83.296,31.0702],[-83.3042,31.0918],[-83.3219,31.0977],[-83.3225,31.1183],[-83.3045,31.1564],[-83.3056,31.1672],[-83.3342,31.1915],[-83.3342,31.2416],[-83.3476,31.2521],[-83.3662,31.2491],[-83.3866,31.2588],[-83.4094,31.2868],[-83.4306,31.2947],[-83.439,31.3188]]]}},{"type":"Feature","properties":{"county_fips":"45089","county_name":"Williamsburg","state":"SC"},"geometry":{"type":"Polygon","coordinates":[[[-80.1017,33.4969],[-79.9932,33.7045],[-79.9744,33.7216],[-79.9956,33.7679],[-79.9445,33.8102],[-79.9153,33.8186],[-79.8756,33.8852],[-79.8549,33.8917],[-79.8349,33.8826],[-79.7984,33.8356],[-79.7434,33.8351],[-79.7249,33.8146],[-79.6996,33.814],[-79.688,33.8049],[-79.6773,33.8147],[-79.6358,33.818],[-79.6349,33.8084],[-79.4965,33.7754],[-79.4415,33.7844],[-79.4187,33.7994],[-79.3972,33.8012],[-79.3852,33.8175],[-79.3704,33.8186],[-79.3314,33.8048],[-79.3201,33.7913],[-79.317,33.7799],[-79.3378,33.7746],[-79.3466,33.7553],[-79.41,33.6879],[-79.4425,33.596],[-79.4359,33.5725],[-79.4833,33.5368],[-79.4963,33.5175],[-79.5397,33.496],[-79.5901,33.4435],[-79.596,33.4215],[-79.6338,33.3726],[-79.6772,33.3368],[-79.677,33.3049],[-79.7096,33.3212],[-79.7348,33.3202],[-79.7554,33.3295],[-79.7842,33.3761],[-79.807,33.3726],[-79.8548,33.4029],[-79.8613,33.4178],[-79.8787,33.4271],[-79.8682,33.4345],[-79.8941,33.4537],[-79.9031,33.4504],[-79.9646,33.4986],[-79.9898,33.4983],[-79.9988,33.5067],[-80.0019,33.4947],[-80.0121,33.5052],[-80.0186,33.4983],[-80.0239,33.5063],[-80.0425,33.5009],[-80.0735,33.5072],[-80.1017,33.4969]]]}},{"type":"Feature","properties":{"county_fips":"13209","county_name":"Montgomery","state":"GA"},"geometry":{"type":"Polygon","coordinates":[[[-82.6558,32.3015],[-82.6491,32.3115],[-82.4091,32.3537],[-82.4391,32.2926],[-82.4411,32.218],[-82.4831,31.969],[-82.4995,31.9606],[-82.4808,31.9574],[-82.484,31.9515],[-82.5437,31.9589],[-82.5392,31.9666],[-82.546,31.9806],[-82.5555,31.9799],[-82.5587,31.9923],[-82.5655,31.99],[-82.5917,32.0086],[-82.6014,32.0216],[-82.5975,32.0296],[-82.6075,32.032],[-82.6021,32.0468],[-82.6138,32.0606],[-82.6084,32.0728],[-82.623,32.0823],[-82.613,32.0844],[-82.6172,32.1012],[-82.6113,32.1068],[-82.6174,32.105],[-82.6304,32.1301],[-82.6136,32.15],[-82.6129,32.1615],[-82.626,32.1688],[-82.6238,32.182],[-82.6312,32.1809],[-82.6253,32.206],[-82.6357,32.2205],[-82.6338,32.2328],[-82.6492,32.2464],[-82.6366,32.2691],[-82.6515,32.2868],[-82.6443,32.2908],[-82.6447,32.2954],[-82.6558,32.3015]]]}},{"type":"Feature","properties":{"county_fips":"12027","county_name":"DeSoto","state":"FL"},"geometry":{"type":"Polygon","coordinates":[[[-82.0575,27.0321],[-82.0558,27.3383],[-81.5641,27.3406],[-81.5626,27.0338],[-82.0575,27.0321]]]}},{"type":"Feature","properties":{"county_fips":"12015","county_name":"Charlotte","state":"FL"},"geometry":{"type":"Polygon","coordinates":[[[-82.3752,26.946],[-82.2555,26.9453],[-82.2552,27.033],[-81.5626,27.0338],[-81.5657,26.7696],[-82.0599,26.7704],[-82.051,26.7919],[-82.0511,26.865],[-82.0603,26.8804],[-82.0867,26.8885],[-82.0971,26.9145],[-82.0868,26.9277],[-82.0677,26.9278],[-82.0538,26.9398],[-82.0662,26.9544],[-82.0874,26.959],[-82.0994,26.9534],[-82.1178,26.9651],[-82.1155,26.9511],[-82.1414,26.9239],[-82.1543,26.9249],[-82.1741,26.9417],[-82.1831,26.9358],[-82.1534,26.854],[-82.1463,26.7829],[-82.1722,26.7699],[-82.2056,26.7705],[-82.2215,26.7818],[-82.2721,26.7895],[-82.2825,26.816],[-82.3752,26.946]]]}},{"type":"Feature","properties":{"county_fips":"12079","county_name":"Madison","state":"FL"},"geometry":{"type":"Polygon","coordinates":[[[-83.8202,30.3035],[-83.8145,30.3176],[-83.7925,30.3192],[-83.7877,30.3284],[-83.8076,30.3487],[-83.8046,30.3769],[-83.79,30.3903],[-83.7832,30.3789],[-83.7573,30.3855],[-83.7511,30.4076],[-83.7217,30.4344],[-83.727,30.4877],[-83.7364,30.5021],[-83.73,30.5188],[-83.7044,30.523],[-83.7043,30.5381],[-83.6711,30.538],[-83.6711,30.5529],[-83.6374,30.5527],[-83.6373,30.5675],[-83.6212,30.5674],[-83.6207,30.582],[-83.6042,30.5819],[-83.6044,30.6382],[-83.6121,30.6387],[-83.6117,30.6513],[-83.272,30.6272],[-83.2566,30.5874],[-83.2627,30.581],[-83.256,30.5622],[-83.2608,30.5528],[-83.2473,30.541],[-83.2389,30.518],[-83.2461,30.5125],[-83.2406,30.5059],[-83.2436,30.473],[-83.2178,30.4642],[-83.2222,30.4235],[-83.2094,30.421],[-83.2062,30.4121],[-83.1948,30.4169],[-83.18,30.4102],[-83.171,30.3852],[-83.1929,30.374],[-83.1912,30.3512],[-83.2126,30.3459],[-83.2099,30.3119],[-83.233,30.292],[-83.2394,30.2604],[-83.4693,30.2604],[-83.4688,30.3042],[-83.8202,30.3035]]]}},{"type":"Feature","properties":{"county_fips":"12003","county_name":"Baker","state":"FL"},"geometry":{"type":"Polygon","coordinates":[[[-82.4595,30.5843],[-82.2148,30.5686],[-82.2344,30.5566],[-82.2404,30.5378],[-82.2269,30.5103],[-82.2014,30.4852],[-82.2103,30.4246],[-82.1929,30.3788],[-82.1652,30.358],[-82.1048,30.3683],[-82.0811,30.3588],[-82.05,30.3624],[-82.0494,30.1431],[-82.4584,30.1364],[-82.4595,30.5843]]]}},{"type":"Feature","properties":{"county_fips":"13131","county_name":"Grady","state":"GA"},"geometry":{"type":"Polygon","coordinates":[[[-84.3807,30.69],[-84.3766,31.0789],[-84.1166,31.078],[-84.1188,30.971],[-84.0758,30.9119],[-84.0838,30.6758],[-84.3807,30.69]]]}},{"type":"Feature","properties":{"county_fips":"45053","county_name":"Jasper","state":"SC"},"geometry":{"type":"Polygon","coordinates":[[[-81.2813,32.5564],[-81.0146,32.7531],[-80.9765,32.7209],[-80.9648,32.6951],[-80.9459,32.6873],[-80.95,32.6615],[-80.963,32.6522],[-80.9587,32.6425],[-80.9024,32.6216],[-80.8697,32.6609],[-80.8315,32.5934],[-80.836,32.544],[-80.8477,32.5301],[-80.8202,32.4908],[-80.8177,32.4657],[-80.8339,32.4569],[-80.8502,32.4163],[-80.8298,32.4105],[-80.8415,32.3851],[-80.8737,32.3691],[-80.8685,32.3637],[-80.8776,32.3459],[-80.8921,32.3537],[-80.9245,32.3503],[-80.9349,32.3001],[-81.0064,32.3065],[-80.9942,32.2906],[-80.9917,32.2675],[-81.0161,32.2443],[-81.0124,32.2182],[-80.9938,32.188],[-80.9869,32.1934],[-80.9624,32.185],[-80.9693,32.1762],[-80.9618,32.1795],[-80.9486,32.1691],[-80.9576,32.165],[-80.9505,32.1613],[-80.953,32.1416],[-80.961,32.1519],[-80.969,32.1477],[-80.958,32.1377],[-80.9615,32.1262],[-80.9413,32.1373],[-80.9285,32.1386],[-80.9212,32.1301],[-80.9095,32.1347],[-80.9283,32.1214],[-80.8957,32.1077],[-80.9105,32.0799],[-80.8793,32.081],[-80.9075,32.0509],[-80.8895,32.0376],[-80.9251,32.0419],[-80.9539,32.0701],[-80.9835,32.0795],[-81.0043,32.1024],[-81.0381,32.0837],[-81.0883,32.0999],[-81.0912,32.1109],[-81.1154,32.1147],[-81.1199,32.134],[-81.1122,32.1508],[-81.1297,32.1659],[-81.1212,32.1749],[-81.1111,32.1727],[-81.1205,32.1783],[-81.1216,32.1922],[-81.114,32.1954],[-81.1221,32.1955],[-81.1384,32.2193],[-81.1522,32.2223],[-81.1436,32.2293],[-81.1566,32.2439],[-81.1457,32.2515],[-81.1466,32.2628],[-81.1369,32.2661],[-81.1419,32.2717],[-81.1234,32.2751],[-81.127,32.2827],[-81.1199,32.2862],[-81.1229,32.3073],[-81.1331,32.309],[-81.1306,32.3254],[-81.1379,32.3287],[-81.1294,32.3416],[-81.1438,32.3515],[-81.1598,32.34],[-81.1548,32.3496],[-81.1738,32.3627],[-81.1679,32.3683],[-81.1818,32.3793],[-81.1787,32.3936],[-81.2055,32.4236],[-81.2084,32.437],[-81.1994,32.4442],[-81.2045,32.4528],[-81.1975,32.4491],[-81.187,32.4636],[-81.2336,32.4985],[-81.2387,32.507],[-81.2334,32.518],[-81.2529,32.5183],[-81.2799,32.5366],[-81.275,32.5448],[-81.2813,32.5564]]]}},{"type":"Feature","properties":{"county_fips":"12081","county_name":"Manatee","state":"FL"},"geometry":{"type":"MultiPolygon","coordinates":[[[[-82.5736,27.6313],[-82.5726,27.6369],[-82.5692,27.6305],[-82.5736,27.6313]]],[[[-82.7457,27.5388],[-82.708,27.5231],[-82.7068,27.4984],[-82.6861,27.4981],[-82.6869,27.508],[-82.6746,27.5196],[-82.6413,27.5255],[-82.646,27.5335],[-82.612,27.5712],[-82.6117,27.5853],[-82.5774,27.5996],[-82.5541,27.6458],[-82.0543,27.6464],[-82.0565,27.2078],[-82.2536,27.2089],[-82.2523,27.3862],[-82.6428,27.3897],[-82.6901,27.4344],[-82.7145,27.5004],[-82.7457,27.5388]]]]}},{"type":"Feature","properties":{"county_fips":"12115","county_name":"Sarasota","state":"FL"},"geometry":{"type":"Polygon","coordinates":[[[-82.6428,27.3897],[-82.2523,27.3862],[-82.2536,27.2089],[-82.0565,27.2078],[-82.0575,27.0321],[-82.2552,27.033],[-82.2555,26.9453],[-82.3752,26.946],[-82.4457,27.0606],[-82.522,27.2284],[-82.5451,27.261],[-82.5689,27.2756],[-82.5601,27.2951],[-82.6428,27.3897]]]}},{"type":"Feature","properties":{"county_fips":"37191","county_name":"Wayne","state":"NC"},"geometry":{"type":"Polygon","coordinates":[[[-78.3044,35.2907],[-78.2897,35.3151],[-78.2584,35.3255],[-78.2421,35.32],[-78.2156,35.3338],[-78.2155,35.3415],[-78.1532,35.3507],[-78.1624,35.3672],[-78.1443,35.3874],[-78.1537,35.392],[-78.1549,35.4178],[-78.058,35.5978],[-77.9984,35.5856],[-77.8225,35.5854],[-77.8267,35.4241],[-77.8055,35.4075],[-77.7999,35.3823],[-77.8242,35.3438],[-77.8342,35.1778],[-77.8889,35.1599],[-77.8917,35.1466],[-77.926,35.173],[-77.9701,35.1659],[-77.984,35.1836],[-78.0202,35.1937],[-78.0445,35.1925],[-78.0774,35.1751],[-78.1634,35.1897],[-78.1618,35.2043],[-78.2462,35.226],[-78.3044,35.2907]]]}},{"type":"Feature","properties":{"county_fips":"45037","county_name":"Edgefield","state":"SC"},"geometry":{"type":"Polygon","coordinates":[[[-82.1826,33.7266],[-82.1643,33.7413],[-82.1729,33.7647],[-82.1533,33.7826],[-82.1596,33.7914],[-82.1479,33.7898],[-82.1341,33.8102],[-82.139,33.8185],[-82.1137,33.8299],[-82.1546,33.8817],[-82.1591,33.898],[-82.1483,33.9028],[-82.1556,33.9289],[-81.932,33.9769],[-81.8946,33.9754],[-81.8704,33.892],[-81.8368,33.8665],[-81.6518,33.8145],[-82.0125,33.5321],[-82.0463,33.5638],[-82.1153,33.5966],[-82.0955,33.6339],[-82.1105,33.6553],[-82.1309,33.6588],[-82.1345,33.6739],[-82.1482,33.6765],[-82.1453,33.6861],[-82.1658,33.6901],[-82.1826,33.7266]]]}},{"type":"Feature","properties":{"county_fips":"45039","county_name":"Fairfield","state":"SC"},"geometry":{"type":"Polygon","coordinates":[[[-81.4224,34.4822],[-81.4227,34.572],[-80.8776,34.5431],[-80.8817,34.5001],[-80.8987,34.4867],[-80.8882,34.4679],[-80.8332,34.4148],[-80.7935,34.4133],[-80.7832,34.4065],[-80.7836,34.3888],[-80.7699,34.3771],[-80.8259,34.2688],[-80.9619,34.252],[-81.0612,34.228],[-81.0699,34.2322],[-81.0708,34.2251],[-81.0959,34.2139],[-81.1812,34.2203],[-81.1684,34.1977],[-81.1794,34.1871],[-81.1783,34.1746],[-81.2264,34.2057],[-81.2513,34.2029],[-81.2841,34.233],[-81.3142,34.2377],[-81.3423,34.2669],[-81.3396,34.2922],[-81.3652,34.3227],[-81.3715,34.3504],[-81.3965,34.3898],[-81.4212,34.4538],[-81.4125,34.4699],[-81.4224,34.4822]]]}},{"type":"Feature","properties":{"county_fips":"12019","county_name":"Clay","state":"FL"},"geometry":{"type":"Polygon","coordinates":[[[-82.0494,30.1869],[-81.6796,30.1905],[-81.6905,30.1719],[-81.6921,30.1447],[-81.68,30.1191],[-81.6889,30.0286],[-81.6782,30.0122],[-81.6049,29.9635],[-81.5987,29.941],[-81.6076,29.9057],[-81.5812,29.8402],[-81.8124,29.8365],[-81.862,29.8002],[-81.9142,29.7914],[-81.9394,29.7475],[-81.9911,29.744],[-82.0071,29.7395],[-82.0289,29.7187],[-82.0492,29.7187],[-82.0494,30.1869]]]}},{"type":"Feature","properties":{"county_fips":"12067","county_name":"Lafayette","state":"FL"},"geometry":{"type":"Polygon","coordinates":[[[-83.3709,29.8879],[-83.3673,30.2604],[-83.2473,30.2607],[-83.2531,30.2511],[-83.2425,30.2482],[-83.2527,30.2357],[-83.2397,30.2267],[-83.25,30.1905],[-83.2316,30.1668],[-83.2387,30.1528],[-83.2251,30.138],[-83.2259,30.1136],[-83.1844,30.0941],[-83.1625,30.11],[-83.1329,30.0969],[-83.1192,30.105],[-83.1111,30.0909],[-83.0696,30.0813],[-83.0665,30.0654],[-83.0133,30.0321],[-83.0013,30.0088],[-82.9794,30.0074],[-82.9638,29.9945],[-82.9524,29.9594],[-82.9318,29.9578],[-82.9262,29.9499],[-82.9205,29.9301],[-82.9259,29.9213],[-82.9121,29.9048],[-82.9155,29.8918],[-82.895,29.9003],[-82.8852,29.8916],[-82.8931,29.8896],[-82.8901,29.8849],[-82.8768,29.8862],[-82.8755,29.867],[-82.8934,29.8268],[-82.904,29.8243],[-83.3529,29.8222],[-83.353,29.8879],[-83.3709,29.8879]]]}},{"type":"Feature","properties":{"county_fips":"13167","county_name":"Johnson","state":"GA"},"geometry":{"type":"Polygon","coordinates":[[[-82.9562,32.7122],[-82.947,32.7594],[-82.8025,32.8098],[-82.7754,32.7949],[-82.7686,32.7691],[-82.6808,32.7968],[-82.667,32.7829],[-82.5606,32.8201],[-82.5211,32.8224],[-82.4733,32.7776],[-82.4341,32.7623],[-82.4528,32.7193],[-82.4994,32.6863],[-82.4903,32.662],[-82.4639,32.6472],[-82.4929,32.634],[-82.4989,32.6427],[-82.5177,32.6337],[-82.512,32.6252],[-82.5944,32.5792],[-82.5912,32.5577],[-82.5644,32.5324],[-82.5853,32.5252],[-82.5979,32.5329],[-82.6026,32.5095],[-82.603,32.5215],[-82.6477,32.5125],[-82.6745,32.5239],[-82.6686,32.6122],[-82.7945,32.6602],[-82.7858,32.6867],[-82.8628,32.7158],[-82.9562,32.7122]]]}},{"type":"Feature","properties":{"county_fips":"13299","county_name":"Ware","state":"GA"},"geometry":{"type":"Polygon","coordinates":[[[-82.6992,31.2781],[-82.6636,31.2879],[-82.6296,31.2747],[-82.6282,31.4693],[-82.4947,31.4687],[-82.4937,31.4429],[-82.4814,31.4431],[-82.4815,31.4175],[-82.4172,31.4171],[-82.4174,31.405],[-82.4026,31.4048],[-82.4026,31.3909],[-82.417,31.3909],[-82.417,31.3789],[-82.4026,31.3788],[-82.4026,31.365],[-82.3895,31.3649],[-82.3872,31.2971],[-82.3672,31.2853],[-82.3687,31.2768],[-82.3507,31.2556],[-82.3185,31.2369],[-82.3147,31.2259],[-82.2846,31.2244],[-82.2843,31.1922],[-82.2304,31.1686],[-82.2087,31.1709],[-82.2083,31.0848],[-82.1636,31.0486],[-82.1317,31.0107],[-82.4156,31.0136],[-82.4204,30.7952],[-82.1782,30.791],[-82.1499,30.7843],[-82.2148,30.5685],[-82.4189,30.5817],[-82.4188,30.6131],[-82.4309,30.6128],[-82.4289,30.6903],[-82.4351,30.7166],[-82.42,30.7166],[-82.4201,30.7292],[-82.4352,30.7291],[-82.4359,30.8201],[-82.4955,30.8196],[-82.4906,30.9632],[-82.5201,30.9631],[-82.5521,31.0018],[-82.5921,31.0185],[-82.6897,31.2214],[-82.701,31.2232],[-82.6992,31.2781]]]}},{"type":"Feature","properties":{"county_fips":"13173","county_name":"Lanier","state":"GA"},"geometry":{"type":"Polygon","coordinates":[[[-83.1978,31.0572],[-83.1674,31.0624],[-83.1651,31.1472],[-83.0382,31.1467],[-83.0501,31.1836],[-82.9712,31.184],[-82.9713,30.8694],[-82.9822,30.8722],[-83.0071,30.8591],[-83.014,30.8447],[-83.0252,30.852],[-83.0204,30.9043],[-83.0364,30.916],[-83.0321,30.9225],[-83.0403,30.9269],[-83.0429,30.9473],[-83.1795,30.9501],[-83.1806,31.0255],[-83.198,31.0254],[-83.1978,31.0572]]]}},{"type":"Feature","properties":{"county_fips":"13071","county_name":"Colquitt","state":"GA"},"geometry":{"type":"Polygon","coordinates":[[[-84.0139,31.1036],[-84.0137,31.1118],[-84.003,31.1119],[-83.9994,31.335],[-83.7591,31.3322],[-83.7589,31.319],[-83.7141,31.3184],[-83.7139,31.3317],[-83.5126,31.3274],[-83.5153,31.3023],[-83.5056,31.269],[-83.5136,31.2329],[-83.51,31.206],[-83.5405,31.1792],[-83.5435,31.148],[-83.5559,31.1445],[-83.5573,31.1105],[-83.5767,31.0846],[-83.574,31.0339],[-83.7808,31.0385],[-83.7811,31.0258],[-83.7961,31.026],[-83.7957,31.0387],[-84.0039,31.0416],[-84.0032,31.1023],[-84.0139,31.1036]]]}},{"type":"Feature","properties":{"county_fips":"13091","county_name":"Dodge","state":"GA"},"geometry":{"type":"Polygon","coordinates":[[[-83.3733,32.2505],[-83.3396,32.2782],[-83.3461,32.2838],[-83.3393,32.2898],[-83.3322,32.284],[-83.284,32.3243],[-83.3047,32.342],[-83.1733,32.4525],[-83.139,32.4231],[-82.991,32.1473],[-82.887,32.198],[-82.8718,32.1827],[-82.9279,32.1353],[-82.9346,32.1533],[-82.9555,32.1353],[-82.9421,32.1241],[-83.2057,31.9003],[-83.2184,31.9157],[-83.2141,31.9218],[-83.2325,31.9308],[-83.2267,31.9383],[-83.2408,31.942],[-83.2358,31.951],[-83.2449,31.945],[-83.2615,31.9521],[-83.2846,31.9842],[-83.2918,31.9832],[-83.2784,31.9944],[-83.2837,32.0029],[-83.2959,32.0017],[-83.2896,32.0264],[-83.2974,32.0276],[-83.2944,32.0385],[-83.3086,32.0498],[-83.3006,32.0551],[-83.3052,32.0733],[-83.2948,32.0784],[-83.3033,32.0777],[-83.3103,32.0924],[-83.318,32.0859],[-83.3244,32.104],[-83.3373,32.1059],[-83.3089,32.1257],[-83.3047,32.1332],[-83.3248,32.1504],[-83.2911,32.1788],[-83.3733,32.2505]]]}},{"type":"Feature","properties":{"county_fips":"13165","county_name":"Jenkins","state":"GA"},"geometry":{"type":"Polygon","coordinates":[[[-82.1479,32.8198],[-82.1237,32.8837],[-82.0813,32.9168],[-81.9564,32.9237],[-81.8579,32.9539],[-81.7836,32.9284],[-81.7676,32.9094],[-81.8679,32.6812],[-81.8657,32.6628],[-81.841,32.6491],[-82.0012,32.6069],[-82.0829,32.6633],[-82.1479,32.8198]]]}},{"type":"Feature","properties":{"county_fips":"13161","county_name":"Jeff Davis","state":"GA"},"geometry":{"type":"Polygon","coordinates":[[[-82.8366,31.6745],[-82.8364,31.8162],[-82.8249,31.8197],[-82.8247,31.8135],[-82.7874,31.8362],[-82.7899,31.8536],[-82.7817,31.8528],[-82.7757,31.8626],[-82.7697,31.8554],[-82.7679,31.8616],[-82.7573,31.8569],[-82.7418,31.8769],[-82.6769,31.9103],[-82.6818,31.9207],[-82.6577,31.9236],[-82.6486,31.9165],[-82.6146,31.9267],[-82.6034,31.9376],[-82.5948,31.9316],[-82.5553,31.9593],[-82.5331,31.9614],[-82.4923,31.9486],[-82.48,31.9564],[-82.4992,31.9573],[-82.4924,31.9684],[-82.4315,31.9662],[-82.4314,31.838],[-82.5203,31.8384],[-82.5202,31.7492],[-82.5507,31.7491],[-82.5507,31.7363],[-82.5206,31.7362],[-82.5214,31.6725],[-82.8366,31.6745]]]}},{"type":"Feature","properties":{"county_fips":"13175","county_name":"Laurens","state":"GA"},"geometry":{"type":"Polygon","coordinates":[[[-83.2265,32.5842],[-82.9571,32.7083],[-82.8628,32.7158],[-82.7858,32.6867],[-82.7945,32.6602],[-82.6686,32.6122],[-82.6745,32.5239],[-82.6477,32.5125],[-82.6571,32.5072],[-82.6331,32.491],[-82.6486,32.4672],[-82.6946,32.4533],[-82.6903,32.4438],[-82.7022,32.4316],[-82.6976,32.4072],[-82.7162,32.3926],[-82.7169,32.373],[-82.7308,32.3627],[-82.7338,32.3421],[-82.7445,32.3413],[-82.7487,32.3291],[-82.7393,32.3307],[-82.7357,32.3196],[-82.7251,32.3157],[-82.73,32.3106],[-82.722,32.3093],[-82.762,32.2756],[-82.7552,32.2697],[-82.7619,32.2642],[-82.7687,32.2697],[-82.8583,32.1944],[-82.887,32.198],[-82.991,32.1473],[-83.2265,32.5842]]]}},{"type":"Feature","properties":{"county_fips":"13003","county_name":"Atkinson","state":"GA"},"geometry":{"type":"Polygon","coordinates":[[[-83.141,31.4067],[-83.1405,31.4204],[-82.9585,31.4173],[-82.9581,31.403],[-82.8393,31.4017],[-82.8172,31.3645],[-82.629,31.3639],[-82.6296,31.2747],[-82.6636,31.2879],[-82.6992,31.2781],[-82.701,31.2232],[-82.6908,31.2234],[-82.6717,31.1837],[-83.0469,31.1837],[-83.0519,31.2078],[-83.0452,31.2203],[-83.052,31.2253],[-83.0335,31.275],[-83.059,31.3042],[-83.0596,31.3299],[-83.0756,31.3473],[-83.1004,31.3548],[-83.1163,31.3887],[-83.141,31.4067]]]}},{"type":"Feature","properties":{"county_fips":"13321","county_name":"Worth","state":"GA"},"geometry":{"type":"Polygon","coordinates":[[[-84.0327,31.7163],[-84.0076,31.7355],[-84.0035,31.7546],[-83.9862,31.7664],[-83.9916,31.7849],[-84.0063,31.7907],[-84.0089,31.8006],[-83.9769,31.8033],[-83.9726,31.8277],[-83.9458,31.8495],[-83.8557,31.8368],[-83.8553,31.8199],[-83.8456,31.8197],[-83.8455,31.8316],[-83.8278,31.8101],[-83.8174,31.8125],[-83.7987,31.8012],[-83.7968,31.6229],[-83.7065,31.6191],[-83.6989,31.6028],[-83.67,31.5951],[-83.6674,31.5677],[-83.6494,31.568],[-83.6506,31.4847],[-83.6658,31.4851],[-83.6667,31.4342],[-83.6518,31.4339],[-83.6541,31.3307],[-83.7139,31.3317],[-83.7141,31.3184],[-83.7589,31.319],[-83.7591,31.3322],[-83.9994,31.335],[-83.9977,31.4628],[-83.9826,31.4635],[-83.9824,31.4758],[-83.9975,31.476],[-83.9967,31.5517],[-83.9825,31.5516],[-83.9816,31.5633],[-83.9966,31.5635],[-83.9962,31.6252],[-84.0127,31.6246],[-84.0125,31.6336],[-83.9935,31.6414],[-83.9934,31.65],[-84.0184,31.6503],[-84.0124,31.663],[-84.0327,31.7163]]]}},{"type":"Feature","properties":{"county_fips":"13005","county_name":"Bacon","state":"GA"},"geometry":{"type":"Polygon","coordinates":[[[-82.6283,31.5583],[-82.6273,31.6727],[-82.5214,31.6725],[-82.5214,31.7108],[-82.4959,31.7106],[-82.4509,31.6614],[-82.3496,31.6213],[-82.3157,31.5928],[-82.2408,31.5557],[-82.2266,31.5307],[-82.2393,31.5306],[-82.2388,31.5176],[-82.2559,31.5174],[-82.2558,31.5054],[-82.2696,31.5057],[-82.2697,31.4926],[-82.3004,31.4932],[-82.3009,31.4678],[-82.315,31.4679],[-82.3151,31.4571],[-82.33,31.4571],[-82.3305,31.4421],[-82.345,31.4418],[-82.3448,31.4301],[-82.4015,31.4303],[-82.4018,31.4173],[-82.4815,31.4175],[-82.4814,31.4431],[-82.4937,31.4429],[-82.4947,31.4687],[-82.5975,31.4693],[-82.5963,31.5579],[-82.6283,31.5583]]]}},{"type":"Feature","properties":{"county_fips":"45033","county_name":"Dillon","state":"SC"},"geometry":{"type":"Polygon","coordinates":[[[-79.6334,34.298],[-79.45,34.621],[-79.0713,34.2993],[-79.0861,34.295],[-79.0864,34.285],[-79.11,34.2724],[-79.1257,34.2533],[-79.1735,34.2875],[-79.2143,34.2555],[-79.2394,34.2543],[-79.2944,34.277],[-79.3054,34.2693],[-79.3803,34.3006],[-79.411,34.3002],[-79.4807,34.2881],[-79.4791,34.2786],[-79.4963,34.2748],[-79.5124,34.2575],[-79.5543,34.2476],[-79.5479,34.2309],[-79.5616,34.2579],[-79.5872,34.2814],[-79.6239,34.3006],[-79.6334,34.298]]]}},{"type":"Feature","properties":{"county_fips":"12127","county_name":"Volusia","state":"FL"},"geometry":{"type":"Polygon","coordinates":[[[-81.6809,29.3244],[-81.4509,29.3785],[-81.4345,29.3993],[-81.4229,29.4004],[-81.4173,29.2612],[-81.1501,29.266],[-81.1559,29.411],[-81.1019,29.4271],[-80.9662,29.148],[-80.9096,29.0709],[-80.7329,28.7912],[-80.9679,28.7902],[-80.9645,28.613],[-80.9899,28.6139],[-80.9891,28.6247],[-80.9942,28.6216],[-81.0071,28.6363],[-81.0012,28.6411],[-81.0072,28.6635],[-81.0213,28.6743],[-81.0166,28.693],[-81.0611,28.75],[-81.0531,28.7736],[-81.0761,28.8193],[-81.1205,28.8257],[-81.1293,28.7995],[-81.1404,28.796],[-81.1362,28.7922],[-81.1789,28.7819],[-81.1819,28.7972],[-81.1974,28.7919],[-81.2137,28.8042],[-81.2257,28.8325],[-81.3205,28.8345],[-81.3593,28.8489],[-81.3511,28.8581],[-81.3647,28.8657],[-81.3661,28.8878],[-81.3572,28.8871],[-81.3528,28.8967],[-81.3602,28.9066],[-81.3497,28.9396],[-81.3593,28.9446],[-81.354,28.9496],[-81.3589,28.9559],[-81.3709,28.9583],[-81.3559,28.987],[-81.3757,28.994],[-81.3728,28.9992],[-81.4029,29.0325],[-81.4553,29.0631],[-81.4592,29.0942],[-81.5021,29.0978],[-81.5045,29.1237],[-81.5315,29.1769],[-81.554,29.1846],[-81.5609,29.2002],[-81.6123,29.2028],[-81.6484,29.2902],[-81.6721,29.3053],[-81.6809,29.3244]]]}},{"type":"Feature","properties":{"county_fips":"37195","county_name":"Wilson","state":"NC"},"geometry":{"type":"Polygon","coordinates":[[[-78.1921,35.7305],[-77.8974,35.8439],[-77.8739,35.8497],[-77.8447,35.8376],[-77.8284,35.8672],[-77.7513,35.8278],[-77.7184,35.7288],[-77.6651,35.6749],[-77.8062,35.5835],[-77.9984,35.5856],[-78.058,35.5978],[-78.0648,35.5853],[-78.1256,35.6031],[-78.1578,35.6856],[-78.1609,35.7119],[-78.1921,35.7305]]]}},{"type":"Feature","properties":{"county_fips":"13275","county_name":"Thomas","state":"GA"},"geometry":{"type":"Polygon","coordinates":[[[-84.1183,30.9692],[-84.1166,31.078],[-84.0036,31.0773],[-84.0039,31.0416],[-83.7957,31.0387],[-83.7961,31.026],[-83.7811,31.0258],[-83.7808,31.0385],[-83.7362,31.0377],[-83.7437,30.6584],[-84.0838,30.6758],[-84.0758,30.9119],[-84.1183,30.9692]]]}},{"type":"Feature","properties":{"county_fips":"13065","county_name":"Clinch","state":"GA"},"geometry":{"type":"Polygon","coordinates":[[[-82.9713,30.8694],[-82.9712,31.184],[-82.6717,31.1837],[-82.5921,31.0185],[-82.5521,31.0018],[-82.5201,30.9631],[-82.4906,30.9632],[-82.4955,30.8196],[-82.4359,30.8201],[-82.4352,30.7291],[-82.4201,30.7292],[-82.42,30.7166],[-82.4351,30.7166],[-82.4289,30.6903],[-82.4309,30.6128],[-82.4188,30.6131],[-82.4189,30.5817],[-82.584,30.5918],[-82.5799,30.6587],[-82.5865,30.675],[-82.5788,30.6908],[-82.5898,30.7059],[-82.6918,30.7339],[-82.7298,30.7292],[-82.7954,30.7421],[-82.8158,30.776],[-82.8317,30.7826],[-82.8302,30.8106],[-82.8464,30.8349],[-82.9713,30.8694]]]}},{"type":"Feature","properties":{"county_fips":"13101","county_name":"Echols","state":"GA"},"geometry":{"type":"Polygon","coordinates":[[[-83.1366,30.624],[-83.1358,30.722],[-83.1303,30.7222],[-83.1362,30.7752],[-83.1258,30.8033],[-83.1044,30.8037],[-83.1032,30.8314],[-83.0881,30.8312],[-83.0881,30.8487],[-83.014,30.8447],[-83.0071,30.8591],[-82.9822,30.8722],[-82.8464,30.8349],[-82.8302,30.8106],[-82.8317,30.7826],[-82.8158,30.776],[-82.7954,30.7421],[-82.7298,30.7292],[-82.6918,30.7339],[-82.6742,30.7244],[-82.6039,30.7136],[-82.5788,30.6908],[-82.5865,30.675],[-82.5799,30.6587],[-82.584,30.5918],[-83.1366,30.624]]]}},{"type":"Feature","properties":{"county_fips":"45011","county_name":"Barnwell","state":"SC"},"geometry":{"type":"Polygon","coordinates":[[[-81.7717,33.1815],[-81.7661,33.1778],[-81.7571,33.1981],[-81.3748,33.4897],[-81.2969,33.4799],[-81.2537,33.4462],[-81.2222,33.4407],[-81.2132,33.3979],[-81.2179,33.2084],[-81.2278,33.1607],[-81.1931,33.1187],[-81.3649,33.1081],[-81.5419,33.1583],[-81.6141,33.0952],[-81.6423,33.0932],[-81.7217,33.1265],[-81.7631,33.1594],[-81.7717,33.1815]]]}},{"type":"Feature","properties":{"county_fips":"13277","county_name":"Tift","state":"GA"},"geometry":{"type":"Polygon","coordinates":[[[-83.6667,31.4342],[-83.6658,31.4851],[-83.6506,31.4847],[-83.649,31.5965],[-83.5007,31.594],[-83.501,31.5701],[-83.4708,31.5694],[-83.4709,31.556],[-83.4206,31.5535],[-83.397,31.5311],[-83.3822,31.4871],[-83.3387,31.476],[-83.3392,31.4651],[-83.3695,31.4651],[-83.3709,31.4011],[-83.3848,31.401],[-83.385,31.3888],[-83.3995,31.3893],[-83.3999,31.3764],[-83.4152,31.3759],[-83.4153,31.3632],[-83.4299,31.3639],[-83.4302,31.3507],[-83.4449,31.3496],[-83.4455,31.336],[-83.4605,31.333],[-83.4606,31.3263],[-83.6541,31.3307],[-83.6518,31.4339],[-83.6667,31.4342]]]}},{"type":"Feature","properties":{"county_fips":"37107","county_name":"Lenoir","state":"NC"},"geometry":{"type":"Polygon","coordinates":[[[-77.8342,35.1778],[-77.8242,35.3438],[-77.8062,35.3688],[-77.6975,35.3771],[-77.6823,35.3497],[-77.6732,35.3479],[-77.6376,35.3543],[-77.6144,35.3776],[-77.5907,35.3736],[-77.5664,35.383],[-77.5342,35.3981],[-77.5283,35.4143],[-77.5099,35.4215],[-77.4839,35.4137],[-77.4744,35.4268],[-77.4634,35.3996],[-77.4485,35.3927],[-77.455,35.3855],[-77.4452,35.38],[-77.4482,35.3715],[-77.4315,35.367],[-77.4264,35.3498],[-77.4082,35.3534],[-77.3918,35.3456],[-77.3916,35.3392],[-77.4313,35.3298],[-77.4311,35.313],[-77.4491,35.3018],[-77.4262,35.2624],[-77.4326,35.2502],[-77.4737,35.229],[-77.5272,35.243],[-77.5075,35.1728],[-77.6013,35.0714],[-77.731,35.0081],[-77.746,35.0223],[-77.7496,35.1086],[-77.7692,35.1456],[-77.8342,35.1778]]]}},{"type":"Feature","properties":{"county_fips":"37061","county_name":"Duplin","state":"NC"},"geometry":{"type":"Polygon","coordinates":[[[-78.1985,34.742],[-78.1471,34.9025],[-78.1598,35.0798],[-78.1718,35.0935],[-78.1634,35.1897],[-78.0774,35.1751],[-78.0445,35.1925],[-78.0202,35.1937],[-77.984,35.1836],[-77.9701,35.1659],[-77.926,35.173],[-77.8917,35.1466],[-77.8889,35.1599],[-77.8342,35.1778],[-77.7692,35.1456],[-77.7496,35.1086],[-77.746,35.0223],[-77.6748,34.9739],[-77.6801,34.9711],[-77.6534,34.9405],[-77.6511,34.9235],[-77.6772,34.7981],[-77.6801,34.7206],[-77.938,34.7232],[-77.952,34.7147],[-77.9614,34.7199],[-77.9812,34.714],[-78.0127,34.7326],[-78.0307,34.7248],[-78.1024,34.7254],[-78.1352,34.7102],[-78.1985,34.742]]]}},{"type":"Feature","properties":{"county_fips":"13069","county_name":"Coffee","state":"GA"},"geometry":{"type":"Polygon","coordinates":[[[-83.1511,31.4616],[-83.1456,31.4723],[-83.1117,31.4782],[-83.065,31.5528],[-83.0588,31.6112],[-83.0448,31.6108],[-83.0444,31.6242],[-83.0302,31.6237],[-83.0294,31.6362],[-83.0142,31.6357],[-83.0134,31.6608],[-82.9988,31.6605],[-82.9957,31.781],[-82.991,31.7765],[-82.9907,31.7871],[-82.9832,31.7837],[-82.9785,31.7931],[-82.9553,31.783],[-82.9187,31.7841],[-82.9194,31.7787],[-82.8993,31.7914],[-82.8997,31.7833],[-82.8904,31.7804],[-82.8767,31.7871],[-82.877,31.7809],[-82.8631,31.783],[-82.8364,31.8162],[-82.8366,31.6714],[-82.6273,31.6727],[-82.6283,31.5583],[-82.5963,31.5579],[-82.5975,31.4693],[-82.6282,31.4693],[-82.629,31.3639],[-82.8172,31.3645],[-82.8441,31.4033],[-82.9581,31.403],[-82.9585,31.4173],[-83.1405,31.4204],[-83.1386,31.4415],[-83.1511,31.4616]]]}},{"type":"Feature","properties":{"county_fips":"13043","county_name":"Candler","state":"GA"},"geometry":{"type":"Polygon","coordinates":[[[-82.2546,32.3515],[-82.1879,32.4336],[-82.1811,32.4741],[-82.1483,32.5204],[-82.0798,32.5601],[-81.971,32.5132],[-81.9798,32.5011],[-81.9741,32.47],[-81.9404,32.4361],[-81.9366,32.4227],[-81.9187,32.4154],[-81.9569,32.2862],[-81.9691,32.2688],[-82.2328,32.3188],[-82.2381,32.3444],[-82.2546,32.3515]]]}},{"type":"Feature","properties":{"county_fips":"13155","county_name":"Irwin","state":"GA"},"geometry":{"type":"Polygon","coordinates":[[[-83.501,31.5701],[-83.4999,31.6195],[-83.4916,31.6194],[-83.4907,31.6961],[-83.4606,31.6954],[-83.4529,31.7086],[-83.4666,31.7418],[-83.4527,31.7506],[-83.4536,31.7579],[-83.3703,31.7571],[-83.3696,31.7697],[-83.3397,31.7696],[-83.3399,31.7566],[-83.3253,31.7566],[-83.3256,31.6806],[-83.2656,31.6799],[-83.2664,31.6542],[-83.1772,31.6517],[-83.1764,31.6784],[-82.9984,31.6732],[-82.9988,31.6605],[-83.0134,31.6608],[-83.0142,31.6357],[-83.0294,31.6362],[-83.0302,31.6237],[-83.0444,31.6242],[-83.0448,31.6108],[-83.0588,31.6112],[-83.06,31.5655],[-83.0683,31.5452],[-83.1198,31.4737],[-83.3765,31.482],[-83.4071,31.5435],[-83.4206,31.5535],[-83.4709,31.556],[-83.4708,31.5694],[-83.501,31.5701]]]}},{"type":"Feature","properties":{"county_fips":"13287","county_name":"Turner","state":"GA"},"geometry":{"type":"Polygon","coordinates":[[[-83.8022,31.8035],[-83.6126,31.8041],[-83.6123,31.8541],[-83.4802,31.8473],[-83.4844,31.8348],[-83.4551,31.7783],[-83.4522,31.7522],[-83.4666,31.7418],[-83.4529,31.7086],[-83.4606,31.6954],[-83.4907,31.6961],[-83.4916,31.6194],[-83.4999,31.6195],[-83.5007,31.594],[-83.649,31.5965],[-83.6494,31.568],[-83.6638,31.5656],[-83.6727,31.5762],[-83.67,31.5951],[-83.6989,31.6028],[-83.7065,31.6191],[-83.7968,31.6229],[-83.8022,31.8035]]]}},{"type":"Feature","properties":{"county_fips":"13109","county_name":"Evans","state":"GA"},"geometry":{"type":"Polygon","coordinates":[[[-82.0253,32.2789],[-81.9532,32.2668],[-81.8927,32.2748],[-81.8563,32.2571],[-81.8417,32.2409],[-81.8163,32.2375],[-81.8039,32.2198],[-81.8034,32.1992],[-81.7809,32.1753],[-81.7773,32.1319],[-81.7539,32.1114],[-81.7563,32.1046],[-81.7268,32.0988],[-81.7187,32.0894],[-81.7617,32.0479],[-81.8891,32.0504],[-81.98,32.0815],[-82.0253,32.2789]]]}},{"type":"Feature","properties":{"county_fips":"12109","county_name":"St. Johns","state":"FL"},"geometry":{"type":"Polygon","coordinates":[[[-81.6905,30.0428],[-81.6802,30.1212],[-81.6123,30.1329],[-81.5678,30.1178],[-81.539,30.1199],[-81.5387,30.1037],[-81.4338,30.1055],[-81.4369,30.2523],[-81.3799,30.2529],[-81.309,29.9694],[-81.289,29.9152],[-81.2751,29.8988],[-81.2539,29.7769],[-81.2129,29.6707],[-81.2473,29.6591],[-81.261,29.6691],[-81.2745,29.6527],[-81.3013,29.6501],[-81.3087,29.6421],[-81.3243,29.6535],[-81.3241,29.6256],[-81.5237,29.6224],[-81.5252,29.7595],[-81.5642,29.7985],[-81.599,29.8754],[-81.6084,29.9157],[-81.601,29.956],[-81.6177,29.9766],[-81.6782,30.0122],[-81.6905,30.0428]]]}},{"type":"Feature","properties":{"county_fips":"37187","county_name":"Washington","state":"NC"},"geometry":{"type":"Polygon","coordinates":[[[-76.8473,35.72],[-76.8174,35.7481],[-76.8035,35.7839],[-76.793,35.7899],[-76.8026,35.8052],[-76.7827,35.8242],[-76.7892,35.8376],[-76.7806,35.8539],[-76.7391,35.8766],[-76.72,35.9173],[-76.7014,35.923],[-76.693,35.9424],[-76.6624,35.9321],[-76.5538,35.9402],[-76.3996,35.9821],[-76.3749,35.9554],[-76.3822,35.9482],[-76.3662,35.9348],[-76.38,35.9147],[-76.3536,35.8613],[-76.4056,35.7863],[-76.406,35.6976],[-76.8446,35.7057],[-76.8473,35.72]]]}},{"type":"Feature","properties":{"county_fips":"12035","county_name":"Flagler","state":"FL"},"geometry":{"type":"Polygon","coordinates":[[[-81.5237,29.6224],[-81.3241,29.6256],[-81.3243,29.6535],[-81.3087,29.6421],[-81.3013,29.6501],[-81.2745,29.6527],[-81.261,29.6691],[-81.2473,29.6591],[-81.2129,29.6707],[-81.1019,29.4271],[-81.1559,29.411],[-81.1501,29.266],[-81.4173,29.2612],[-81.4207,29.3996],[-81.455,29.3897],[-81.4788,29.3991],[-81.4876,29.4483],[-81.5205,29.4965],[-81.5237,29.6224]]]}},{"type":"Feature","properties":{"county_fips":"13017","county_name":"Ben Hill","state":"GA"},"geometry":{"type":"Polygon","coordinates":[[[-83.4845,31.8355],[-83.4802,31.8473],[-83.2096,31.8446],[-83.1825,31.8518],[-83.152,31.8249],[-83.1346,31.8241],[-83.1326,31.8152],[-83.1408,31.8181],[-83.129,31.81],[-83.1116,31.8092],[-83.1063,31.8192],[-83.0993,31.8083],[-83.0867,31.8127],[-83.0804,31.8006],[-83.039,31.7906],[-83.028,31.7783],[-83.0058,31.7746],[-82.9957,31.781],[-82.9984,31.6732],[-83.1764,31.6784],[-83.1772,31.6517],[-83.2664,31.6542],[-83.2656,31.6799],[-83.3256,31.6806],[-83.3253,31.7566],[-83.3399,31.7566],[-83.3397,31.7696],[-83.3696,31.7697],[-83.3703,31.7571],[-83.4536,31.7579],[-83.4589,31.7936],[-83.4845,31.8355]]]}}]}