{"type":"FeatureCollection","features":[{"type":"Feature","properties":{"county_fips":"10005","county_name":"Sussex","state":"DE"},"geometry":{"type":"Polygon","coordinates":[[[-75.7226,38.8299],[-75.555,38.8356],[-75.5204,38.8557],[-75.4858,38.9036],[-75.4014,38.9184],[-75.4007,38.9477],[-75.3932,38.9557],[-75.3721,38.9614],[-75.3528,38.9479],[-75.3441,38.9553],[-75.3387,38.9463],[-75.3167,38.9529],[-75.3115,38.9446],[-75.3171,38.9334],[-75.3041,38.9132],[-75.1906,38.8069],[-75.134,38.7822],[-75.0971,38.7887],[-75.0991,38.8035],[-75.092,38.8039],[-75.0655,38.661],[-75.0489,38.4513],[-75.6937,38.4601],[-75.7226,38.8299]]]}},{"type":"Feature","properties":{"county_fips":"12007","county_name":"Bradford","state":"FL"},"geometry":{"type":"Polygon","coordinates":[[[-82.4187,29.9231],[-82.358,29.9336],[-82.3423,29.9613],[-82.3074,29.9562],[-82.2793,29.9886],[-82.26,30.0281],[-82.2256,30.0343],[-82.1797,30.0712],[-82.1699,30.0992],[-82.1424,30.1163],[-82.1426,30.1431],[-82.0494,30.1431],[-82.0492,29.7187],[-82.0556,29.7182],[-82.0603,29.7504],[-82.0882,29.7609],[-82.0793,29.776],[-82.1176,29.7906],[-82.1331,29.8359],[-82.1732,29.837],[-82.1945,29.8485],[-82.2335,29.8453],[-82.2441,29.8524],[-82.2818,29.8444],[-82.305,29.8532],[-82.3142,29.8676],[-82.335,29.8787],[-82.3975,29.8861],[-82.4066,29.9141],[-82.4187,29.9231]]]}},{"type":"Feature","properties":{"county_fips":"12009","county_name":"Brevard","state":"FL"},"geometry":{"type":"Polygon","coordinates":[[[-80.9873,28.613],[-80.9645,28.613],[-80.9679,28.7902],[-80.7329,28.7912],[-80.5742,28.5853],[-80.561,28.5307],[-80.5252,28.455],[-80.5781,28.4231],[-80.5975,28.3855],[-80.6068,28.2964],[-80.5942,28.1959],[-80.5579,28.0718],[-80.447,27.862],[-80.454,27.8548],[-80.4911,27.8546],[-80.5091,27.8221],[-80.8689,27.8225],[-80.8628,28.3472],[-80.8884,28.3855],[-80.883,28.4082],[-80.9012,28.4332],[-80.8902,28.4453],[-80.8983,28.4551],[-80.8945,28.467],[-80.8708,28.4714],[-80.8857,28.5103],[-80.9066,28.5116],[-80.9114,28.5246],[-80.9393,28.535],[-80.93,28.5632],[-80.9471,28.585],[-80.9433,28.5937],[-80.9522,28.6042],[-80.9873,28.613]]]}},{"type":"Feature","properties":{"county_fips":"12053","county_name":"Hernando","state":"FL"},"geometry":{"type":"Polygon","coordinates":[[[-82.6812,28.4642],[-82.6667,28.4756],[-82.6664,28.4973],[-82.6782,28.4993],[-82.6689,28.5077],[-82.668,28.5282],[-82.6528,28.5378],[-82.6631,28.5508],[-82.6523,28.5522],[-82.6562,28.5754],[-82.6443,28.5842],[-82.6554,28.5923],[-82.6554,28.6044],[-82.6637,28.6054],[-82.6533,28.6163],[-82.671,28.6287],[-82.668,28.6475],[-82.6777,28.6548],[-82.6551,28.6805],[-82.668,28.6833],[-82.6673,28.6917],[-82.6746,28.6941],[-82.4184,28.6949],[-82.4178,28.6659],[-82.2631,28.6676],[-82.2736,28.6538],[-82.2568,28.6488],[-82.2602,28.635],[-82.2461,28.6269],[-82.2137,28.5754],[-82.1668,28.564],[-82.1562,28.5734],[-82.138,28.5655],[-82.1286,28.5449],[-82.1094,28.5438],[-82.095,28.5236],[-82.0703,28.5319],[-82.0545,28.5214],[-82.0547,28.4784],[-82.2533,28.4785],[-82.2534,28.4348],[-82.6699,28.4336],[-82.6646,28.452],[-82.6812,28.4642]]]}},{"type":"Feature","properties":{"county_fips":"12047","county_name":"Hamilton","state":"FL"},"geometry":{"type":"Polygon","coordinates":[[[-83.3092,30.6344],[-82.6895,30.5977],[-82.7169,30.5644],[-82.7239,30.5649],[-82.7145,30.5318],[-82.7286,30.5257],[-82.723,30.5174],[-82.7184,30.521],[-82.715,30.5055],[-82.706,30.5042],[-82.7061,30.4924],[-82.6967,30.4894],[-82.7018,30.4777],[-82.6773,30.4719],[-82.6805,30.4615],[-82.6633,30.4521],[-82.6729,30.4486],[-82.6527,30.4294],[-82.647,30.3951],[-82.6654,30.3792],[-82.6623,30.3704],[-82.6869,30.3533],[-82.6815,30.3428],[-82.6899,30.3331],[-82.7164,30.3212],[-82.7246,30.3338],[-82.7454,30.3174],[-82.7633,30.3309],[-82.7885,30.324],[-82.8039,30.3454],[-82.8109,30.337],[-82.8322,30.3468],[-82.8442,30.3409],[-82.8519,30.3569],[-82.8851,30.3653],[-82.8934,30.3746],[-82.8889,30.3861],[-82.9058,30.3881],[-82.9084,30.3801],[-82.9488,30.401],[-82.9559,30.4135],[-83.0042,30.4319],[-83.0079,30.4225],[-83.0343,30.4308],[-83.0706,30.4245],[-83.082,30.4429],[-83.1221,30.4326],[-83.1345,30.4192],[-83.1555,30.4168],[-83.171,30.3852],[-83.18,30.4102],[-83.1948,30.4169],[-83.2062,30.4121],[-83.2094,30.421],[-83.2222,30.4235],[-83.2178,30.4642],[-83.2436,30.473],[-83.2406,30.5059],[-83.2461,30.5125],[-83.2389,30.518],[-83.2473,30.541],[-83.2608,30.5528],[-83.256,30.5622],[-83.2627,30.581],[-83.2566,30.5874],[-83.2691,30.6222],[-83.3092,30.6344]]]}},{"type":"Feature","properties":{"county_fips":"12031","county_name":"Duval","state":"FL"},"geometry":{"type":"Polygon","coordinates":[[[-82.0493,30.2733],[-81.8095,30.4845],[-81.7949,30.5054],[-81.7816,30.5033],[-81.7653,30.5187],[-81.7637,30.5349],[-81.7384,30.5346],[-81.7363,30.5571],[-81.7268,30.5594],[-81.7219,30.5719],[-81.7046,30.5636],[-81.6976,30.5696],[-81.6955,30.5632],[-81.6739,30.5662],[-81.6637,30.5508],[-81.6499,30.5766],[-81.6245,30.5862],[-81.6043,30.584],[-81.611,30.5759],[-81.6015,30.5677],[-81.6142,30.5631],[-81.6096,30.554],[-81.5844,30.566],[-81.5854,30.5442],[-81.5678,30.5366],[-81.5509,30.543],[-81.543,30.5239],[-81.5263,30.5312],[-81.5199,30.5436],[-81.5238,30.5563],[-81.514,30.5673],[-81.4996,30.5638],[-81.4844,30.5374],[-81.4555,30.522],[-81.4559,30.5134],[-81.4324,30.4872],[-81.4132,30.4829],[-81.4125,30.4229],[-81.4037,30.4091],[-81.4116,30.4022],[-81.3935,30.3956],[-81.3962,30.3311],[-81.3799,30.2529],[-81.4369,30.2523],[-81.4338,30.1055],[-81.5387,30.1037],[-81.539,30.1199],[-81.5678,30.1178],[-81.6123,30.1329],[-81.6802,30.1212],[-81.6921,30.1447],[-81.6905,30.1719],[-81.6796,30.1905],[-82.0494,30.1869],[-82.0493,30.2733]]]}},{"type":"Feature","properties":{"county_fips":"24017","county_name":"Charles","state":"MD"},"geometry":{"type":"Polygon","coordinates":[[[-77.2724,38.4899],[-77.2377,38.5519],[-77.2211,38.5552],[-77.1832,38.6004],[-77.1487,38.6056],[-77.1071,38.6307],[-77.1302,38.635],[-77.1325,38.6738],[-77.0863,38.706],[-77.0478,38.6162],[-77.0201,38.6476],[-76.9913,38.6571],[-76.9657,38.6613],[-76.9046,38.6516],[-76.8634,38.6585],[-76.7485,38.6182],[-76.7405,38.5587],[-76.6625,38.5255],[-76.6741,38.4996],[-76.6846,38.495],[-76.7143,38.5104],[-76.7746,38.509],[-76.8227,38.4284],[-76.8503,38.3983],[-76.8715,38.3899],[-76.8737,38.3796],[-76.8474,38.3598],[-76.859,38.3576],[-76.8699,38.3318],[-76.8516,38.316],[-76.853,38.3048],[-76.8337,38.2733],[-76.8421,38.2545],[-76.9074,38.2885],[-76.9239,38.2897],[-76.9222,38.3113],[-76.9303,38.3231],[-76.9783,38.3423],[-76.9883,38.395],[-77.0164,38.4456],[-77.0506,38.4398],[-77.0911,38.4075],[-77.1233,38.4106],[-77.1367,38.3918],[-77.1795,38.3685],[-77.2167,38.3632],[-77.2502,38.3828],[-77.2651,38.4135],[-77.2567,38.4304],[-77.2659,38.4438],[-77.2724,38.4899]]]}},{"type":"Feature","properties":{"county_fips":"34001","county_name":"Atlantic","state":"NJ"},"geometry":{"type":"Polygon","coordinates":[[[-74.9853,39.515],[-74.7362,39.7298],[-74.668,39.6837],[-74.655,39.6271],[-74.64,39.6225],[-74.6348,39.628],[-74.6302,39.6202],[-74.6206,39.6264],[-74.5757,39.5984],[-74.5543,39.5985],[-74.5406,39.5756],[-74.5256,39.5694],[-74.5153,39.5742],[-74.4934,39.5557],[-74.4622,39.5561],[-74.4573,39.5473],[-74.4456,39.5586],[-74.4457,39.5464],[-74.4375,39.5412],[-74.4384,39.5535],[-74.4174,39.5573],[-74.3808,39.4985],[-74.3264,39.5063],[-74.3119,39.4799],[-74.3342,39.451],[-74.334,39.4351],[-74.4236,39.3554],[-74.4599,39.345],[-74.5359,39.3036],[-74.5681,39.2991],[-74.5887,39.3101],[-74.6206,39.2926],[-74.6401,39.296],[-74.6526,39.2886],[-74.6683,39.2977],[-74.6734,39.2892],[-74.6764,39.2973],[-74.6984,39.2893],[-74.7196,39.2986],[-74.7792,39.2992],[-74.7838,39.3072],[-74.8253,39.3054],[-74.8606,39.3194],[-74.8649,39.3385],[-74.852,39.3766],[-74.856,39.424],[-74.9853,39.515]]]}},{"type":"Feature","properties":{"county_fips":"34009","county_name":"Cape May","state":"NJ"},"geometry":{"type":"Polygon","coordinates":[[[-74.9719,38.9406],[-74.9495,39.0156],[-74.8978,39.0988],[-74.8859,39.1436],[-74.8872,39.1588],[-74.9225,39.1888],[-74.9258,39.2188],[-74.8964,39.2351],[-74.8821,39.3084],[-74.8646,39.3244],[-74.8253,39.3054],[-74.7838,39.3072],[-74.7792,39.2992],[-74.7196,39.2986],[-74.6984,39.2893],[-74.6764,39.2973],[-74.6734,39.2892],[-74.6683,39.2977],[-74.6526,39.2886],[-74.6401,39.296],[-74.6206,39.2926],[-74.5887,39.3101],[-74.5681,39.2991],[-74.5488,39.3018],[-74.554,39.2859],[-74.6193,39.2404],[-74.6714,39.1798],[-74.7143,39.1198],[-74.7059,39.1029],[-74.7712,39.0325],[-74.7985,39.0262],[-74.787,39.0022],[-74.7937,38.9941],[-74.8645,38.9404],[-74.8839,38.9424],[-74.9336,38.9285],[-74.9635,38.9312],[-74.9719,38.9406]]]}},{"type":"Feature","properties":{"county_fips":"37047","county_name":"Columbus","state":"NC"},"geometry":{"type":"Polygon","coordinates":[[[-79.0712,34.2993],[-79.0529,34.3146],[-79.0383,34.3135],[-79.0272,34.3529],[-79.009,34.353],[-79.0008,34.3647],[-79.0116,34.3803],[-78.995,34.3926],[-78.9776,34.3903],[-78.9682,34.3973],[-78.9711,34.4277],[-78.9599,34.4428],[-78.9374,34.4551],[-78.9074,34.4557],[-78.869,34.4848],[-78.8252,34.4618],[-78.6676,34.4696],[-78.6564,34.4603],[-78.6594,34.4537],[-78.6468,34.4607],[-78.594,34.4314],[-78.4453,34.3774],[-78.3351,34.3676],[-78.2561,34.3995],[-78.2345,34.3738],[-78.2292,34.379],[-78.2102,34.3684],[-78.2025,34.3533],[-78.1624,34.357],[-78.2546,34.2163],[-78.3743,34.2049],[-78.3668,34.1888],[-78.3916,34.1739],[-78.4227,34.1396],[-78.5029,34.1691],[-78.5452,34.1457],[-78.5388,34.1252],[-78.5551,34.1168],[-78.549,34.1115],[-78.554,34.1041],[-78.5441,34.0999],[-78.5602,34.0921],[-78.5571,34.0618],[-78.5796,34.0516],[-78.5793,34.0369],[-78.5908,34.0272],[-78.6003,34.03],[-78.6406,34.0103],[-78.6241,33.9733],[-78.6484,33.9655],[-78.6422,33.9581],[-78.6504,33.9443],[-79.0712,34.2993]]]}},{"type":"Feature","properties":{"county_fips":"45013","county_name":"Beaufort","state":"SC"},"geometry":{"type":"Polygon","coordinates":[[[-81.0161,32.2443],[-80.9917,32.2675],[-80.9942,32.2906],[-81.0064,32.3065],[-80.9349,32.3001],[-80.9245,32.3503],[-80.8921,32.3537],[-80.8776,32.3459],[-80.8685,32.3637],[-80.8737,32.3691],[-80.8415,32.3851],[-80.8298,32.4105],[-80.8502,32.4163],[-80.8339,32.4569],[-80.8177,32.4657],[-80.8202,32.4908],[-80.8477,32.5301],[-80.836,32.544],[-80.8315,32.5934],[-80.8697,32.6609],[-80.8302,32.7036],[-80.8079,32.6894],[-80.7875,32.6882],[-80.7873,32.6825],[-80.7783,32.6869],[-80.7727,32.6762],[-80.7686,32.6815],[-80.7656,32.6753],[-80.7449,32.6742],[-80.7392,32.6823],[-80.7285,32.6737],[-80.7216,32.6802],[-80.7033,32.6646],[-80.6711,32.6716],[-80.6689,32.6636],[-80.6843,32.659],[-80.6816,32.6471],[-80.664,32.6457],[-80.6581,32.6376],[-80.674,32.6329],[-80.6751,32.6252],[-80.6544,32.6269],[-80.6598,32.6127],[-80.6254,32.5823],[-80.6099,32.59],[-80.5998,32.581],[-80.5798,32.5843],[-80.5762,32.5778],[-80.5842,32.5677],[-80.5652,32.5655],[-80.566,32.5509],[-80.5515,32.5658],[-80.5365,32.5292],[-80.5178,32.5191],[-80.5029,32.4957],[-80.477,32.4854],[-80.4769,32.4679],[-80.4846,32.461],[-80.4615,32.4129],[-80.4356,32.4125],[-80.4292,32.4055],[-80.4442,32.3549],[-80.454,32.3393],[-80.4636,32.3401],[-80.4533,32.3219],[-80.5762,32.2753],[-80.5885,32.2827],[-80.6237,32.2581],[-80.6454,32.2609],[-80.6448,32.2915],[-80.6885,32.3028],[-80.7081,32.3237],[-80.7336,32.3195],[-80.741,32.3038],[-80.7535,32.3068],[-80.766,32.2926],[-80.7613,32.28],[-80.7424,32.2638],[-80.7301,32.2705],[-80.7178,32.267],[-80.6778,32.2364],[-80.6692,32.2168],[-80.7399,32.1461],[-80.8125,32.1097],[-80.8424,32.1178],[-80.8738,32.0823],[-80.9105,32.0799],[-80.8957,32.1077],[-80.9283,32.1214],[-80.9095,32.1347],[-80.9212,32.1301],[-80.9285,32.1386],[-80.9413,32.1373],[-80.9615,32.1262],[-80.958,32.1377],[-80.969,32.1477],[-80.961,32.1519],[-80.953,32.1416],[-80.9505,32.1613],[-80.9576,32.165],[-80.9486,32.1691],[-80.9618,32.1795],[-80.9693,32.1762],[-80.9624,32.185],[-80.9869,32.1934],[-80.9885,32.1897],[-80.9938,32.188],[-81.0124,32.2182],[-81.0161,32.2443]]]}},{"type":"Feature","properties":{"county_fips":"45051","county_name":"Horry","state":"SC"},"geometry":{"type":"Polygon","coordinates":[[[-79.3388,33.9705],[-79.3285,34.0002],[-79.3151,33.9965],[-79.3072,34.0059],[-79.3076,34.0277],[-79.2478,34.0571],[-79.2396,34.0768],[-79.2481,34.0795],[-79.2501,34.0904],[-79.2301,34.1088],[-79.2209,34.1077],[-79.2189,34.1268],[-79.2058,34.133],[-79.2075,34.1548],[-79.1973,34.1587],[-79.1927,34.1754],[-79.1769,34.1848],[-79.1736,34.1795],[-79.1539,34.2072],[-79.1337,34.2157],[-79.1357,34.2291],[-79.1267,34.2361],[-79.1348,34.241],[-79.1264,34.2573],[-79.0937,34.278],[-79.0861,34.295],[-79.0713,34.2993],[-78.5473,33.8565],[-78.6977,33.808],[-78.7958,33.7551],[-78.9141,33.6616],[-79.0018,33.5727],[-79.1011,33.573],[-79.0998,33.609],[-79.1091,33.6003],[-79.1213,33.6048],[-79.1233,33.6232],[-79.1337,33.6357],[-79.1349,33.6485],[-79.1273,33.6436],[-79.1239,33.6522],[-79.1295,33.6501],[-79.1364,33.6638],[-79.1533,33.6594],[-79.1573,33.6848],[-79.1914,33.7065],[-79.1959,33.7279],[-79.2481,33.7844],[-79.2609,33.8189],[-79.2488,33.8312],[-79.2641,33.8425],[-79.256,33.8654],[-79.2636,33.8925],[-79.2999,33.9038],[-79.3123,33.9182],[-79.3067,33.9239],[-79.3069,33.9348],[-79.317,33.9341],[-79.3116,33.9442],[-79.3334,33.9527],[-79.3301,33.9616],[-79.3388,33.9705]]]}},{"type":"Feature","properties":{"county_fips":"45091","county_name":"York","state":"SC"},"geometry":{"type":"Polygon","coordinates":[[[-81.4923,34.9472],[-81.4758,34.983],[-81.4847,34.9974],[-81.4873,35.0347],[-81.4714,35.0481],[-81.4088,35.0471],[-81.4025,35.1369],[-81.3666,35.1649],[-81.0436,35.1499],[-81.051,35.1317],[-81.039,35.1263],[-81.0328,35.108],[-81.0521,35.0963],[-81.058,35.0732],[-81.0576,35.0624],[-81.0415,35.0447],[-80.935,35.1074],[-80.9062,35.0764],[-80.8996,35.0599],[-80.9059,35.0468],[-80.8973,35.0353],[-80.9095,35.0165],[-80.8857,34.9915],[-80.8847,34.9662],[-80.874,34.9654],[-80.8686,34.9507],[-80.8651,34.9239],[-80.8789,34.901],[-80.8801,34.8715],[-80.8666,34.8485],[-80.8982,34.8208],[-81.4766,34.8226],[-81.4533,34.8463],[-81.4684,34.8652],[-81.4787,34.898],[-81.4701,34.9136],[-81.4773,34.9261],[-81.4735,34.9355],[-81.4923,34.9472]]]}},{"type":"Feature","properties":{"county_fips":"51073","county_name":"Gloucester","state":"VA"},"geometry":{"type":"Polygon","coordinates":[[[-76.7123,37.4313],[-76.7021,37.4505],[-76.687,37.4479],[-76.674,37.4613],[-76.6622,37.4578],[-76.6468,37.4812],[-76.648,37.4959],[-76.6693,37.5285],[-76.6541,37.6032],[-76.6235,37.5861],[-76.6117,37.5903],[-76.6125,37.5819],[-76.5958,37.5881],[-76.5749,37.5738],[-76.5735,37.5629],[-76.5559,37.5551],[-76.5479,37.5679],[-76.5237,37.5486],[-76.5073,37.5475],[-76.4992,37.5369],[-76.4812,37.5362],[-76.4376,37.5144],[-76.4518,37.4846],[-76.4421,37.4528],[-76.4484,37.4498],[-76.4499,37.428],[-76.4447,37.4185],[-76.4145,37.4136],[-76.4173,37.3795],[-76.4093,37.3701],[-76.4287,37.3815],[-76.451,37.3813],[-76.4548,37.3882],[-76.4696,37.3706],[-76.4565,37.3593],[-76.4441,37.3665],[-76.4209,37.3434],[-76.4037,37.3387],[-76.4059,37.3299],[-76.4153,37.3317],[-76.4129,37.3226],[-76.4371,37.3241],[-76.4386,37.3138],[-76.4192,37.3077],[-76.3947,37.3129],[-76.3886,37.3085],[-76.3969,37.303],[-76.3863,37.2983],[-76.3829,37.2863],[-76.3526,37.2783],[-76.3546,37.2723],[-76.4172,37.2651],[-76.4291,37.2533],[-76.4828,37.2548],[-76.5063,37.2434],[-76.6007,37.314],[-76.6495,37.3743],[-76.7123,37.4313]]]}},{"type":"Feature","properties":{"county_fips":"51143","county_name":"Pittsylvania","state":"VA"},"geometry":{"type":"Polygon","coordinates":[[[-79.7148,36.542],[-79.5941,37.0422],[-79.5643,37.0347],[-79.5595,37.0439],[-79.5426,37.045],[-79.55,37.0531],[-79.5426,37.0516],[-79.4791,37.0064],[-79.4587,37.018],[-79.4833,37.0353],[-79.4895,37.0625],[-79.4447,37.0556],[-79.4052,37.0632],[-79.4047,37.0918],[-79.3875,37.0929],[-79.3711,37.1059],[-79.3827,37.119],[-79.3519,37.1226],[-79.3395,37.1375],[-79.3322,37.1256],[-79.295,37.1048],[-79.2721,37.1116],[-79.2533,37.1329],[-79.2318,37.0989],[-79.2221,37.1014],[-79.2216,37.1162],[-79.213,37.1179],[-79.203,37.1067],[-79.2059,37.0748],[-79.1931,37.0546],[-79.1809,37.0707],[-79.1693,37.067],[-79.1435,37.0759],[-79.1271,37.0899],[-79.1173,37.0863],[-79.1104,37.0679],[-79.0923,37.0615],[-79.2185,36.5415],[-79.3431,36.5412],[-79.3515,36.5512],[-79.3442,36.5637],[-79.3311,36.5685],[-79.3339,36.5733],[-79.3056,36.5696],[-79.3046,36.5823],[-79.3285,36.5826],[-79.331,36.6017],[-79.3512,36.5999],[-79.3547,36.6093],[-79.3649,36.6077],[-79.3694,36.6351],[-79.3981,36.644],[-79.4222,36.6005],[-79.501,36.6181],[-79.5177,36.6061],[-79.4919,36.5809],[-79.4565,36.577],[-79.4623,36.5636],[-79.4721,36.5606],[-79.47,36.541],[-79.7148,36.542]]]}},{"type":"Feature","properties":{"county_fips":"51083","county_name":"Halifax","state":"VA"},"geometry":{"type":"Polygon","coordinates":[[[-79.2185,36.5424],[-79.0923,37.0615],[-79.0587,37.0461],[-79.0186,37.0404],[-79.0048,37.0299],[-78.9707,37.0495],[-78.9046,37.0223],[-78.8918,37.0027],[-78.902,36.9873],[-78.8971,36.9777],[-78.8719,36.9858],[-78.8188,36.9845],[-78.7883,36.9528],[-78.7738,36.9576],[-78.7717,36.985],[-78.7484,36.9871],[-78.7582,37.0058],[-78.7439,37.0054],[-78.7273,36.9384],[-78.7485,36.9293],[-78.75,36.9203],[-78.7234,36.9057],[-78.6871,36.8638],[-78.6722,36.859],[-78.6657,36.8431],[-78.6874,36.8277],[-78.667,36.8118],[-78.683,36.7924],[-78.6661,36.7644],[-78.6908,36.7383],[-78.6247,36.6733],[-78.5577,36.6404],[-78.5492,36.6266],[-78.5607,36.6394],[-78.5788,36.6385],[-78.6236,36.6666],[-78.6498,36.6903],[-78.6707,36.6895],[-78.7025,36.6764],[-78.6973,36.6689],[-78.712,36.6426],[-78.7127,36.5926],[-78.72,36.5889],[-78.7158,36.5801],[-78.7372,36.56],[-78.7341,36.5419],[-79.2185,36.5424]]]}},{"type":"Feature","properties":{"county_fips":"12117","county_name":"Seminole","state":"FL"},"geometry":{"type":"Polygon","coordinates":[[[-81.4597,28.6444],[-81.4595,28.7133],[-81.4414,28.7151],[-81.4165,28.7557],[-81.4168,28.8246],[-81.383,28.852],[-81.3669,28.8792],[-81.3607,28.8725],[-81.3647,28.8657],[-81.3521,28.8623],[-81.358,28.8478],[-81.3205,28.8345],[-81.2257,28.8325],[-81.2137,28.8042],[-81.1974,28.7919],[-81.1819,28.7972],[-81.1789,28.7819],[-81.1362,28.7922],[-81.1404,28.796],[-81.1293,28.7995],[-81.1205,28.8257],[-81.0761,28.8193],[-81.0531,28.7736],[-81.0611,28.75],[-81.0166,28.693],[-81.0213,28.6743],[-81.0072,28.6635],[-81.0012,28.6411],[-81.0071,28.6363],[-80.9942,28.6216],[-80.9891,28.6247],[-80.9873,28.613],[-81.3279,28.6105],[-81.3285,28.6396],[-81.4597,28.6444]]]}},{"type":"Feature","properties":{"county_fips":"12041","county_name":"Gilchrist","state":"FL"},"geometry":{"type":"Polygon","coordinates":[[[-82.9731,29.6243],[-82.956,29.6401],[-82.9518,29.6598],[-82.9591,29.67],[-82.9574,29.7005],[-82.9372,29.7027],[-82.9566,29.7187],[-82.9443,29.7152],[-82.9497,29.7263],[-82.9383,29.7465],[-82.9497,29.7544],[-82.9476,29.7661],[-82.9198,29.7957],[-82.9354,29.8095],[-82.9238,29.8234],[-82.8934,29.8268],[-82.8755,29.867],[-82.8798,29.8868],[-82.8633,29.911],[-82.8315,29.9128],[-82.8085,29.9331],[-82.7699,29.9278],[-82.7694,29.8982],[-82.7536,29.8935],[-82.7529,29.8802],[-82.7329,29.8565],[-82.6937,29.8342],[-82.6586,29.8301],[-82.6563,29.5648],[-82.7565,29.5625],[-82.7569,29.5777],[-82.773,29.5776],[-82.7729,29.5849],[-82.8565,29.5842],[-82.8566,29.5913],[-82.9418,29.5932],[-82.9522,29.5845],[-82.9722,29.609],[-82.9731,29.6243]]]}},{"type":"Feature","properties":{"county_fips":"37159","county_name":"Rowan","state":"NC"},"geometry":{"type":"Polygon","coordinates":[[[-80.7716,35.6722],[-80.7078,35.853],[-80.6934,35.8536],[-80.6918,35.8635],[-80.6688,35.8563],[-80.6713,35.8465],[-80.632,35.8457],[-80.6095,35.8231],[-80.5947,35.8274],[-80.5904,35.8171],[-80.5871,35.823],[-80.5743,35.818],[-80.5329,35.7852],[-80.5086,35.7746],[-80.4974,35.783],[-80.4869,35.7663],[-80.4848,35.7756],[-80.4783,35.7748],[-80.4534,35.7345],[-80.3728,35.7165],[-80.3338,35.72],[-80.3241,35.7058],[-80.3344,35.6921],[-80.3306,35.6788],[-80.3073,35.6657],[-80.2883,35.6353],[-80.265,35.6296],[-80.2089,35.5813],[-80.2098,35.5523],[-80.1992,35.5456],[-80.1829,35.5033],[-80.7372,35.5058],[-80.7398,35.5441],[-80.7716,35.6722]]]}},{"type":"Feature","properties":{"county_fips":"37089","county_name":"Henderson","state":"NC"},"geometry":{"type":"Polygon","coordinates":[[[-82.7429,35.4241],[-82.7142,35.4486],[-82.6732,35.4595],[-82.622,35.4357],[-82.6087,35.4433],[-82.5708,35.4311],[-82.5612,35.4432],[-82.5488,35.4443],[-82.5423,35.4313],[-82.5469,35.4252],[-82.5332,35.4164],[-82.5339,35.4444],[-82.4706,35.4452],[-82.4178,35.4744],[-82.3631,35.461],[-82.3693,35.4855],[-82.341,35.4889],[-82.3326,35.5002],[-82.2658,35.4678],[-82.2805,35.4434],[-82.2615,35.3884],[-82.3053,35.3326],[-82.3104,35.3147],[-82.3295,35.3076],[-82.3461,35.286],[-82.3497,35.2443],[-82.3592,35.2445],[-82.3593,35.2283],[-82.3509,35.2283],[-82.3537,35.1922],[-82.3732,35.1822],[-82.3822,35.1896],[-82.384,35.2105],[-82.3929,35.2154],[-82.4197,35.1986],[-82.4396,35.1659],[-82.4571,35.1639],[-82.4516,35.1727],[-82.4601,35.1781],[-82.53,35.1556],[-82.5533,35.1617],[-82.5533,35.1535],[-82.5742,35.1437],[-82.5907,35.162],[-82.6043,35.2589],[-82.6161,35.2601],[-82.6102,35.2882],[-82.624,35.2971],[-82.6192,35.3037],[-82.7429,35.4241]]]}},{"type":"Feature","properties":{"county_fips":"37163","county_name":"Sampson","state":"NC"},"geometry":{"type":"Polygon","coordinates":[[[-78.6718,35.087],[-78.6582,35.0945],[-78.6538,35.1114],[-78.639,35.117],[-78.6519,35.1218],[-78.6347,35.1394],[-78.6399,35.1549],[-78.6328,35.1642],[-78.6389,35.167],[-78.6299,35.1723],[-78.64,35.1859],[-78.6357,35.1917],[-78.6464,35.1986],[-78.6244,35.204],[-78.6332,35.2137],[-78.6195,35.2269],[-78.6171,35.2457],[-78.5846,35.2733],[-78.5835,35.2968],[-78.5383,35.3164],[-78.4919,35.2633],[-78.4118,35.2547],[-78.3066,35.2876],[-78.2462,35.226],[-78.1618,35.2043],[-78.1718,35.0935],[-78.1598,35.0798],[-78.1471,34.9025],[-78.1986,34.7416],[-78.1352,34.7102],[-78.114,34.7218],[-78.1135,34.7072],[-78.1565,34.6791],[-78.2544,34.5536],[-78.2601,34.5566],[-78.2517,34.562],[-78.2663,34.584],[-78.275,34.5814],[-78.2912,34.6005],[-78.3032,34.6005],[-78.3131,34.6259],[-78.3221,34.6285],[-78.3116,34.6416],[-78.3246,34.6497],[-78.325,34.6688],[-78.3469,34.6802],[-78.3493,34.6919],[-78.3734,34.6992],[-78.3686,34.7043],[-78.3823,34.7173],[-78.3794,34.7234],[-78.3919,34.7296],[-78.3907,34.7495],[-78.4245,34.7699],[-78.4498,34.8135],[-78.4592,34.8127],[-78.4658,34.8276],[-78.4877,34.8363],[-78.4952,34.8591],[-78.5131,34.8691],[-78.5127,34.8806],[-78.5469,34.9006],[-78.5435,34.9138],[-78.5623,34.918],[-78.5727,34.9374],[-78.6075,34.9536],[-78.647,34.9923],[-78.645,35.0101],[-78.6593,35.0428],[-78.6545,35.0508],[-78.6718,35.087]]]}},{"type":"Feature","properties":{"county_fips":"45055","county_name":"Kershaw","state":"SC"},"geometry":{"type":"Polygon","coordinates":[[[-80.8792,34.4578],[-80.7433,34.5399],[-80.7377,34.5395],[-80.7456,34.5126],[-80.74,34.48],[-80.7136,34.4873],[-80.6982,34.516],[-80.6891,34.5153],[-80.6584,34.4786],[-80.6452,34.4837],[-80.6456,34.4915],[-80.6322,34.4914],[-80.6281,34.4824],[-80.6227,34.4915],[-80.6296,34.4912],[-80.6296,34.4987],[-80.6136,34.4999],[-80.6104,34.4888],[-80.5958,34.5021],[-80.5794,34.4846],[-80.5489,34.4933],[-80.544,34.5075],[-80.5303,34.5037],[-80.5239,34.5098],[-80.5507,34.56],[-80.4084,34.6148],[-80.3834,34.5922],[-80.3723,34.5468],[-80.3548,34.5311],[-80.3536,34.5209],[-80.3303,34.5095],[-80.3263,34.4374],[-80.3114,34.4243],[-80.3022,34.3998],[-80.2859,34.3941],[-80.284,34.3777],[-80.2869,34.3646],[-80.3251,34.3393],[-80.3638,34.3395],[-80.3658,34.3282],[-80.353,34.3033],[-80.382,34.3052],[-80.4374,34.2845],[-80.4241,34.2507],[-80.433,34.2489],[-80.4308,34.227],[-80.4452,34.206],[-80.4545,34.208],[-80.4646,34.1786],[-80.5801,34.0999],[-80.6185,34.1092],[-80.6162,34.0996],[-80.7036,34.081],[-80.7193,34.069],[-80.8691,34.1829],[-80.7699,34.3771],[-80.7836,34.3888],[-80.7832,34.4065],[-80.7935,34.4133],[-80.8332,34.4148],[-80.8792,34.4578]]]}},{"type":"Feature","properties":{"county_fips":"45027","county_name":"Clarendon","state":"SC"},"geometry":{"type":"Polygon","coordinates":[[[-80.5405,33.629],[-80.5283,33.6367],[-80.5341,33.6439],[-80.4976,33.6743],[-80.4787,33.7143],[-80.4544,33.7135],[-80.4493,33.7375],[-80.4309,33.7383],[-80.4259,33.7241],[-80.4344,33.7119],[-80.392,33.7156],[-80.3971,33.7678],[-80.2712,33.7863],[-80.2554,33.8041],[-80.1954,33.839],[-79.9746,33.9465],[-79.9459,33.886],[-79.8756,33.8852],[-79.9153,33.8186],[-79.9445,33.8102],[-79.9956,33.7679],[-79.9744,33.7216],[-79.9932,33.7045],[-80.1017,33.4969],[-80.1255,33.5024],[-80.1273,33.4933],[-80.1521,33.4854],[-80.1318,33.4634],[-80.1442,33.4641],[-80.1392,33.454],[-80.1522,33.4594],[-80.1507,33.4482],[-80.1615,33.4489],[-80.1627,33.4607],[-80.1734,33.4487],[-80.181,33.4546],[-80.1975,33.4436],[-80.1981,33.4516],[-80.2074,33.4526],[-80.204,33.4419],[-80.2224,33.4478],[-80.2359,33.4396],[-80.2399,33.4547],[-80.2679,33.4379],[-80.282,33.4484],[-80.3236,33.4312],[-80.3489,33.4302],[-80.3902,33.444],[-80.437,33.478],[-80.4391,33.502],[-80.46,33.5029],[-80.4564,33.5122],[-80.4677,33.5162],[-80.468,33.525],[-80.4473,33.5245],[-80.4475,33.5405],[-80.4554,33.5471],[-80.4684,33.5411],[-80.485,33.56],[-80.5045,33.5627],[-80.5161,33.5791],[-80.5022,33.5904],[-80.5198,33.5974],[-80.52,33.6142],[-80.5405,33.629]]]}},{"type":"Feature","properties":{"county_fips":"51109","county_name":"Louisa","state":"VA"},"geometry":{"type":"Polygon","coordinates":[[[-78.3068,38.0065],[-78.254,38.0628],[-78.2094,38.1311],[-78.1714,38.1297],[-78.1443,38.143],[-78.1166,38.14],[-78.1017,38.1526],[-78.0479,38.1359],[-78.0022,38.1386],[-77.9803,38.1195],[-77.9167,38.1183],[-77.9018,38.1081],[-77.8884,38.1131],[-77.847,38.0984],[-77.8382,38.1062],[-77.8111,38.0797],[-77.7866,38.076],[-77.7842,38.0631],[-77.7685,38.0517],[-77.7452,38.0508],[-77.7482,38.0421],[-77.7409,38.0377],[-77.7479,38.0376],[-77.7469,38.0236],[-77.7323,38.0316],[-77.7313,38.0212],[-77.6875,38.0078],[-77.7968,37.7306],[-77.8183,37.7462],[-77.8592,37.7541],[-77.858,37.7595],[-77.8818,37.7572],[-77.9091,37.7763],[-77.8974,37.8046],[-77.9057,37.8087],[-77.9072,37.8219],[-77.9462,37.8432],[-77.9469,37.8526],[-77.9908,37.8575],[-77.9876,37.8646],[-77.9991,37.8739],[-78.0556,37.9048],[-78.193,37.9524],[-78.2302,37.9785],[-78.3068,38.0065]]]}},{"type":"Feature","properties":{"county_fips":"51061","county_name":"Fauquier","state":"VA"},"geometry":{"type":"Polygon","coordinates":[[[-78.1313,38.8675],[-78.1122,38.8803],[-78.0618,38.8919],[-78.0618,38.9002],[-78.0757,38.9094],[-78.064,38.9284],[-78.0416,38.9381],[-78.017,38.9712],[-77.9622,39.0137],[-77.6552,38.9427],[-77.6804,38.8932],[-77.6926,38.887],[-77.7027,38.8478],[-77.7157,38.8432],[-77.7157,38.8321],[-77.5313,38.5566],[-77.6328,38.4688],[-77.6282,38.4335],[-77.6349,38.4102],[-77.6904,38.427],[-77.7355,38.4131],[-77.7397,38.4247],[-77.76,38.4358],[-77.7613,38.4584],[-77.7767,38.4656],[-77.7819,38.4888],[-77.8011,38.5031],[-77.8137,38.5303],[-77.8389,38.5399],[-77.8772,38.5849],[-77.8624,38.5985],[-77.873,38.611],[-77.8599,38.6208],[-77.8805,38.6365],[-77.8717,38.6485],[-77.8841,38.6666],[-77.9013,38.6655],[-77.9026,38.6747],[-77.8919,38.6811],[-77.9029,38.6842],[-77.9095,38.6973],[-77.9543,38.6948],[-78.0151,38.7251],[-78.0062,38.7322],[-78.0191,38.7402],[-78.0164,38.754],[-78.0281,38.7575],[-78.0261,38.7766],[-78.0199,38.7783],[-78.0296,38.7867],[-78.0258,38.7958],[-78.0514,38.7992],[-78.055,38.8085],[-78.0997,38.8304],[-78.1313,38.8675]]]}},{"type":"Feature","properties":{"county_fips":"51009","county_name":"Amherst","state":"VA"},"geometry":{"type":"Polygon","coordinates":[[[-79.4369,37.6171],[-79.4018,37.626],[-79.3452,37.6606],[-79.3406,37.6786],[-79.3167,37.7034],[-79.3083,37.7341],[-79.2647,37.7947],[-79.2558,37.7934],[-79.2316,37.8132],[-79.2094,37.7892],[-79.1988,37.788],[-79.138,37.8141],[-79.1201,37.8014],[-79.1143,37.7864],[-79.0864,37.7873],[-79.0698,37.7768],[-79.0669,37.7191],[-79.0309,37.7026],[-78.9864,37.6977],[-78.9833,37.6826],[-78.9672,37.6773],[-78.9717,37.6705],[-78.8979,37.5439],[-78.8834,37.5506],[-78.8676,37.5447],[-78.8815,37.532],[-78.8984,37.5314],[-78.8929,37.5161],[-78.9199,37.499],[-78.9499,37.5031],[-78.9403,37.4843],[-79.0098,37.4459],[-79.017,37.4306],[-79.0431,37.4332],[-79.0464,37.4159],[-79.0709,37.4213],[-79.0607,37.3908],[-79.0679,37.3858],[-79.1062,37.4065],[-79.1143,37.3976],[-79.1268,37.4026],[-79.1436,37.4329],[-79.1466,37.4287],[-79.1751,37.4487],[-79.1895,37.4753],[-79.2095,37.4775],[-79.2236,37.4927],[-79.2195,37.505],[-79.2404,37.5062],[-79.2581,37.4942],[-79.2634,37.5091],[-79.2931,37.4994],[-79.3393,37.5166],[-79.365,37.5462],[-79.3803,37.5906],[-79.4045,37.6075],[-79.4311,37.6018],[-79.4369,37.6171]]]}},{"type":"Feature","properties":{"county_fips":"12103","county_name":"Pinellas","state":"FL"},"geometry":{"type":"MultiPolygon","coordinates":[[[[-82.6951,27.6616],[-82.6939,27.6687],[-82.6856,27.6647],[-82.6951,27.6616]]],[[[-82.8434,28.1195],[-82.8322,28.1291],[-82.8398,28.1193],[-82.8324,28.1067],[-82.8434,28.1195]]],[[[-82.8466,28.1653],[-82.843,28.1717],[-82.8427,28.1638],[-82.8466,28.1653]]],[[[-82.8522,27.886],[-82.8185,28.0487],[-82.8163,28.0119],[-82.8091,28.0065],[-82.8177,27.9966],[-82.8049,27.966],[-82.7861,28.0479],[-82.8223,28.0541],[-82.8341,28.0638],[-82.8362,28.0919],[-82.8253,28.0787],[-82.8256,28.0637],[-82.8004,28.0526],[-82.7835,28.0526],[-82.7866,28.0652],[-82.7792,28.0728],[-82.7836,28.11],[-82.7783,28.1216],[-82.8009,28.1709],[-82.6512,28.1733],[-82.6485,28.0181],[-82.6636,27.9999],[-82.6654,28.0281],[-82.677,28.0329],[-82.6901,28.0275],[-82.6756,28.0054],[-82.6927,27.9838],[-82.6887,27.973],[-82.7001,27.9603],[-82.7218,27.9546],[-82.7259,27.9362],[-82.6889,27.9244],[-82.6843,27.9158],[-82.6297,27.907],[-82.6383,27.8929],[-82.5964,27.8641],[-82.5887,27.8304],[-82.5944,27.8252],[-82.5876,27.819],[-82.6058,27.8031],[-82.6071,27.7929],[-82.6224,27.7892],[-82.6305,27.7539],[-82.6232,27.7446],[-82.6257,27.727],[-82.6398,27.7039],[-82.6773,27.7062],[-82.6798,27.6949],[-82.6803,27.7058],[-82.6891,27.6995],[-82.6986,27.7081],[-82.7134,27.7037],[-82.7237,27.6624],[-82.708,27.6301],[-82.6982,27.6378],[-82.705,27.6253],[-82.737,27.6126],[-82.7453,27.6538],[-82.7403,27.7182],[-82.7905,27.791],[-82.8286,27.8223],[-82.8465,27.8543],[-82.8522,27.886]]]]}},{"type":"Feature","properties":{"county_fips":"12057","county_name":"Hillsborough","state":"FL"},"geometry":{"type":"MultiPolygon","coordinates":[[[[-82.4199,27.8436],[-82.406,27.85],[-82.4052,27.849],[-82.4199,27.8436]]],[[[-82.4375,27.867],[-82.4354,27.8842],[-82.4246,27.8842],[-82.4243,27.8682],[-82.4375,27.867]]],[[[-82.441,27.836],[-82.4312,27.8386],[-82.4322,27.8223],[-82.4417,27.8235],[-82.441,27.836]]],[[[-82.5767,27.6351],[-82.5727,27.6369],[-82.5726,27.6369],[-82.5767,27.6351]]],[[[-82.6512,28.1733],[-82.0563,28.1716],[-82.0543,27.6464],[-82.5541,27.6458],[-82.5143,27.7056],[-82.4767,27.7237],[-82.4814,27.7434],[-82.4426,27.7575],[-82.4287,27.7731],[-82.4358,27.7754],[-82.4118,27.794],[-82.4105,27.8107],[-82.3859,27.8197],[-82.3947,27.833],[-82.3924,27.8461],[-82.4044,27.8578],[-82.4026,27.8826],[-82.4153,27.9004],[-82.4329,27.8988],[-82.4424,27.9153],[-82.449,27.9071],[-82.4605,27.9084],[-82.4619,27.9386],[-82.4917,27.9147],[-82.4807,27.8893],[-82.4885,27.8632],[-82.4688,27.8433],[-82.4724,27.8226],[-82.5339,27.8329],[-82.5478,27.8515],[-82.5546,27.848],[-82.5529,27.8627],[-82.5386,27.8649],[-82.5299,27.8775],[-82.5309,27.8862],[-82.5415,27.8844],[-82.5424,27.8905],[-82.5321,27.896],[-82.5316,27.9364],[-82.5439,27.9406],[-82.5405,27.947],[-82.5539,27.967],[-82.5734,27.963],[-82.5686,27.9755],[-82.6024,27.9823],[-82.6485,28.0181],[-82.6512,28.1733]]],[[[-82.7633,27.5821],[-82.7615,27.6031],[-82.7561,27.5761],[-82.7633,27.5821]]]]}},{"type":"Feature","properties":{"county_fips":"12075","county_name":"Levy","state":"FL"},"geometry":{"type":"MultiPolygon","coordinates":[[[[-83.0345,29.1218],[-83.0278,29.127],[-83.024,29.1193],[-83.0345,29.1218]]],[[[-83.034,29.0955],[-83.0307,29.099],[-83.0259,29.0963],[-83.034,29.0955]]],[[[-83.076,29.1016],[-83.0618,29.1025],[-83.0599,29.0997],[-83.0654,29.0956],[-83.076,29.1016]]],[[[-83.0934,29.1318],[-83.0826,29.1289],[-83.0857,29.1202],[-83.0903,29.1187],[-83.0934,29.1318]]],[[[-83.1648,29.2892],[-83.142,29.3226],[-83.1129,29.3181],[-83.0988,29.3369],[-83.0904,29.3328],[-83.0617,29.3484],[-83.0721,29.3539],[-83.0622,29.3642],[-83.0647,29.374],[-83.0233,29.3986],[-83.0269,29.4189],[-83.0161,29.4227],[-83.0212,29.4312],[-82.9998,29.4633],[-82.9849,29.4691],[-82.9829,29.5154],[-82.9694,29.5223],[-82.9773,29.5399],[-82.9479,29.5575],[-82.9373,29.5912],[-82.7729,29.5849],[-82.773,29.5776],[-82.7569,29.5777],[-82.7565,29.5625],[-82.6563,29.5648],[-82.6563,29.5356],[-82.5571,29.5375],[-82.5568,29.4801],[-82.4066,29.485],[-82.4032,29.2156],[-82.5349,29.2147],[-82.5356,29.0449],[-82.577,29.0281],[-82.5966,29.0292],[-82.6075,29.0104],[-82.7028,29.0328],[-82.7606,28.9931],[-82.7535,29.0265],[-82.7616,29.0516],[-82.8049,29.0543],[-82.7835,29.0693],[-82.8169,29.0762],[-82.8146,29.0871],[-82.8237,29.0989],[-82.8018,29.1166],[-82.8139,29.1625],[-82.8342,29.1549],[-82.9948,29.1752],[-83.0032,29.1573],[-83.0166,29.1505],[-83.0164,29.1386],[-83.0414,29.1376],[-83.0532,29.1267],[-83.0569,29.1463],[-83.0647,29.1424],[-83.0682,29.1531],[-83.0677,29.1789],[-83.0878,29.2164],[-83.0773,29.2553],[-83.0972,29.2723],[-83.1515,29.292],[-83.1648,29.2892]]]]}},{"type":"Feature","properties":{"county_fips":"12086","county_name":"Miami-Dade","state":"FL"},"geometry":{"type":"MultiPolygon","coordinates":[[[[-80.1771,25.5217],[-80.174,25.5254],[-80.1727,25.5221],[-80.1771,25.5217]]],[[[-80.2586,25.3596],[-80.2554,25.3807],[-80.2366,25.3893],[-80.2495,25.395],[-80.2348,25.394],[-80.2353,25.4013],[-80.2092,25.4144],[-80.212,25.4281],[-80.1814,25.4906],[-80.1897,25.5041],[-80.1757,25.5177],[-80.1767,25.4859],[-80.2038,25.4145],[-80.2314,25.3874],[-80.2393,25.3506],[-80.2503,25.3448],[-80.2586,25.3596]]],[[[-80.3035,25.3801],[-80.2982,25.3822],[-80.2937,25.3855],[-80.295,25.3767],[-80.3035,25.3801]]],[[[-80.302,25.403],[-80.3002,25.4067],[-80.2997,25.4054],[-80.302,25.403]]],[[[-80.6144,25.1758],[-80.6215,25.1837],[-80.6098,25.1824],[-80.6144,25.1758]]],[[[-80.8732,25.364],[-80.8729,25.9794],[-80.68,25.9787],[-80.68,25.9569],[-80.295,25.9568],[-80.2951,25.9706],[-80.1179,25.9752],[-80.121,25.8132],[-80.1308,25.7644],[-80.1594,25.733],[-80.1476,25.7235],[-80.1559,25.6985],[-80.1529,25.6716],[-80.1594,25.6662],[-80.1773,25.6866],[-80.1669,25.7011],[-80.1724,25.7096],[-80.1543,25.7232],[-80.1751,25.7445],[-80.2026,25.7482],[-80.2331,25.7317],[-80.2491,25.7134],[-80.2451,25.6984],[-80.272,25.6392],[-80.2863,25.6201],[-80.3054,25.6159],[-80.3027,25.5695],[-80.3134,25.5374],[-80.3304,25.5307],[-80.3405,25.4922],[-80.3369,25.4562],[-80.3204,25.4372],[-80.3279,25.3968],[-80.3054,25.3877],[-80.3423,25.3233],[-80.3706,25.3232],[-80.3791,25.2883],[-80.3859,25.2911],[-80.3981,25.2768],[-80.3979,25.2535],[-80.411,25.2535],[-80.4189,25.2363],[-80.436,25.2358],[-80.4431,25.2443],[-80.4828,25.2248],[-80.4936,25.2273],[-80.4949,25.216],[-80.487,25.2123],[-80.5008,25.2116],[-80.498,25.1999],[-80.5193,25.2226],[-80.5392,25.2149],[-80.5391,25.2044],[-80.5489,25.2144],[-80.5628,25.2123],[-80.559,25.1996],[-80.5655,25.1929],[-80.5776,25.2012],[-80.5703,25.1987],[-80.5633,25.2074],[-80.5796,25.2121],[-80.5834,25.2011],[-80.6092,25.1837],[-80.605,25.2035],[-80.6389,25.1907],[-80.6522,25.1928],[-80.664,25.1767],[-80.6373,25.1783],[-80.6341,25.1765],[-80.6469,25.1728],[-80.6526,25.1459],[-80.6737,25.1383],[-80.6533,25.1645],[-80.6698,25.1672],[-80.671,25.1745],[-80.6778,25.1643],[-80.6783,25.1747],[-80.6981,25.1634],[-80.7042,25.1408],[-80.7179,25.156],[-80.7267,25.1529],[-80.7231,25.1625],[-80.7323,25.1676],[-80.7303,25.1598],[-80.7459,25.1657],[-80.7474,25.158],[-80.7227,25.1454],[-80.7423,25.1425],[-80.7574,25.161],[-80.7689,25.1623],[-80.7695,25.145],[-80.7768,25.1381],[-80.772,25.1486],[-80.7832,25.1659],[-80.7972,25.1594],[-80.8005,25.143],[-80.798,25.1818],[-80.8146,25.1827],[-80.8099,25.1689],[-80.8264,25.1606],[-80.8389,25.1759],[-80.8579,25.1766],[-80.8622,25.3642],[-80.8732,25.364]]]]}},{"type":"Feature","properties":{"county_fips":"12071","county_name":"Lee","state":"FL"},"geometry":{"type":"MultiPolygon","coordinates":[[[[-82.1836,26.695],[-82.1738,26.7056],[-82.1581,26.7073],[-82.1258,26.6995],[-82.099,26.646],[-82.0878,26.6472],[-82.0821,26.6536],[-82.0914,26.6668],[-82.085,26.7024],[-82.0599,26.7704],[-81.5657,26.7696],[-81.5622,26.4232],[-81.6595,26.4211],[-81.6579,26.3176],[-81.819,26.3162],[-81.8191,26.3304],[-81.8458,26.3304],[-81.869,26.3786],[-81.8843,26.394],[-81.8825,26.4027],[-81.8939,26.4036],[-81.9128,26.4294],[-81.9639,26.4572],[-81.9689,26.4648],[-81.9559,26.4575],[-81.9566,26.467],[-81.9695,26.4765],[-82.0127,26.4869],[-82.0091,26.5201],[-81.9981,26.5327],[-82.0387,26.5256],[-82.0581,26.5484],[-82.0716,26.5257],[-82.0569,26.4937],[-82.1057,26.4839],[-82.1006,26.5108],[-82.1091,26.5152],[-82.1021,26.5195],[-82.1225,26.555],[-82.1216,26.5853],[-82.1446,26.6228],[-82.1426,26.6439],[-82.1816,26.6817],[-82.1836,26.695]]],[[[-82.2241,26.6029],[-82.2143,26.6029],[-82.1778,26.4922],[-82.1494,26.4776],[-82.1284,26.4776],[-82.0884,26.4552],[-82.0626,26.4701],[-82.0322,26.4527],[-82.0139,26.4521],[-82.0829,26.4221],[-82.1267,26.4363],[-82.1729,26.4677],[-82.1864,26.4892],[-82.2053,26.5679],[-82.2209,26.5839],[-82.2241,26.6029]]],[[[-82.2625,26.684],[-82.2558,26.7039],[-82.2461,26.7061],[-82.2454,26.6863],[-82.2342,26.6768],[-82.2385,26.6625],[-82.2188,26.6251],[-82.2211,26.6134],[-82.2625,26.684]]],[[[-82.2721,26.7895],[-82.2215,26.7818],[-82.201,26.7708],[-82.2054,26.7644],[-82.2306,26.771],[-82.2499,26.7629],[-82.2619,26.7171],[-82.2721,26.7895]]]]}},{"type":"Feature","properties":{"county_fips":"13051","county_name":"Chatham","state":"GA"},"geometry":{"type":"Polygon","coordinates":[[[-81.3917,32.0959],[-81.1957,32.2375],[-81.1452,32.2266],[-81.1522,32.2223],[-81.1384,32.2193],[-81.1221,32.1955],[-81.114,32.1954],[-81.1216,32.1922],[-81.1205,32.1783],[-81.1111,32.1727],[-81.1212,32.1749],[-81.1297,32.1659],[-81.1122,32.1508],[-81.1199,32.134],[-81.1154,32.1147],[-81.0912,32.1109],[-81.0883,32.0999],[-81.0381,32.0837],[-81.0043,32.1024],[-80.9835,32.0795],[-80.9539,32.0701],[-80.9251,32.0419],[-80.8907,32.0307],[-80.876,32.0168],[-80.8527,32.0288],[-80.8435,32.0236],[-80.8404,32.003],[-80.8628,31.9693],[-80.8977,31.9491],[-80.928,31.9385],[-80.9325,31.9619],[-80.9427,31.9637],[-80.9843,31.9401],[-80.9685,31.9158],[-80.9301,31.9081],[-80.9927,31.8576],[-81.0415,31.8762],[-81.0653,31.8771],[-81.0591,31.8501],[-81.0758,31.829],[-81.0523,31.819],[-81.0398,31.823],[-81.0359,31.8104],[-81.0792,31.7627],[-81.1384,31.7209],[-81.1547,31.7262],[-81.1564,31.7423],[-81.1733,31.7572],[-81.161,31.7855],[-81.1812,31.7956],[-81.177,31.8161],[-81.1616,31.8211],[-81.1383,31.8552],[-81.1551,31.8643],[-81.1612,31.8876],[-81.1734,31.8998],[-81.2223,31.8904],[-81.1937,31.9089],[-81.1938,31.9214],[-81.2111,31.9193],[-81.2356,31.8877],[-81.2431,31.8923],[-81.2353,31.9101],[-81.2635,31.9081],[-81.258,31.9267],[-81.273,31.925],[-81.2731,31.9413],[-81.288,31.9441],[-81.2886,31.9772],[-81.3089,31.9823],[-81.3044,32.0007],[-81.3149,32.0114],[-81.3219,32.0074],[-81.3183,32.0155],[-81.3357,32.022],[-81.3383,32.0329],[-81.368,32.0485],[-81.3752,32.0667],[-81.3689,32.069],[-81.3847,32.0795],[-81.3917,32.0959]]]}},{"type":"Feature","properties":{"county_fips":"37167","county_name":"Stanly","state":"NC"},"geometry":{"type":"Polygon","coordinates":[[[-80.5059,35.1933],[-80.4829,35.2133],[-80.2954,35.5029],[-80.1826,35.5042],[-80.177,35.4868],[-80.1617,35.4752],[-80.1399,35.4751],[-80.1099,35.461],[-80.1087,35.4451],[-80.0975,35.4381],[-80.1005,35.4299],[-80.0901,35.4156],[-80.0937,35.402],[-80.0661,35.3895],[-80.0512,35.3715],[-80.0654,35.3605],[-80.0663,35.3406],[-80.0819,35.3215],[-80.0984,35.2581],[-80.0908,35.236],[-80.0698,35.2183],[-80.0533,35.1786],[-80.0754,35.1431],[-80.1073,35.1733],[-80.1148,35.1943],[-80.1291,35.1876],[-80.1242,35.1753],[-80.1362,35.1675],[-80.1578,35.1728],[-80.1676,35.1622],[-80.1609,35.1487],[-80.1906,35.1555],[-80.197,35.1665],[-80.2085,35.1558],[-80.225,35.1562],[-80.2531,35.2109],[-80.284,35.1924],[-80.2967,35.1934],[-80.3217,35.1731],[-80.3404,35.1741],[-80.3576,35.1649],[-80.371,35.1797],[-80.3883,35.1659],[-80.4115,35.1633],[-80.4193,35.1729],[-80.4399,35.161],[-80.4704,35.1673],[-80.4811,35.1801],[-80.4884,35.1755],[-80.5036,35.1817],[-80.5059,35.1933]]]}},{"type":"Feature","properties":{"county_fips":"37155","county_name":"Robeson","state":"NC"},"geometry":{"type":"Polygon","coordinates":[[[-79.4615,34.6304],[-79.3317,34.773],[-79.3576,34.8203],[-79.3488,34.8389],[-79.1914,34.8337],[-79.0387,34.9527],[-78.9408,34.9034],[-78.9223,34.8755],[-78.927,34.864],[-78.8924,34.8138],[-78.8836,34.8124],[-78.8544,34.7357],[-78.8054,34.6866],[-78.8094,34.6683],[-78.8192,34.6626],[-78.8136,34.6519],[-78.8344,34.6216],[-78.8315,34.6088],[-78.8412,34.5974],[-78.8361,34.5935],[-78.8627,34.562],[-78.853,34.5278],[-78.857,34.5151],[-78.8444,34.5081],[-78.8464,34.5002],[-78.8634,34.498],[-78.8697,34.4824],[-78.9074,34.4557],[-78.9374,34.4551],[-78.9599,34.4428],[-78.9711,34.4277],[-78.9682,34.3973],[-78.9776,34.3903],[-78.995,34.3926],[-79.0116,34.3803],[-79.0008,34.3647],[-79.009,34.353],[-79.0272,34.3529],[-79.0383,34.3135],[-79.0529,34.3146],[-79.0712,34.2993],[-79.4615,34.6304]]]}},{"type":"Feature","properties":{"county_fips":"24037","county_name":"St. Mary's","state":"MD"},"geometry":{"type":"MultiPolygon","coordinates":[[[[-76.7475,38.2121],[-76.7423,38.209],[-76.745,38.2072],[-76.7475,38.2121]]],[[[-76.7931,38.2352],[-76.7941,38.2392],[-76.7898,38.2384],[-76.7931,38.2352]]],[[[-76.81,38.2504],[-76.8109,38.2529],[-76.8089,38.2509],[-76.81,38.2504]]],[[[-76.8737,38.3852],[-76.8503,38.3983],[-76.8227,38.4284],[-76.7683,38.5129],[-76.7143,38.5104],[-76.6936,38.4962],[-76.6741,38.4996],[-76.6521,38.4738],[-76.6539,38.4634],[-76.6084,38.4244],[-76.5656,38.4071],[-76.5584,38.3959],[-76.5341,38.3978],[-76.5004,38.3716],[-76.4841,38.3481],[-76.489,38.3272],[-76.472,38.325],[-76.4763,38.3135],[-76.4592,38.2944],[-76.4351,38.2927],[-76.4227,38.3048],[-76.4001,38.3095],[-76.375,38.2994],[-76.3942,38.2782],[-76.3993,38.2593],[-76.3852,38.2178],[-76.3201,38.1383],[-76.3413,38.1193],[-76.3222,38.0379],[-76.3302,38.0512],[-76.3612,38.0595],[-76.3923,38.1029],[-76.4212,38.106],[-76.4376,38.1361],[-76.4389,38.1608],[-76.4697,38.1534],[-76.461,38.1354],[-76.4698,38.1193],[-76.4655,38.1066],[-76.4733,38.103],[-76.5021,38.1389],[-76.5299,38.1341],[-76.553,38.1872],[-76.5943,38.2158],[-76.686,38.2328],[-76.6871,38.2413],[-76.7199,38.2332],[-76.7321,38.246],[-76.7523,38.2221],[-76.7786,38.2285],[-76.7778,38.2429],[-76.8059,38.2523],[-76.809,38.269],[-76.8023,38.2807],[-76.8249,38.3012],[-76.8327,38.3301],[-76.8416,38.3368],[-76.8271,38.3474],[-76.8479,38.3554],[-76.8499,38.3658],[-76.8737,38.3852]]]]}},{"type":"Feature","properties":{"county_fips":"37129","county_name":"New Hanover","state":"NC"},"geometry":{"type":"Polygon","coordinates":[[[-78.0299,34.3318],[-77.9932,34.3368],[-77.978,34.3574],[-77.9881,34.3639],[-77.987,34.3721],[-77.9628,34.3826],[-77.9578,34.3686],[-77.9404,34.37],[-77.9354,34.358],[-77.9345,34.3666],[-77.9288,34.3615],[-77.9178,34.3755],[-77.9006,34.378],[-77.8979,34.3647],[-77.8884,34.3641],[-77.823,34.3894],[-77.8047,34.3767],[-77.8151,34.367],[-77.8127,34.359],[-77.752,34.3033],[-77.7414,34.3015],[-77.7398,34.2932],[-77.7106,34.2977],[-77.7753,34.2333],[-77.839,34.1479],[-77.871,34.0838],[-77.8795,34.0806],[-77.8804,34.0607],[-77.9372,33.9292],[-77.9485,33.9713],[-77.9362,34.0046],[-77.9311,34.0589],[-77.9369,34.1228],[-77.9586,34.1738],[-77.9566,34.2345],[-77.9685,34.2423],[-77.9678,34.2521],[-77.9731,34.2472],[-77.9875,34.2683],[-78.002,34.2731],[-77.9902,34.2817],[-78.0048,34.2805],[-78.0059,34.2889],[-78.0159,34.2903],[-78.0062,34.3195],[-78.0262,34.3181],[-78.0299,34.3318]]]}},{"type":"Feature","properties":{"county_fips":"37141","county_name":"Pender","state":"NC"},"geometry":{"type":"Polygon","coordinates":[[[-78.2722,34.5384],[-78.1565,34.6791],[-78.1135,34.7072],[-78.114,34.7218],[-78.1024,34.7254],[-78.0307,34.7248],[-78.0127,34.7326],[-77.9812,34.714],[-77.9614,34.7199],[-77.952,34.7147],[-77.938,34.7232],[-77.6801,34.7206],[-77.5759,34.4764],[-77.5412,34.465],[-77.5184,34.4409],[-77.7248,34.2929],[-77.7398,34.2932],[-77.7414,34.3015],[-77.752,34.3033],[-77.8127,34.359],[-77.8151,34.367],[-77.8047,34.3767],[-77.823,34.3894],[-77.8884,34.3641],[-77.8979,34.3647],[-77.9006,34.378],[-77.9178,34.3755],[-77.9288,34.3615],[-77.9345,34.3666],[-77.9354,34.358],[-77.9404,34.37],[-77.9578,34.3686],[-77.9628,34.3826],[-77.987,34.3721],[-77.9881,34.3639],[-77.978,34.3574],[-77.9932,34.3368],[-78.0467,34.3304],[-78.0582,34.344],[-78.0593,34.3379],[-78.0783,34.3389],[-78.0788,34.3539],[-78.1028,34.355],[-78.1221,34.3684],[-78.1373,34.3717],[-78.1738,34.3519],[-78.1962,34.3525],[-78.2102,34.358],[-78.2116,34.3694],[-78.2292,34.379],[-78.2357,34.3747],[-78.2561,34.3995],[-78.1765,34.4654],[-78.2029,34.4756],[-78.207,34.4874],[-78.2356,34.4925],[-78.2524,34.5047],[-78.2541,34.5198],[-78.2639,34.5196],[-78.2722,34.5384]]]}},{"type":"Feature","properties":{"county_fips":"37133","county_name":"Onslow","state":"NC"},"geometry":{"type":"MultiPolygon","coordinates":[[[[-77.1692,34.6224],[-77.1212,34.648],[-77.1104,34.6451],[-77.1692,34.6224]]],[[[-77.2269,34.5967],[-77.2024,34.6128],[-77.1795,34.6204],[-77.2269,34.5967]]],[[[-77.6801,34.7206],[-77.677,34.7996],[-77.6511,34.9235],[-77.6534,34.9405],[-77.6801,34.9711],[-77.639,34.9845],[-77.5028,34.9696],[-77.3668,34.9087],[-77.3633,34.9255],[-77.3316,34.9391],[-77.2674,34.9255],[-77.2602,34.9096],[-77.2374,34.9],[-77.2342,34.8863],[-77.2224,34.8871],[-77.202,34.8348],[-77.1813,34.8362],[-77.1958,34.8094],[-77.1711,34.7907],[-77.1727,34.7806],[-77.166,34.785],[-77.1657,34.7793],[-77.1574,34.7808],[-77.1603,34.7746],[-77.1533,34.7762],[-77.1578,34.7659],[-77.1256,34.7567],[-77.1052,34.6947],[-77.1133,34.683],[-77.1259,34.6852],[-77.1362,34.6783],[-77.1336,34.6728],[-77.1546,34.6679],[-77.1634,34.6537],[-77.2047,34.6343],[-77.2424,34.6],[-77.2337,34.593],[-77.307,34.5451],[-77.5184,34.4409],[-77.5412,34.465],[-77.5759,34.4764],[-77.6801,34.7206]]]]}},{"type":"Feature","properties":{"county_fips":"37049","county_name":"Craven","state":"NC"},"geometry":{"type":"Polygon","coordinates":[[[-77.4733,35.2311],[-77.427,35.2559],[-77.4496,35.2995],[-77.4311,35.313],[-77.4313,35.3298],[-77.4105,35.3319],[-77.4109,35.3378],[-77.3952,35.343],[-77.3504,35.3284],[-77.2943,35.3791],[-77.2693,35.3692],[-77.2661,35.3536],[-77.2487,35.3543],[-77.2382,35.3618],[-77.2396,35.3814],[-77.2271,35.3998],[-77.2016,35.3987],[-77.1891,35.4184],[-76.9588,35.301],[-76.8959,35.2539],[-76.9062,35.2359],[-76.9326,35.2303],[-76.9446,35.2108],[-76.9595,35.2028],[-76.9705,35.1619],[-76.9875,35.1543],[-76.9759,35.1337],[-76.942,35.1155],[-76.9311,35.1172],[-76.9402,35.103],[-76.9333,35.0802],[-76.9429,35.0514],[-76.9876,35.0656],[-77.0104,35.1012],[-77.0189,35.1027],[-77.0304,35.1331],[-77.0539,35.1474],[-77.0615,35.1441],[-77.0346,35.1112],[-77.0339,35.0922],[-76.9893,35.0438],[-76.9705,34.9973],[-76.8892,34.9482],[-76.8683,34.9476],[-76.8478,34.9363],[-76.8112,34.9392],[-76.7608,34.9159],[-76.7454,34.9223],[-76.7456,34.9303],[-76.7266,34.9279],[-76.7076,34.9542],[-76.6772,34.9577],[-76.6526,34.9376],[-76.6606,34.9156],[-76.6863,34.8954],[-76.693,34.8692],[-76.758,34.8463],[-76.8831,34.8449],[-76.8823,34.8367],[-76.9548,34.8245],[-76.9544,34.8091],[-77.0783,34.8113],[-77.0472,34.8364],[-77.1089,34.8308],[-77.0989,35.0267],[-77.1102,35.0455],[-77.1096,35.0685],[-77.1305,35.0723],[-77.1483,35.0547],[-77.1645,35.0655],[-77.1684,35.0606],[-77.1806,35.0552],[-77.1739,35.0591],[-77.1894,35.0667],[-77.1877,35.0811],[-77.4733,35.2311]]]}},{"type":"Feature","properties":{"county_fips":"45045","county_name":"Greenville","state":"SC"},"geometry":{"type":"Polygon","coordinates":[[[-82.7641,35.0682],[-82.7542,35.0696],[-82.7518,35.0799],[-82.7384,35.0795],[-82.727,35.0941],[-82.7005,35.1008],[-82.6977,35.0957],[-82.6865,35.1082],[-82.6936,35.1169],[-82.6814,35.1279],[-82.6733,35.1175],[-82.6624,35.1181],[-82.641,35.1323],[-82.629,35.1262],[-82.6124,35.1382],[-82.5699,35.1453],[-82.5464,35.1637],[-82.53,35.1556],[-82.4601,35.1781],[-82.4516,35.1727],[-82.4571,35.1639],[-82.4396,35.1659],[-82.4197,35.1986],[-82.3929,35.2154],[-82.3713,35.1814],[-82.3615,35.1908],[-82.3234,35.1848],[-82.2825,35.1999],[-82.2159,35.196],[-82.2261,34.8502],[-82.2194,34.8534],[-82.1734,34.806],[-82.1652,34.8069],[-82.1688,34.7971],[-82.1535,34.782],[-82.1456,34.7852],[-82.2348,34.5888],[-82.2361,34.5353],[-82.3139,34.4843],[-82.3438,34.5],[-82.344,34.5122],[-82.3642,34.5154],[-82.3863,34.5393],[-82.4196,34.5571],[-82.4283,34.5989],[-82.4438,34.6073],[-82.4382,34.6107],[-82.4529,34.6238],[-82.4559,34.6573],[-82.4631,34.6558],[-82.4677,34.6671],[-82.4567,34.6803],[-82.4639,34.6856],[-82.4569,34.6995],[-82.4654,34.706],[-82.4574,34.7142],[-82.4655,34.7212],[-82.4521,34.7764],[-82.4609,34.7967],[-82.4766,34.8022],[-82.4751,34.8104],[-82.487,34.819],[-82.4764,34.8279],[-82.487,34.8306],[-82.4808,34.8425],[-82.4891,34.8411],[-82.483,34.8579],[-82.489,34.8614],[-82.4877,34.8858],[-82.4965,34.8876],[-82.501,34.9104],[-82.5182,34.9204],[-82.5274,34.9659],[-82.5481,34.9787],[-82.5341,34.9838],[-82.5432,35.0046],[-82.5379,35.0155],[-82.5956,35.0101],[-82.5857,35.0324],[-82.5903,35.0442],[-82.5982,35.0385],[-82.5977,35.0543],[-82.5905,35.0637],[-82.5743,35.0646],[-82.5716,35.0746],[-82.6114,35.0723],[-82.6416,35.0602],[-82.6597,35.067],[-82.7082,35.0621],[-82.7379,35.0472],[-82.7497,35.0476],[-82.7641,35.0682]]]}},{"type":"Feature","properties":{"county_fips":"45025","county_name":"Chesterfield","state":"SC"},"geometry":{"type":"Polygon","coordinates":[[[-80.5641,34.8148],[-79.9307,34.8066],[-79.9281,34.7699],[-79.893,34.742],[-79.8594,34.6778],[-79.8305,34.6572],[-79.8169,34.6587],[-79.7956,34.6476],[-79.8006,34.6377],[-79.7776,34.6122],[-79.8031,34.6097],[-79.83,34.5319],[-79.8392,34.5346],[-79.862,34.521],[-79.8636,34.5087],[-79.8796,34.4935],[-79.9021,34.4892],[-79.9198,34.4958],[-79.9625,34.487],[-79.9834,34.5017],[-80.0265,34.4865],[-80.0455,34.4926],[-80.2886,34.3662],[-80.2859,34.3941],[-80.3022,34.3998],[-80.3114,34.4243],[-80.3263,34.4374],[-80.3303,34.5095],[-80.3536,34.5209],[-80.3548,34.5311],[-80.3723,34.5468],[-80.3862,34.5966],[-80.4073,34.6086],[-80.4192,34.62],[-80.4139,34.6278],[-80.4328,34.6388],[-80.4318,34.66],[-80.4402,34.658],[-80.4503,34.6758],[-80.4608,34.677],[-80.4752,34.6992],[-80.4885,34.7046],[-80.4856,34.7174],[-80.5162,34.7589],[-80.5147,34.7666],[-80.5445,34.784],[-80.5641,34.8148]]]}},{"type":"Feature","properties":{"county_fips":"51131","county_name":"Northampton","state":"VA"},"geometry":{"type":"MultiPolygon","coordinates":[[[[-75.981,37.0971],[-75.962,37.1075],[-75.9429,37.098],[-75.9449,37.088],[-75.9672,37.0846],[-75.981,37.0971]]],[[[-76.0248,37.2627],[-76.013,37.2794],[-76.0118,37.2974],[-76.0216,37.3005],[-76.0149,37.3282],[-75.984,37.3699],[-75.9862,37.3821],[-75.9683,37.3955],[-75.9803,37.4027],[-75.9796,37.4383],[-75.9584,37.4695],[-75.959,37.5001],[-75.9331,37.5539],[-75.9004,37.5573],[-75.8831,37.5493],[-75.8385,37.5554],[-75.7881,37.5289],[-75.8054,37.5139],[-75.8033,37.5053],[-75.7917,37.5038],[-75.7935,37.4888],[-75.8126,37.4754],[-75.8054,37.4633],[-75.787,37.4646],[-75.7766,37.4546],[-75.7639,37.4633],[-75.7309,37.4605],[-75.7091,37.4486],[-75.6633,37.4611],[-75.6621,37.4434],[-75.7226,37.3687],[-75.7436,37.3285],[-75.7759,37.2987],[-75.7976,37.2961],[-75.792,37.282],[-75.7972,37.2544],[-75.8185,37.2442],[-75.8137,37.2366],[-75.8037,37.2386],[-75.8014,37.2205],[-75.8293,37.2071],[-75.8189,37.2018],[-75.8206,37.193],[-75.8984,37.1186],[-75.921,37.1118],[-75.9115,37.1229],[-75.9278,37.1303],[-75.9701,37.1172],[-75.9782,37.1588],[-76.0131,37.206],[-76.0091,37.2322],[-76.0248,37.2627]]]]}},{"type":"Feature","properties":{"county_fips":"51103","county_name":"Lancaster","state":"VA"},"geometry":{"type":"Polygon","coordinates":[[[-76.6342,37.7905],[-76.6255,37.7962],[-76.6298,37.8052],[-76.5856,37.8118],[-76.5855,37.8237],[-76.5647,37.8373],[-76.5078,37.8388],[-76.5081,37.8333],[-76.4948,37.8412],[-76.4776,37.8374],[-76.4599,37.8204],[-76.4296,37.829],[-76.4187,37.8229],[-76.4196,37.8064],[-76.4011,37.7802],[-76.3819,37.7795],[-76.3644,37.7685],[-76.3691,37.7583],[-76.3618,37.7368],[-76.3761,37.7132],[-76.3497,37.7009],[-76.3251,37.6749],[-76.3399,37.656],[-76.3318,37.6298],[-76.3198,37.627],[-76.3109,37.6329],[-76.3143,37.6409],[-76.3059,37.6411],[-76.2925,37.6361],[-76.2801,37.6151],[-76.3086,37.6246],[-76.3437,37.6238],[-76.3619,37.609],[-76.3857,37.6291],[-76.4033,37.6274],[-76.4398,37.6524],[-76.4555,37.6511],[-76.4724,37.6658],[-76.4543,37.6772],[-76.4687,37.6957],[-76.4871,37.6854],[-76.4779,37.6778],[-76.5019,37.6582],[-76.4976,37.6471],[-76.5102,37.6423],[-76.5342,37.6609],[-76.5372,37.6989],[-76.5696,37.7344],[-76.5843,37.7709],[-76.6342,37.7905]]]}},{"type":"Feature","properties":{"county_fips":"51015","county_name":"Augusta","state":"VA"},"geometry":{"type":"Polygon","coordinates":[[[-79.5333,38.1561],[-79.5215,38.1628],[-79.5271,38.171],[-79.5117,38.1768],[-79.4922,38.1954],[-79.4959,38.2009],[-79.4773,38.211],[-79.4811,38.2167],[-79.4648,38.2222],[-79.4387,38.2162],[-79.4337,38.2295],[-79.4097,38.2431],[-79.3997,38.2605],[-79.4086,38.278],[-79.4006,38.2933],[-79.3914,38.2921],[-79.3811,38.3189],[-79.3635,38.3308],[-79.3677,38.3355],[-79.3546,38.3522],[-79.337,38.3606],[-79.333,38.3772],[-79.3085,38.383],[-79.3085,38.3938],[-79.3211,38.4064],[-79.283,38.4181],[-79.2828,38.4316],[-79.2544,38.4559],[-79.2426,38.4542],[-79.2401,38.4698],[-79.2243,38.4777],[-78.9143,38.3043],[-78.8883,38.3037],[-78.7494,38.2066],[-78.7718,38.1661],[-78.7795,38.1321],[-78.7881,38.1264],[-78.7792,38.1069],[-78.7811,38.0808],[-78.8581,38.0294],[-78.8737,38.0286],[-78.8879,37.9966],[-78.9069,37.9875],[-78.9077,37.9762],[-78.8926,37.975],[-78.9023,37.9582],[-78.8991,37.9489],[-78.9421,37.9402],[-78.9569,37.9259],[-78.9552,37.9167],[-78.9811,37.906],[-79.0058,37.8816],[-79.0173,37.8932],[-79.0443,37.8909],[-79.0523,37.9128],[-79.0623,37.9175],[-79.1574,37.891],[-79.184,37.9142],[-79.4933,38.0954],[-79.4369,38.1632],[-79.4839,38.1703],[-79.5092,38.1549],[-79.5333,38.1561]],[[-79.1136,38.1532],[-79.0866,38.127],[-79.0699,38.131],[-79.0498,38.1212],[-79.0203,38.1437],[-79.0124,38.1662],[-79.0243,38.1765],[-79.0114,38.1817],[-79.0338,38.199],[-79.0601,38.1868],[-79.0882,38.1879],[-79.1014,38.1793],[-79.1136,38.1532]],[[-78.9507,38.0645],[-78.9432,38.062],[-78.9468,38.052],[-78.9302,38.0495],[-78.9219,38.0314],[-78.9012,38.0453],[-78.871,38.0401],[-78.8559,38.0747],[-78.8655,38.0823],[-78.8644,38.0957],[-78.8784,38.0913],[-78.9038,38.0998],[-78.9214,38.0885],[-78.9287,38.0913],[-78.9507,38.0645]]]}},{"type":"Feature","properties":{"county_fips":"12069","county_name":"Lake","state":"FL"},"geometry":{"type":"Polygon","coordinates":[[[-81.9576,28.3452],[-81.9542,28.9601],[-81.6587,28.9603],[-81.6592,29.0478],[-81.6387,29.0478],[-81.6419,29.2768],[-81.6123,29.2028],[-81.5609,29.2002],[-81.554,29.1846],[-81.5315,29.1769],[-81.5045,29.1237],[-81.5021,29.0978],[-81.4592,29.0942],[-81.4553,29.0631],[-81.4029,29.0325],[-81.3728,28.9992],[-81.3757,28.994],[-81.3559,28.987],[-81.3709,28.9583],[-81.3589,28.9559],[-81.354,28.9496],[-81.3593,28.9446],[-81.3497,28.9396],[-81.3602,28.9066],[-81.3528,28.8967],[-81.3572,28.8871],[-81.3645,28.8903],[-81.3631,28.8797],[-81.383,28.852],[-81.4168,28.8246],[-81.4147,28.7856],[-81.6465,28.7859],[-81.6465,28.7698],[-81.6586,28.7664],[-81.6572,28.5926],[-81.6481,28.5845],[-81.6572,28.5698],[-81.6573,28.3471],[-81.7907,28.3464],[-81.7909,28.3618],[-81.8576,28.3619],[-81.8575,28.346],[-81.9576,28.3452]]]}},{"type":"Feature","properties":{"county_fips":"12083","county_name":"Marion","state":"FL"},"geometry":{"type":"Polygon","coordinates":[[[-82.5349,29.0409],[-82.5349,29.2147],[-82.4032,29.2156],[-82.4066,29.485],[-82.2119,29.4841],[-82.2082,29.4668],[-82.2036,29.472],[-82.1881,29.4569],[-82.1916,29.4525],[-82.199,29.4558],[-82.1935,29.4614],[-82.2127,29.4656],[-82.2177,29.4571],[-82.2102,29.4285],[-82.1936,29.4209],[-82.1507,29.4265],[-82.1485,29.4172],[-82.1345,29.435],[-82.1193,29.4282],[-82.1011,29.4383],[-82.0992,29.4188],[-82.0809,29.4404],[-82.0705,29.4342],[-82.0713,29.4433],[-82.0567,29.44],[-82.0559,29.4712],[-82.0263,29.4947],[-81.9642,29.5038],[-81.9318,29.5164],[-81.9118,29.504],[-81.9017,29.516],[-81.8879,29.5092],[-81.8449,29.5217],[-81.8428,29.4865],[-81.7762,29.4874],[-81.7749,29.4292],[-81.7418,29.4299],[-81.7414,29.371],[-81.6685,29.3717],[-81.6563,29.3382],[-81.6754,29.3386],[-81.6809,29.3244],[-81.6733,29.3066],[-81.6557,29.2999],[-81.6419,29.2768],[-81.6387,29.0478],[-81.6592,29.0478],[-81.6587,28.9603],[-82.3117,28.9604],[-82.3158,28.9733],[-82.3616,28.9936],[-82.3639,29.0018],[-82.3935,29.008],[-82.4016,29.019],[-82.4182,29.013],[-82.4589,29.0477],[-82.4821,29.0525],[-82.5081,29.0375],[-82.5169,29.0442],[-82.5349,29.0409]]]}},{"type":"Feature","properties":{"county_fips":"12023","county_name":"Columbia","state":"FL"},"geometry":{"type":"Polygon","coordinates":[[[-82.7989,29.9336],[-82.7858,29.9549],[-82.7622,29.9644],[-82.7586,29.9757],[-82.7604,29.9862],[-82.794,29.9862],[-82.7946,30.337],[-82.7885,30.324],[-82.7633,30.3309],[-82.7454,30.3174],[-82.7246,30.3338],[-82.7164,30.3212],[-82.6899,30.3331],[-82.6815,30.3428],[-82.6869,30.3533],[-82.6623,30.3704],[-82.6654,30.3792],[-82.647,30.3951],[-82.6456,30.4064],[-82.6591,30.4407],[-82.6729,30.4486],[-82.6633,30.4521],[-82.6805,30.4615],[-82.6773,30.4719],[-82.7018,30.4777],[-82.6967,30.4894],[-82.7061,30.4924],[-82.706,30.5042],[-82.715,30.5055],[-82.7184,30.521],[-82.723,30.5174],[-82.7286,30.5257],[-82.7145,30.5318],[-82.7239,30.5649],[-82.7169,30.5644],[-82.6895,30.5977],[-82.4598,30.5843],[-82.4583,30.129],[-82.4526,30.1221],[-82.4593,30.1016],[-82.499,30.0888],[-82.5319,30.0612],[-82.5366,30.0253],[-82.5731,30.0107],[-82.5693,29.975],[-82.5333,29.9584],[-82.5294,29.9343],[-82.5783,29.9158],[-82.5759,29.8949],[-82.5926,29.8875],[-82.5865,29.8667],[-82.6063,29.8529],[-82.6197,29.8591],[-82.6178,29.8473],[-82.6313,29.8491],[-82.6358,29.8324],[-82.6521,29.8256],[-82.6937,29.8342],[-82.7329,29.8565],[-82.7529,29.8802],[-82.7536,29.8935],[-82.7694,29.8982],[-82.7699,29.9278],[-82.7989,29.9336]]]}},{"type":"Feature","properties":{"county_fips":"12119","county_name":"Sumter","state":"FL"},"geometry":{"type":"Polygon","coordinates":[[[-82.3117,28.9604],[-81.9542,28.9601],[-81.958,28.3089],[-81.9858,28.3053],[-81.9957,28.3188],[-82.0206,28.3238],[-82.0558,28.3128],[-82.0545,28.5214],[-82.0703,28.5319],[-82.095,28.5236],[-82.1094,28.5438],[-82.1286,28.5449],[-82.138,28.5655],[-82.1562,28.5734],[-82.1668,28.564],[-82.192,28.5748],[-82.2097,28.5728],[-82.2484,28.6299],[-82.2602,28.635],[-82.2568,28.6488],[-82.2736,28.6538],[-82.2485,28.7019],[-82.2491,28.7178],[-82.2073,28.7569],[-82.1863,28.7605],[-82.1869,28.7795],[-82.1691,28.793],[-82.1836,28.8236],[-82.232,28.8566],[-82.2425,28.8768],[-82.2736,28.8972],[-82.2971,28.9484],[-82.3117,28.9604]]]}},{"type":"Feature","properties":{"county_fips":"12097","county_name":"Osceola","state":"FL"},"geometry":{"type":"Polygon","coordinates":[[[-81.6573,28.3471],[-80.8629,28.3475],[-80.8689,27.8225],[-80.8816,27.8225],[-80.8731,27.6423],[-81.1422,27.6432],[-81.1325,27.6475],[-81.131,27.6593],[-81.1441,27.6693],[-81.1458,27.7102],[-81.1687,27.726],[-81.165,27.7422],[-81.1785,27.7519],[-81.1729,27.7605],[-81.1877,27.7755],[-81.2081,27.8211],[-81.2333,27.8437],[-81.3016,27.8619],[-81.3149,27.9012],[-81.3086,27.9216],[-81.3471,27.9373],[-81.3384,27.9392],[-81.3367,27.9496],[-81.3765,27.9783],[-81.387,28.0036],[-81.4156,27.9982],[-81.4403,28.0339],[-81.4588,28.0401],[-81.4574,28.0551],[-81.4407,28.0586],[-81.428,28.0393],[-81.394,28.028],[-81.3787,28.0117],[-81.3756,28.0297],[-81.3626,28.0405],[-81.365,28.0682],[-81.3463,28.0697],[-81.3464,28.0847],[-81.4558,28.0849],[-81.4562,28.1432],[-81.5242,28.1428],[-81.5241,28.201],[-81.5575,28.2594],[-81.6572,28.2592],[-81.6573,28.3471]]]}},{"type":"Feature","properties":{"county_fips":"12121","county_name":"Suwannee","state":"FL"},"geometry":{"type":"Polygon","coordinates":[[[-83.2532,30.2536],[-83.237,30.2616],[-83.233,30.292],[-83.2099,30.3119],[-83.2126,30.3459],[-83.1912,30.3512],[-83.1929,30.374],[-83.1693,30.3869],[-83.1581,30.4141],[-83.082,30.4429],[-83.0754,30.4254],[-83.0343,30.4308],[-83.0079,30.4225],[-83.0042,30.4319],[-82.9978,30.4307],[-82.9827,30.419],[-82.9559,30.4135],[-82.9488,30.401],[-82.9084,30.3801],[-82.9058,30.3881],[-82.892,30.3876],[-82.8934,30.3746],[-82.8851,30.3653],[-82.8519,30.3569],[-82.8442,30.3409],[-82.8322,30.3468],[-82.8109,30.337],[-82.7996,30.3442],[-82.794,29.9862],[-82.7604,29.9862],[-82.7622,29.9644],[-82.7858,29.9549],[-82.8005,29.9321],[-82.8144,29.9298],[-82.8315,29.9128],[-82.8633,29.911],[-82.8842,29.8823],[-82.8979,29.9014],[-82.913,29.8898],[-82.9308,29.9574],[-82.9524,29.9594],[-82.9638,29.9945],[-82.9794,30.0074],[-83.0013,30.0088],[-83.0133,30.0321],[-83.0665,30.0654],[-83.0696,30.0813],[-83.1111,30.0909],[-83.1192,30.105],[-83.1329,30.0969],[-83.1625,30.11],[-83.1844,30.0941],[-83.2259,30.1136],[-83.2251,30.138],[-83.2387,30.1528],[-83.2316,30.1668],[-83.25,30.1905],[-83.2397,30.2267],[-83.253,30.2387],[-83.2425,30.2482],[-83.2532,30.2536]]]}},{"type":"Feature","properties":{"county_fips":"12125","county_name":"Union","state":"FL"},"geometry":{"type":"Polygon","coordinates":[[[-82.576,29.9909],[-82.5731,30.0107],[-82.5347,30.0278],[-82.5391,30.0443],[-82.519,30.076],[-82.4572,30.1035],[-82.4525,30.1239],[-82.4584,30.1364],[-82.1426,30.1431],[-82.1424,30.1163],[-82.1699,30.0992],[-82.184,30.0668],[-82.2256,30.0343],[-82.26,30.0281],[-82.2793,29.9886],[-82.3047,29.9584],[-82.3221,29.954],[-82.3423,29.9613],[-82.358,29.9336],[-82.4224,29.9199],[-82.4366,29.9308],[-82.47,29.9258],[-82.4845,29.9397],[-82.5297,29.9409],[-82.5333,29.9584],[-82.5553,29.964],[-82.576,29.9909]]]}},{"type":"Feature","properties":{"county_fips":"13279","county_name":"Toombs","state":"GA"},"geometry":{"type":"Polygon","coordinates":[[[-82.4831,31.969],[-82.4411,32.218],[-82.4391,32.2926],[-82.4091,32.3538],[-82.3926,32.3354],[-82.3789,32.3369],[-82.3587,32.3184],[-82.3545,32.2922],[-82.2798,32.2942],[-82.2328,32.3188],[-82.2274,32.2778],[-82.2098,32.2388],[-82.2137,32.2292],[-82.1819,32.1659],[-82.1952,32.1407],[-82.225,31.9131],[-82.2369,31.9205],[-82.2468,31.9151],[-82.256,31.9321],[-82.2672,31.9286],[-82.2864,31.9424],[-82.3011,31.9333],[-82.3151,31.9466],[-82.3078,31.9375],[-82.3145,31.9308],[-82.3771,31.9417],[-82.3715,31.9535],[-82.3845,31.96],[-82.3871,31.9482],[-82.4001,31.9602],[-82.4055,31.9492],[-82.4302,31.966],[-82.4831,31.969]]]}},{"type":"Feature","properties":{"county_fips":"13305","county_name":"Wayne","state":"GA"},"geometry":{"type":"Polygon","coordinates":[[[-82.1479,31.5691],[-82.1329,31.5693],[-82.133,31.7734],[-82.0894,31.7729],[-82.0893,31.7859],[-82.107,31.7861],[-82.1065,31.7998],[-82.0872,31.7995],[-82.0874,31.8216],[-82.0771,31.8291],[-82.0486,31.8271],[-82.0261,31.8151],[-82.0182,31.8241],[-82.0068,31.8],[-81.9961,31.7998],[-81.9986,31.7941],[-81.9765,31.7826],[-81.954,31.7893],[-81.9445,31.7604],[-81.9114,31.7535],[-81.9067,31.7258],[-81.8765,31.7131],[-81.8671,31.6911],[-81.8476,31.6773],[-81.8506,31.6677],[-81.8289,31.664],[-81.8309,31.6573],[-81.821,31.6511],[-81.8116,31.6545],[-81.8136,31.6645],[-81.7875,31.6432],[-81.7891,31.6317],[-81.7653,31.6246],[-81.7688,31.6143],[-81.7596,31.6205],[-81.7439,31.6117],[-81.7472,31.6015],[-81.7368,31.6084],[-81.7232,31.5916],[-81.7018,31.5849],[-81.6968,31.554],[-81.6824,31.5518],[-81.6813,31.5417],[-81.6718,31.548],[-81.6641,31.5418],[-81.6677,31.5335],[-81.6522,31.5278],[-81.6574,31.5084],[-81.6408,31.4886],[-81.6231,31.4848],[-81.6123,31.4683],[-81.665,31.3999],[-81.692,31.4005],[-81.7048,31.3749],[-81.699,31.363],[-81.7252,31.3272],[-81.8011,31.3637],[-81.9232,31.3459],[-81.9517,31.3511],[-82.0426,31.3742],[-82.044,31.3951],[-82.0575,31.4091],[-82.0528,31.4546],[-82.0634,31.4664],[-82.0979,31.4812],[-82.1328,31.4713],[-82.1329,31.5575],[-82.1479,31.5573],[-82.1479,31.5691]]]}},{"type":"Feature","properties":{"county_fips":"37085","county_name":"Harnett","state":"NC"},"geometry":{"type":"Polygon","coordinates":[[[-79.2219,35.2694],[-78.9688,35.5225],[-78.9161,35.5841],[-78.6897,35.5159],[-78.6869,35.5019],[-78.6606,35.4962],[-78.6503,35.4724],[-78.6272,35.4583],[-78.6072,35.4321],[-78.5927,35.3986],[-78.5745,35.3885],[-78.5688,35.3693],[-78.5299,35.3349],[-78.5387,35.3158],[-78.5835,35.2968],[-78.5846,35.2733],[-78.6171,35.2457],[-78.7122,35.2576],[-78.7259,35.2669],[-78.7647,35.2584],[-78.7957,35.2657],[-78.8047,35.2572],[-78.8475,35.2528],[-78.8761,35.2415],[-78.8804,35.2304],[-78.9207,35.2202],[-78.9977,35.2141],[-79.0958,35.1921],[-79.1506,35.2133],[-79.1651,35.2409],[-79.2219,35.2694]]]}},{"type":"Feature","properties":{"county_fips":"37125","county_name":"Moore","state":"NC"},"geometry":{"type":"Polygon","coordinates":[[[-79.768,35.5115],[-79.3501,35.518],[-79.3359,35.4978],[-79.3519,35.4775],[-79.3599,35.4775],[-79.3598,35.4697],[-79.3296,35.4398],[-79.3289,35.4231],[-79.2896,35.4004],[-79.2733,35.3523],[-79.1836,35.3072],[-79.223,35.2681],[-79.1651,35.2409],[-79.1506,35.2133],[-79.1004,35.1962],[-79.0976,35.1742],[-79.1251,35.1665],[-79.133,35.1777],[-79.1421,35.169],[-79.1543,35.1804],[-79.1683,35.1814],[-79.1755,35.1931],[-79.2113,35.194],[-79.2298,35.2106],[-79.2467,35.2131],[-79.2926,35.1884],[-79.3123,35.1685],[-79.3354,35.1616],[-79.4588,35.0436],[-79.499,35.0638],[-79.5683,35.0648],[-79.5828,35.084],[-79.5733,35.1225],[-79.6094,35.149],[-79.6161,35.1685],[-79.6571,35.1913],[-79.6725,35.245],[-79.698,35.2515],[-79.712,35.2759],[-79.7099,35.3013],[-79.7642,35.4757],[-79.768,35.5115]]]}},{"type":"Feature","properties":{"county_fips":"37117","county_name":"Martin","state":"NC"},"geometry":{"type":"Polygon","coordinates":[[[-77.4092,35.9987],[-77.3276,36.0714],[-77.3187,36.0554],[-77.2063,36.0068],[-77.2133,35.9925],[-77.1959,35.992],[-77.1908,35.9608],[-77.1976,35.9619],[-77.1889,35.9567],[-77.1979,35.9576],[-77.1942,35.9497],[-77.2023,35.9474],[-77.1858,35.9309],[-77.1309,35.9408],[-77.1249,35.9267],[-77.1029,35.9333],[-77.094,35.9248],[-77.0805,35.9376],[-77.068,35.9361],[-77.0708,35.9438],[-77.0609,35.9386],[-77.045,35.9439],[-77.038,35.9302],[-77.0275,35.9297],[-77.0306,35.9054],[-77.0222,35.8911],[-77.0375,35.8906],[-77.0313,35.8807],[-77.0455,35.8748],[-77.0446,35.8621],[-77.0356,35.8575],[-77.0053,35.8584],[-76.9866,35.8768],[-76.9811,35.8728],[-76.9409,35.9011],[-76.9287,35.9],[-76.893,35.864],[-76.9035,35.8374],[-76.8939,35.8307],[-76.9041,35.8241],[-76.893,35.8187],[-76.8973,35.8139],[-76.8826,35.8119],[-76.8331,35.8522],[-76.832,35.885],[-76.8069,35.8839],[-76.781,35.8639],[-76.7606,35.8649],[-76.7835,35.8492],[-76.7892,35.8376],[-76.7827,35.8242],[-76.8026,35.8052],[-76.793,35.7899],[-76.8035,35.7839],[-76.8033,35.773],[-76.8313,35.7307],[-76.9858,35.6588],[-77.1568,35.7368],[-77.174,35.7328],[-77.2159,35.7601],[-77.2598,35.7652],[-77.2644,35.7752],[-77.2552,35.7864],[-77.3504,35.8192],[-77.3424,35.9053],[-77.4092,35.9987]]]}},{"type":"Feature","properties":{"county_fips":"37051","county_name":"Cumberland","state":"NC"},"geometry":{"type":"Polygon","coordinates":[[[-79.1129,35.1259],[-79.0958,35.1921],[-78.9977,35.2141],[-78.9207,35.2202],[-78.8804,35.2304],[-78.8761,35.2415],[-78.8249,35.2596],[-78.8047,35.2572],[-78.7934,35.266],[-78.7647,35.2584],[-78.7259,35.2669],[-78.7122,35.2576],[-78.6171,35.2457],[-78.6195,35.2269],[-78.6337,35.2125],[-78.6244,35.204],[-78.6468,35.1974],[-78.6357,35.1917],[-78.64,35.1859],[-78.6299,35.1723],[-78.6389,35.167],[-78.6328,35.1642],[-78.6399,35.1549],[-78.6347,35.1394],[-78.6519,35.1218],[-78.6393,35.1159],[-78.6538,35.1114],[-78.6582,35.0945],[-78.6707,35.0925],[-78.6723,35.0853],[-78.6545,35.0508],[-78.6593,35.0428],[-78.645,35.0101],[-78.647,34.9923],[-78.6075,34.9536],[-78.5727,34.9374],[-78.5623,34.918],[-78.5435,34.9138],[-78.5469,34.9006],[-78.5139,34.8817],[-78.5131,34.8691],[-78.4947,34.8562],[-78.5161,34.8459],[-78.8274,34.8507],[-78.9042,34.8349],[-78.927,34.864],[-78.9223,34.8755],[-78.9408,34.9034],[-79.0387,34.9527],[-79.0348,34.963],[-79.0497,34.992],[-79.0903,35.042],[-79.0932,35.0902],[-79.1129,35.1259]]]}},{"type":"Feature","properties":{"county_fips":"37059","county_name":"Davie","state":"NC"},"geometry":{"type":"Polygon","coordinates":[[[-80.7076,35.8556],[-80.6932,36.0513],[-80.4902,36.043],[-80.4638,36.0626],[-80.4419,36.0306],[-80.4179,36.0155],[-80.4135,36.001],[-80.4212,35.9873],[-80.378,35.9622],[-80.3742,35.9531],[-80.3676,35.8892],[-80.4079,35.8915],[-80.4165,35.8805],[-80.3897,35.8676],[-80.3895,35.844],[-80.4207,35.8527],[-80.4326,35.8281],[-80.4464,35.8367],[-80.4626,35.827],[-80.4768,35.8438],[-80.4874,35.8336],[-80.4723,35.8255],[-80.4644,35.805],[-80.4767,35.7891],[-80.4506,35.766],[-80.4589,35.7428],[-80.4783,35.7748],[-80.4848,35.7756],[-80.4869,35.7663],[-80.4974,35.783],[-80.5086,35.7746],[-80.5329,35.7852],[-80.5743,35.818],[-80.5871,35.823],[-80.5904,35.8171],[-80.5947,35.8274],[-80.6095,35.8231],[-80.632,35.8457],[-80.6713,35.8465],[-80.6688,35.8563],[-80.6918,35.8635],[-80.6934,35.8536],[-80.7076,35.8556]]]}},{"type":"Feature","properties":{"county_fips":"37127","county_name":"Nash","state":"NC"},"geometry":{"type":"Polygon","coordinates":[[[-78.2556,35.8161],[-78.0066,36.2026],[-77.9777,36.1753],[-77.969,36.1838],[-77.9733,36.1942],[-77.9511,36.1806],[-77.9438,36.1926],[-77.9318,36.1826],[-77.9238,36.1888],[-77.9178,36.1796],[-77.923,36.1669],[-77.9007,36.1627],[-77.8879,36.144],[-77.8619,36.1491],[-77.8088,36.1382],[-77.8039,36.1497],[-77.774,36.1426],[-77.7501,36.1575],[-77.7293,36.1487],[-77.7315,36.1393],[-77.7213,36.1338],[-77.7168,36.1458],[-77.698,36.1531],[-77.7085,36.1121],[-77.7718,36.0067],[-77.8447,35.8376],[-77.8739,35.8497],[-77.8974,35.8439],[-78.1973,35.7279],[-78.2155,35.7358],[-78.2188,35.7549],[-78.2327,35.7513],[-78.2383,35.7671],[-78.2506,35.7733],[-78.2439,35.7919],[-78.2556,35.8161]]]}},{"type":"Feature","properties":{"county_fips":"37093","county_name":"Hoke","state":"NC"},"geometry":{"type":"Polygon","coordinates":[[[-79.4579,35.0446],[-79.3354,35.1616],[-79.3123,35.1685],[-79.2926,35.1884],[-79.2429,35.2138],[-79.2113,35.194],[-79.1755,35.1931],[-79.1683,35.1814],[-79.1543,35.1804],[-79.1421,35.169],[-79.133,35.1777],[-79.1251,35.1665],[-79.0976,35.1742],[-79.1129,35.1259],[-79.0932,35.0902],[-79.0903,35.042],[-79.0497,34.992],[-79.0356,34.9552],[-79.1914,34.8337],[-79.3479,34.8386],[-79.3373,34.8537],[-79.3489,34.8874],[-79.3531,34.9442],[-79.3965,34.9941],[-79.4495,35.0271],[-79.4579,35.0446]]]}},{"type":"Feature","properties":{"county_fips":"45079","county_name":"Richland","state":"SC"},"geometry":{"type":"Polygon","coordinates":[[[-81.3453,34.205],[-81.3169,34.2395],[-81.2966,34.2374],[-81.2513,34.2029],[-81.2264,34.2057],[-81.1783,34.1746],[-81.1794,34.1871],[-81.1684,34.1977],[-81.1812,34.2203],[-81.0959,34.2139],[-81.0708,34.2251],[-81.0699,34.2322],[-81.0612,34.228],[-80.9619,34.252],[-80.8259,34.2688],[-80.8685,34.1817],[-80.7193,34.069],[-80.7036,34.081],[-80.6162,34.0996],[-80.6362,34.0802],[-80.6195,34.0823],[-80.6312,34.0682],[-80.6064,34.058],[-80.6126,34.0518],[-80.601,34.0394],[-80.608,34.0293],[-80.6021,34.0254],[-80.6155,34.0245],[-80.628,34.0119],[-80.6253,34.0037],[-80.6373,34.0076],[-80.6354,34.0014],[-80.6466,33.999],[-80.6304,33.9758],[-80.6331,33.9665],[-80.6158,33.9655],[-80.6291,33.9418],[-80.6167,33.9364],[-80.6306,33.9337],[-80.6262,33.9299],[-80.6341,33.9173],[-80.615,33.8919],[-80.6256,33.8935],[-80.623,33.8604],[-80.6335,33.8527],[-80.6161,33.8343],[-80.6157,33.8145],[-80.5983,33.8045],[-80.6054,33.8047],[-80.5962,33.7864],[-80.603,33.7853],[-80.5977,33.7775],[-80.6057,33.7718],[-80.605,33.7585],[-80.6187,33.7436],[-80.6328,33.7437],[-80.6564,33.7614],[-80.6547,33.7735],[-80.6866,33.756],[-80.7054,33.7598],[-80.7123,33.7712],[-80.7154,33.7605],[-80.7268,33.7683],[-80.7385,33.7564],[-80.7363,33.7674],[-80.745,33.7764],[-80.7516,33.7706],[-80.7473,33.7617],[-80.7597,33.774],[-80.7849,33.761],[-80.783,33.7689],[-80.8112,33.7797],[-80.828,33.7762],[-80.8225,33.787],[-80.8335,33.7855],[-80.8375,33.7939],[-80.8658,33.8027],[-80.8748,33.8155],[-80.9156,33.8114],[-80.9153,33.8339],[-80.9362,33.8264],[-80.9537,33.8427],[-80.9883,33.8498],[-80.9862,33.8575],[-81.0021,33.8631],[-80.9982,33.8768],[-81.0207,33.8847],[-81.0088,33.9041],[-81.0301,33.9136],[-81.017,33.9309],[-81.0547,34.0008],[-81.0975,34.0177],[-81.132,34.0623],[-81.1729,34.0905],[-81.2334,34.1018],[-81.2758,34.0974],[-81.315,34.1461],[-81.3023,34.1624],[-81.3145,34.1869],[-81.3453,34.205]]]}},{"type":"Feature","properties":{"county_fips":"37019","county_name":"Brunswick","state":"NC"},"geometry":{"type":"Polygon","coordinates":[[[-78.6504,33.9457],[-78.6422,33.9581],[-78.6484,33.9655],[-78.6241,33.9733],[-78.6406,34.0103],[-78.6003,34.03],[-78.5908,34.0272],[-78.5793,34.0369],[-78.5796,34.0516],[-78.5571,34.0618],[-78.5602,34.0921],[-78.5441,34.0999],[-78.554,34.1041],[-78.549,34.1115],[-78.5551,34.1168],[-78.5388,34.1252],[-78.5452,34.1457],[-78.5029,34.1691],[-78.4227,34.1396],[-78.3916,34.1739],[-78.3668,34.1888],[-78.3743,34.2049],[-78.2546,34.2163],[-78.1545,34.365],[-78.1395,34.3655],[-78.1373,34.3717],[-78.1207,34.368],[-78.1028,34.355],[-78.0788,34.3539],[-78.0783,34.3389],[-78.0593,34.3379],[-78.0598,34.3448],[-78.0467,34.3304],[-78.0263,34.3293],[-78.0262,34.3181],[-78.0087,34.3226],[-78.0159,34.2903],[-78.0059,34.2889],[-78.0048,34.2805],[-77.9902,34.2817],[-78.002,34.2731],[-77.9875,34.2683],[-77.9731,34.2472],[-77.9678,34.2521],[-77.9685,34.2423],[-77.9566,34.2345],[-77.9586,34.1738],[-77.9369,34.1228],[-77.931,34.0503],[-77.9485,33.9713],[-77.9372,33.9292],[-77.9534,33.8956],[-77.9605,33.8432],[-78.0083,33.8642],[-77.9898,33.888],[-77.989,33.9025],[-77.9959,33.9056],[-78.017,33.9023],[-78.0207,33.8883],[-78.1203,33.9103],[-78.2392,33.9175],[-78.3871,33.902],[-78.5405,33.8527],[-78.6504,33.9457]]]}},{"type":"Feature","properties":{"county_fips":"37119","county_name":"Mecklenburg","state":"NC"},"geometry":{"type":"Polygon","coordinates":[[[-81.0576,35.0624],[-81.0521,35.0963],[-81.0325,35.11],[-81.039,35.1263],[-81.051,35.1317],[-81.0471,35.1452],[-81.0058,35.157],[-81.0024,35.1808],[-81.0141,35.222],[-81.0083,35.2481],[-81.0151,35.2687],[-81.0009,35.3054],[-80.9817,35.3272],[-80.9849,35.3401],[-80.9694,35.3514],[-80.9621,35.347],[-80.923,35.3599],[-80.9613,35.3755],[-80.9764,35.3642],[-80.9868,35.379],[-80.9552,35.3932],[-80.9587,35.4326],[-80.9425,35.4577],[-80.9515,35.4671],[-80.9473,35.4885],[-80.9067,35.5148],[-80.7842,35.506],[-80.7868,35.493],[-80.7522,35.4141],[-80.7635,35.4121],[-80.7664,35.4015],[-80.6931,35.3464],[-80.6671,35.2688],[-80.5503,35.2084],[-80.7676,35.0363],[-80.8045,35.0277],[-80.8404,35.0016],[-80.935,35.1074],[-81.0415,35.0447],[-81.0576,35.0624]]]}},{"type":"Feature","properties":{"county_fips":"37145","county_name":"Person","state":"NC"},"geometry":{"type":"Polygon","coordinates":[[[-79.154,36.2419],[-79.1383,36.5417],[-78.7963,36.5417],[-78.8023,36.2358],[-79.154,36.2419]]]}},{"type":"Feature","properties":{"county_fips":"45083","county_name":"Spartanburg","state":"SC"},"geometry":{"type":"Polygon","coordinates":[[[-82.2263,34.8525],[-82.2159,35.196],[-81.8747,35.1841],[-81.8061,35.0572],[-81.8076,35.0356],[-81.7943,35.0354],[-81.7857,35.0193],[-81.7552,34.9306],[-81.7347,34.9328],[-81.7141,34.9129],[-81.7828,34.8372],[-81.8204,34.6865],[-81.8519,34.5948],[-81.8636,34.5802],[-81.8712,34.5929],[-81.8802,34.5967],[-81.8903,34.5901],[-81.8938,34.6017],[-81.9103,34.603],[-81.9519,34.6495],[-82.0046,34.6623],[-82.0587,34.7017],[-82.0694,34.7023],[-82.0666,34.7152],[-82.0788,34.7194],[-82.0839,34.7448],[-82.1011,34.744],[-82.1094,34.7563],[-82.1152,34.7489],[-82.1354,34.7731],[-82.1319,34.7788],[-82.1535,34.782],[-82.1688,34.7971],[-82.1652,34.8069],[-82.1734,34.806],[-82.1958,34.835],[-82.2263,34.8525]]]}},{"type":"Feature","properties":{"county_fips":"51141","county_name":"Patrick","state":"VA"},"geometry":{"type":"Polygon","coordinates":[[[-80.6256,36.6062],[-80.5949,36.6614],[-80.5781,36.6621],[-80.539,36.641],[-80.5012,36.6566],[-80.4887,36.6504],[-80.4893,36.6619],[-80.466,36.6731],[-80.4538,36.7004],[-80.4642,36.7087],[-80.4526,36.7325],[-80.4578,36.7392],[-80.4438,36.7479],[-80.3948,36.7444],[-80.3974,36.7643],[-80.3877,36.77],[-80.3869,36.7977],[-80.35,36.809],[-80.3416,36.8202],[-80.3443,36.8323],[-80.3287,36.8306],[-80.3173,36.8437],[-80.3052,36.8423],[-80.2884,36.8588],[-80.2552,36.8647],[-80.2533,36.8707],[-80.0744,36.8466],[-80.0664,36.8411],[-80.0789,36.8352],[-80.0707,36.8305],[-80.0727,36.8233],[-80.0417,36.7979],[-80.0951,36.7782],[-80.0889,36.7599],[-80.0947,36.7463],[-80.0847,36.7401],[-80.0936,36.7215],[-80.0585,36.6607],[-80.0605,36.6345],[-80.0502,36.6093],[-80.0535,36.5425],[-80.2952,36.544],[-80.6121,36.5579],[-80.615,36.5884],[-80.6256,36.6062]]]}},{"type":"Feature","properties":{"county_fips":"51095","county_name":"James City","state":"VA"},"geometry":{"type":"Polygon","coordinates":[[[-76.9142,37.3568],[-76.8978,37.3738],[-76.9045,37.3777],[-76.9002,37.3858],[-76.8922,37.3834],[-76.9005,37.3959],[-76.8942,37.4002],[-76.8921,37.4324],[-76.8563,37.4481],[-76.8241,37.4507],[-76.7924,37.4354],[-76.7703,37.435],[-76.758,37.4455],[-76.7657,37.4515],[-76.7603,37.4587],[-76.742,37.4671],[-76.7276,37.4442],[-76.6587,37.3801],[-76.68,37.3669],[-76.7419,37.3706],[-76.7555,37.3542],[-76.7545,37.3402],[-76.7346,37.3314],[-76.7279,37.3059],[-76.7405,37.3057],[-76.7249,37.2808],[-76.7422,37.2762],[-76.7386,37.2613],[-76.7263,37.25],[-76.6731,37.2477],[-76.6642,37.2511],[-76.6803,37.2657],[-76.6693,37.266],[-76.6513,37.2392],[-76.6273,37.2315],[-76.6013,37.2376],[-76.578,37.1871],[-76.6111,37.1699],[-76.6299,37.2067],[-76.6598,37.2232],[-76.693,37.2237],[-76.7315,37.2122],[-76.7582,37.2155],[-76.735,37.2032],[-76.7505,37.1901],[-76.7805,37.2093],[-76.7989,37.2347],[-76.8222,37.2436],[-76.8695,37.2422],[-76.8736,37.2501],[-76.8663,37.2585],[-76.8831,37.2759],[-76.8717,37.2956],[-76.88,37.3099],[-76.8736,37.3426],[-76.8806,37.3502],[-76.8735,37.3634],[-76.8848,37.3686],[-76.9096,37.3486],[-76.9142,37.3568]]]}},{"type":"Feature","properties":{"county_fips":"51111","county_name":"Lunenburg","state":"VA"},"geometry":{"type":"Polygon","coordinates":[[[-78.493,36.8912],[-78.4436,37.0794],[-78.3823,37.0895],[-78.3598,37.1061],[-78.2843,37.1015],[-78.2394,37.1201],[-78.2257,37.1072],[-78.2307,37.0988],[-78.2243,37.0897],[-78.193,37.0812],[-78.1888,37.0735],[-78.1707,37.0762],[-78.1714,37.0545],[-78.1199,37.0355],[-78.0826,37.0111],[-78.0036,37.0228],[-78.0274,36.7779],[-78.0475,36.7843],[-78.0581,36.7768],[-78.1052,36.8007],[-78.112,36.7998],[-78.109,36.7892],[-78.1194,36.7871],[-78.1746,36.803],[-78.2418,36.8082],[-78.2434,36.8145],[-78.2821,36.8223],[-78.3296,36.8545],[-78.3449,36.8423],[-78.3681,36.8614],[-78.3972,36.8638],[-78.4212,36.8517],[-78.4301,36.8711],[-78.4633,36.8719],[-78.493,36.8912]]]}},{"type":"Feature","properties":{"county_fips":"51087","county_name":"Henrico","state":"VA"},"geometry":{"type":"Polygon","coordinates":[[[-77.6528,37.5654],[-77.6347,37.566],[-77.6306,37.5767],[-77.6164,37.5776],[-77.6264,37.5988],[-77.6518,37.6167],[-77.6545,37.6407],[-77.6302,37.7073],[-77.6071,37.7097],[-77.5954,37.697],[-77.5579,37.6819],[-77.5222,37.7001],[-77.4949,37.7015],[-77.4806,37.6819],[-77.4716,37.6877],[-77.4603,37.6782],[-77.4432,37.6822],[-77.4207,37.6365],[-77.4054,37.626],[-77.4036,37.6051],[-77.3059,37.561],[-77.2318,37.5396],[-77.1773,37.4906],[-77.226,37.4054],[-77.2151,37.3859],[-77.2346,37.3816],[-77.2487,37.3947],[-77.2539,37.3876],[-77.2484,37.3826],[-77.2675,37.3735],[-77.2697,37.3562],[-77.2865,37.352],[-77.3107,37.3658],[-77.2982,37.3921],[-77.3003,37.4053],[-77.3086,37.404],[-77.3187,37.3802],[-77.3604,37.3749],[-77.3579,37.3842],[-77.3652,37.3909],[-77.3757,37.3817],[-77.3863,37.3866],[-77.3846,37.3975],[-77.3985,37.4054],[-77.3991,37.4213],[-77.4269,37.4261],[-77.4175,37.4518],[-77.4228,37.4961],[-77.4165,37.5171],[-77.3939,37.505],[-77.3943,37.5149],[-77.3874,37.5171],[-77.3939,37.5261],[-77.3855,37.5352],[-77.3932,37.5373],[-77.3951,37.5494],[-77.4117,37.5523],[-77.4133,37.58],[-77.4393,37.5855],[-77.4376,37.5987],[-77.4781,37.5989],[-77.4725,37.5787],[-77.4824,37.5731],[-77.5326,37.5918],[-77.532,37.5826],[-77.5439,37.5813],[-77.5475,37.5725],[-77.5259,37.5682],[-77.5298,37.5592],[-77.606,37.5555],[-77.6528,37.5654]]]}},{"type":"Feature","properties":{"county_fips":"51127","county_name":"New Kent","state":"VA"},"geometry":{"type":"Polygon","coordinates":[[[-77.241,37.5381],[-77.1709,37.5965],[-77.1404,37.5922],[-77.1338,37.6264],[-77.1237,37.6269],[-77.0896,37.6182],[-77.0922,37.6078],[-77.0842,37.5984],[-77.0672,37.6039],[-77.019,37.5835],[-77.0258,37.5734],[-77.0107,37.5638],[-76.984,37.5651],[-76.9808,37.5713],[-76.9927,37.5809],[-76.9653,37.585],[-76.9568,37.557],[-76.9763,37.5448],[-76.953,37.5358],[-76.9453,37.5366],[-76.9373,37.5631],[-76.9072,37.5686],[-76.9053,37.549],[-76.8939,37.5457],[-76.8731,37.5551],[-76.882,37.5765],[-76.8584,37.5795],[-76.854,37.5697],[-76.8778,37.5304],[-76.8574,37.5229],[-76.8211,37.552],[-76.7922,37.5176],[-76.7895,37.5039],[-76.7568,37.4883],[-76.742,37.4671],[-76.7603,37.4587],[-76.7657,37.4515],[-76.758,37.4455],[-76.7703,37.435],[-76.7924,37.4354],[-76.8241,37.4507],[-76.8563,37.4481],[-76.8921,37.4324],[-76.8942,37.4002],[-76.9005,37.3959],[-76.8922,37.3834],[-76.9002,37.3858],[-76.9045,37.3777],[-76.9188,37.3855],[-76.9064,37.3926],[-76.9049,37.4049],[-76.9167,37.3954],[-76.9276,37.3996],[-76.9425,37.3832],[-76.9408,37.4099],[-76.9688,37.4065],[-76.9696,37.4167],[-76.982,37.4209],[-77.0161,37.414],[-77.0267,37.429],[-77.06,37.4293],[-77.0701,37.4399],[-77.0959,37.4403],[-77.1191,37.4558],[-77.1269,37.4716],[-77.1608,37.4753],[-77.1578,37.486],[-77.1704,37.4814],[-77.2212,37.5332],[-77.241,37.5381]]]}},{"type":"Feature","properties":{"county_fips":"51125","county_name":"Nelson","state":"VA"},"geometry":{"type":"Polygon","coordinates":[[[-79.171,37.8055],[-79.1445,37.8559],[-79.1574,37.891],[-79.0623,37.9175],[-79.0523,37.9128],[-79.0443,37.8909],[-79.0173,37.8932],[-79.0051,37.8817],[-78.9811,37.906],[-78.9552,37.9167],[-78.9569,37.9259],[-78.9421,37.9402],[-78.8991,37.9489],[-78.9023,37.9582],[-78.8926,37.975],[-78.9077,37.9762],[-78.9069,37.9875],[-78.8879,37.9966],[-78.8737,38.0286],[-78.8598,38.0285],[-78.8389,38.0474],[-78.6824,37.7811],[-78.6933,37.7712],[-78.6843,37.7738],[-78.6675,37.7594],[-78.6834,37.7597],[-78.6861,37.7375],[-78.6623,37.7227],[-78.6439,37.7331],[-78.6559,37.7039],[-78.6408,37.6861],[-78.6604,37.6778],[-78.6771,37.6962],[-78.6913,37.6984],[-78.6957,37.6929],[-78.6883,37.6781],[-78.7104,37.6724],[-78.719,37.6615],[-78.7158,37.6366],[-78.7394,37.6315],[-78.7949,37.6426],[-78.8212,37.6318],[-78.8235,37.6217],[-78.8099,37.6044],[-78.8328,37.5905],[-78.8132,37.5672],[-78.8247,37.5592],[-78.8249,37.5373],[-78.8692,37.5421],[-78.8834,37.5506],[-78.8954,37.5431],[-78.9717,37.6705],[-78.9672,37.6773],[-78.9833,37.6826],[-78.9864,37.6977],[-79.0309,37.7026],[-79.0669,37.7191],[-79.0722,37.7622],[-79.067,37.7701],[-79.0744,37.7812],[-79.1143,37.7864],[-79.1201,37.8014],[-79.138,37.8141],[-79.171,37.8055]]]}},{"type":"Feature","properties":{"county_fips":"51145","county_name":"Powhatan","state":"VA"},"geometry":{"type":"Polygon","coordinates":[[[-78.132,37.4547],[-78.0895,37.6394],[-78.075,37.6574],[-78.0477,37.6434],[-78.0175,37.6426],[-77.9833,37.6246],[-77.9567,37.6251],[-77.9437,37.6386],[-77.956,37.6608],[-77.9498,37.6744],[-77.9157,37.6914],[-77.8973,37.6682],[-77.8306,37.6331],[-77.8179,37.6078],[-77.7653,37.6126],[-77.7321,37.5897],[-77.7056,37.5892],[-77.6554,37.564],[-77.7978,37.4589],[-77.8083,37.4268],[-77.8467,37.4151],[-77.8589,37.4226],[-77.8666,37.4568],[-77.8945,37.4496],[-77.8982,37.4748],[-77.9852,37.4861],[-77.9987,37.4979],[-78.0154,37.4912],[-78.0172,37.4715],[-78.0493,37.4723],[-78.0661,37.452],[-78.0924,37.4557],[-78.0987,37.4406],[-78.1008,37.4481],[-78.1243,37.4454],[-78.132,37.4547]]]}},{"type":"Feature","properties":{"county_fips":"51075","county_name":"Goochland","state":"VA"},"geometry":{"type":"Polygon","coordinates":[[[-78.159,37.7493],[-78.0633,37.9051],[-78.0556,37.9048],[-77.9991,37.8739],[-77.9876,37.8646],[-77.9908,37.8575],[-77.9469,37.8526],[-77.9403,37.838],[-77.9072,37.8219],[-77.8972,37.8033],[-77.9077,37.792],[-77.9091,37.7763],[-77.8818,37.7572],[-77.858,37.7595],[-77.8592,37.7541],[-77.8445,37.7491],[-77.8183,37.7462],[-77.784,37.7216],[-77.7117,37.7063],[-77.6308,37.7057],[-77.6545,37.6407],[-77.6518,37.6167],[-77.6264,37.5988],[-77.6164,37.5776],[-77.6554,37.564],[-77.7056,37.5892],[-77.7321,37.5897],[-77.7653,37.6126],[-77.815,37.6066],[-77.8237,37.6114],[-77.8306,37.6331],[-77.8973,37.6682],[-77.9157,37.6914],[-77.9498,37.6744],[-77.956,37.6608],[-77.9437,37.6386],[-77.9567,37.6251],[-77.9796,37.6238],[-78.0175,37.6426],[-78.0477,37.6434],[-78.0843,37.6684],[-78.1074,37.6717],[-78.1096,37.6808],[-78.0908,37.6966],[-78.0927,37.7082],[-78.159,37.7493]]]}},{"type":"Feature","properties":{"county_fips":"51097","county_name":"King and Queen","state":"VA"},"geometry":{"type":"Polygon","coordinates":[[[-77.187,37.901],[-77.1748,37.9032],[-77.1864,37.9112],[-77.1788,37.929],[-77.184,37.9414],[-77.167,37.9641],[-77.1486,37.972],[-77.1065,37.9716],[-77.0968,37.9639],[-77.0723,37.9683],[-77.0643,37.9584],[-77.0728,37.9464],[-77.0597,37.9431],[-77.0552,37.9309],[-77.034,37.9255],[-77.0241,37.9049],[-77.0317,37.8912],[-77.0202,37.8853],[-77.0229,37.8796],[-77.0396,37.8767],[-77.0412,37.869],[-77.0202,37.861],[-77.019,37.8449],[-77.0062,37.8371],[-76.9828,37.8394],[-76.9699,37.8287],[-76.9452,37.8282],[-76.9432,37.783],[-76.9064,37.7962],[-76.8777,37.7821],[-76.8426,37.798],[-76.7946,37.7898],[-76.7895,37.7712],[-76.7555,37.7439],[-76.7472,37.7058],[-76.7321,37.6881],[-76.7253,37.692],[-76.7282,37.6756],[-76.718,37.6577],[-76.7068,37.6528],[-76.6823,37.6172],[-76.6541,37.6032],[-76.6693,37.5285],[-76.6456,37.4863],[-76.6622,37.4578],[-76.674,37.4613],[-76.687,37.4479],[-76.7021,37.4505],[-76.7123,37.4313],[-76.7276,37.4442],[-76.7517,37.4839],[-76.7909,37.5058],[-76.7887,37.5372],[-76.7771,37.5507],[-76.7852,37.5691],[-76.7996,37.5736],[-76.7957,37.5893],[-76.823,37.5916],[-76.8258,37.5973],[-76.8147,37.6042],[-76.8334,37.607],[-76.8388,37.6168],[-76.8682,37.6178],[-76.8558,37.6362],[-76.8805,37.6571],[-76.9124,37.6568],[-76.906,37.6705],[-76.9167,37.6953],[-76.9669,37.6898],[-76.9751,37.7084],[-77.0006,37.7085],[-77.0125,37.7228],[-77.0352,37.7209],[-77.0594,37.7495],[-77.0822,37.7471],[-77.0895,37.7552],[-77.0737,37.7732],[-77.0992,37.7834],[-77.1068,37.7943],[-77.0925,37.8022],[-77.0935,37.8101],[-77.1208,37.8076],[-77.1159,37.8148],[-77.1265,37.8266],[-77.1215,37.8369],[-77.1413,37.8561],[-77.1332,37.8654],[-77.1636,37.8658],[-77.1495,37.8821],[-77.1636,37.883],[-77.169,37.897],[-77.1808,37.8899],[-77.187,37.901]]]}},{"type":"Feature","properties":{"county_fips":"12101","county_name":"Pasco","state":"FL"},"geometry":{"type":"MultiPolygon","coordinates":[[[[-82.7991,28.1853],[-82.756,28.2281],[-82.7645,28.2321],[-82.7622,28.2421],[-82.7484,28.2468],[-82.7582,28.2549],[-82.7493,28.2559],[-82.737,28.2745],[-82.7435,28.2787],[-82.7254,28.2901],[-82.7353,28.2994],[-82.7315,28.325],[-82.7104,28.352],[-82.7181,28.3573],[-82.7013,28.3748],[-82.7064,28.4031],[-82.6878,28.4087],[-82.6999,28.4125],[-82.6973,28.4202],[-82.6699,28.4336],[-82.2534,28.4348],[-82.2533,28.4785],[-82.0547,28.4784],[-82.0555,28.2589],[-82.1062,28.2592],[-82.1059,28.1716],[-82.7855,28.1726],[-82.7991,28.1853]]],[[[-82.8001,28.1732],[-82.7983,28.1749],[-82.7984,28.1739],[-82.8001,28.1732]]],[[[-82.8043,28.1764],[-82.8035,28.1779],[-82.8016,28.1765],[-82.8043,28.1764]]],[[[-82.8061,28.173],[-82.8042,28.1741],[-82.8041,28.1731],[-82.8061,28.173]]],[[[-82.8524,28.2102],[-82.8404,28.212],[-82.8484,28.2045],[-82.843,28.1717],[-82.8524,28.2102]]]]}},{"type":"Feature","properties":{"county_fips":"12089","county_name":"Nassau","state":"FL"},"geometry":{"type":"Polygon","coordinates":[[[-82.0504,30.6763],[-82.0364,30.7066],[-82.0448,30.7285],[-82.0387,30.7511],[-82.0114,30.7626],[-82.022,30.7882],[-82.0048,30.7914],[-81.9777,30.7766],[-81.9629,30.7958],[-81.9639,30.8181],[-81.9388,30.8288],[-81.927,30.8176],[-81.9109,30.8161],[-81.9014,30.8299],[-81.8815,30.7999],[-81.8683,30.7929],[-81.8074,30.7901],[-81.7985,30.7823],[-81.7944,30.787],[-81.7822,30.7613],[-81.7719,30.7638],[-81.7696,30.7771],[-81.7408,30.765],[-81.742,30.7591],[-81.7199,30.7446],[-81.6948,30.7484],[-81.6728,30.7389],[-81.6725,30.7484],[-81.6831,30.7485],[-81.6633,30.7544],[-81.6627,30.743],[-81.6523,30.7431],[-81.6531,30.7298],[-81.6307,30.7281],[-81.6244,30.7363],[-81.6235,30.7247],[-81.6107,30.7162],[-81.6009,30.7294],[-81.5971,30.7193],[-81.5737,30.7223],[-81.5607,30.7117],[-81.5493,30.7183],[-81.5384,30.7087],[-81.5312,30.7242],[-81.4873,30.7261],[-81.4726,30.7133],[-81.4258,30.7005],[-81.4419,30.6014],[-81.4376,30.5187],[-81.4799,30.5335],[-81.4996,30.5638],[-81.514,30.5673],[-81.5238,30.5563],[-81.5199,30.5436],[-81.5263,30.5312],[-81.543,30.5239],[-81.5509,30.543],[-81.5678,30.5366],[-81.5854,30.5442],[-81.5844,30.566],[-81.6096,30.554],[-81.6142,30.5631],[-81.6015,30.5677],[-81.611,30.5759],[-81.606,30.5855],[-81.6499,30.5766],[-81.6637,30.5508],[-81.6739,30.5662],[-81.6955,30.5632],[-81.6976,30.5696],[-81.7046,30.5636],[-81.7219,30.5719],[-81.7268,30.5594],[-81.7363,30.5571],[-81.7384,30.5346],[-81.7637,30.5349],[-81.7653,30.5187],[-81.7816,30.5033],[-81.7949,30.5054],[-81.8095,30.4845],[-82.0492,30.2734],[-82.05,30.3624],[-82.0368,30.3779],[-82.0372,30.4345],[-82.0178,30.4751],[-82.0184,30.5312],[-82.0055,30.5635],[-82.0157,30.6017],[-82.0273,30.6067],[-82.0285,30.6218],[-82.0495,30.6555],[-82.0504,30.6763]]]}},{"type":"Feature","properties":{"county_fips":"13039","county_name":"Camden","state":"GA"},"geometry":{"type":"Polygon","coordinates":[[[-81.9367,31.0608],[-81.9263,31.0609],[-81.9274,31.0789],[-81.9159,31.0953],[-81.8407,31.0977],[-81.8191,31.1365],[-81.8016,31.1513],[-81.7907,31.146],[-81.7662,31.1697],[-81.7624,31.1533],[-81.7242,31.1496],[-81.6862,31.1224],[-81.6621,31.1256],[-81.6328,31.1078],[-81.623,31.1166],[-81.5821,31.115],[-81.5704,31.1292],[-81.5603,31.1288],[-81.5616,31.1107],[-81.5727,31.0956],[-81.5567,31.0808],[-81.5398,31.0838],[-81.5266,31.0632],[-81.4929,31.0548],[-81.4827,31.0326],[-81.4547,31.0371],[-81.4449,31.029],[-81.4431,31.0167],[-81.4578,31.0103],[-81.461,30.9991],[-81.4906,30.985],[-81.487,30.9696],[-81.4668,30.9709],[-81.448,30.9655],[-81.4474,30.9567],[-81.4269,30.9566],[-81.4201,30.9741],[-81.4085,30.9777],[-81.4041,30.9037],[-81.4601,30.7699],[-81.4595,30.742],[-81.4441,30.7097],[-81.4726,30.7133],[-81.4873,30.7261],[-81.5312,30.7242],[-81.5384,30.7087],[-81.5493,30.7183],[-81.5607,30.7117],[-81.5737,30.7223],[-81.5971,30.7193],[-81.6009,30.7294],[-81.6107,30.7162],[-81.6235,30.7247],[-81.6244,30.7363],[-81.6307,30.7281],[-81.6531,30.7298],[-81.6523,30.7431],[-81.6627,30.743],[-81.6633,30.7544],[-81.6831,30.7485],[-81.6725,30.7484],[-81.6728,30.7389],[-81.6948,30.7484],[-81.7199,30.7446],[-81.7617,30.7757],[-81.7713,30.7763],[-81.7719,30.7638],[-81.7822,30.7613],[-81.7944,30.787],[-81.8392,30.7866],[-81.8815,30.7999],[-81.8929,30.8255],[-81.9049,30.8283],[-81.8921,30.9099],[-81.8952,30.9048],[-81.9062,30.9092],[-81.9026,30.9152],[-81.9155,30.9131],[-81.8925,30.9512],[-81.8919,30.9602],[-81.9174,30.9849],[-81.9146,30.9957],[-81.9079,30.9948],[-81.9114,31.0107],[-81.9028,31.0294],[-81.9115,31.0432],[-81.936,31.048],[-81.9367,31.0608]]]}},{"type":"Feature","properties":{"county_fips":"12105","county_name":"Polk","state":"FL"},"geometry":{"type":"Polygon","coordinates":[[[-82.1062,28.2592],[-82.0555,28.2589],[-82.0558,28.3128],[-82.0399,28.3203],[-82.0076,28.3232],[-81.9858,28.3053],[-81.958,28.3089],[-81.9576,28.3452],[-81.8575,28.346],[-81.8576,28.3619],[-81.7909,28.3618],[-81.7907,28.3464],[-81.6573,28.3471],[-81.6572,28.2592],[-81.5575,28.2594],[-81.5241,28.201],[-81.5242,28.1428],[-81.4562,28.1432],[-81.4558,28.0849],[-81.3464,28.0847],[-81.3463,28.0697],[-81.365,28.0682],[-81.3626,28.0405],[-81.3756,28.0297],[-81.3787,28.0117],[-81.394,28.028],[-81.428,28.0393],[-81.4407,28.0586],[-81.4574,28.0551],[-81.4588,28.0401],[-81.4403,28.0339],[-81.4156,27.9982],[-81.387,28.0036],[-81.3765,27.9783],[-81.3367,27.9496],[-81.3384,27.9392],[-81.3471,27.9373],[-81.3086,27.9216],[-81.3149,27.9012],[-81.3016,27.8619],[-81.2333,27.8437],[-81.2081,27.8211],[-81.1877,27.7755],[-81.1729,27.7605],[-81.1785,27.7519],[-81.165,27.7422],[-81.1687,27.726],[-81.1458,27.7102],[-81.149,27.692],[-81.1441,27.6693],[-81.1318,27.6615],[-81.1325,27.6475],[-82.0543,27.6464],[-82.0563,28.1716],[-82.1059,28.1716],[-82.1062,28.2592]]]}},{"type":"Feature","properties":{"county_fips":"37021","county_name":"Buncombe","state":"NC"},"geometry":{"type":"Polygon","coordinates":[[[-82.8881,35.673],[-82.8492,35.7015],[-82.8047,35.6862],[-82.7928,35.6967],[-82.754,35.7035],[-82.7492,35.7125],[-82.7334,35.7139],[-82.7311,35.7222],[-82.7138,35.7178],[-82.7119,35.733],[-82.6698,35.7258],[-82.677,35.7349],[-82.5147,35.8032],[-82.4758,35.7983],[-82.4641,35.8093],[-82.4358,35.8086],[-82.382,35.824],[-82.3621,35.8213],[-82.3383,35.8017],[-82.3463,35.7872],[-82.3347,35.7488],[-82.3131,35.7336],[-82.2913,35.7299],[-82.2759,35.7144],[-82.2754,35.7044],[-82.2949,35.6839],[-82.2811,35.6702],[-82.2854,35.6479],[-82.2645,35.6175],[-82.291,35.5913],[-82.2513,35.5599],[-82.22,35.5531],[-82.169,35.5278],[-82.2332,35.5194],[-82.2243,35.4983],[-82.2514,35.4607],[-82.3326,35.5002],[-82.341,35.4889],[-82.3693,35.4855],[-82.3631,35.461],[-82.4178,35.4744],[-82.4706,35.4452],[-82.5339,35.4444],[-82.5332,35.4164],[-82.5469,35.4252],[-82.5423,35.4313],[-82.5488,35.4443],[-82.5612,35.4432],[-82.5708,35.4311],[-82.6087,35.4433],[-82.622,35.4357],[-82.6732,35.4595],[-82.7057,35.4526],[-82.7429,35.4241],[-82.7556,35.4251],[-82.7817,35.4395],[-82.7995,35.4712],[-82.7824,35.5043],[-82.7802,35.5257],[-82.7659,35.539],[-82.7775,35.5556],[-82.7659,35.5676],[-82.781,35.5888],[-82.7993,35.5981],[-82.8121,35.6275],[-82.8517,35.6173],[-82.8517,35.6353],[-82.8649,35.6347],[-82.8782,35.6678],[-82.8881,35.673]]]}},{"type":"Feature","properties":{"county_fips":"45075","county_name":"Orangeburg","state":"SC"},"geometry":{"type":"Polygon","coordinates":[[[-81.3735,33.4905],[-81.1873,33.6529],[-81.0429,33.7071],[-80.9655,33.6253],[-80.9421,33.6419],[-80.9398,33.6088],[-80.9197,33.6055],[-80.8814,33.6197],[-80.8076,33.6041],[-80.6941,33.5219],[-80.694,33.506],[-80.659,33.471],[-80.6113,33.4704],[-80.6247,33.4989],[-80.5882,33.5386],[-80.6103,33.5507],[-80.6036,33.5554],[-80.5523,33.5654],[-80.5514,33.5587],[-80.5401,33.5618],[-80.5033,33.5358],[-80.5056,33.5526],[-80.485,33.56],[-80.4684,33.5411],[-80.4554,33.5471],[-80.4475,33.5405],[-80.4473,33.5245],[-80.468,33.525],[-80.4677,33.5162],[-80.4564,33.5122],[-80.4611,33.5043],[-80.4391,33.502],[-80.437,33.478],[-80.3938,33.4458],[-80.3545,33.4304],[-80.3236,33.4312],[-80.282,33.4484],[-80.2679,33.4379],[-80.2399,33.4547],[-80.2391,33.44],[-80.2223,33.4437],[-80.2226,33.3913],[-80.2299,33.3916],[-80.2302,33.3841],[-80.2385,33.3912],[-80.2416,33.3831],[-80.2396,33.3522],[-80.2538,33.2993],[-80.3019,33.2675],[-80.3172,33.2641],[-80.3489,33.278],[-80.3591,33.272],[-80.3619,33.2574],[-80.3942,33.2647],[-80.4362,33.26],[-80.4846,33.28],[-80.5028,33.3345],[-80.7979,33.1769],[-80.817,33.1875],[-80.8247,33.2016],[-80.8375,33.2037],[-80.8462,33.2383],[-80.8876,33.2579],[-80.8852,33.2629],[-80.9487,33.3093],[-80.9619,33.3081],[-80.9683,33.3188],[-80.9797,33.3181],[-81.0048,33.3363],[-81.0478,33.3492],[-81.0886,33.3796],[-81.1113,33.3809],[-81.164,33.4093],[-81.1895,33.4117],[-81.2061,33.4373],[-81.2537,33.4462],[-81.2969,33.4799],[-81.3442,33.4809],[-81.3735,33.4905]]]}},{"type":"Feature","properties":{"county_fips":"12029","county_name":"Dixie","state":"FL"},"geometry":{"type":"MultiPolygon","coordinates":[[[[-82.9187,29.8241],[-82.904,29.8243],[-82.9123,29.8208],[-82.9187,29.8241]]],[[[-83.4148,29.6636],[-83.3985,29.6739],[-83.3632,29.6682],[-83.3654,29.6758],[-83.3507,29.6953],[-83.3457,29.7435],[-83.3195,29.7783],[-83.3189,29.8226],[-82.9206,29.8241],[-82.9355,29.807],[-82.9198,29.7957],[-82.9374,29.7836],[-82.9497,29.7579],[-82.9388,29.7502],[-82.9497,29.7263],[-82.9432,29.7176],[-82.9566,29.7187],[-82.9372,29.7027],[-82.9574,29.7005],[-82.9591,29.67],[-82.9518,29.6598],[-82.956,29.6401],[-82.9731,29.6243],[-82.9722,29.609],[-82.9549,29.5856],[-82.9418,29.5932],[-82.9371,29.5883],[-82.9479,29.5575],[-82.9773,29.5399],[-82.9694,29.5223],[-82.9829,29.5154],[-82.9849,29.4691],[-82.9998,29.4633],[-83.0212,29.4312],[-83.0161,29.4227],[-83.0269,29.4189],[-83.0233,29.3986],[-83.0647,29.374],[-83.0622,29.3642],[-83.0721,29.3539],[-83.0605,29.3495],[-83.0904,29.3328],[-83.0988,29.3369],[-83.1129,29.3181],[-83.142,29.3226],[-83.1648,29.2892],[-83.1746,29.3071],[-83.1562,29.3249],[-83.1726,29.3301],[-83.1739,29.3468],[-83.1911,29.3682],[-83.2025,29.3713],[-83.2024,29.3944],[-83.2113,29.3983],[-83.2181,29.4205],[-83.2405,29.4332],[-83.2937,29.437],[-83.2897,29.4448],[-83.3144,29.4751],[-83.3311,29.4756],[-83.3567,29.4999],[-83.3703,29.4999],[-83.4003,29.5172],[-83.3957,29.5263],[-83.4072,29.5706],[-83.4014,29.6334],[-83.4148,29.6636]]]]}},{"type":"Feature","properties":{"county_fips":"45019","county_name":"Charleston","state":"SC"},"geometry":{"type":"MultiPolygon","coordinates":[[[[-79.5079,33.0201],[-79.5024,33.0206],[-79.501,33.0182],[-79.5031,33.0176],[-79.5079,33.0201]]],[[[-79.5522,32.9888],[-79.5487,32.993],[-79.5452,32.9907],[-79.5522,32.9888]]],[[[-80.182,32.5472],[-80.1845,32.5536],[-80.1772,32.5483],[-80.182,32.5472]]],[[[-80.4536,32.7405],[-80.4475,32.7627],[-80.4329,32.7785],[-80.4358,32.7882],[-80.4054,32.815],[-80.3941,32.8445],[-80.4013,32.8585],[-80.3018,32.8519],[-80.1493,32.8182],[-80.1608,32.8409],[-80.1837,32.8471],[-80.1857,32.8608],[-80.1767,32.8671],[-80.1613,32.8559],[-80.1549,32.8651],[-80.1622,32.8746],[-80.1448,32.8876],[-80.1254,32.8896],[-80.1228,32.9018],[-80.1195,32.8936],[-80.0977,32.887],[-80.0798,32.9282],[-80.1413,32.9792],[-80.1105,32.9855],[-80.1355,32.9989],[-80.146,32.9843],[-80.1676,33.0026],[-80.1626,33.0105],[-80.17,33.0043],[-80.1764,33.01],[-80.1607,33.0208],[-80.1492,33.0216],[-80.1134,32.9981],[-80.1027,33.0013],[-80.1051,32.9925],[-80.0982,32.9881],[-80.056,32.9994],[-80.0401,32.9827],[-80.0415,32.955],[-80.0118,32.8999],[-79.9482,32.9083],[-79.9624,32.8911],[-79.9637,32.8754],[-79.9563,32.86],[-79.9312,32.85],[-79.9297,32.8232],[-79.9138,32.8157],[-79.8962,32.8297],[-79.8959,32.8599],[-79.853,32.8761],[-79.8359,32.9198],[-79.826,32.9186],[-79.7814,32.9438],[-79.7716,32.9418],[-79.7634,32.9563],[-79.7693,32.9716],[-79.7621,32.9891],[-79.7303,33.0126],[-79.7164,33.0386],[-79.6605,33.0908],[-79.6423,33.1244],[-79.6123,33.1384],[-79.6029,33.1338],[-79.5623,33.1563],[-79.5339,33.1438],[-79.522,33.1467],[-79.4773,33.2089],[-79.4503,33.2073],[-79.4377,33.2152],[-79.404,33.1838],[-79.3513,33.1535],[-79.3333,33.1558],[-79.2688,33.136],[-79.2756,33.1168],[-79.3282,33.0904],[-79.3623,33.0091],[-79.4231,33.0102],[-79.4011,33.0112],[-79.4044,33.0196],[-79.4833,33.0098],[-79.5069,33.0328],[-79.5252,33.0373],[-79.5711,33.0138],[-79.6176,32.9527],[-79.6075,32.9262],[-79.5741,32.9325],[-79.5811,32.9064],[-79.6311,32.8886],[-79.6981,32.8513],[-79.7264,32.806],[-79.814,32.7748],[-79.824,32.7627],[-79.8488,32.7536],[-79.878,32.7857],[-79.9232,32.7818],[-79.9285,32.7542],[-79.8791,32.7508],[-79.8709,32.7424],[-79.8701,32.73],[-79.8871,32.7019],[-79.8856,32.6849],[-79.9743,32.641],[-79.9922,32.611],[-80.0981,32.5983],[-80.1454,32.5781],[-80.1666,32.5602],[-80.195,32.56],[-80.3182,32.5113],[-80.3229,32.5237],[-80.3483,32.5254],[-80.35,32.5187],[-80.3246,32.5037],[-80.3267,32.4931],[-80.3513,32.4987],[-80.3815,32.5302],[-80.4149,32.5465],[-80.4123,32.5569],[-80.3957,32.5617],[-80.3891,32.5738],[-80.3972,32.5919],[-80.3872,32.6151],[-80.3991,32.6183],[-80.4204,32.6042],[-80.428,32.6225],[-80.4075,32.6271],[-80.389,32.6523],[-80.4049,32.6524],[-80.4209,32.6701],[-80.4227,32.6885],[-80.4159,32.6947],[-80.4228,32.7146],[-80.4354,32.7131],[-80.4296,32.7204],[-80.4471,32.7284],[-80.4536,32.7405]]]]}},{"type":"Feature","properties":{"county_fips":"45003","county_name":"Aiken","state":"SC"},"geometry":{"type":"Polygon","coordinates":[[[-82.0125,33.5321],[-81.5715,33.8773],[-81.5611,33.8628],[-81.5464,33.8586],[-81.515,33.8131],[-81.4606,33.7973],[-81.4357,33.7757],[-81.4267,33.7431],[-81.4152,33.7321],[-81.3645,33.7281],[-81.2905,33.6942],[-81.2701,33.6939],[-81.1873,33.6529],[-81.3729,33.4904],[-81.7571,33.1981],[-81.774,33.2211],[-81.7845,33.2081],[-81.8065,33.2121],[-81.8092,33.2221],[-81.8529,33.2487],[-81.84,33.2546],[-81.8469,33.2666],[-81.8344,33.2584],[-81.8283,33.263],[-81.836,33.2635],[-81.8325,33.2756],[-81.8633,33.2892],[-81.86,33.2991],[-81.8487,33.2967],[-81.8476,33.3071],[-81.8561,33.3099],[-81.8639,33.302],[-81.8692,33.3138],[-81.8812,33.3025],[-81.8825,33.317],[-81.8925,33.3153],[-81.8892,33.3211],[-81.8986,33.3229],[-81.902,33.3359],[-81.9061,33.3216],[-81.9137,33.32],[-81.9081,33.3271],[-81.9189,33.335],[-81.9089,33.3463],[-81.9193,33.3403],[-81.9397,33.3449],[-81.9353,33.3568],[-81.9463,33.3706],[-81.9248,33.3741],[-81.9456,33.4058],[-81.9248,33.4124],[-81.9124,33.4081],[-81.9108,33.415],[-81.9323,33.4266],[-81.9135,33.4413],[-81.9294,33.4658],[-81.9859,33.4865],[-82.0125,33.5321]]]}},{"type":"Feature","properties":{"county_fips":"45057","county_name":"Lancaster","state":"SC"},"geometry":{"type":"Polygon","coordinates":[[[-80.9093,35.0176],[-80.8973,35.0353],[-80.9059,35.0468],[-80.8996,35.0599],[-80.9062,35.0764],[-80.782,34.9358],[-80.7975,34.8198],[-80.5617,34.8175],[-80.5524,34.7919],[-80.5147,34.7666],[-80.5162,34.7589],[-80.4856,34.7174],[-80.4885,34.7046],[-80.4752,34.6992],[-80.4608,34.677],[-80.4503,34.6758],[-80.4402,34.658],[-80.4318,34.66],[-80.435,34.6421],[-80.4139,34.6278],[-80.4192,34.62],[-80.4084,34.6148],[-80.5507,34.56],[-80.5239,34.5098],[-80.5303,34.5037],[-80.544,34.5075],[-80.5489,34.4933],[-80.5794,34.4846],[-80.5958,34.5021],[-80.6104,34.4888],[-80.6136,34.4999],[-80.6296,34.4987],[-80.6296,34.4912],[-80.6227,34.4915],[-80.6281,34.4824],[-80.6322,34.4914],[-80.6456,34.4915],[-80.6452,34.4837],[-80.6584,34.4786],[-80.6891,34.5153],[-80.6982,34.516],[-80.7136,34.4873],[-80.74,34.48],[-80.7456,34.5126],[-80.7377,34.5395],[-80.7433,34.5399],[-80.8792,34.4578],[-80.8987,34.4867],[-80.8817,34.5001],[-80.873,34.553],[-80.8783,34.5811],[-80.8922,34.598],[-80.8893,34.6182],[-80.8965,34.6352],[-80.8886,34.6686],[-80.8599,34.7002],[-80.8777,34.7439],[-80.8764,34.7885],[-80.8989,34.8237],[-80.8669,34.8477],[-80.8801,34.8715],[-80.8789,34.901],[-80.8651,34.9239],[-80.874,34.9654],[-80.8847,34.9662],[-80.8857,34.9915],[-80.894,34.9932],[-80.8993,35.0114],[-80.9093,35.0176]]]}},{"type":"Feature","properties":{"county_fips":"51003","county_name":"Albemarle","state":"VA"},"geometry":{"type":"Polygon","coordinates":[[[-78.837,38.0483],[-78.7928,38.0695],[-78.7939,38.0775],[-78.7789,38.0844],[-78.7881,38.1264],[-78.7795,38.1321],[-78.7718,38.1661],[-78.7452,38.2144],[-78.7066,38.2464],[-78.681,38.2549],[-78.6698,38.2473],[-78.6553,38.2603],[-78.6664,38.2661],[-78.6631,38.2779],[-78.2094,38.1311],[-78.254,38.0628],[-78.4967,37.794],[-78.4995,37.7616],[-78.612,37.7563],[-78.6588,37.7228],[-78.6861,37.7375],[-78.6834,37.7597],[-78.6675,37.7594],[-78.6843,37.7738],[-78.6933,37.7712],[-78.6824,37.7811],[-78.837,38.0483]],[[-78.5202,38.0298],[-78.5192,38.0107],[-78.4914,38.0175],[-78.4695,38.0117],[-78.4547,38.0216],[-78.4522,38.0277],[-78.461,38.0285],[-78.4476,38.0564],[-78.4661,38.0457],[-78.4723,38.0488],[-78.4669,38.0678],[-78.495,38.0653],[-78.5076,38.0563],[-78.5068,38.045],[-78.5174,38.0412],[-78.5081,38.0358],[-78.5046,38.0428],[-78.4978,38.0333],[-78.5202,38.0298]]]}},{"type":"Feature","properties":{"county_fips":"51163","county_name":"Rockbridge","state":"VA"},"geometry":{"type":"Polygon","coordinates":[[[-79.687,37.7365],[-79.6062,37.8618],[-79.6282,37.875],[-79.6476,37.8745],[-79.6275,37.9101],[-79.6092,37.9356],[-79.5344,38.003],[-79.5111,38.0353],[-79.5245,38.0411],[-79.4827,38.0861],[-79.184,37.9142],[-79.1465,37.8752],[-79.1515,37.866],[-79.1445,37.8559],[-79.1589,37.8388],[-79.158,37.8199],[-79.171,37.8003],[-79.2094,37.7892],[-79.2316,37.8132],[-79.2558,37.7934],[-79.2647,37.7947],[-79.3083,37.7341],[-79.3167,37.7034],[-79.3406,37.6786],[-79.3452,37.6606],[-79.4018,37.626],[-79.4196,37.6257],[-79.4264,37.6155],[-79.4453,37.6182],[-79.4575,37.5993],[-79.4491,37.5788],[-79.4341,37.5723],[-79.4987,37.5328],[-79.5779,37.5808],[-79.5732,37.5956],[-79.6836,37.6618],[-79.6718,37.6743],[-79.6677,37.6944],[-79.6763,37.6988],[-79.687,37.7365]],[[-79.4616,37.7854],[-79.4557,37.7652],[-79.4153,37.7881],[-79.4371,37.7947],[-79.4616,37.7854]],[[-79.3811,37.7404],[-79.3748,37.7389],[-79.377,37.7278],[-79.3665,37.7261],[-79.3814,37.7066],[-79.3717,37.6957],[-79.357,37.7091],[-79.3483,37.7054],[-79.3565,37.7108],[-79.3352,37.7283],[-79.3401,37.732],[-79.3343,37.7438],[-79.326,37.7433],[-79.331,37.7598],[-79.3429,37.7621],[-79.3811,37.7404]]]}},{"type":"Feature","properties":{"county_fips":"12001","county_name":"Alachua","state":"FL"},"geometry":{"type":"Polygon","coordinates":[[[-82.6586,29.8301],[-82.6414,29.8274],[-82.6313,29.8491],[-82.6178,29.8473],[-82.6197,29.8591],[-82.6063,29.8529],[-82.5865,29.8667],[-82.5926,29.8875],[-82.5759,29.8949],[-82.5795,29.9144],[-82.5547,29.9285],[-82.5416,29.9255],[-82.5241,29.9453],[-82.4845,29.9397],[-82.47,29.9258],[-82.4466,29.9318],[-82.4125,29.922],[-82.3975,29.8861],[-82.335,29.8787],[-82.3142,29.8676],[-82.305,29.8532],[-82.2818,29.8444],[-82.2441,29.8524],[-82.2335,29.8453],[-82.1945,29.8485],[-82.1732,29.837],[-82.1331,29.8359],[-82.1176,29.7906],[-82.0793,29.776],[-82.0882,29.7609],[-82.0731,29.7604],[-82.0579,29.7478],[-82.0555,29.7172],[-82.0491,29.7134],[-82.0561,29.6568],[-82.0567,29.44],[-82.0713,29.4433],[-82.0705,29.4342],[-82.0809,29.4404],[-82.0992,29.4188],[-82.1011,29.4383],[-82.1193,29.4282],[-82.1345,29.435],[-82.1458,29.4176],[-82.1507,29.4265],[-82.1936,29.4209],[-82.2132,29.4318],[-82.2127,29.4656],[-82.1935,29.4614],[-82.199,29.4558],[-82.1916,29.4525],[-82.1881,29.4569],[-82.2036,29.472],[-82.2082,29.4668],[-82.2119,29.4841],[-82.5568,29.4801],[-82.5571,29.5375],[-82.6563,29.5356],[-82.6586,29.8301]]]}},{"type":"Feature","properties":{"county_fips":"51041","county_name":"Chesterfield","state":"VA"},"geometry":{"type":"Polygon","coordinates":[[[-77.8782,37.3835],[-77.8674,37.3938],[-77.8751,37.4171],[-77.8467,37.4151],[-77.8092,37.4261],[-77.7978,37.4589],[-77.6554,37.564],[-77.5955,37.5558],[-77.6012,37.5452],[-77.5924,37.5329],[-77.5545,37.543],[-77.545,37.5281],[-77.5286,37.5319],[-77.5276,37.5094],[-77.5122,37.4725],[-77.4891,37.4556],[-77.4594,37.4643],[-77.4207,37.4475],[-77.4269,37.4261],[-77.3991,37.4213],[-77.3985,37.4054],[-77.3846,37.3975],[-77.3838,37.3844],[-77.3757,37.3817],[-77.369,37.392],[-77.3579,37.3842],[-77.3604,37.3749],[-77.3251,37.3779],[-77.3042,37.4059],[-77.2973,37.3967],[-77.3115,37.3733],[-77.3055,37.358],[-77.2726,37.3533],[-77.2659,37.376],[-77.2497,37.382],[-77.2442,37.3693],[-77.2671,37.3401],[-77.2707,37.3208],[-77.2825,37.3137],[-77.3525,37.3102],[-77.3566,37.2831],[-77.3737,37.2669],[-77.3768,37.2448],[-77.3839,37.2389],[-77.4037,37.2373],[-77.3803,37.2455],[-77.3777,37.271],[-77.3621,37.2839],[-77.3682,37.2985],[-77.3791,37.2841],[-77.4019,37.282],[-77.3997,37.2719],[-77.4123,37.283],[-77.4317,37.2763],[-77.4144,37.2609],[-77.4174,37.2327],[-77.4423,37.2234],[-77.4931,37.2248],[-77.5226,37.2171],[-77.5361,37.2263],[-77.5596,37.225],[-77.5682,37.2393],[-77.5789,37.2379],[-77.6133,37.2709],[-77.6522,37.2658],[-77.6675,37.2925],[-77.6824,37.2918],[-77.6926,37.2814],[-77.7117,37.2998],[-77.7174,37.2849],[-77.7355,37.2842],[-77.7398,37.2687],[-77.7635,37.2707],[-77.7726,37.2876],[-77.8067,37.3045],[-77.809,37.3154],[-77.7963,37.324],[-77.7965,37.3327],[-77.8505,37.3451],[-77.8528,37.3567],[-77.8766,37.3643],[-77.8782,37.3835]]]}},{"type":"Feature","properties":{"county_fips":"51017","county_name":"Bath","state":"VA"},"geometry":{"type":"Polygon","coordinates":[[[-80.0563,37.9523],[-79.9994,37.9958],[-79.9737,38.0326],[-79.9544,38.0804],[-79.9276,38.1048],[-79.939,38.1116],[-79.9448,38.1316],[-79.9187,38.1548],[-79.9149,38.1675],[-79.9212,38.1804],[-79.8452,38.2411],[-79.8171,38.2495],[-79.7983,38.266],[-79.7062,38.2212],[-79.562,38.1988],[-79.5122,38.1804],[-79.5271,38.171],[-79.5215,38.1628],[-79.5319,38.1525],[-79.5092,38.1549],[-79.4839,38.1703],[-79.4367,38.1628],[-79.4933,38.0954],[-79.4827,38.0861],[-79.5245,38.0411],[-79.5111,38.0353],[-79.5344,38.003],[-79.6092,37.9356],[-79.6476,37.8745],[-79.6547,37.8679],[-79.6606,37.8721],[-79.6928,37.8445],[-79.7491,37.8854],[-79.8081,37.8808],[-79.8873,37.893],[-79.9354,37.9544],[-80.0019,37.9605],[-80.0274,37.943],[-80.0563,37.9523]]]}},{"type":"Feature","properties":{"county_fips":"13127","county_name":"Glynn","state":"GA"},"geometry":{"type":"Polygon","coordinates":[[[-81.7826,31.1725],[-81.7668,31.2018],[-81.7472,31.2815],[-81.7343,31.2958],[-81.7317,31.33],[-81.7252,31.3272],[-81.699,31.363],[-81.7048,31.3749],[-81.6972,31.3924],[-81.692,31.4005],[-81.665,31.3999],[-81.626,31.453],[-81.6113,31.4459],[-81.6046,31.4255],[-81.5874,31.4163],[-81.5776,31.3994],[-81.5457,31.3848],[-81.5515,31.3761],[-81.5381,31.3778],[-81.5343,31.3678],[-81.4735,31.3328],[-81.4702,31.3397],[-81.4537,31.3263],[-81.4376,31.3318],[-81.4359,31.3133],[-81.4044,31.3092],[-81.4086,31.2912],[-81.383,31.3171],[-81.316,31.3089],[-81.2982,31.2925],[-81.2835,31.2934],[-81.2696,31.2587],[-81.2828,31.2443],[-81.2905,31.2177],[-81.3031,31.2169],[-81.3311,31.197],[-81.3658,31.1479],[-81.3997,31.1341],[-81.4095,31.1206],[-81.4013,31.0728],[-81.4247,31.0137],[-81.4431,31.0167],[-81.4525,31.0364],[-81.4863,31.0346],[-81.4919,31.0539],[-81.5266,31.0632],[-81.5346,31.0815],[-81.5567,31.0808],[-81.5727,31.0956],[-81.5578,31.1219],[-81.5636,31.1306],[-81.5788,31.116],[-81.623,31.1166],[-81.6328,31.1078],[-81.6621,31.1256],[-81.6862,31.1224],[-81.7242,31.1496],[-81.7624,31.1533],[-81.7636,31.1681],[-81.7763,31.1645],[-81.7826,31.1725]]]}},{"type":"Feature","properties":{"county_fips":"12095","county_name":"Orange","state":"FL"},"geometry":{"type":"Polygon","coordinates":[[[-81.6572,28.5926],[-81.6586,28.7664],[-81.6465,28.7698],[-81.6465,28.7859],[-81.4147,28.7856],[-81.4228,28.7369],[-81.4414,28.7151],[-81.4595,28.7133],[-81.4597,28.6402],[-81.3285,28.6396],[-81.3279,28.6105],[-80.9954,28.6132],[-80.9522,28.6042],[-80.93,28.5632],[-80.9393,28.535],[-80.9114,28.5246],[-80.9066,28.5116],[-80.8857,28.5103],[-80.8826,28.4915],[-80.8753,28.4887],[-80.8708,28.4714],[-80.8945,28.467],[-80.8983,28.4551],[-80.8902,28.4453],[-80.9012,28.4332],[-80.883,28.4082],[-80.8884,28.3855],[-80.8629,28.3475],[-81.6573,28.3471],[-81.6572,28.5698],[-81.6481,28.5845],[-81.6572,28.5926]]]}},{"type":"Feature","properties":{"county_fips":"13029","county_name":"Bryan","state":"GA"},"geometry":{"type":"Polygon","coordinates":[[[-81.7815,32.1525],[-81.4358,32.2413],[-81.4261,32.228],[-81.4292,32.2166],[-81.4129,32.2054],[-81.4186,32.1972],[-81.41,32.1848],[-81.4137,32.1602],[-81.4016,32.1499],[-81.406,32.1019],[-81.4029,32.1073],[-81.3913,32.0998],[-81.3867,32.0822],[-81.3689,32.069],[-81.3752,32.0667],[-81.368,32.0485],[-81.3383,32.0329],[-81.3357,32.022],[-81.3183,32.0155],[-81.3219,32.0074],[-81.3149,32.0114],[-81.3044,32.0007],[-81.3089,31.9823],[-81.2886,31.9772],[-81.288,31.9441],[-81.2731,31.9413],[-81.273,31.925],[-81.258,31.9267],[-81.2657,31.9106],[-81.259,31.9054],[-81.2353,31.9101],[-81.2429,31.8941],[-81.2387,31.8871],[-81.2111,31.9193],[-81.1938,31.9214],[-81.1937,31.9089],[-81.2223,31.8904],[-81.1734,31.8998],[-81.1612,31.8876],[-81.1551,31.8643],[-81.1383,31.8552],[-81.1616,31.8211],[-81.177,31.8161],[-81.1812,31.7956],[-81.161,31.7855],[-81.1736,31.7586],[-81.1564,31.7423],[-81.1547,31.7262],[-81.1928,31.7332],[-81.1984,31.7261],[-81.2209,31.7436],[-81.2609,31.7543],[-81.2704,31.7645],[-81.2735,31.7926],[-81.311,31.7899],[-81.32,31.8089],[-81.315,31.8168],[-81.3282,31.823],[-81.3333,31.8405],[-81.3454,31.837],[-81.3325,31.834],[-81.3429,31.8279],[-81.339,31.8188],[-81.3558,31.8149],[-81.3448,31.8248],[-81.3817,31.854],[-81.3829,31.8761],[-81.3964,31.8832],[-81.3916,31.8936],[-81.4075,31.9442],[-81.4241,31.9382],[-81.4638,31.95],[-81.4755,31.9742],[-81.4848,31.964],[-81.5127,31.9693],[-81.5205,31.9593],[-81.5321,31.9642],[-81.5474,31.9573],[-81.5642,31.9595],[-81.5779,31.9726],[-81.5933,31.9712],[-81.5928,31.9893],[-81.6021,31.9944],[-81.6195,32.0322],[-81.6512,32.0584],[-81.6728,32.0639],[-81.6927,32.0883],[-81.7187,32.0894],[-81.7268,32.0988],[-81.7563,32.1046],[-81.7539,32.1114],[-81.7773,32.1319],[-81.7815,32.1525]]]}},{"type":"Feature","properties":{"county_fips":"37101","county_name":"Johnston","state":"NC"},"geometry":{"type":"Polygon","coordinates":[[[-78.7089,35.5195],[-78.4677,35.7075],[-78.46,35.7057],[-78.256,35.8181],[-78.2439,35.7919],[-78.2509,35.7739],[-78.2383,35.7671],[-78.2327,35.7513],[-78.2188,35.7549],[-78.2085,35.7303],[-78.1823,35.7289],[-78.1609,35.7119],[-78.1578,35.6856],[-78.1256,35.6031],[-78.0648,35.5853],[-78.1549,35.4178],[-78.1537,35.392],[-78.1443,35.3874],[-78.1624,35.3672],[-78.1532,35.3507],[-78.2155,35.3415],[-78.2156,35.3338],[-78.2421,35.32],[-78.269,35.3228],[-78.2897,35.3151],[-78.3066,35.2876],[-78.4118,35.2547],[-78.4919,35.2633],[-78.5383,35.3164],[-78.5328,35.3423],[-78.5688,35.3693],[-78.5725,35.3865],[-78.5927,35.3986],[-78.6272,35.4583],[-78.6503,35.4724],[-78.6606,35.4962],[-78.6755,35.4964],[-78.6869,35.5019],[-78.6897,35.5159],[-78.7089,35.5195]]]}},{"type":"Feature","properties":{"county_fips":"37057","county_name":"Davidson","state":"NC"},"geometry":{"type":"Polygon","coordinates":[[[-80.4874,35.8336],[-80.4768,35.8438],[-80.4626,35.827],[-80.4464,35.8367],[-80.4326,35.8281],[-80.4233,35.852],[-80.3976,35.8412],[-80.3884,35.8455],[-80.3911,35.8694],[-80.4165,35.8805],[-80.4079,35.8915],[-80.3726,35.8845],[-80.3652,35.8934],[-80.3749,35.9113],[-80.3683,35.9276],[-80.3753,35.9566],[-80.3943,35.9728],[-80.33,35.9908],[-80.3303,35.9965],[-80.2138,35.9971],[-80.2137,36.0268],[-80.1498,36.0268],[-80.0432,36.0108],[-80.0668,35.5057],[-80.1833,35.5041],[-80.1992,35.5456],[-80.2098,35.5523],[-80.2089,35.5813],[-80.265,35.6296],[-80.2883,35.6353],[-80.3073,35.6657],[-80.3306,35.6788],[-80.3344,35.6921],[-80.3241,35.7058],[-80.3324,35.7189],[-80.3728,35.7165],[-80.4555,35.7359],[-80.4595,35.746],[-80.4506,35.766],[-80.4767,35.7891],[-80.4644,35.805],[-80.4723,35.8255],[-80.4874,35.8336]]]}},{"type":"Feature","properties":{"county_fips":"45085","county_name":"Sumter","state":"SC"},"geometry":{"type":"Polygon","coordinates":[[[-80.6466,33.999],[-80.6354,34.0014],[-80.6373,34.0076],[-80.6253,34.0037],[-80.628,34.0119],[-80.6155,34.0245],[-80.6021,34.0254],[-80.608,34.0293],[-80.601,34.0394],[-80.6126,34.0518],[-80.6064,34.058],[-80.6312,34.0682],[-80.6195,34.0823],[-80.6362,34.0802],[-80.6157,34.0968],[-80.6203,34.1074],[-80.5801,34.0999],[-80.4799,34.1687],[-80.4813,34.1126],[-80.4055,34.0814],[-80.3956,34.0895],[-80.3787,34.0807],[-80.317,34.0783],[-80.2949,34.0394],[-80.267,34.0331],[-80.2498,33.9922],[-80.1883,34.0049],[-80.1804,33.952],[-80.0704,34.0079],[-80.0268,34.0085],[-80.0006,34.0479],[-79.9598,34.0214],[-79.9469,34.023],[-79.9109,34.0065],[-79.8935,33.988],[-80.1216,33.8696],[-80.1954,33.839],[-80.2554,33.8041],[-80.2712,33.7863],[-80.3971,33.7678],[-80.392,33.7156],[-80.4344,33.7119],[-80.4259,33.7241],[-80.4309,33.7383],[-80.4493,33.7375],[-80.4544,33.7135],[-80.4787,33.7143],[-80.4976,33.6743],[-80.5341,33.6439],[-80.5655,33.6647],[-80.5624,33.6784],[-80.5903,33.6848],[-80.5931,33.7019],[-80.6153,33.7118],[-80.6297,33.7374],[-80.6056,33.7575],[-80.6057,33.7718],[-80.5977,33.7775],[-80.603,33.7853],[-80.5962,33.7864],[-80.6054,33.8047],[-80.5983,33.8045],[-80.6157,33.8145],[-80.6161,33.8343],[-80.6335,33.8527],[-80.623,33.8604],[-80.6256,33.8935],[-80.615,33.8919],[-80.6341,33.9173],[-80.6262,33.9299],[-80.6306,33.9337],[-80.6167,33.9364],[-80.6291,33.9418],[-80.6158,33.9655],[-80.6331,33.9665],[-80.6304,33.9758],[-80.6466,33.999]]]}},{"type":"Feature","properties":{"county_fips":"45061","county_name":"Lee","state":"SC"},"geometry":{"type":"Polygon","coordinates":[[[-80.4813,34.1126],[-80.4799,34.1687],[-80.4609,34.1833],[-80.4545,34.208],[-80.4452,34.206],[-80.4375,34.2167],[-80.4308,34.227],[-80.433,34.2489],[-80.4241,34.2507],[-80.4374,34.2845],[-80.382,34.3052],[-80.353,34.3033],[-80.3658,34.3282],[-80.3638,34.3395],[-80.3251,34.3393],[-80.2887,34.3641],[-80.2756,34.3492],[-80.2529,34.3407],[-80.2436,34.3239],[-80.2063,34.3391],[-80.1851,34.3679],[-80.1772,34.3662],[-80.1702,34.316],[-80.1339,34.2824],[-80.1358,34.2725],[-80.1117,34.2286],[-80.1127,34.197],[-80.1586,34.1616],[-80.1345,34.1285],[-80.1072,34.1152],[-80.0842,34.0911],[-80.0319,34.0768],[-80.0006,34.0479],[-80.0268,34.0085],[-80.0704,34.0079],[-80.1804,33.952],[-80.1883,34.0049],[-80.2498,33.9922],[-80.267,34.0331],[-80.2949,34.0394],[-80.317,34.0783],[-80.3787,34.0807],[-80.3956,34.0895],[-80.4055,34.0814],[-80.4813,34.1126]]]}},{"type":"Feature","properties":{"county_fips":"12093","county_name":"Okeechobee","state":"FL"},"geometry":{"type":"Polygon","coordinates":[[[-81.2139,27.5295],[-81.2025,27.5394],[-81.206,27.5473],[-81.1566,27.575],[-81.1551,27.5918],[-81.1405,27.6013],[-81.1422,27.6432],[-80.778,27.6432],[-80.7772,27.5587],[-80.6797,27.5587],[-80.6774,27.1216],[-80.8856,26.9589],[-80.8702,27.1523],[-80.8785,27.1688],[-80.9035,27.1691],[-80.91,27.1746],[-80.9064,27.189],[-80.9348,27.1962],[-80.9483,27.2223],[-80.9647,27.2159],[-80.9853,27.2316],[-80.9805,27.246],[-80.9926,27.2503],[-81.0006,27.2676],[-80.9946,27.2973],[-81.0247,27.3018],[-81.0298,27.3232],[-81.0441,27.3297],[-81.0421,27.3476],[-81.0307,27.3515],[-81.0344,27.359],[-81.0511,27.363],[-81.05,27.3707],[-81.0684,27.3823],[-81.0983,27.3791],[-81.1213,27.3898],[-81.1232,27.4029],[-81.1438,27.412],[-81.1391,27.434],[-81.1449,27.445],[-81.1726,27.4629],[-81.1825,27.4837],[-81.2051,27.4897],[-81.1994,27.515],[-81.2139,27.5295]]]}},{"type":"Feature","properties":{"county_fips":"13031","county_name":"Bulloch","state":"GA"},"geometry":{"type":"Polygon","coordinates":[[[-82.0302,32.5388],[-82.0015,32.6069],[-81.8338,32.6534],[-81.8036,32.6442],[-81.799,32.6272],[-81.7542,32.602],[-81.7333,32.5858],[-81.7298,32.574],[-81.708,32.5658],[-81.6893,32.5462],[-81.6568,32.54],[-81.6485,32.5277],[-81.6393,32.5325],[-81.6173,32.5249],[-81.6164,32.5157],[-81.5996,32.5076],[-81.5781,32.5123],[-81.536,32.4814],[-81.543,32.4671],[-81.5314,32.4664],[-81.5258,32.4494],[-81.5425,32.4193],[-81.5326,32.4064],[-81.5349,32.3936],[-81.5233,32.3929],[-81.5077,32.3579],[-81.491,32.3519],[-81.4878,32.3339],[-81.4655,32.3286],[-81.4655,32.3128],[-81.4532,32.3064],[-81.4331,32.2447],[-81.7809,32.1529],[-81.7813,32.1765],[-81.8034,32.1992],[-81.8039,32.2198],[-81.8163,32.2375],[-81.8417,32.2409],[-81.8563,32.2571],[-81.8927,32.2748],[-81.9691,32.2688],[-81.9569,32.2862],[-81.9187,32.4154],[-81.9366,32.4227],[-81.9404,32.4361],[-81.9741,32.47],[-81.9798,32.5011],[-81.971,32.5132],[-82.0302,32.5388]]]}},{"type":"Feature","properties":{"county_fips":"13183","county_name":"Long","state":"GA"},"geometry":{"type":"Polygon","coordinates":[[[-81.9816,31.7999],[-81.9564,31.8087],[-81.9453,31.8353],[-81.9223,31.8515],[-81.9125,31.8867],[-81.8945,31.8924],[-81.882,31.9183],[-81.8895,31.9491],[-81.8244,32.0149],[-81.7939,31.9778],[-81.7764,31.9809],[-81.7469,31.9693],[-81.7454,31.9363],[-81.7663,31.8862],[-81.7523,31.8612],[-81.7356,31.8537],[-81.6954,31.8128],[-81.6565,31.798],[-81.6433,31.7857],[-81.6418,31.7655],[-81.4918,31.6996],[-81.566,31.5765],[-81.6632,31.5387],[-81.6718,31.548],[-81.6813,31.5417],[-81.6809,31.5505],[-81.6986,31.5577],[-81.7018,31.5849],[-81.7232,31.5916],[-81.7368,31.6084],[-81.7472,31.6015],[-81.7439,31.6117],[-81.7596,31.6205],[-81.7688,31.6143],[-81.7653,31.6246],[-81.7891,31.6317],[-81.7875,31.6432],[-81.8136,31.6645],[-81.8116,31.6545],[-81.821,31.6511],[-81.8309,31.6573],[-81.8289,31.664],[-81.8506,31.6677],[-81.8476,31.6773],[-81.8671,31.6911],[-81.8765,31.7131],[-81.9067,31.7258],[-81.9114,31.7535],[-81.9445,31.7604],[-81.9525,31.7883],[-81.9752,31.7879],[-81.9816,31.7999]]]}},{"type":"Feature","properties":{"county_fips":"45041","county_name":"Florence","state":"SC"},"geometry":{"type":"Polygon","coordinates":[[[-80.0699,34.0862],[-79.809,34.2524],[-79.7494,34.2451],[-79.7526,34.2506],[-79.7296,34.2952],[-79.6856,34.2844],[-79.6624,34.3076],[-79.6239,34.3006],[-79.5767,34.2726],[-79.544,34.2252],[-79.5485,34.2041],[-79.5718,34.1837],[-79.5326,34.1357],[-79.5325,34.1263],[-79.5172,34.1268],[-79.5246,34.1156],[-79.5153,34.0972],[-79.5291,34.1002],[-79.5359,34.0761],[-79.5114,34.0409],[-79.5089,34.0037],[-79.5169,33.994],[-79.4998,33.9713],[-79.4815,33.9647],[-79.4917,33.9465],[-79.4737,33.93],[-79.4629,33.9318],[-79.4596,33.9208],[-79.452,33.9246],[-79.4522,33.9148],[-79.429,33.8978],[-79.4004,33.8922],[-79.4098,33.8853],[-79.3895,33.8732],[-79.3683,33.8429],[-79.3535,33.8412],[-79.3538,33.8341],[-79.3398,33.8415],[-79.332,33.8366],[-79.3369,33.8326],[-79.3152,33.8268],[-79.3173,33.7993],[-79.3404,33.8028],[-79.3522,33.8151],[-79.3826,33.8186],[-79.3972,33.8012],[-79.4187,33.7994],[-79.4415,33.7844],[-79.4965,33.7754],[-79.6349,33.8084],[-79.6358,33.818],[-79.6773,33.8147],[-79.688,33.8049],[-79.6996,33.814],[-79.7249,33.8146],[-79.7434,33.8351],[-79.7984,33.8356],[-79.8349,33.8826],[-79.8549,33.8917],[-79.8664,33.8843],[-79.944,33.8851],[-79.9746,33.9465],[-79.8942,33.9897],[-79.9109,34.0065],[-79.9921,34.0398],[-80.0319,34.0768],[-80.0699,34.0862]]]}},{"type":"Feature","properties":{"county_fips":"13179","county_name":"Liberty","state":"GA"},"geometry":{"type":"Polygon","coordinates":[[[-81.8244,32.0149],[-81.7617,32.0479],[-81.7141,32.0925],[-81.6984,32.0907],[-81.6728,32.0639],[-81.6512,32.0584],[-81.6195,32.0322],[-81.6021,31.9944],[-81.5928,31.9893],[-81.5933,31.9712],[-81.5779,31.9726],[-81.5642,31.9595],[-81.5474,31.9573],[-81.5321,31.9642],[-81.5205,31.9593],[-81.5127,31.9693],[-81.4848,31.964],[-81.4755,31.9742],[-81.4638,31.95],[-81.4241,31.9382],[-81.4075,31.9442],[-81.3916,31.8936],[-81.3964,31.8832],[-81.3829,31.8761],[-81.3817,31.854],[-81.3448,31.8248],[-81.3558,31.8149],[-81.339,31.8188],[-81.3429,31.8279],[-81.3325,31.834],[-81.3434,31.8391],[-81.3304,31.839],[-81.3282,31.823],[-81.315,31.8168],[-81.32,31.8089],[-81.311,31.7899],[-81.2735,31.7926],[-81.2669,31.7585],[-81.2145,31.7396],[-81.1863,31.7015],[-81.1611,31.6914],[-81.1494,31.6993],[-81.1311,31.6958],[-81.1364,31.6748],[-81.1288,31.6314],[-81.1604,31.5704],[-81.1788,31.5582],[-81.1922,31.5803],[-81.1953,31.6063],[-81.2222,31.6304],[-81.2646,31.6512],[-81.2984,31.6493],[-81.318,31.6599],[-81.3381,31.6471],[-81.3556,31.6547],[-81.3748,31.6473],[-81.373,31.6508],[-81.3781,31.6549],[-81.3916,31.6436],[-81.4178,31.652],[-81.4342,31.6411],[-81.4671,31.6776],[-81.4609,31.6835],[-81.4657,31.6942],[-81.4996,31.7],[-81.6418,31.7655],[-81.6433,31.7857],[-81.6565,31.798],[-81.6954,31.8128],[-81.7654,31.8745],[-81.7454,31.9363],[-81.7469,31.9693],[-81.7764,31.9809],[-81.7939,31.9778],[-81.8244,32.0149]]]}},{"type":"Feature","properties":{"county_fips":"37165","county_name":"Scotland","state":"NC"},"geometry":{"type":"Polygon","coordinates":[[[-79.6925,34.8068],[-79.6346,34.8255],[-79.6255,34.8178],[-79.6142,34.8153],[-79.6232,34.8216],[-79.6176,34.8396],[-79.6266,34.8523],[-79.5619,34.9104],[-79.5848,34.9454],[-79.578,34.9724],[-79.5667,34.9794],[-79.5734,34.9922],[-79.5105,35.0262],[-79.4588,35.0436],[-79.4495,35.0271],[-79.3965,34.9941],[-79.3531,34.9442],[-79.3489,34.8874],[-79.3373,34.8537],[-79.3576,34.8203],[-79.3317,34.773],[-79.4616,34.6303],[-79.6753,34.8047],[-79.6925,34.8068]]]}},{"type":"Feature","properties":{"county_fips":"45043","county_name":"Georgetown","state":"SC"},"geometry":{"type":"Polygon","coordinates":[[[-79.6809,33.3196],[-79.6772,33.3368],[-79.6338,33.3726],[-79.596,33.4215],[-79.5901,33.4435],[-79.5453,33.4909],[-79.4963,33.5175],[-79.4833,33.5368],[-79.4359,33.5725],[-79.4425,33.596],[-79.4111,33.6858],[-79.3324,33.7771],[-79.317,33.7799],[-79.3088,33.772],[-79.2862,33.7374],[-79.2872,33.7188],[-79.2711,33.7216],[-79.2751,33.7089],[-79.265,33.7103],[-79.2676,33.7034],[-79.2424,33.7059],[-79.2493,33.697],[-79.2347,33.6942],[-79.218,33.7058],[-79.1962,33.7013],[-79.1994,33.7101],[-79.1573,33.6848],[-79.1533,33.6594],[-79.1364,33.6638],[-79.1295,33.6501],[-79.1239,33.6522],[-79.1273,33.6436],[-79.1351,33.6467],[-79.1222,33.6057],[-79.1091,33.6003],[-79.0998,33.609],[-79.1011,33.573],[-79.0018,33.5727],[-79.0286,33.5334],[-79.0388,33.5315],[-79.0846,33.4837],[-79.1354,33.4039],[-79.1585,33.3367],[-79.1721,33.3291],[-79.1638,33.312],[-79.1803,33.2541],[-79.1757,33.2111],[-79.1832,33.1908],[-79.1945,33.1698],[-79.2464,33.126],[-79.2756,33.1168],[-79.2679,33.1327],[-79.2724,33.1397],[-79.3151,33.1457],[-79.3333,33.1558],[-79.3513,33.1535],[-79.404,33.1838],[-79.4275,33.2098],[-79.4551,33.2177],[-79.4587,33.2352],[-79.4739,33.2298],[-79.4707,33.2394],[-79.4829,33.2354],[-79.4793,33.2461],[-79.494,33.236],[-79.5302,33.2475],[-79.5498,33.265],[-79.5611,33.2615],[-79.5623,33.2725],[-79.6643,33.2983],[-79.677,33.3049],[-79.6727,33.3107],[-79.6809,33.3196]]]}},{"type":"Feature","properties":{"county_fips":"51029","county_name":"Buckingham","state":"VA"},"geometry":{"type":"Polygon","coordinates":[[[-78.8328,37.5905],[-78.8099,37.6044],[-78.8235,37.6217],[-78.8212,37.6318],[-78.7949,37.6426],[-78.7394,37.6315],[-78.7158,37.6366],[-78.7153,37.6673],[-78.6883,37.6781],[-78.6939,37.6969],[-78.6771,37.6962],[-78.6604,37.6778],[-78.6422,37.683],[-78.6559,37.7039],[-78.6394,37.7392],[-78.612,37.7563],[-78.5808,37.754],[-78.5456,37.764],[-78.5055,37.759],[-78.4966,37.7644],[-78.4988,37.7893],[-78.4913,37.797],[-78.4641,37.7602],[-78.4222,37.7405],[-78.3656,37.7319],[-78.3442,37.7188],[-78.2397,37.6905],[-78.249,37.6355],[-78.4651,37.3397],[-78.4791,37.3342],[-78.4855,37.3408],[-78.4902,37.3296],[-78.5116,37.3299],[-78.525,37.3402],[-78.5181,37.3435],[-78.5365,37.3505],[-78.5485,37.3467],[-78.5612,37.3611],[-78.5566,37.366],[-78.5669,37.3711],[-78.572,37.3699],[-78.5666,37.3639],[-78.5793,37.3645],[-78.5777,37.3756],[-78.5917,37.3806],[-78.5808,37.3915],[-78.5951,37.399],[-78.6302,37.3843],[-78.6399,37.4039],[-78.6355,37.416],[-78.6832,37.429],[-78.703,37.4553],[-78.8252,37.5525],[-78.8132,37.5672],[-78.8328,37.5905]]]}},{"type":"Feature","properties":{"county_fips":"51147","county_name":"Prince Edward","state":"VA"},"geometry":{"type":"Polygon","coordinates":[[[-78.6925,37.2048],[-78.6733,37.2685],[-78.627,37.322],[-78.5945,37.3449],[-78.6014,37.3514],[-78.5944,37.398],[-78.5808,37.3915],[-78.5917,37.3806],[-78.5777,37.3756],[-78.5793,37.3645],[-78.5666,37.3639],[-78.5704,37.3723],[-78.5566,37.366],[-78.5612,37.3611],[-78.5485,37.3467],[-78.5181,37.3435],[-78.525,37.3402],[-78.5116,37.3299],[-78.4902,37.3296],[-78.4855,37.3408],[-78.474,37.3342],[-78.4692,37.3416],[-78.4457,37.3347],[-78.4419,37.3245],[-78.4131,37.3242],[-78.3928,37.3047],[-78.3608,37.3103],[-78.3528,37.3016],[-78.3427,37.3191],[-78.3341,37.3092],[-78.3224,37.3091],[-78.2936,37.3236],[-78.294,37.3329],[-78.282,37.3353],[-78.2757,37.3488],[-78.259,37.3428],[-78.2603,37.3601],[-78.235,37.3681],[-78.2312,37.2962],[-78.2394,37.1201],[-78.2741,37.1038],[-78.3079,37.099],[-78.3598,37.1061],[-78.3823,37.0895],[-78.448,37.0782],[-78.4809,37.0852],[-78.5035,37.1063],[-78.5093,37.1263],[-78.5287,37.1411],[-78.5427,37.141],[-78.5469,37.1503],[-78.5928,37.144],[-78.6349,37.1701],[-78.6398,37.1924],[-78.6861,37.194],[-78.6925,37.2048]]]}},{"type":"Feature","properties":{"county_fips":"51031","county_name":"Campbell","state":"VA"},"geometry":{"type":"Polygon","coordinates":[[[-79.4429,37.0559],[-79.2585,37.3549],[-79.2148,37.3326],[-79.1971,37.3449],[-79.1768,37.3421],[-79.1339,37.376],[-79.1184,37.369],[-79.0849,37.3941],[-79.0624,37.3886],[-79.0717,37.4196],[-79.0443,37.4166],[-79.0431,37.4332],[-79.0217,37.4292],[-78.9534,37.3171],[-78.9497,37.2925],[-78.9265,37.2771],[-78.9217,37.2459],[-78.8922,37.2487],[-78.8632,37.2405],[-78.8548,37.2266],[-78.8569,37.212],[-78.8242,37.2054],[-78.9046,37.0223],[-78.9729,37.0502],[-79.0048,37.0299],[-79.0186,37.0404],[-79.0587,37.0461],[-79.1104,37.0679],[-79.124,37.0898],[-79.1671,37.0675],[-79.1809,37.0707],[-79.1931,37.0546],[-79.2059,37.0748],[-79.2052,37.1108],[-79.2201,37.1177],[-79.2221,37.1014],[-79.2318,37.0989],[-79.2533,37.1329],[-79.2721,37.1116],[-79.295,37.1048],[-79.3429,37.1365],[-79.3447,37.1257],[-79.3827,37.119],[-79.3711,37.1059],[-79.3875,37.0929],[-79.4047,37.0918],[-79.4052,37.0632],[-79.4429,37.0559]]]}},{"type":"Feature","properties":{"county_fips":"12107","county_name":"Putnam","state":"FL"},"geometry":{"type":"Polygon","coordinates":[[[-82.0561,29.6568],[-82.0491,29.7134],[-82.0556,29.7182],[-82.0289,29.7187],[-82.0071,29.7395],[-81.9911,29.744],[-81.9394,29.7475],[-81.9142,29.7914],[-81.862,29.8002],[-81.8124,29.8365],[-81.5812,29.8402],[-81.5642,29.7985],[-81.5252,29.7595],[-81.5205,29.4965],[-81.4876,29.4483],[-81.4763,29.3962],[-81.455,29.3897],[-81.4336,29.3982],[-81.4509,29.3785],[-81.6809,29.3244],[-81.6754,29.3386],[-81.6563,29.3382],[-81.6685,29.3717],[-81.7414,29.371],[-81.7418,29.4299],[-81.7749,29.4292],[-81.7762,29.4874],[-81.8428,29.4865],[-81.843,29.521],[-81.8879,29.5092],[-81.9017,29.516],[-81.9118,29.504],[-81.9318,29.5164],[-81.9642,29.5038],[-82.0044,29.5017],[-82.032,29.4914],[-82.0559,29.4712],[-82.0561,29.6568]]]}},{"type":"Feature","properties":{"county_fips":"51149","county_name":"Prince George","state":"VA"},"geometry":{"type":"Polygon","coordinates":[[[-77.3992,37.1709],[-77.3767,37.1805],[-77.3624,37.1707],[-77.3457,37.1741],[-77.3431,37.1897],[-77.3298,37.1975],[-77.3775,37.2516],[-77.3737,37.2669],[-77.3566,37.2831],[-77.3525,37.3102],[-77.3397,37.3151],[-77.3267,37.2932],[-77.3244,37.2678],[-77.331,37.2576],[-77.2606,37.2828],[-77.2536,37.2967],[-77.2734,37.3165],[-77.284,37.313],[-77.2738,37.321],[-77.2515,37.3089],[-77.2205,37.3193],[-77.1251,37.3029],[-77.0882,37.3131],[-77.0796,37.2743],[-77.0694,37.2697],[-77.007,37.3049],[-76.9902,37.2949],[-76.9914,37.278],[-76.9724,37.2485],[-77.0123,37.2329],[-77.0188,37.2196],[-77.0118,37.2124],[-77.0241,37.201],[-77.0434,37.2023],[-77.044,37.1924],[-77.0726,37.1846],[-77.1554,37.112],[-77.3985,36.993],[-77.3992,37.1709]]]}},{"type":"Feature","properties":{"county_fips":"13103","county_name":"Effingham","state":"GA"},"geometry":{"type":"Polygon","coordinates":[[[-81.548,32.4893],[-81.5386,32.5091],[-81.3893,32.5954],[-81.3698,32.5912],[-81.367,32.577],[-81.3577,32.5821],[-81.3548,32.5711],[-81.3286,32.5611],[-81.298,32.563],[-81.2967,32.5534],[-81.2913,32.5627],[-81.2889,32.5512],[-81.2813,32.5565],[-81.275,32.5448],[-81.2799,32.5366],[-81.2529,32.5183],[-81.2334,32.518],[-81.2387,32.507],[-81.2336,32.4985],[-81.187,32.4636],[-81.1975,32.4491],[-81.2045,32.4528],[-81.1994,32.4442],[-81.2084,32.437],[-81.2055,32.4236],[-81.1787,32.3936],[-81.1818,32.3793],[-81.1679,32.3683],[-81.1738,32.3627],[-81.1548,32.3496],[-81.1598,32.34],[-81.1438,32.3515],[-81.1294,32.3416],[-81.1379,32.3287],[-81.1306,32.3254],[-81.1331,32.309],[-81.1229,32.3073],[-81.1199,32.2862],[-81.127,32.2827],[-81.1234,32.2751],[-81.1419,32.2717],[-81.1369,32.2661],[-81.1466,32.2628],[-81.1457,32.2515],[-81.1566,32.2439],[-81.1447,32.2263],[-81.1957,32.2375],[-81.3917,32.0959],[-81.4029,32.1073],[-81.406,32.1019],[-81.4016,32.1499],[-81.4137,32.1602],[-81.41,32.1848],[-81.4186,32.1972],[-81.4136,32.208],[-81.4292,32.2166],[-81.4384,32.2719],[-81.4499,32.2832],[-81.4532,32.3064],[-81.4655,32.3128],[-81.4655,32.3286],[-81.4878,32.3339],[-81.491,32.3519],[-81.5077,32.3579],[-81.5233,32.3929],[-81.5349,32.3936],[-81.5326,32.4064],[-81.5425,32.4193],[-81.5258,32.4494],[-81.5314,32.4664],[-81.5428,32.4663],[-81.536,32.4814],[-81.548,32.4893]]]}},{"type":"Feature","properties":{"county_fips":"24035","county_name":"Queen Anne's","state":"MD"},"geometry":{"type":"MultiPolygon","coordinates":[[[[-76.2458,38.9051],[-76.2491,38.9133],[-76.2431,38.9121],[-76.2458,38.9051]]],[[[-76.3762,38.8505],[-76.3647,38.8738],[-76.3617,38.9392],[-76.3245,38.9957],[-76.3118,39.0353],[-76.3016,39.0382],[-76.3053,39.0263],[-76.2775,38.9825],[-76.2599,38.9838],[-76.2566,38.9754],[-76.2441,38.9807],[-76.2386,38.9735],[-76.2294,38.9799],[-76.2189,38.9705],[-76.1914,38.9796],[-76.1629,39.0061],[-76.1783,39.0317],[-76.1755,39.0423],[-76.1842,39.0463],[-76.1799,39.0534],[-76.1406,39.0796],[-76.1448,39.093],[-76.1344,39.1044],[-76.1171,39.1071],[-76.075,39.1339],[-76.081,39.1492],[-76.0411,39.1677],[-76.0467,39.1808],[-76.0685,39.1905],[-76.0531,39.2126],[-76.0088,39.2403],[-75.9704,39.2464],[-75.9407,39.2385],[-75.895,39.2471],[-75.8918,39.2541],[-75.8743,39.2497],[-75.8644,39.2615],[-75.8063,39.242],[-75.756,39.2461],[-75.7477,39.1433],[-75.7911,39.1328],[-75.8349,39.1083],[-75.849,39.0714],[-75.8787,39.0469],[-75.8828,39.0279],[-75.8974,39.0143],[-75.9038,39.0168],[-75.9409,38.9763],[-75.9382,38.9589],[-75.9533,38.938],[-75.9493,38.9183],[-76.097,38.9443],[-76.1155,38.9137],[-76.1035,38.8823],[-76.128,38.876],[-76.1625,38.881],[-76.1699,38.8656],[-76.1822,38.8586],[-76.1924,38.8638],[-76.2017,38.8481],[-76.2063,38.8556],[-76.1968,38.8951],[-76.2037,38.8959],[-76.2036,38.9284],[-76.213,38.9336],[-76.2086,38.944],[-76.2348,38.9425],[-76.2486,38.9667],[-76.2511,38.9402],[-76.2609,38.9327],[-76.2497,38.9209],[-76.2622,38.92],[-76.2707,38.9421],[-76.2959,38.9287],[-76.2933,38.9032],[-76.2996,38.9027],[-76.3051,38.9243],[-76.3166,38.923],[-76.318,38.9113],[-76.334,38.9181],[-76.3402,38.9118],[-76.331,38.8643],[-76.3611,38.852],[-76.3682,38.8361],[-76.3762,38.8505]]]]}},{"type":"Feature","properties":{"county_fips":"37031","county_name":"Carteret","state":"NC"},"geometry":{"type":"MultiPolygon","coordinates":[[[[-76.3301,34.8479],[-76.2974,34.8722],[-76.2892,34.8887],[-76.2762,34.8859],[-76.227,34.9257],[-76.1716,34.9805],[-76.1518,34.9868],[-76.1413,35.0057],[-76.0861,35.0481],[-76.0759,35.0699],[-76.054,35.0714],[-76.0378,35.0619],[-76.3226,34.8481],[-76.3301,34.8479]]],[[[-76.5476,34.7106],[-76.5383,34.712],[-76.5195,34.7071],[-76.5228,34.6991],[-76.544,34.7012],[-76.5476,34.7106]]],[[[-76.553,34.6146],[-76.5504,34.6309],[-76.5506,34.616],[-76.5322,34.6105],[-76.4977,34.6668],[-76.502,34.6747],[-76.474,34.7114],[-76.4415,34.7338],[-76.4381,34.7613],[-76.4136,34.7651],[-76.414,34.7792],[-76.4026,34.7914],[-76.3833,34.7949],[-76.3637,34.8234],[-76.3375,34.8388],[-76.4881,34.671],[-76.5355,34.5916],[-76.553,34.6146]]],[[[-76.5863,34.7139],[-76.5606,34.71],[-76.5642,34.7022],[-76.5259,34.6919],[-76.5257,34.6852],[-76.5816,34.6991],[-76.5863,34.7139]]],[[[-76.6655,34.6897],[-76.5893,34.672],[-76.5302,34.6436],[-76.5288,34.6315],[-76.5706,34.6583],[-76.6655,34.6897]]],[[[-77.0985,34.6469],[-77.0679,34.6638],[-77.0146,34.676],[-76.9478,34.6787],[-76.8222,34.7047],[-76.7667,34.7],[-76.7476,34.702],[-76.7421,34.7124],[-76.7306,34.7008],[-76.7026,34.6998],[-76.6989,34.7123],[-76.6757,34.6957],[-76.8474,34.6908],[-77.0985,34.6469]]],[[[-77.1664,34.7914],[-77.1357,34.798],[-77.1162,34.794],[-77.1074,34.8031],[-77.0907,34.7993],[-77.085,34.8111],[-76.9544,34.8091],[-76.9548,34.8245],[-76.8823,34.8367],[-76.8831,34.8449],[-76.758,34.8463],[-76.693,34.8692],[-76.6863,34.8954],[-76.6625,34.9123],[-76.6526,34.9376],[-76.6772,34.9577],[-76.6769,34.9688],[-76.6311,34.9887],[-76.5785,34.9762],[-76.5797,34.9901],[-76.5436,35.002],[-76.5116,35.0051],[-76.498,34.985],[-76.4842,34.9881],[-76.4975,35.0082],[-76.4865,35.0204],[-76.4939,35.0232],[-76.4858,35.0406],[-76.4647,35.0467],[-76.4775,35.0584],[-76.4704,35.0757],[-76.4358,35.0579],[-76.4331,35.0335],[-76.4226,35.0267],[-76.4376,35.0245],[-76.4404,35.0146],[-76.4359,35.001],[-76.4255,35.0015],[-76.4224,34.9772],[-76.43,34.9687],[-76.4228,34.9507],[-76.4031,34.9634],[-76.3984,34.9455],[-76.3874,34.9511],[-76.3815,34.9792],[-76.3634,34.9692],[-76.3618,34.9764],[-76.3404,34.9663],[-76.332,34.9709],[-76.3244,34.9605],[-76.3195,34.9659],[-76.3675,35.0311],[-76.3641,35.0366],[-76.2439,34.9969],[-76.2624,34.9753],[-76.2881,34.9963],[-76.3057,34.9914],[-76.2779,34.9607],[-76.2795,34.9414],[-76.2978,34.9346],[-76.2976,34.9237],[-76.3408,34.9334],[-76.3368,34.9098],[-76.3141,34.9063],[-76.3468,34.8734],[-76.3683,34.8729],[-76.3822,34.857],[-76.3957,34.8609],[-76.3917,34.8786],[-76.4024,34.8866],[-76.4121,34.8322],[-76.4186,34.8267],[-76.4276,34.8314],[-76.4495,34.8148],[-76.4854,34.7549],[-76.498,34.7639],[-76.5141,34.7543],[-76.4984,34.7321],[-76.5158,34.7196],[-76.5757,34.7217],[-76.5821,34.7313],[-76.5752,34.7397],[-76.5859,34.7567],[-76.5757,34.7684],[-76.5937,34.7717],[-76.6044,34.7899],[-76.6173,34.7879],[-76.6272,34.7246],[-76.6156,34.7102],[-76.6194,34.7042],[-76.6727,34.7147],[-76.6807,34.7062],[-76.6905,34.716],[-76.7685,34.7244],[-76.8998,34.7269],[-76.9717,34.7093],[-77.0052,34.6925],[-77.0172,34.6946],[-77.0169,34.6878],[-77.0305,34.6818],[-77.0422,34.6897],[-77.0927,34.6729],[-77.113,34.6814],[-77.106,34.7101],[-77.1218,34.7315],[-77.1256,34.7567],[-77.1578,34.7659],[-77.1508,34.7714],[-77.1603,34.7746],[-77.1593,34.782],[-77.1657,34.7793],[-77.1664,34.7914]]]]}},{"type":"Feature","properties":{"county_fips":"51119","county_name":"Middlesex","state":"VA"},"geometry":{"type":"MultiPolygon","coordinates":[[[[-76.4193,37.5926],[-76.4178,37.5983],[-76.4173,37.592],[-76.4193,37.5926]]],[[[-76.7511,37.7286],[-76.7231,37.7567],[-76.7031,37.7557],[-76.6829,37.7705],[-76.677,37.7561],[-76.6167,37.7419],[-76.6232,37.7394],[-76.6192,37.7309],[-76.5972,37.7173],[-76.5979,37.7029],[-76.5794,37.6733],[-76.5897,37.6658],[-76.5427,37.6169],[-76.4334,37.6129],[-76.4307,37.5995],[-76.4374,37.5969],[-76.4234,37.5922],[-76.4251,37.5844],[-76.298,37.5576],[-76.3119,37.5464],[-76.3306,37.5471],[-76.3311,37.5255],[-76.3383,37.5431],[-76.3588,37.5366],[-76.3608,37.5284],[-76.4041,37.5355],[-76.4199,37.5103],[-76.4812,37.5362],[-76.4992,37.5369],[-76.5479,37.5679],[-76.5559,37.5551],[-76.5735,37.5629],[-76.5749,37.5738],[-76.5958,37.5881],[-76.6125,37.5819],[-76.6117,37.5903],[-76.637,37.5908],[-76.6823,37.6172],[-76.7068,37.6528],[-76.7184,37.6584],[-76.7282,37.6756],[-76.7253,37.692],[-76.7321,37.6881],[-76.7472,37.7058],[-76.7511,37.7286]]]]}},{"type":"Feature","properties":{"county_fips":"37153","county_name":"Richmond","state":"NC"},"geometry":{"type":"Polygon","coordinates":[[[-80.0757,35.1401],[-80.0228,35.1372],[-79.9834,35.1585],[-79.8986,35.1617],[-79.8513,35.1839],[-79.7495,35.173],[-79.6944,35.1796],[-79.6421,35.1577],[-79.6143,35.1637],[-79.6094,35.149],[-79.5733,35.1225],[-79.5828,35.084],[-79.5683,35.0648],[-79.499,35.0638],[-79.4588,35.0436],[-79.5105,35.0262],[-79.5734,34.9922],[-79.5667,34.9794],[-79.578,34.9724],[-79.5848,34.9454],[-79.5619,34.9104],[-79.6266,34.8523],[-79.6176,34.8396],[-79.6232,34.8216],[-79.6142,34.8153],[-79.6346,34.8255],[-79.6929,34.805],[-79.9274,34.8066],[-79.9143,34.8179],[-79.8997,34.8585],[-79.8801,34.8668],[-79.849,34.9013],[-79.8723,34.9504],[-79.8648,34.98],[-79.9006,35.0057],[-79.8767,35.0445],[-79.9079,35.0657],[-79.9125,35.0961],[-79.9279,35.1179],[-79.9585,35.1137],[-79.9866,35.0888],[-80.0005,35.0858],[-80.0682,35.112],[-80.0757,35.1401]]]}},{"type":"Feature","properties":{"county_fips":"45029","county_name":"Colleton","state":"SC"},"geometry":{"type":"Polygon","coordinates":[[[-81.0823,33.0266],[-80.9372,33.1026],[-80.906,33.0602],[-80.8961,33.0614],[-80.8769,33.0932],[-80.889,33.1022],[-80.8954,33.1253],[-80.7908,33.1812],[-80.772,33.1716],[-80.7461,33.1745],[-80.7031,33.1525],[-80.6704,33.1036],[-80.6227,33.0663],[-80.5785,33.0573],[-80.5503,33.0583],[-80.532,33.0697],[-80.5097,33.0573],[-80.4748,33.0644],[-80.4521,33.0622],[-80.44,33.049],[-80.4219,33.0549],[-80.412,33.0466],[-80.4007,33.0528],[-80.3878,33.0328],[-80.4065,33.019],[-80.4087,32.9846],[-80.4188,32.9673],[-80.4052,32.9551],[-80.3994,32.936],[-80.4064,32.9102],[-80.3853,32.8861],[-80.3962,32.883],[-80.4033,32.8696],[-80.3941,32.8445],[-80.4054,32.815],[-80.4358,32.7882],[-80.4329,32.7785],[-80.4475,32.7627],[-80.4536,32.7405],[-80.4471,32.7284],[-80.4296,32.7204],[-80.4354,32.7131],[-80.4228,32.7146],[-80.4159,32.6947],[-80.4227,32.6885],[-80.4209,32.6701],[-80.4049,32.6524],[-80.389,32.6523],[-80.4075,32.6271],[-80.428,32.6225],[-80.4204,32.6042],[-80.3991,32.6183],[-80.3872,32.6151],[-80.3972,32.5919],[-80.3891,32.5738],[-80.4153,32.5479],[-80.3368,32.4932],[-80.3267,32.4931],[-80.3246,32.5037],[-80.35,32.5187],[-80.3483,32.5254],[-80.3229,32.5237],[-80.3191,32.5111],[-80.2848,32.5296],[-80.2775,32.5236],[-80.2608,32.5365],[-80.2544,32.5321],[-80.3324,32.4781],[-80.3604,32.4998],[-80.3926,32.4753],[-80.4135,32.4707],[-80.4216,32.4948],[-80.4441,32.5049],[-80.4721,32.497],[-80.477,32.4854],[-80.5029,32.4957],[-80.5178,32.5191],[-80.5365,32.5292],[-80.5515,32.5658],[-80.566,32.5509],[-80.5652,32.5655],[-80.5842,32.5677],[-80.5762,32.5778],[-80.5798,32.5843],[-80.5998,32.581],[-80.6099,32.59],[-80.6209,32.5812],[-80.6478,32.5964],[-80.6607,32.6151],[-80.6544,32.6269],[-80.6751,32.6252],[-80.674,32.6329],[-80.6586,32.6351],[-80.6607,32.6433],[-80.6782,32.6427],[-80.6845,32.6546],[-80.6805,32.6628],[-80.6689,32.6636],[-80.6711,32.6716],[-80.7033,32.6646],[-80.7184,32.6795],[-80.7285,32.6737],[-80.7392,32.6823],[-80.7449,32.6742],[-80.7656,32.6753],[-80.7686,32.6815],[-80.7727,32.6762],[-80.7783,32.6869],[-80.7873,32.6825],[-80.7875,32.6882],[-80.8227,32.6969],[-80.8456,32.7208],[-80.8662,32.7756],[-80.8958,32.8106],[-80.9001,32.8326],[-80.9455,32.8764],[-80.9588,32.8767],[-80.9872,32.9011],[-81.0135,32.9548],[-81.0823,33.0266]]]}},{"type":"Feature","properties":{"county_fips":"37017","county_name":"Bladen","state":"NC"},"geometry":{"type":"Polygon","coordinates":[[[-78.902,34.8353],[-78.8274,34.8507],[-78.5161,34.8459],[-78.4947,34.8562],[-78.4877,34.8363],[-78.4658,34.8276],[-78.4592,34.8127],[-78.4498,34.8135],[-78.4245,34.7699],[-78.3907,34.7495],[-78.3919,34.7296],[-78.3794,34.7234],[-78.3823,34.7173],[-78.3686,34.7043],[-78.3734,34.6992],[-78.3493,34.6919],[-78.3469,34.6802],[-78.325,34.6688],[-78.3246,34.6497],[-78.3116,34.6416],[-78.3228,34.6297],[-78.3131,34.6259],[-78.305,34.6024],[-78.2912,34.6005],[-78.275,34.5814],[-78.2663,34.584],[-78.2551,34.5689],[-78.2517,34.562],[-78.2601,34.5557],[-78.2544,34.5536],[-78.2726,34.5378],[-78.2639,34.5196],[-78.2541,34.5198],[-78.2553,34.5081],[-78.1765,34.4654],[-78.2561,34.3995],[-78.3351,34.3676],[-78.4453,34.3774],[-78.594,34.4314],[-78.6468,34.4607],[-78.6594,34.4537],[-78.6564,34.4603],[-78.6676,34.4696],[-78.8252,34.4618],[-78.8581,34.4744],[-78.8694,34.4871],[-78.8444,34.5081],[-78.857,34.5151],[-78.853,34.5278],[-78.8627,34.562],[-78.8361,34.5935],[-78.8412,34.5974],[-78.8315,34.6088],[-78.8344,34.6216],[-78.8136,34.6519],[-78.8192,34.6626],[-78.8094,34.6683],[-78.8054,34.6866],[-78.8544,34.7357],[-78.8836,34.8124],[-78.8924,34.8138],[-78.902,34.8353]]]}},{"type":"Feature","properties":{"county_fips":"45035","county_name":"Dorchester","state":"SC"},"geometry":{"type":"Polygon","coordinates":[[[-80.7899,33.1794],[-80.5028,33.3345],[-80.4947,33.3238],[-80.494,33.2975],[-80.4756,33.2749],[-80.4271,33.2578],[-80.3919,33.2646],[-80.3484,33.2489],[-80.3308,33.1984],[-80.2964,33.1795],[-80.311,33.1584],[-80.3359,33.1455],[-80.1492,33.0216],[-80.1764,33.01],[-80.17,33.0043],[-80.1626,33.0105],[-80.1676,33.0026],[-80.146,32.9843],[-80.1355,32.9989],[-80.1105,32.9855],[-80.1306,32.979],[-80.1392,32.9818],[-80.1413,32.9792],[-80.0798,32.9282],[-80.0977,32.887],[-80.1195,32.8936],[-80.1228,32.9018],[-80.1254,32.8896],[-80.1448,32.8876],[-80.1622,32.8746],[-80.1549,32.8651],[-80.1613,32.8559],[-80.1767,32.8671],[-80.1857,32.8608],[-80.1837,32.8471],[-80.1608,32.8409],[-80.1493,32.8182],[-80.3018,32.8519],[-80.4013,32.8585],[-80.3962,32.883],[-80.3853,32.8861],[-80.4064,32.9102],[-80.3994,32.936],[-80.4052,32.9551],[-80.4188,32.9673],[-80.4087,32.9846],[-80.4065,33.019],[-80.3878,33.0328],[-80.4007,33.0528],[-80.412,33.0466],[-80.4219,33.0549],[-80.44,33.049],[-80.4521,33.0622],[-80.4748,33.0644],[-80.5097,33.0573],[-80.532,33.0697],[-80.5503,33.0583],[-80.6181,33.0648],[-80.6704,33.1036],[-80.7031,33.1525],[-80.7461,33.1745],[-80.7622,33.1703],[-80.7899,33.1794]]]}},{"type":"Feature","properties":{"county_fips":"51053","county_name":"Dinwiddie","state":"VA"},"geometry":{"type":"Polygon","coordinates":[[[-77.9003,37.1439],[-77.8759,37.1479],[-77.8417,37.1698],[-77.8139,37.1697],[-77.7929,37.1958],[-77.7477,37.1927],[-77.7184,37.2156],[-77.6866,37.2229],[-77.6807,37.2289],[-77.6887,37.2282],[-77.6868,37.2351],[-77.6613,37.2407],[-77.6489,37.2554],[-77.6506,37.2651],[-77.6326,37.2697],[-77.6077,37.2678],[-77.6005,37.2537],[-77.5789,37.2379],[-77.5682,37.2393],[-77.5596,37.225],[-77.5361,37.2263],[-77.5226,37.2171],[-77.4931,37.2248],[-77.4474,37.2231],[-77.4415,37.2119],[-77.4546,37.1875],[-77.4281,37.185],[-77.4235,37.1651],[-77.3993,37.1717],[-77.3985,36.993],[-77.619,36.8778],[-77.6376,36.8867],[-77.6321,36.8783],[-77.6403,36.8743],[-77.6483,36.8975],[-77.6639,36.8947],[-77.6946,36.9066],[-77.7009,36.9164],[-77.7152,36.9148],[-77.7278,36.9434],[-77.7456,36.959],[-77.7553,36.9561],[-77.7655,36.9747],[-77.8409,36.9959],[-77.8507,36.9881],[-77.8898,36.9888],[-77.9003,37.1439]]]}},{"type":"Feature","properties":{"county_fips":"54075","county_name":"Pocahontas","state":"WV"},"geometry":{"type":"Polygon","coordinates":[[[-80.3633,38.1144],[-80.3522,38.3453],[-80.3303,38.3358],[-80.1169,38.474],[-80.0284,38.4592],[-79.8636,38.5506],[-79.8422,38.6086],[-79.8465,38.6299],[-79.8304,38.6362],[-79.8336,38.648],[-79.8216,38.6564],[-79.7982,38.7037],[-79.8023,38.7103],[-79.7805,38.738],[-79.7547,38.734],[-79.7512,38.7223],[-79.7306,38.712],[-79.7439,38.6864],[-79.739,38.6795],[-79.7102,38.6857],[-79.6978,38.6661],[-79.6803,38.6644],[-79.6786,38.6819],[-79.6614,38.6901],[-79.6271,38.6789],[-79.6362,38.6621],[-79.6179,38.6584],[-79.6343,38.6363],[-79.6192,38.6208],[-79.6271,38.6079],[-79.643,38.6028],[-79.6629,38.5704],[-79.6593,38.5624],[-79.673,38.5287],[-79.6621,38.5155],[-79.6705,38.5077],[-79.6804,38.5106],[-79.6976,38.4872],[-79.6897,38.4314],[-79.7263,38.3871],[-79.7317,38.3734],[-79.7256,38.3638],[-79.7406,38.3541],[-79.7644,38.3565],[-79.7731,38.3355],[-79.8087,38.3094],[-79.7889,38.2687],[-79.8452,38.2411],[-79.9212,38.1804],[-79.9149,38.1675],[-79.9187,38.1548],[-79.9448,38.1316],[-79.939,38.1116],[-79.9263,38.1072],[-79.9544,38.0804],[-79.9598,38.0637],[-80.1069,38.0558],[-80.1692,38.0361],[-80.2647,38.0466],[-80.3633,38.1144]]]}},{"type":"Feature","properties":{"county_fips":"45063","county_name":"Lexington","state":"SC"},"geometry":{"type":"Polygon","coordinates":[[[-81.5715,33.8773],[-81.4655,34.0873],[-81.4449,34.0777],[-81.4249,34.083],[-81.4028,34.0708],[-81.3901,34.0753],[-81.4372,34.13],[-81.4037,34.1779],[-81.3748,34.179],[-81.3523,34.1967],[-81.339,34.1976],[-81.3145,34.1869],[-81.3023,34.1624],[-81.315,34.1461],[-81.2758,34.0974],[-81.2334,34.1018],[-81.1729,34.0905],[-81.132,34.0623],[-81.0975,34.0177],[-81.0649,34.0086],[-81.0509,33.9958],[-81.017,33.9309],[-81.0301,33.9136],[-81.0088,33.9041],[-81.0214,33.8881],[-81.0123,33.8801],[-81.0379,33.8709],[-81.0585,33.7471],[-81.0361,33.7452],[-81.0329,33.7641],[-81.0235,33.7635],[-81.014,33.7812],[-80.9619,33.779],[-80.9246,33.7569],[-80.9557,33.7378],[-80.9915,33.7321],[-81.1873,33.6529],[-81.2701,33.6939],[-81.2905,33.6942],[-81.3645,33.7281],[-81.4152,33.7321],[-81.4267,33.7431],[-81.4357,33.7757],[-81.4606,33.7973],[-81.515,33.8131],[-81.5464,33.8586],[-81.5611,33.8628],[-81.5715,33.8773]]]}},{"type":"Feature","properties":{"county_fips":"45031","county_name":"Darlington","state":"SC"},"geometry":{"type":"Polygon","coordinates":[[[-80.2887,34.3641],[-80.0455,34.4926],[-80.0265,34.4865],[-79.9834,34.5017],[-79.9625,34.487],[-79.9198,34.4958],[-79.8942,34.4891],[-79.8748,34.4963],[-79.862,34.521],[-79.8361,34.5351],[-79.83,34.5319],[-79.8334,34.5103],[-79.8061,34.4846],[-79.7964,34.4916],[-79.788,34.4843],[-79.7829,34.4978],[-79.7691,34.4965],[-79.7633,34.5191],[-79.7521,34.5135],[-79.7544,34.5041],[-79.7266,34.4955],[-79.7218,34.4854],[-79.7324,34.4771],[-79.7317,34.4664],[-79.7518,34.4665],[-79.7506,34.4368],[-79.7184,34.4171],[-79.7213,34.3925],[-79.6997,34.4066],[-79.6834,34.3991],[-79.6894,34.3818],[-79.6737,34.3711],[-79.6927,34.3565],[-79.6604,34.3223],[-79.6568,34.3091],[-79.6707,34.304],[-79.6856,34.2844],[-79.7296,34.2952],[-79.7526,34.2506],[-79.7494,34.2451],[-79.809,34.2524],[-80.0722,34.0853],[-80.1345,34.1285],[-80.1586,34.1616],[-80.1127,34.197],[-80.1117,34.2286],[-80.1358,34.2725],[-80.1339,34.2824],[-80.1702,34.316],[-80.1772,34.3662],[-80.1913,34.3667],[-80.2063,34.3391],[-80.2436,34.3239],[-80.2529,34.3407],[-80.2756,34.3492],[-80.2887,34.3641]]]}},{"type":"Feature","properties":{"county_fips":"12055","county_name":"Highlands","state":"FL"},"geometry":{"type":"Polygon","coordinates":[[[-81.5625,27.0337],[-81.5635,27.6466],[-81.1422,27.6432],[-81.1405,27.6013],[-81.1551,27.5918],[-81.1566,27.575],[-81.206,27.5473],[-81.2025,27.5394],[-81.2143,27.5287],[-81.1994,27.515],[-81.2051,27.4897],[-81.1825,27.4837],[-81.1726,27.4629],[-81.1449,27.445],[-81.1391,27.434],[-81.1438,27.412],[-81.1232,27.4029],[-81.1213,27.3898],[-81.0983,27.3791],[-81.0684,27.3823],[-81.05,27.3707],[-81.0511,27.363],[-81.0344,27.359],[-81.0307,27.3515],[-81.0421,27.3476],[-81.0441,27.3297],[-81.0298,27.3232],[-81.0247,27.3018],[-80.9946,27.2973],[-81.0006,27.2676],[-80.9926,27.2503],[-80.9805,27.246],[-80.9853,27.2316],[-80.9647,27.2159],[-80.951,27.2242],[-80.9407,27.2059],[-81.1691,27.2096],[-81.1683,27.1217],[-81.2677,27.1211],[-81.2672,27.0325],[-81.333,27.0324],[-81.333,27.0396],[-81.3418,27.0397],[-81.3427,27.0323],[-81.5625,27.0337]]]}},{"type":"Feature","properties":{"county_fips":"51117","county_name":"Mecklenburg","state":"VA"},"geometry":{"type":"Polygon","coordinates":[[[-78.7403,36.5513],[-78.7329,36.5701],[-78.7158,36.5801],[-78.712,36.6426],[-78.6973,36.6689],[-78.7025,36.6764],[-78.6776,36.6883],[-78.6498,36.6903],[-78.6236,36.6666],[-78.5788,36.6385],[-78.5607,36.6394],[-78.5494,36.6262],[-78.5577,36.6404],[-78.6229,36.672],[-78.6485,36.6979],[-78.493,36.8912],[-78.4633,36.8719],[-78.4301,36.8711],[-78.4212,36.8517],[-78.3972,36.8638],[-78.3681,36.8614],[-78.3449,36.8423],[-78.3296,36.8545],[-78.2821,36.8223],[-78.2434,36.8145],[-78.2418,36.8082],[-78.1746,36.803],[-78.1194,36.7871],[-78.109,36.7892],[-78.112,36.7998],[-78.1052,36.8007],[-78.0581,36.7768],[-78.0475,36.7843],[-78.0274,36.7779],[-78.0462,36.5442],[-78.7341,36.5419],[-78.7317,36.5475],[-78.7403,36.5513]]]}},{"type":"Feature","properties":{"county_fips":"12017","county_name":"Citrus","state":"FL"},"geometry":{"type":"MultiPolygon","coordinates":[[[[-82.7573,28.8007],[-82.7421,28.8032],[-82.7238,28.7905],[-82.7367,28.7737],[-82.7573,28.8007]]],[[[-82.7563,28.9963],[-82.7028,29.0328],[-82.6127,29.0093],[-82.6021,29.0135],[-82.5966,29.0292],[-82.577,29.0281],[-82.5356,29.0449],[-82.5081,29.0375],[-82.4881,29.0514],[-82.4589,29.0477],[-82.4182,29.013],[-82.4016,29.019],[-82.3935,29.008],[-82.3639,29.0018],[-82.3616,28.9936],[-82.3158,28.9733],[-82.2736,28.8972],[-82.2425,28.8768],[-82.232,28.8566],[-82.1836,28.8236],[-82.1693,28.7919],[-82.1869,28.7795],[-82.1863,28.7605],[-82.2073,28.7569],[-82.2491,28.7178],[-82.2631,28.6676],[-82.4178,28.6659],[-82.4184,28.6949],[-82.6746,28.6941],[-82.7048,28.7145],[-82.7208,28.7137],[-82.7048,28.7359],[-82.6901,28.7366],[-82.7025,28.7774],[-82.6915,28.7922],[-82.7131,28.7997],[-82.7387,28.8248],[-82.7366,28.8359],[-82.7276,28.8393],[-82.7338,28.8522],[-82.7279,28.8713],[-82.6898,28.8855],[-82.6889,28.9056],[-82.7015,28.9194],[-82.696,28.9308],[-82.7088,28.936],[-82.7257,28.9622],[-82.7437,28.9702],[-82.7436,28.9782],[-82.7572,28.986],[-82.7563,28.9963]]]]}},{"type":"Feature","properties":{"county_fips":"12087","county_name":"Monroe","state":"FL"},"geometry":{"type":"MultiPolygon","coordinates":[[[[-82.146,24.5489],[-82.1452,24.5525],[-82.1441,24.5513],[-82.146,24.5489]]],[[[-82.1626,24.5497],[-82.1645,24.5634],[-82.1567,24.5661],[-82.163,24.5538],[-82.1564,24.5491],[-82.1626,24.5497]]],[[[-82.8737,24.6265],[-82.8633,24.6289],[-82.8629,24.6257],[-82.8737,24.6265]]],[[[-82.9261,24.6281],[-82.9218,24.6334],[-82.9167,24.6362],[-82.9261,24.6281]]],[[[-80.2968,25.3255],[-80.2937,25.3268],[-80.2937,25.3246],[-80.2968,25.3255]]],[[[-80.3791,25.2883],[-80.3761,25.3059],[-80.3724,25.2871],[-80.3791,25.2883]]],[[[-80.4609,25.0508],[-80.4486,25.0537],[-80.4463,25.0528],[-80.4558,25.0484],[-80.4609,25.0508]]],[[[-80.4823,25.1124],[-80.4769,25.1143],[-80.4759,25.1083],[-80.4823,25.1124]]],[[[-80.4826,25.0864],[-80.4739,25.0936],[-80.4777,25.1035],[-80.4688,25.092],[-80.4826,25.0864]]],[[[-80.4981,25.1027],[-80.4908,25.1035],[-80.4862,25.1086],[-80.4945,25.0978],[-80.4981,25.1027]]],[[[-80.4985,25.0759],[-80.4991,25.0809],[-80.4929,25.08],[-80.4985,25.0759]]],[[[-80.5106,25.139],[-80.5054,25.1378],[-80.5077,25.131],[-80.5092,25.1314],[-80.5106,25.139]]],[[[-80.5144,25.1504],[-80.5093,25.1552],[-80.5054,25.1487],[-80.5066,25.1473],[-80.5144,25.1504]]],[[[-80.5178,25.083],[-80.5111,25.0832],[-80.5106,25.0819],[-80.5178,25.083]]],[[[-80.5455,25.1833],[-80.5358,25.187],[-80.5356,25.1951],[-80.5303,25.1876],[-80.5455,25.1833]]],[[[-80.5532,25.1614],[-80.5501,25.1619],[-80.5559,25.1582],[-80.5532,25.1614]]],[[[-80.5527,25.0629],[-80.5581,25.066],[-80.5558,25.0722],[-80.5527,25.0629]]],[[[-80.5706,25.1312],[-80.565,25.1279],[-80.568,25.1225],[-80.5677,25.1257],[-80.5706,25.1312]]],[[[-80.5708,25.1481],[-80.565,25.1497],[-80.5572,25.1404],[-80.5619,25.1396],[-80.5708,25.1481]]],[[[-80.5742,25.1046],[-80.5672,25.1083],[-80.5676,25.1191],[-80.5607,25.1074],[-80.5742,25.1046]]],[[[-80.579,25.1599],[-80.5729,25.1567],[-80.5751,25.1484],[-80.5764,25.1502],[-80.579,25.1599]]],[[[-80.5882,25.0565],[-80.5827,25.0612],[-80.5833,25.0569],[-80.5882,25.0565]]],[[[-80.6077,25.1749],[-80.5866,25.1714],[-80.5868,25.1626],[-80.5999,25.1637],[-80.6077,25.1749]]],[[[-80.6194,25.0715],[-80.6055,25.0704],[-80.6079,25.0569],[-80.6134,25.0562],[-80.6194,25.0715]]],[[[-80.6198,25.0029],[-80.6155,25.0078],[-80.6128,25.0067],[-80.6141,25.0032],[-80.6198,25.0029]]],[[[-80.6239,24.9988],[-80.626,25.0026],[-80.6228,25.0],[-80.6239,24.9988]]],[[[-80.6232,24.9586],[-80.6251,24.9614],[-80.6239,24.9637],[-80.6232,24.9586]]],[[[-80.6342,25.0243],[-80.6342,25.0281],[-80.6316,25.0255],[-80.6342,25.0243]]],[[[-80.6442,25.0469],[-80.6448,25.0528],[-80.6411,25.0498],[-80.6442,25.0469]]],[[[-80.6485,25.0324],[-80.6459,25.0363],[-80.6463,25.0332],[-80.6485,25.0324]]],[[[-80.6527,24.9808],[-80.6502,24.9895],[-80.6466,24.9874],[-80.6527,24.9808]]],[[[-80.6587,25.1071],[-80.6435,25.1121],[-80.6388,25.1208],[-80.6474,25.1387],[-80.6375,25.1373],[-80.6429,25.1319],[-80.6321,25.1186],[-80.6462,25.1025],[-80.6406,25.0734],[-80.6491,25.0783],[-80.6587,25.1071]]],[[[-80.661,24.9002],[-80.6229,24.9315],[-80.6232,24.9467],[-80.5976,24.9503],[-80.5988,24.9661],[-80.5694,24.962],[-80.5584,24.9713],[-80.5438,25.014],[-80.5159,25.0147],[-80.5139,25.0279],[-80.4611,25.0791],[-80.4657,25.0917],[-80.4539,25.0872],[-80.4333,25.1078],[-80.4384,25.1193],[-80.4613,25.1325],[-80.4619,25.1601],[-80.4427,25.1916],[-80.4655,25.2118],[-80.4879,25.2082],[-80.4951,25.2261],[-80.4828,25.2248],[-80.4431,25.2443],[-80.436,25.2358],[-80.4189,25.2363],[-80.411,25.2535],[-80.3979,25.2535],[-80.3998,25.2384],[-80.4136,25.2355],[-80.4167,25.1987],[-80.3974,25.1918],[-80.3745,25.1976],[-80.3719,25.2063],[-80.3528,25.2076],[-80.3344,25.2405],[-80.3322,25.263],[-80.3659,25.2854],[-80.3257,25.2881],[-80.2905,25.3152],[-80.2737,25.3472],[-80.2576,25.3507],[-80.253,25.3383],[-80.26,25.3249],[-80.2761,25.313],[-80.3159,25.2389],[-80.3673,25.1687],[-80.3498,25.1689],[-80.3582,25.1532],[-80.3695,25.1499],[-80.3771,25.1303],[-80.4001,25.106],[-80.4174,25.0989],[-80.4239,25.1044],[-80.4432,25.0762],[-80.4721,25.0615],[-80.4936,25.0388],[-80.4945,25.0231],[-80.5318,24.9982],[-80.5658,24.9571],[-80.5981,24.9474],[-80.6363,24.9123],[-80.661,24.9002]]],[[[-80.6656,24.9894],[-80.6618,24.9953],[-80.6543,24.9949],[-80.6576,24.9878],[-80.6656,24.9894]]],[[[-80.6684,25.0335],[-80.6646,25.0372],[-80.664,25.0336],[-80.6684,25.0335]]],[[[-80.6664,24.9185],[-80.6652,24.9282],[-80.6608,24.924],[-80.6664,24.9185]]],[[[-80.6673,24.9864],[-80.6701,24.9902],[-80.6667,24.9872],[-80.6673,24.9864]]],[[[-80.6804,25.0993],[-80.6745,25.1041],[-80.6669,25.096],[-80.6804,25.0993]]],[[[-80.6762,25.031],[-80.6781,25.0353],[-80.6737,25.0329],[-80.6762,25.031]]],[[[-80.6847,25.1146],[-80.6841,25.1229],[-80.6795,25.1232],[-80.6759,25.1145],[-80.6847,25.1146]]],[[[-80.6871,25.0272],[-80.6821,25.0307],[-80.6821,25.0253],[-80.6871,25.0272]]],[[[-80.7006,25.0551],[-80.6956,25.0621],[-80.6926,25.0601],[-80.6945,25.0501],[-80.7006,25.0551]]],[[[-80.6972,25.0983],[-80.7002,25.1014],[-80.7009,25.1081],[-80.6972,25.0983]]],[[[-80.7016,25.1226],[-80.6945,25.1223],[-80.6944,25.1199],[-80.7009,25.1158],[-80.7016,25.1226]]],[[[-80.7026,24.897],[-80.6981,24.9089],[-80.6934,24.8995],[-80.7026,24.897]]],[[[-80.706,25.1289],[-80.7111,25.1431],[-80.6996,25.1257],[-80.706,25.1289]]],[[[-80.7146,25.1466],[-80.711,25.1458],[-80.7113,25.1444],[-80.7146,25.1466]]],[[[-80.7246,25.0938],[-80.7252,25.0992],[-80.7232,25.0981],[-80.7246,25.0938]]],[[[-80.7263,24.9962],[-80.7301,25.0024],[-80.7237,25.0051],[-80.7263,24.9962]]],[[[-80.7371,25.0655],[-80.7343,25.0722],[-80.7282,25.0709],[-80.728,25.0626],[-80.7371,25.0655]]],[[[-80.7401,25.0083],[-80.7355,25.0054],[-80.7369,25.0025],[-80.7401,25.0083]]],[[[-80.7411,24.8537],[-80.733,24.8643],[-80.7185,24.863],[-80.7041,24.8803],[-80.6907,24.8842],[-80.7352,24.8488],[-80.7411,24.8537]]],[[[-80.7583,25.0293],[-80.7545,25.0391],[-80.7496,25.0271],[-80.7583,25.0293]]],[[[-80.7609,25.1435],[-80.7605,25.1463],[-80.7588,25.1453],[-80.7609,25.1435]]],[[[-80.7847,24.9368],[-80.7839,24.9408],[-80.7827,24.9393],[-80.7847,24.9368]]],[[[-80.7892,25.0232],[-80.7863,25.0266],[-80.7852,25.0248],[-80.7892,25.0232]]],[[[-80.7867,25.1244],[-80.7893,25.132],[-80.7812,25.122],[-80.7867,25.1244]]],[[[-80.7911,25.0915],[-80.7857,25.0925],[-80.7877,25.0891],[-80.7911,25.0915]]],[[[-80.7923,25.0679],[-80.7887,25.071],[-80.7875,25.0687],[-80.7923,25.0679]]],[[[-80.8298,24.9877],[-80.8299,24.9945],[-80.8279,24.9879],[-80.8298,24.9877]]],[[[-80.8309,25.1152],[-80.8323,25.1217],[-80.8287,25.115],[-80.8309,25.1152]]],[[[-80.8482,24.8058],[-80.8305,24.8124],[-80.7905,24.8429],[-80.8102,24.8242],[-80.7996,24.8175],[-80.7884,24.8253],[-80.7945,24.812],[-80.8482,24.8058]]],[[[-80.8515,25.1077],[-80.8504,25.1107],[-80.8498,25.1085],[-80.8515,25.1077]]],[[[-80.8653,25.03],[-80.8626,25.034],[-80.8609,25.0311],[-80.8653,25.03]]],[[[-80.8831,25.1107],[-80.8808,25.1192],[-80.8765,25.1172],[-80.8761,25.1109],[-80.8831,25.1107]]],[[[-80.8854,25.0581],[-80.8848,25.0612],[-80.8836,25.0599],[-80.8854,25.0581]]],[[[-80.9041,25.0497],[-80.9018,25.0522],[-80.9016,25.0503],[-80.9041,25.0497]]],[[[-80.9054,25.1326],[-80.9042,25.1374],[-80.9002,25.1374],[-80.9054,25.1326]]],[[[-80.9111,25.102],[-80.912,25.1103],[-80.9078,25.1029],[-80.9111,25.102]]],[[[-80.9232,24.7667],[-80.9153,24.7779],[-80.9088,24.7776],[-80.9076,24.7686],[-80.9232,24.7667]]],[[[-80.9315,24.7634],[-80.926,24.7689],[-80.9264,24.7659],[-80.9315,24.7634]]],[[[-80.9299,25.0785],[-80.9295,25.0809],[-80.9252,25.0806],[-80.9299,25.0785]]],[[[-80.9416,25.1062],[-80.9353,25.1111],[-80.9325,25.1092],[-80.9416,25.1062]]],[[[-81.1248,24.7071],[-81.0654,24.7209],[-81.0416,24.7433],[-81.0169,24.7347],[-80.9944,24.744],[-80.9887,24.7602],[-80.98,24.7529],[-80.9538,24.7709],[-80.9494,24.7659],[-80.9314,24.7743],[-81.0159,24.7199],[-81.0238,24.7169],[-81.0298,24.7281],[-81.0671,24.7149],[-81.0773,24.69],[-81.108,24.6886],[-81.1248,24.7071]]],[[[-81.2301,24.7769],[-81.228,24.7818],[-81.2261,24.7757],[-81.2301,24.7769]]],[[[-81.2808,24.6556],[-81.26,24.6748],[-81.2432,24.674],[-81.2448,24.6692],[-81.2808,24.6556]]],[[[-81.2939,24.7726],[-81.2878,24.7764],[-81.2857,24.7682],[-81.2939,24.7726]]],[[[-81.3143,24.7508],[-81.3061,24.7571],[-81.299,24.7436],[-81.3143,24.7508]]],[[[-81.324,24.7596],[-81.3242,24.7671],[-81.3173,24.7568],[-81.324,24.7596]]],[[[-81.3306,24.7295],[-81.3252,24.731],[-81.3284,24.7503],[-81.3037,24.7325],[-81.2974,24.7167],[-81.3306,24.7295]]],[[[-81.3422,24.7392],[-81.3336,24.7442],[-81.3321,24.7327],[-81.3329,24.7316],[-81.3422,24.7392]]],[[[-81.356,25.7035],[-81.3412,25.7126],[-81.3382,25.6929],[-81.3556,25.6925],[-81.356,25.7035]]],[[[-81.4443,24.6329],[-81.4417,24.636],[-81.4409,24.633],[-81.4443,24.6329]]],[[[-81.47,25.8036],[-80.8731,25.8054],[-80.8732,25.364],[-80.8622,25.3642],[-80.8579,25.1766],[-80.9001,25.162],[-80.9006,25.1397],[-80.9159,25.1413],[-80.9455,25.1284],[-80.9718,25.134],[-80.9992,25.1242],[-81.0505,25.1283],[-81.0839,25.1162],[-81.1206,25.1523],[-81.141,25.1572],[-81.149,25.1977],[-81.172,25.2223],[-81.1709,25.2459],[-81.1481,25.3328],[-81.1339,25.343],[-81.1214,25.3388],[-81.1173,25.355],[-81.1251,25.3612],[-81.123,25.3791],[-81.1505,25.3873],[-81.1468,25.4076],[-81.1671,25.4509],[-81.168,25.4695],[-81.189,25.4807],[-81.2097,25.5065],[-81.2044,25.5389],[-81.2336,25.5689],[-81.2417,25.6065],[-81.2715,25.6143],[-81.2733,25.6385],[-81.2899,25.6543],[-81.2849,25.6689],[-81.2919,25.6725],[-81.2903,25.6875],[-81.3461,25.7215],[-81.3602,25.7418],[-81.3819,25.7492],[-81.3814,25.7755],[-81.389,25.7813],[-81.47,25.8036]]],[[[-81.4828,24.6181],[-81.469,24.6132],[-81.4677,24.61],[-81.4715,24.6099],[-81.4828,24.6181]]],[[[-81.8108,24.566],[-81.8109,24.5695],[-81.8096,24.5695],[-81.8108,24.566]]],[[[-81.812,24.5488],[-81.7999,24.5645],[-81.7995,24.5942],[-81.794,24.5757],[-81.7664,24.586],[-81.7528,24.5802],[-81.722,24.6067],[-81.7283,24.6176],[-81.7653,24.6326],[-81.7543,24.654],[-81.5846,24.7367],[-81.5712,24.7564],[-81.5158,24.7562],[-81.4981,24.7926],[-81.4435,24.8134],[-81.4396,24.8037],[-81.458,24.7818],[-81.4515,24.7669],[-81.4202,24.778],[-81.4055,24.7927],[-81.3718,24.7791],[-81.3594,24.7286],[-81.3418,24.7071],[-81.3196,24.7027],[-81.3088,24.6646],[-81.2969,24.6554],[-81.3948,24.6211],[-81.4125,24.6467],[-81.4357,24.6507],[-81.4439,24.6427],[-81.4469,24.6534],[-81.4805,24.6446],[-81.5059,24.6545],[-81.5108,24.6257],[-81.519,24.6188],[-81.5592,24.6096],[-81.6043,24.5862],[-81.6651,24.5733],[-81.6852,24.5587],[-81.812,24.5488]]],[[[-81.8146,24.5604],[-81.8128,24.5636],[-81.8123,24.5608],[-81.8146,24.5604]]],[[[-81.8931,24.5627],[-81.8859,24.563],[-81.8837,24.5603],[-81.8882,24.5578],[-81.8931,24.5627]]],[[[-81.9211,24.6013],[-81.9231,24.6066],[-81.9195,24.6055],[-81.9211,24.6013]]],[[[-81.9249,24.54],[-81.9213,24.5485],[-81.9168,24.5454],[-81.9249,24.54]]],[[[-81.926,24.5265],[-81.9256,24.5329],[-81.9177,24.5305],[-81.926,24.5265]]],[[[-81.9643,24.5213],[-81.9631,24.525],[-81.9631,24.5213],[-81.9643,24.5213]]],[[[-81.9785,24.5232],[-81.9709,24.527],[-81.9682,24.5235],[-81.9785,24.5232]]],[[[-82.0065,24.5274],[-82.0075,24.5379],[-81.9983,24.5309],[-82.0065,24.5274]]],[[[-82.1454,24.5899],[-82.13,24.5975],[-82.1081,24.5906],[-82.1013,24.5655],[-82.1161,24.5495],[-82.1335,24.55],[-82.1142,24.5587],[-82.1104,24.5686],[-82.1257,24.5854],[-82.1454,24.5899]]]]}},{"type":"Feature","properties":{"county_fips":"12021","county_name":"Collier","state":"FL"},"geometry":{"type":"Polygon","coordinates":[[[-81.8458,26.3304],[-81.8191,26.3304],[-81.819,26.3162],[-81.6579,26.3176],[-81.6595,26.4211],[-81.5625,26.4226],[-81.5638,26.5133],[-81.2718,26.5171],[-81.2682,26.2531],[-80.8797,26.2593],[-80.8731,25.8054],[-81.47,25.8036],[-81.464,25.8113],[-81.4895,25.8221],[-81.4996,25.8348],[-81.53,25.8386],[-81.5342,25.8566],[-81.5479,25.8496],[-81.5525,25.8583],[-81.5644,25.8562],[-81.605,25.8921],[-81.6226,25.8907],[-81.6386,25.9054],[-81.6721,25.8818],[-81.6726,25.8567],[-81.6783,25.8453],[-81.6848,25.8472],[-81.718,25.9079],[-81.7295,25.9094],[-81.7346,25.9361],[-81.7531,25.9511],[-81.7529,25.9612],[-81.7382,25.9718],[-81.7624,26.0061],[-81.8017,26.0914],[-81.8207,26.2367],[-81.8458,26.3304]]]}},{"type":"Feature","properties":{"county_fips":"51019","county_name":"Bedford","state":"VA"},"geometry":{"type":"Polygon","coordinates":[[[-79.8584,37.2672],[-79.8478,37.2785],[-79.8504,37.2951],[-79.8396,37.3004],[-79.8475,37.3094],[-79.8442,37.3177],[-79.7887,37.3494],[-79.7761,37.374],[-79.8142,37.4037],[-79.7562,37.4254],[-79.6775,37.4835],[-79.6535,37.482],[-79.6282,37.4536],[-79.5827,37.4519],[-79.5811,37.472],[-79.559,37.4964],[-79.5456,37.4895],[-79.5047,37.5208],[-79.4965,37.5371],[-79.4404,37.5641],[-79.4341,37.5723],[-79.4491,37.5788],[-79.4575,37.5993],[-79.4453,37.6182],[-79.4369,37.6171],[-79.4311,37.6018],[-79.4045,37.6075],[-79.3841,37.5943],[-79.365,37.5462],[-79.3393,37.5166],[-79.2931,37.4994],[-79.2634,37.5091],[-79.2581,37.4942],[-79.2404,37.5062],[-79.2237,37.5063],[-79.2191,37.5022],[-79.2251,37.4944],[-79.2095,37.4775],[-79.1859,37.4701],[-79.21,37.469],[-79.2465,37.4473],[-79.2666,37.4484],[-79.2684,37.4313],[-79.2526,37.4308],[-79.2414,37.4191],[-79.2544,37.4045],[-79.2331,37.393],[-79.4429,37.0559],[-79.4895,37.0625],[-79.4833,37.0353],[-79.4587,37.018],[-79.4791,37.0064],[-79.5426,37.0516],[-79.55,37.0531],[-79.5426,37.045],[-79.5595,37.0439],[-79.5643,37.0347],[-79.6002,37.0446],[-79.5931,37.0529],[-79.6224,37.0786],[-79.6116,37.0865],[-79.6411,37.1031],[-79.6705,37.1496],[-79.6799,37.1559],[-79.6882,37.1497],[-79.7024,37.1643],[-79.6963,37.1528],[-79.7029,37.1494],[-79.7224,37.1923],[-79.7577,37.19],[-79.7621,37.2014],[-79.7766,37.2026],[-79.7821,37.2327],[-79.7945,37.2311],[-79.7948,37.2195],[-79.8036,37.2155],[-79.8196,37.2264],[-79.8427,37.2165],[-79.8465,37.2474],[-79.8584,37.2672]]]}},{"type":"Feature","properties":{"county_fips":"12027","county_name":"DeSoto","state":"FL"},"geometry":{"type":"Polygon","coordinates":[[[-82.0575,27.0321],[-82.0558,27.3383],[-81.5641,27.3406],[-81.5626,27.0338],[-82.0575,27.0321]]]}},{"type":"Feature","properties":{"county_fips":"51007","county_name":"Amelia","state":"VA"},"geometry":{"type":"Polygon","coordinates":[[[-78.2399,37.3773],[-78.2203,37.3882],[-78.2017,37.4263],[-78.189,37.4253],[-78.185,37.4446],[-78.1714,37.4425],[-78.1388,37.4597],[-78.1243,37.4454],[-78.1057,37.4493],[-78.0987,37.4406],[-78.0924,37.4557],[-78.0661,37.452],[-78.0493,37.4723],[-78.0172,37.4715],[-78.0154,37.4912],[-77.9987,37.4979],[-77.9852,37.4861],[-77.8982,37.4748],[-77.8945,37.4496],[-77.8666,37.4568],[-77.8551,37.4184],[-77.8751,37.4171],[-77.8674,37.3938],[-77.8782,37.3835],[-77.8766,37.3643],[-77.8609,37.3622],[-77.8373,37.3384],[-77.7965,37.3327],[-77.7963,37.324],[-77.809,37.3154],[-77.8067,37.3045],[-77.7726,37.2876],[-77.7635,37.2707],[-77.7398,37.2687],[-77.7355,37.2842],[-77.72,37.2833],[-77.7088,37.3001],[-77.6926,37.2814],[-77.6824,37.2918],[-77.6675,37.2925],[-77.6489,37.2554],[-77.6613,37.2407],[-77.6868,37.2351],[-77.6887,37.2282],[-77.6807,37.2289],[-77.6866,37.2229],[-77.7184,37.2156],[-77.7477,37.1927],[-77.7959,37.1926],[-78.2312,37.2962],[-78.2337,37.3696],[-78.2399,37.3773]]]}},{"type":"Feature","properties":{"county_fips":"12015","county_name":"Charlotte","state":"FL"},"geometry":{"type":"Polygon","coordinates":[[[-82.3752,26.946],[-82.2555,26.9453],[-82.2552,27.033],[-81.5626,27.0338],[-81.5657,26.7696],[-82.0599,26.7704],[-82.051,26.7919],[-82.0511,26.865],[-82.0603,26.8804],[-82.0867,26.8885],[-82.0971,26.9145],[-82.0868,26.9277],[-82.0677,26.9278],[-82.0538,26.9398],[-82.0662,26.9544],[-82.0874,26.959],[-82.0994,26.9534],[-82.1178,26.9651],[-82.1155,26.9511],[-82.1414,26.9239],[-82.1543,26.9249],[-82.1741,26.9417],[-82.1831,26.9358],[-82.1534,26.854],[-82.1463,26.7829],[-82.1722,26.7699],[-82.2056,26.7705],[-82.2215,26.7818],[-82.2721,26.7895],[-82.2825,26.816],[-82.3752,26.946]]]}},{"type":"Feature","properties":{"county_fips":"12003","county_name":"Baker","state":"FL"},"geometry":{"type":"Polygon","coordinates":[[[-82.4595,30.5843],[-82.2148,30.5686],[-82.2344,30.5566],[-82.2404,30.5378],[-82.2269,30.5103],[-82.2014,30.4852],[-82.2103,30.4246],[-82.1929,30.3788],[-82.1652,30.358],[-82.1048,30.3683],[-82.0811,30.3588],[-82.05,30.3624],[-82.0494,30.1431],[-82.4584,30.1364],[-82.4595,30.5843]]]}},{"type":"Feature","properties":{"county_fips":"12081","county_name":"Manatee","state":"FL"},"geometry":{"type":"MultiPolygon","coordinates":[[[[-82.5736,27.6313],[-82.5726,27.6369],[-82.5692,27.6305],[-82.5736,27.6313]]],[[[-82.7457,27.5388],[-82.708,27.5231],[-82.7068,27.4984],[-82.6861,27.4981],[-82.6869,27.508],[-82.6746,27.5196],[-82.6413,27.5255],[-82.646,27.5335],[-82.612,27.5712],[-82.6117,27.5853],[-82.5774,27.5996],[-82.5541,27.6458],[-82.0543,27.6464],[-82.0565,27.2078],[-82.2536,27.2089],[-82.2523,27.3862],[-82.6428,27.3897],[-82.6901,27.4344],[-82.7145,27.5004],[-82.7457,27.5388]]]]}},{"type":"Feature","properties":{"county_fips":"12115","county_name":"Sarasota","state":"FL"},"geometry":{"type":"Polygon","coordinates":[[[-82.6428,27.3897],[-82.2523,27.3862],[-82.2536,27.2089],[-82.0565,27.2078],[-82.0575,27.0321],[-82.2552,27.033],[-82.2555,26.9453],[-82.3752,26.946],[-82.4457,27.0606],[-82.522,27.2284],[-82.5451,27.261],[-82.5689,27.2756],[-82.5601,27.2951],[-82.6428,27.3897]]]}},{"type":"Feature","properties":{"county_fips":"12111","county_name":"St. Lucie","state":"FL"},"geometry":{"type":"Polygon","coordinates":[[[-80.6797,27.5587],[-80.3215,27.557],[-80.2907,27.4743],[-80.2966,27.471],[-80.1994,27.263],[-80.2848,27.2637],[-80.2853,27.2439],[-80.293,27.242],[-80.2851,27.231],[-80.2855,27.206],[-80.6779,27.206],[-80.6797,27.5587]]]}},{"type":"Feature","properties":{"county_fips":"12099","county_name":"Palm Beach","state":"FL"},"geometry":{"type":"Polygon","coordinates":[[[-80.8818,26.3338],[-80.8856,26.9589],[-80.142,26.9566],[-80.1418,26.9709],[-80.0799,26.9705],[-80.0314,26.7963],[-80.0375,26.7663],[-80.0389,26.5693],[-80.0748,26.321],[-80.0992,26.3276],[-80.2041,26.3278],[-80.2969,26.3554],[-80.297,26.3344],[-80.8818,26.3338]]]}},{"type":"Feature","properties":{"county_fips":"51065","county_name":"Fluvanna","state":"VA"},"geometry":{"type":"Polygon","coordinates":[[[-78.4908,37.7976],[-78.3068,38.0065],[-78.2302,37.9785],[-78.2051,37.9573],[-78.0625,37.9047],[-78.1593,37.7485],[-78.181,37.745],[-78.2124,37.7234],[-78.2397,37.6905],[-78.3442,37.7188],[-78.3656,37.7319],[-78.4222,37.7405],[-78.4677,37.7631],[-78.4908,37.7976]]]}},{"type":"Feature","properties":{"county_fips":"37183","county_name":"Wake","state":"NC"},"geometry":{"type":"Polygon","coordinates":[[[-78.995,35.6102],[-78.9094,35.843],[-78.9061,35.8681],[-78.83,35.867],[-78.8048,35.9276],[-78.7591,35.9184],[-78.717,35.9613],[-78.6998,36.0114],[-78.7074,36.0111],[-78.72,36.0296],[-78.7402,36.0236],[-78.7536,36.0314],[-78.7513,36.0708],[-78.6832,36.0745],[-78.4269,35.975],[-78.3943,35.9369],[-78.3533,35.9311],[-78.351,35.9101],[-78.3285,35.8967],[-78.3072,35.8966],[-78.278,35.8673],[-78.2538,35.8274],[-78.256,35.8181],[-78.2789,35.8044],[-78.4716,35.7049],[-78.7089,35.5195],[-78.995,35.6102]]]}},{"type":"Feature","properties":{"county_fips":"37081","county_name":"Guilford","state":"NC"},"geometry":{"type":"Polygon","coordinates":[[[-80.0469,35.9207],[-80.0351,36.2572],[-79.5324,36.2415],[-79.5417,35.8999],[-80.0469,35.9207]]]}},{"type":"Feature","properties":{"county_fips":"51680","county_name":"Lynchburg","state":"VA"},"geometry":{"type":"Polygon","coordinates":[[[-79.271,37.4363],[-79.2666,37.4484],[-79.2465,37.4473],[-79.21,37.469],[-79.1945,37.4692],[-79.1751,37.4487],[-79.1466,37.4287],[-79.1436,37.4329],[-79.1232,37.3999],[-79.1143,37.3976],[-79.1062,37.4065],[-79.0846,37.3946],[-79.1184,37.369],[-79.1339,37.376],[-79.1768,37.3421],[-79.1971,37.3449],[-79.2148,37.3326],[-79.2576,37.3558],[-79.2327,37.3947],[-79.2544,37.4045],[-79.2414,37.4191],[-79.2509,37.4295],[-79.271,37.4363]]]}},{"type":"Feature","properties":{"county_fips":"37151","county_name":"Randolph","state":"NC"},"geometry":{"type":"Polygon","coordinates":[[[-80.0668,35.5057],[-80.0469,35.9207],[-79.5417,35.8999],[-79.5558,35.515],[-80.0668,35.5057]]]}},{"type":"Feature","properties":{"county_fips":"37169","county_name":"Stokes","state":"NC"},"geometry":{"type":"Polygon","coordinates":[[[-80.4519,36.2615],[-80.4403,36.5506],[-80.0273,36.5425],[-80.0351,36.2572],[-80.4519,36.2615]]]}},{"type":"Feature","properties":{"county_fips":"51620","county_name":"Franklin","state":"VA"},"geometry":{"type":"Polygon","coordinates":[[[-76.9684,36.7006],[-76.9524,36.7087],[-76.9254,36.7086],[-76.9257,36.6983],[-76.9122,36.6984],[-76.925,36.6822],[-76.912,36.6727],[-76.9177,36.6613],[-76.9101,36.6471],[-76.9623,36.6675],[-76.9474,36.6759],[-76.9665,36.6804],[-76.9684,36.7006]]]}},{"type":"Feature","properties":{"county_fips":"37197","county_name":"Yadkin","state":"NC"},"geometry":{"type":"Polygon","coordinates":[[[-80.8816,36.0557],[-80.8732,36.2363],[-80.8084,36.2543],[-80.7972,36.248],[-80.784,36.2528],[-80.7738,36.2747],[-80.7523,36.2633],[-80.7373,36.2804],[-80.7321,36.2669],[-80.6846,36.2688],[-80.6675,36.251],[-80.6487,36.256],[-80.643,36.2726],[-80.6285,36.273],[-80.6282,36.2879],[-80.5928,36.2699],[-80.548,36.2854],[-80.537,36.28],[-80.5342,36.2585],[-80.4667,36.2598],[-80.4322,36.218],[-80.4464,36.2065],[-80.437,36.1706],[-80.4394,36.1369],[-80.463,36.1179],[-80.5065,36.1086],[-80.5157,36.0931],[-80.5085,36.058],[-80.4963,36.0465],[-80.8816,36.0557]]]}},{"type":"Feature","properties":{"county_fips":"12019","county_name":"Clay","state":"FL"},"geometry":{"type":"Polygon","coordinates":[[[-82.0494,30.1869],[-81.6796,30.1905],[-81.6905,30.1719],[-81.6921,30.1447],[-81.68,30.1191],[-81.6889,30.0286],[-81.6782,30.0122],[-81.6049,29.9635],[-81.5987,29.941],[-81.6076,29.9057],[-81.5812,29.8402],[-81.8124,29.8365],[-81.862,29.8002],[-81.9142,29.7914],[-81.9394,29.7475],[-81.9911,29.744],[-82.0071,29.7395],[-82.0289,29.7187],[-82.0492,29.7187],[-82.0494,30.1869]]]}},{"type":"Feature","properties":{"county_fips":"13299","county_name":"Ware","state":"GA"},"geometry":{"type":"Polygon","coordinates":[[[-82.6992,31.2781],[-82.6636,31.2879],[-82.6296,31.2747],[-82.6282,31.4693],[-82.4947,31.4687],[-82.4937,31.4429],[-82.4814,31.4431],[-82.4815,31.4175],[-82.4172,31.4171],[-82.4174,31.405],[-82.4026,31.4048],[-82.4026,31.3909],[-82.417,31.3909],[-82.417,31.3789],[-82.4026,31.3788],[-82.4026,31.365],[-82.3895,31.3649],[-82.3872,31.2971],[-82.3672,31.2853],[-82.3687,31.2768],[-82.3507,31.2556],[-82.3185,31.2369],[-82.3147,31.2259],[-82.2846,31.2244],[-82.2843,31.1922],[-82.2304,31.1686],[-82.2087,31.1709],[-82.2083,31.0848],[-82.1636,31.0486],[-82.1317,31.0107],[-82.4156,31.0136],[-82.4204,30.7952],[-82.1782,30.791],[-82.1499,30.7843],[-82.2148,30.5685],[-82.4189,30.5817],[-82.4188,30.6131],[-82.4309,30.6128],[-82.4289,30.6903],[-82.4351,30.7166],[-82.42,30.7166],[-82.4201,30.7292],[-82.4352,30.7291],[-82.4359,30.8201],[-82.4955,30.8196],[-82.4906,30.9632],[-82.5201,30.9631],[-82.5521,31.0018],[-82.5921,31.0185],[-82.6897,31.2214],[-82.701,31.2232],[-82.6992,31.2781]]]}},{"type":"Feature","properties":{"county_fips":"51650","county_name":"Hampton","state":"VA"},"geometry":{"type":"MultiPolygon","coordinates":[[[[-76.3027,36.9818],[-76.3026,36.9872],[-76.2999,36.9869],[-76.3027,36.9818]]],[[[-76.3186,36.9992],[-76.3177,37.0019],[-76.3171,36.9991],[-76.3186,36.9992]]],[[[-76.449,37.0792],[-76.4377,37.094],[-76.408,37.0921],[-76.3984,37.0967],[-76.3978,37.1074],[-76.3675,37.113],[-76.3447,37.0968],[-76.296,37.1098],[-76.2714,37.0876],[-76.3043,37.0014],[-76.3146,37.0015],[-76.3169,37.0127],[-76.3407,37.0152],[-76.3877,36.9897],[-76.405,36.9936],[-76.4247,37.0254],[-76.4424,37.0188],[-76.449,37.0792]]]]}},{"type":"Feature","properties":{"county_fips":"51740","county_name":"Portsmouth","state":"VA"},"geometry":{"type":"Polygon","coordinates":[[[-76.4193,36.8676],[-76.405,36.8815],[-76.4069,36.8975],[-76.3883,36.8972],[-76.3859,36.9232],[-76.3564,36.9241],[-76.3503,36.8953],[-76.3386,36.889],[-76.3513,36.88],[-76.3411,36.861],[-76.3572,36.8568],[-76.374,36.8366],[-76.3582,36.8362],[-76.3398,36.8545],[-76.3185,36.8578],[-76.3073,36.8475],[-76.3017,36.8509],[-76.29,36.822],[-76.2921,36.7987],[-76.3757,36.7861],[-76.4037,36.814],[-76.3835,36.8375],[-76.3874,36.8522],[-76.3994,36.8572],[-76.3985,36.8659],[-76.4193,36.8676]]]}},{"type":"Feature","properties":{"county_fips":"51735","county_name":"Poquoson","state":"VA"},"geometry":{"type":"Polygon","coordinates":[[[-76.395,37.1063],[-76.4129,37.1558],[-76.4057,37.16],[-76.3707,37.1503],[-76.374,37.1604],[-76.3487,37.1687],[-76.3407,37.1508],[-76.2993,37.1301],[-76.296,37.1098],[-76.3447,37.0968],[-76.3675,37.113],[-76.395,37.1063]]]}},{"type":"Feature","properties":{"county_fips":"37171","county_name":"Surry","state":"NC"},"geometry":{"type":"Polygon","coordinates":[[[-80.9736,36.4535],[-80.927,36.5011],[-80.9017,36.5617],[-80.7048,36.5623],[-80.4403,36.5506],[-80.4527,36.2417],[-80.471,36.261],[-80.5342,36.2585],[-80.537,36.28],[-80.548,36.2854],[-80.5928,36.2699],[-80.6282,36.2879],[-80.6267,36.2749],[-80.643,36.2726],[-80.6533,36.2526],[-80.6732,36.2522],[-80.6846,36.2688],[-80.734,36.2675],[-80.7373,36.2804],[-80.7523,36.2633],[-80.7765,36.2736],[-80.7784,36.2569],[-80.7972,36.248],[-80.8084,36.2543],[-80.8732,36.2363],[-80.8687,36.3264],[-80.8931,36.3409],[-80.9058,36.3611],[-80.9314,36.3669],[-80.9554,36.3845],[-80.9549,36.3937],[-80.9672,36.402],[-80.9472,36.4191],[-80.9736,36.4535]]]}},{"type":"Feature","properties":{"county_fips":"51810","county_name":"Virginia Beach","state":"VA"},"geometry":{"type":"Polygon","coordinates":[[[-76.2252,36.837],[-76.1973,36.8281],[-76.1795,36.8497],[-76.1769,36.857],[-76.1933,36.8652],[-76.1884,36.8741],[-76.1985,36.8866],[-76.182,36.9067],[-76.1925,36.918],[-76.1768,36.921],[-76.1771,36.9301],[-76.0905,36.9078],[-76.0383,36.9312],[-75.9963,36.922],[-75.9496,36.7612],[-75.8909,36.6308],[-75.8676,36.5504],[-76.1223,36.5505],[-76.122,36.6658],[-76.0692,36.6775],[-76.068,36.6926],[-76.0822,36.7124],[-76.0976,36.7161],[-76.1433,36.757],[-76.2037,36.7697],[-76.2252,36.837]]]}},{"type":"Feature","properties":{"county_fips":"51590","county_name":"Danville","state":"VA"},"geometry":{"type":"Polygon","coordinates":[[[-79.5179,36.6045],[-79.501,36.6181],[-79.4222,36.6005],[-79.3981,36.644],[-79.3694,36.6351],[-79.3649,36.6077],[-79.3547,36.6093],[-79.3512,36.5999],[-79.331,36.6017],[-79.3285,36.5826],[-79.3046,36.5823],[-79.3027,36.5745],[-79.3073,36.569],[-79.3362,36.5717],[-79.3311,36.5685],[-79.3515,36.5512],[-79.3431,36.5412],[-79.47,36.541],[-79.4721,36.5606],[-79.4623,36.5636],[-79.4565,36.577],[-79.4919,36.5809],[-79.5179,36.6045]]]}},{"type":"Feature","properties":{"county_fips":"51115","county_name":"Mathews","state":"VA"},"geometry":{"type":"Polygon","coordinates":[[[-76.4502,37.4862],[-76.4376,37.5144],[-76.4136,37.5129],[-76.4041,37.5355],[-76.3608,37.5284],[-76.3564,37.5081],[-76.3336,37.5028],[-76.3233,37.4853],[-76.3109,37.4871],[-76.3155,37.4899],[-76.2977,37.5154],[-76.281,37.5078],[-76.273,37.4848],[-76.2926,37.495],[-76.3103,37.4911],[-76.2561,37.4526],[-76.2479,37.3944],[-76.2491,37.3758],[-76.2747,37.3496],[-76.2762,37.3108],[-76.3086,37.3294],[-76.3138,37.3455],[-76.3206,37.3441],[-76.3378,37.3658],[-76.3853,37.3843],[-76.399,37.4168],[-76.4479,37.4201],[-76.4487,37.4481],[-76.4421,37.4528],[-76.4502,37.4862]]]}},{"type":"Feature","properties":{"county_fips":"51800","county_name":"Suffolk","state":"VA"},"geometry":{"type":"Polygon","coordinates":[[[-76.9277,36.5624],[-76.9203,36.5776],[-76.9095,36.5792],[-76.9123,36.6179],[-76.8939,36.6257],[-76.8976,36.6441],[-76.5335,36.9156],[-76.5211,36.9063],[-76.4952,36.9225],[-76.4824,36.9174],[-76.4834,36.8962],[-76.4931,36.8918],[-76.4834,36.8782],[-76.4547,36.8841],[-76.4416,36.9061],[-76.4044,36.8945],[-76.4071,36.878],[-76.4575,36.8148],[-76.4915,36.5507],[-76.9159,36.5521],[-76.9277,36.5624]]]}},{"type":"Feature","properties":{"county_fips":"37001","county_name":"Alamance","state":"NC"},"geometry":{"type":"Polygon","coordinates":[[[-79.5424,35.8433],[-79.5319,36.2497],[-79.258,36.2434],[-79.2684,35.9109],[-79.2569,35.9021],[-79.2504,35.857],[-79.2373,35.8442],[-79.5424,35.8433]]]}},{"type":"Feature","properties":{"county_fips":"37063","county_name":"Durham","state":"NC"},"geometry":{"type":"Polygon","coordinates":[[[-79.0163,35.8632],[-78.9506,36.2393],[-78.8023,36.2358],[-78.8075,36.0873],[-78.7921,36.0853],[-78.7837,36.07],[-78.7513,36.0708],[-78.7536,36.0314],[-78.7402,36.0236],[-78.72,36.0296],[-78.7074,36.0111],[-78.6998,36.0114],[-78.717,35.9613],[-78.7591,35.9184],[-78.8048,35.9276],[-78.83,35.867],[-79.0163,35.8632]]]}},{"type":"Feature","properties":{"county_fips":"37035","county_name":"Catawba","state":"NC"},"geometry":{"type":"Polygon","coordinates":[[[-81.5342,35.5703],[-81.5068,35.608],[-81.4329,35.6778],[-81.3638,35.7678],[-81.3539,35.7689],[-81.3556,35.7803],[-81.3452,35.7946],[-81.2624,35.8058],[-81.249,35.8157],[-81.2258,35.8095],[-81.2051,35.8228],[-81.1496,35.829],[-81.1423,35.8272],[-81.1286,35.7898],[-81.0895,35.7659],[-81.0905,35.7574],[-81.0671,35.7368],[-81.0637,35.7126],[-81.0018,35.7082],[-80.9667,35.671],[-80.9534,35.6439],[-80.9252,35.6203],[-80.9433,35.6063],[-80.9336,35.5909],[-80.9533,35.5786],[-80.96,35.547],[-81.5342,35.5703]]]}},{"type":"Feature","properties":{"county_fips":"37109","county_name":"Lincoln","state":"NC"},"geometry":{"type":"Polygon","coordinates":[[[-81.5354,35.5681],[-80.96,35.547],[-80.9397,35.5286],[-80.9555,35.5325],[-80.9635,35.506],[-80.9479,35.4905],[-80.9515,35.4671],[-80.9425,35.4577],[-80.9587,35.4326],[-80.9549,35.4001],[-81.4556,35.4198],[-81.513,35.5233],[-81.5092,35.5504],[-81.5354,35.5681]]]}},{"type":"Feature","properties":{"county_fips":"12049","county_name":"Hardee","state":"FL"},"geometry":{"type":"Polygon","coordinates":[[[-82.0558,27.3383],[-82.0543,27.6464],[-81.5635,27.6466],[-81.5641,27.3406],[-82.0558,27.3383]]]}},{"type":"Feature","properties":{"county_fips":"37179","county_name":"Union","state":"NC"},"geometry":{"type":"Polygon","coordinates":[[[-80.838,35.005],[-80.8045,35.0277],[-80.7676,35.0363],[-80.5503,35.2084],[-80.4898,35.1758],[-80.479,35.1793],[-80.4704,35.1673],[-80.4399,35.161],[-80.4193,35.1729],[-80.4115,35.1633],[-80.3883,35.1659],[-80.371,35.1797],[-80.3547,35.1655],[-80.3404,35.1741],[-80.3217,35.1731],[-80.2944,35.1944],[-80.2768,35.1957],[-80.3208,34.8141],[-80.7975,34.8198],[-80.782,34.9358],[-80.838,35.005]]]}},{"type":"Feature","properties":{"county_fips":"37185","county_name":"Warren","state":"NC"},"geometry":{"type":"Polygon","coordinates":[[[-78.3239,36.5438],[-77.8998,36.5447],[-77.8995,36.5043],[-77.9118,36.4428],[-77.9201,36.4361],[-77.9121,36.4248],[-77.912,36.3824],[-77.9424,36.2985],[-78.0066,36.2026],[-78.0449,36.2155],[-78.1098,36.2102],[-78.1327,36.2463],[-78.157,36.2444],[-78.1732,36.2555],[-78.1935,36.2468],[-78.307,36.2662],[-78.2772,36.3061],[-78.3239,36.5438]]]}},{"type":"Feature","properties":{"county_fips":"12011","county_name":"Broward","state":"FL"},"geometry":{"type":"Polygon","coordinates":[[[-80.8813,26.3338],[-80.297,26.3344],[-80.2969,26.3554],[-80.2041,26.3278],[-80.0992,26.3276],[-80.0748,26.321],[-80.1088,26.0901],[-80.1179,25.9752],[-80.2951,25.9706],[-80.295,25.9568],[-80.68,25.9569],[-80.68,25.9787],[-80.8729,25.9794],[-80.8813,26.3338]]]}},{"type":"Feature","properties":{"county_fips":"12127","county_name":"Volusia","state":"FL"},"geometry":{"type":"Polygon","coordinates":[[[-81.6809,29.3244],[-81.4509,29.3785],[-81.4345,29.3993],[-81.4229,29.4004],[-81.4173,29.2612],[-81.1501,29.266],[-81.1559,29.411],[-81.1019,29.4271],[-80.9662,29.148],[-80.9096,29.0709],[-80.7329,28.7912],[-80.9679,28.7902],[-80.9645,28.613],[-80.9899,28.6139],[-80.9891,28.6247],[-80.9942,28.6216],[-81.0071,28.6363],[-81.0012,28.6411],[-81.0072,28.6635],[-81.0213,28.6743],[-81.0166,28.693],[-81.0611,28.75],[-81.0531,28.7736],[-81.0761,28.8193],[-81.1205,28.8257],[-81.1293,28.7995],[-81.1404,28.796],[-81.1362,28.7922],[-81.1789,28.7819],[-81.1819,28.7972],[-81.1974,28.7919],[-81.2137,28.8042],[-81.2257,28.8325],[-81.3205,28.8345],[-81.3593,28.8489],[-81.3511,28.8581],[-81.3647,28.8657],[-81.3661,28.8878],[-81.3572,28.8871],[-81.3528,28.8967],[-81.3602,28.9066],[-81.3497,28.9396],[-81.3593,28.9446],[-81.354,28.9496],[-81.3589,28.9559],[-81.3709,28.9583],[-81.3559,28.987],[-81.3757,28.994],[-81.3728,28.9992],[-81.4029,29.0325],[-81.4553,29.0631],[-81.4592,29.0942],[-81.5021,29.0978],[-81.5045,29.1237],[-81.5315,29.1769],[-81.554,29.1846],[-81.5609,29.2002],[-81.6123,29.2028],[-81.6484,29.2902],[-81.6721,29.3053],[-81.6809,29.3244]]]}},{"type":"Feature","properties":{"county_fips":"37195","county_name":"Wilson","state":"NC"},"geometry":{"type":"Polygon","coordinates":[[[-78.1921,35.7305],[-77.8974,35.8439],[-77.8739,35.8497],[-77.8447,35.8376],[-77.8284,35.8672],[-77.7513,35.8278],[-77.7184,35.7288],[-77.6651,35.6749],[-77.8062,35.5835],[-77.9984,35.5856],[-78.058,35.5978],[-78.0648,35.5853],[-78.1256,35.6031],[-78.1578,35.6856],[-78.1609,35.7119],[-78.1921,35.7305]]]}},{"type":"Feature","properties":{"county_fips":"51011","county_name":"Appomattox","state":"VA"},"geometry":{"type":"Polygon","coordinates":[[[-79.017,37.4306],[-79.0098,37.4459],[-78.9403,37.4843],[-78.9499,37.5031],[-78.9199,37.499],[-78.8929,37.5161],[-78.8947,37.5336],[-78.8815,37.532],[-78.8601,37.5454],[-78.8309,37.5356],[-78.8233,37.5398],[-78.8252,37.5525],[-78.703,37.4553],[-78.6832,37.429],[-78.6355,37.416],[-78.6399,37.4039],[-78.6302,37.3843],[-78.5951,37.399],[-78.6014,37.3514],[-78.5945,37.3449],[-78.6308,37.3182],[-78.6733,37.2685],[-78.6816,37.2488],[-78.7204,37.2371],[-78.7349,37.2203],[-78.7773,37.2291],[-78.8082,37.2019],[-78.8569,37.212],[-78.8548,37.2266],[-78.8632,37.2405],[-78.8922,37.2487],[-78.9217,37.2459],[-78.9265,37.2771],[-78.9497,37.2925],[-78.9534,37.3171],[-79.017,37.4306]]]}},{"type":"Feature","properties":{"county_fips":"51670","county_name":"Hopewell","state":"VA"},"geometry":{"type":"Polygon","coordinates":[[[-77.325,37.2806],[-77.3347,37.3144],[-77.3187,37.3083],[-77.2873,37.3169],[-77.2816,37.3099],[-77.277,37.3177],[-77.2524,37.2935],[-77.2606,37.2828],[-77.2786,37.2803],[-77.3053,37.262],[-77.3224,37.2654],[-77.331,37.2576],[-77.325,37.2806]]]}},{"type":"Feature","properties":{"county_fips":"51640","county_name":"Galax","state":"VA"},"geometry":{"type":"Polygon","coordinates":[[[-80.9496,36.663],[-80.9406,36.6785],[-80.9329,36.6688],[-80.9291,36.6798],[-80.9174,36.6798],[-80.9176,36.6941],[-80.9055,36.6869],[-80.8911,36.696],[-80.8773,36.6922],[-80.9172,36.6471],[-80.9211,36.6255],[-80.9317,36.6285],[-80.9217,36.6435],[-80.9478,36.6484],[-80.9496,36.663]]]}},{"type":"Feature","properties":{"county_fips":"34029","county_name":"Ocean","state":"NJ"},"geometry":{"type":"Polygon","coordinates":[[[-74.5531,40.0791],[-74.4067,40.1724],[-74.2615,40.167],[-74.2598,40.1491],[-74.2418,40.131],[-74.2446,40.1181],[-74.2319,40.1098],[-74.1795,40.1109],[-74.1503,40.0989],[-74.1077,40.137],[-74.0959,40.1287],[-74.0942,40.1075],[-74.0724,40.0894],[-74.0509,40.1037],[-74.0337,40.102],[-74.0774,39.9103],[-74.0991,39.7568],[-74.2406,39.5558],[-74.2895,39.5093],[-74.3808,39.4985],[-74.4033,39.5403],[-74.4162,39.5498],[-74.4188,39.5686],[-74.4008,39.5722],[-74.3904,39.5962],[-74.3897,39.7733],[-74.5531,40.0791]]]}},{"type":"Feature","properties":{"county_fips":"12061","county_name":"Indian River","state":"FL"},"geometry":{"type":"Polygon","coordinates":[[[-80.8816,27.8225],[-80.5091,27.8221],[-80.4911,27.8546],[-80.4471,27.8608],[-80.3805,27.732],[-80.3215,27.557],[-80.7772,27.5587],[-80.778,27.6432],[-80.8731,27.6423],[-80.8816,27.8225]]]}},{"type":"Feature","properties":{"county_fips":"37025","county_name":"Cabarrus","state":"NC"},"geometry":{"type":"Polygon","coordinates":[[[-80.7871,35.4949],[-80.7842,35.506],[-80.2954,35.5029],[-80.4829,35.2133],[-80.5059,35.1933],[-80.505,35.185],[-80.6671,35.2688],[-80.6931,35.3464],[-80.7664,35.4015],[-80.7635,35.4121],[-80.7522,35.4141],[-80.7871,35.4949]]]}},{"type":"Feature","properties":{"county_fips":"51089","county_name":"Henry","state":"VA"},"geometry":{"type":"Polygon","coordinates":[[[-80.0951,36.7782],[-80.0613,36.7936],[-80.0415,36.7944],[-80.0314,36.7829],[-80.0153,36.7816],[-80.0272,36.7913],[-80.012,36.7896],[-79.9998,36.8307],[-79.8021,36.7921],[-79.7868,36.8007],[-79.7642,36.7985],[-79.7611,36.7883],[-79.7363,36.8129],[-79.691,36.8288],[-79.6692,36.8278],[-79.6407,36.8561],[-79.7148,36.542],[-80.0535,36.5425],[-80.0502,36.6093],[-80.0605,36.6345],[-80.0585,36.6607],[-80.0936,36.7215],[-80.0847,36.7401],[-80.0947,36.7463],[-80.0889,36.7599],[-80.0951,36.7782]],[[-79.9041,36.6841],[-79.8942,36.672],[-79.8598,36.6619],[-79.8598,36.6504],[-79.8422,36.6438],[-79.838,36.6593],[-79.839,36.6524],[-79.8274,36.6476],[-79.8266,36.6593],[-79.8443,36.6709],[-79.8374,36.7041],[-79.8748,36.7153],[-79.9041,36.6841]]]}},{"type":"Feature","properties":{"county_fips":"51077","county_name":"Grayson","state":"VA"},"geometry":{"type":"Polygon","coordinates":[[[-81.6469,36.6119],[-81.6109,36.617],[-81.6022,36.6419],[-81.564,36.6582],[-81.5472,36.6565],[-81.5312,36.685],[-81.5314,36.6938],[-81.544,36.7015],[-81.5293,36.7064],[-81.4388,36.7169],[-81.384,36.74],[-81.2681,36.7625],[-81.2268,36.7649],[-81.193,36.7576],[-81.1541,36.769],[-81.1367,36.763],[-81.0885,36.7674],[-81.0865,36.7875],[-81.0424,36.8064],[-80.9309,36.6699],[-80.9441,36.6763],[-80.95,36.6553],[-80.9405,36.6453],[-80.9217,36.6435],[-80.9311,36.6253],[-80.916,36.6293],[-80.9142,36.6502],[-80.838,36.5591],[-81.6775,36.5881],[-81.6469,36.6119]]]}},{"type":"Feature","properties":{"county_fips":"45023","county_name":"Chester","state":"SC"},"geometry":{"type":"Polygon","coordinates":[[[-81.4883,34.7355],[-81.4529,34.7628],[-81.4593,34.7975],[-81.4693,34.8028],[-81.4691,34.811],[-81.4874,34.8134],[-81.4766,34.8226],[-80.8982,34.8208],[-80.8764,34.7885],[-80.8777,34.7439],[-80.8599,34.7002],[-80.8886,34.6686],[-80.8965,34.6352],[-80.8893,34.6182],[-80.8922,34.598],[-80.8783,34.5811],[-80.873,34.553],[-80.8776,34.5431],[-80.9509,34.5454],[-81.4227,34.572],[-81.4165,34.6353],[-81.442,34.6537],[-81.4543,34.6752],[-81.4542,34.7209],[-81.4794,34.7239],[-81.4883,34.7355]]]}},{"type":"Feature","properties":{"county_fips":"51049","county_name":"Cumberland","state":"VA"},"geometry":{"type":"Polygon","coordinates":[[[-78.4651,37.3397],[-78.249,37.6355],[-78.2397,37.6905],[-78.2228,37.7152],[-78.1637,37.7494],[-78.098,37.7136],[-78.0898,37.6997],[-78.1099,37.6746],[-78.0722,37.6574],[-78.0895,37.6394],[-78.132,37.4547],[-78.1388,37.4597],[-78.1714,37.4425],[-78.185,37.4446],[-78.189,37.4253],[-78.2017,37.4263],[-78.2203,37.3882],[-78.2399,37.3773],[-78.2337,37.3696],[-78.2387,37.3637],[-78.2603,37.3601],[-78.259,37.3428],[-78.2757,37.3488],[-78.282,37.3353],[-78.294,37.3329],[-78.2936,37.3236],[-78.3224,37.3091],[-78.3341,37.3092],[-78.3427,37.3191],[-78.3528,37.3016],[-78.3608,37.3103],[-78.3928,37.3047],[-78.4131,37.3242],[-78.4419,37.3245],[-78.4457,37.3347],[-78.4651,37.3397]]]}},{"type":"Feature","properties":{"county_fips":"51540","county_name":"Charlottesville","state":"VA"},"geometry":{"type":"Polygon","coordinates":[[[-78.5234,38.0234],[-78.4978,38.0333],[-78.5046,38.0428],[-78.5081,38.0358],[-78.5174,38.0412],[-78.5068,38.045],[-78.5076,38.0563],[-78.495,38.0653],[-78.4669,38.0678],[-78.4723,38.0488],[-78.4661,38.0457],[-78.4476,38.0564],[-78.461,38.0285],[-78.4522,38.0277],[-78.4547,38.0216],[-78.4695,38.0117],[-78.4914,38.0175],[-78.5192,38.0107],[-78.5234,38.0234]]]}},{"type":"Feature","properties":{"county_fips":"51036","county_name":"Charles City","state":"VA"},"geometry":{"type":"Polygon","coordinates":[[[-77.2716,37.3266],[-77.2442,37.3693],[-77.2539,37.3876],[-77.2487,37.3947],[-77.2346,37.3816],[-77.2151,37.3859],[-77.226,37.4054],[-77.1773,37.4906],[-77.1688,37.4809],[-77.1578,37.486],[-77.1608,37.4753],[-77.1269,37.4716],[-77.1191,37.4558],[-77.0959,37.4403],[-77.0701,37.4399],[-77.06,37.4293],[-77.0267,37.429],[-77.0161,37.414],[-76.982,37.4209],[-76.9696,37.4167],[-76.9688,37.4065],[-76.9408,37.4099],[-76.937,37.4012],[-76.9449,37.3839],[-76.9276,37.3996],[-76.9167,37.3954],[-76.9049,37.4049],[-76.9064,37.3926],[-76.9188,37.3855],[-76.8978,37.3738],[-76.9159,37.3526],[-76.908,37.349],[-76.8848,37.3686],[-76.8735,37.3634],[-76.8806,37.3502],[-76.8736,37.3426],[-76.88,37.3099],[-76.8717,37.2956],[-76.8831,37.2759],[-76.8752,37.2608],[-76.9004,37.2437],[-76.9165,37.2423],[-76.9178,37.2343],[-76.9439,37.2347],[-76.9742,37.2501],[-76.9914,37.278],[-76.9902,37.2949],[-77.0019,37.3036],[-77.0327,37.2945],[-77.0694,37.2697],[-77.0796,37.2743],[-77.0882,37.3131],[-77.1251,37.3029],[-77.224,37.3194],[-77.2497,37.3087],[-77.2716,37.3266]]]}},{"type":"Feature","properties":{"county_fips":"37181","county_name":"Vance","state":"NC"},"geometry":{"type":"Polygon","coordinates":[[[-78.5112,36.4548],[-78.4978,36.5145],[-78.4666,36.524],[-78.4674,36.5318],[-78.4559,36.5334],[-78.457,36.5425],[-78.324,36.5438],[-78.2772,36.3061],[-78.3381,36.2344],[-78.3781,36.2351],[-78.4121,36.1696],[-78.4214,36.1645],[-78.4497,36.1691],[-78.4576,36.1637],[-78.4928,36.1839],[-78.4966,36.1752],[-78.5083,36.183],[-78.5112,36.4548]]]}},{"type":"Feature","properties":{"county_fips":"37157","county_name":"Rockingham","state":"NC"},"geometry":{"type":"Polygon","coordinates":[[[-80.0351,36.2572],[-80.0273,36.5425],[-79.5136,36.5408],[-79.5324,36.2415],[-80.0351,36.2572]]]}},{"type":"Feature","properties":{"county_fips":"12051","county_name":"Hendry","state":"FL"},"geometry":{"type":"Polygon","coordinates":[[[-81.5638,26.5133],[-81.5657,26.7696],[-81.4595,26.7689],[-81.4593,26.7835],[-81.4349,26.7835],[-81.4346,26.7688],[-80.9453,26.7691],[-80.8856,26.9589],[-80.8797,26.2593],[-81.2682,26.2531],[-81.2718,26.5171],[-81.5638,26.5133]]]}},{"type":"Feature","properties":{"county_fips":"37005","county_name":"Alleghany","state":"NC"},"geometry":{"type":"Polygon","coordinates":[[[-81.3533,36.5747],[-81.1767,36.5719],[-80.9017,36.5617],[-80.927,36.5011],[-80.9736,36.4535],[-80.9472,36.4191],[-80.9842,36.3885],[-80.9814,36.3762],[-81.0267,36.3732],[-81.0438,36.3933],[-81.0443,36.4111],[-81.0778,36.4178],[-81.0948,36.4404],[-81.1284,36.4259],[-81.1382,36.4125],[-81.163,36.4325],[-81.1893,36.3994],[-81.2435,36.3661],[-81.2536,36.3666],[-81.2457,36.3737],[-81.2455,36.3912],[-81.2646,36.4103],[-81.2721,36.4468],[-81.3226,36.4958],[-81.3283,36.5173],[-81.3481,36.5419],[-81.3459,36.5515],[-81.3531,36.5461],[-81.3533,36.5747]]]}},{"type":"Feature","properties":{"county_fips":"51710","county_name":"Norfolk","state":"VA"},"geometry":{"type":"Polygon","coordinates":[[[-76.326,36.9037],[-76.3257,36.9632],[-76.3005,36.9564],[-76.2961,36.969],[-76.2799,36.9684],[-76.2286,36.9419],[-76.1771,36.9301],[-76.1768,36.921],[-76.1925,36.918],[-76.182,36.9067],[-76.1985,36.8866],[-76.1884,36.8741],[-76.1933,36.8652],[-76.1769,36.857],[-76.1795,36.8497],[-76.1973,36.8281],[-76.2261,36.8399],[-76.2438,36.8369],[-76.2575,36.8208],[-76.2747,36.828],[-76.29,36.822],[-76.3019,36.853],[-76.3279,36.8761],[-76.3157,36.8882],[-76.3141,36.9025],[-76.2879,36.9034],[-76.3179,36.9115],[-76.326,36.9037]]]}},{"type":"Feature","properties":{"county_fips":"37105","county_name":"Lee","state":"NC"},"geometry":{"type":"Polygon","coordinates":[[[-79.3599,35.4775],[-79.3519,35.4775],[-79.3359,35.4978],[-79.3488,35.5196],[-79.311,35.532],[-79.3239,35.5438],[-79.2846,35.555],[-79.2901,35.5397],[-79.2676,35.5327],[-79.2452,35.553],[-79.2446,35.5693],[-79.2205,35.5674],[-79.2239,35.5508],[-79.1999,35.5586],[-79.2012,35.5762],[-79.1868,35.5799],[-79.142,35.6231],[-79.1192,35.6283],[-79.0687,35.6089],[-79.0526,35.5961],[-79.0456,35.5684],[-79.024,35.5484],[-78.9908,35.5402],[-78.9696,35.5217],[-79.1836,35.3072],[-79.2733,35.3523],[-79.2896,35.4004],[-79.3302,35.4246],[-79.3267,35.4349],[-79.3599,35.4775]]]}},{"type":"Feature","properties":{"county_fips":"37061","county_name":"Duplin","state":"NC"},"geometry":{"type":"Polygon","coordinates":[[[-78.1985,34.742],[-78.1471,34.9025],[-78.1598,35.0798],[-78.1718,35.0935],[-78.1634,35.1897],[-78.0774,35.1751],[-78.0445,35.1925],[-78.0202,35.1937],[-77.984,35.1836],[-77.9701,35.1659],[-77.926,35.173],[-77.8917,35.1466],[-77.8889,35.1599],[-77.8342,35.1778],[-77.7692,35.1456],[-77.7496,35.1086],[-77.746,35.0223],[-77.6748,34.9739],[-77.6801,34.9711],[-77.6534,34.9405],[-77.6511,34.9235],[-77.6772,34.7981],[-77.6801,34.7206],[-77.938,34.7232],[-77.952,34.7147],[-77.9614,34.7199],[-77.9812,34.714],[-78.0127,34.7326],[-78.0307,34.7248],[-78.1024,34.7254],[-78.1352,34.7102],[-78.1985,34.742]]]}},{"type":"Feature","properties":{"county_fips":"42107","county_name":"Schuylkill","state":"PA"},"geometry":{"type":"Polygon","coordinates":[[[-76.7005,40.6631],[-76.3072,40.8018],[-76.2846,40.8836],[-76.2078,40.9497],[-76.028,40.9023],[-75.9976,40.9133],[-75.886,40.8163],[-75.7578,40.7354],[-75.8083,40.7073],[-75.9932,40.6397],[-76.0186,40.5738],[-76.045,40.5838],[-76.0509,40.5752],[-76.0653,40.5797],[-76.0796,40.5661],[-76.1347,40.5535],[-76.1716,40.5349],[-76.256,40.5171],[-76.3382,40.5155],[-76.4186,40.4956],[-76.4402,40.496],[-76.7005,40.6631]]]}},{"type":"Feature","properties":{"county_fips":"37037","county_name":"Chatham","state":"NC"},"geometry":{"type":"Polygon","coordinates":[[[-79.5558,35.515],[-79.5424,35.8433],[-79.2373,35.8442],[-79.2504,35.857],[-79.2495,35.8768],[-79.0819,35.8608],[-78.9061,35.8681],[-78.9094,35.843],[-78.995,35.6102],[-78.9161,35.5841],[-78.9696,35.5217],[-78.9908,35.5402],[-79.024,35.5484],[-79.0456,35.5684],[-79.0526,35.5961],[-79.0687,35.6089],[-79.1192,35.6283],[-79.142,35.6231],[-79.1868,35.5799],[-79.2012,35.5762],[-79.1999,35.5586],[-79.2239,35.5508],[-79.2205,35.5674],[-79.2446,35.5693],[-79.2452,35.553],[-79.2676,35.5327],[-79.2901,35.5397],[-79.2821,35.5515],[-79.287,35.5551],[-79.3239,35.5438],[-79.3121,35.5305],[-79.3501,35.518],[-79.5558,35.515]]]}},{"type":"Feature","properties":{"county_fips":"12085","county_name":"Martin","state":"FL"},"geometry":{"type":"Polygon","coordinates":[[[-80.8856,26.9589],[-80.6774,27.1216],[-80.6779,27.206],[-80.2855,27.206],[-80.2851,27.231],[-80.293,27.242],[-80.2853,27.2439],[-80.2848,27.2637],[-80.1994,27.263],[-80.1615,27.1928],[-80.1421,27.1198],[-80.0939,27.0186],[-80.0799,26.9705],[-80.1418,26.9709],[-80.142,26.9566],[-80.8856,26.9589]]]}},{"type":"Feature","properties":{"county_fips":"51700","county_name":"Newport News","state":"VA"},"geometry":{"type":"Polygon","coordinates":[[[-76.6256,37.129],[-76.6044,37.1601],[-76.6074,37.1688],[-76.578,37.1871],[-76.5913,37.2132],[-76.5652,37.2205],[-76.5266,37.1771],[-76.5168,37.1786],[-76.5061,37.1541],[-76.4591,37.101],[-76.4377,37.094],[-76.4513,37.077],[-76.4424,37.0188],[-76.4247,37.0254],[-76.405,36.9936],[-76.3877,36.9897],[-76.411,36.963],[-76.4253,36.9664],[-76.4521,36.9982],[-76.4482,37.0077],[-76.4613,37.0245],[-76.5186,37.0557],[-76.5266,37.0785],[-76.5603,37.1113],[-76.57,37.1084],[-76.5505,37.0815],[-76.5589,37.082],[-76.5571,37.0762],[-76.6256,37.129]]]}},{"type":"Feature","properties":{"county_fips":"37077","county_name":"Granville","state":"NC"},"geometry":{"type":"Polygon","coordinates":[[[-78.8073,36.0883],[-78.7963,36.5417],[-78.4536,36.5405],[-78.4674,36.5318],[-78.4666,36.524],[-78.4978,36.5145],[-78.5042,36.4952],[-78.5112,36.4548],[-78.5083,36.183],[-78.4966,36.1752],[-78.5448,36.0807],[-78.5464,36.0218],[-78.6832,36.0745],[-78.7837,36.07],[-78.7921,36.0853],[-78.8073,36.0883]]]}},{"type":"Feature","properties":{"county_fips":"51550","county_name":"Chesapeake","state":"VA"},"geometry":{"type":"Polygon","coordinates":[[[-76.4915,36.5507],[-76.4575,36.8148],[-76.4204,36.8663],[-76.4015,36.8665],[-76.3835,36.8375],[-76.4037,36.814],[-76.3757,36.7861],[-76.2921,36.7987],[-76.29,36.822],[-76.2747,36.828],[-76.2575,36.8208],[-76.2438,36.8369],[-76.2261,36.8399],[-76.2037,36.7697],[-76.1433,36.757],[-76.0976,36.7161],[-76.0822,36.7124],[-76.0656,36.6855],[-76.0692,36.6775],[-76.122,36.6658],[-76.1223,36.5505],[-76.4915,36.5507]]]}},{"type":"Feature","properties":{"county_fips":"51079","county_name":"Greene","state":"VA"},"geometry":{"type":"Polygon","coordinates":[[[-78.6613,38.2804],[-78.6512,38.2935],[-78.6343,38.292],[-78.6027,38.3069],[-78.5875,38.3248],[-78.5531,38.3348],[-78.5445,38.3625],[-78.5228,38.3695],[-78.5151,38.3937],[-78.4932,38.4063],[-78.4528,38.4755],[-78.4351,38.4518],[-78.4408,38.4097],[-78.4236,38.3827],[-78.4276,38.3636],[-78.3831,38.3187],[-78.3658,38.3174],[-78.3576,38.3006],[-78.3665,38.2958],[-78.3485,38.2885],[-78.3503,38.278],[-78.3195,38.2688],[-78.2953,38.2769],[-78.2885,38.2723],[-78.369,38.1841],[-78.6613,38.2804]]]}},{"type":"Feature","properties":{"county_fips":"51135","county_name":"Nottoway","state":"VA"},"geometry":{"type":"Polygon","coordinates":[[[-78.239,37.1252],[-78.2312,37.2962],[-77.7959,37.1926],[-77.8139,37.1697],[-77.8417,37.1698],[-77.8759,37.1479],[-77.9003,37.1439],[-77.8898,36.9888],[-77.9205,36.9827],[-77.9539,36.9912],[-77.9681,36.9873],[-78.0007,37.0245],[-78.0793,37.0105],[-78.1004,37.0252],[-78.1082,37.0221],[-78.1199,37.0355],[-78.1714,37.0545],[-78.1707,37.0762],[-78.1888,37.0735],[-78.193,37.0812],[-78.2243,37.0897],[-78.2307,37.0988],[-78.2257,37.1072],[-78.239,37.1252]]]}},{"type":"Feature","properties":{"county_fips":"51570","county_name":"Colonial Heights","state":"VA"},"geometry":{"type":"Polygon","coordinates":[[[-77.4317,37.2763],[-77.4123,37.283],[-77.3997,37.2719],[-77.4019,37.282],[-77.3791,37.2841],[-77.3682,37.2985],[-77.3621,37.2839],[-77.3777,37.271],[-77.3816,37.2438],[-77.4099,37.2337],[-77.4165,37.2332],[-77.4156,37.2639],[-77.4224,37.2625],[-77.4317,37.2763]]]}},{"type":"Feature","properties":{"county_fips":"37067","county_name":"Forsyth","state":"NC"},"geometry":{"type":"Polygon","coordinates":[[[-80.5156,36.088],[-80.5065,36.1086],[-80.463,36.1179],[-80.4394,36.1369],[-80.437,36.1706],[-80.4464,36.2065],[-80.4322,36.218],[-80.4527,36.2417],[-80.4519,36.2615],[-80.0351,36.2572],[-80.0432,36.0108],[-80.1498,36.0268],[-80.2137,36.0268],[-80.2138,35.9971],[-80.3303,35.9965],[-80.33,35.9908],[-80.3943,35.9728],[-80.4212,35.9873],[-80.4135,36.001],[-80.4179,36.0155],[-80.4419,36.0306],[-80.4638,36.0626],[-80.4872,36.0432],[-80.5053,36.0527],[-80.5156,36.088]]]}},{"type":"Feature","properties":{"county_fips":"12109","county_name":"St. Johns","state":"FL"},"geometry":{"type":"Polygon","coordinates":[[[-81.6905,30.0428],[-81.6802,30.1212],[-81.6123,30.1329],[-81.5678,30.1178],[-81.539,30.1199],[-81.5387,30.1037],[-81.4338,30.1055],[-81.4369,30.2523],[-81.3799,30.2529],[-81.309,29.9694],[-81.289,29.9152],[-81.2751,29.8988],[-81.2539,29.7769],[-81.2129,29.6707],[-81.2473,29.6591],[-81.261,29.6691],[-81.2745,29.6527],[-81.3013,29.6501],[-81.3087,29.6421],[-81.3243,29.6535],[-81.3241,29.6256],[-81.5237,29.6224],[-81.5252,29.7595],[-81.5642,29.7985],[-81.599,29.8754],[-81.6084,29.9157],[-81.601,29.956],[-81.6177,29.9766],[-81.6782,30.0122],[-81.6905,30.0428]]]}},{"type":"Feature","properties":{"county_fips":"37069","county_name":"Franklin","state":"NC"},"geometry":{"type":"Polygon","coordinates":[[[-78.5464,36.0218],[-78.5448,36.0807],[-78.4928,36.1839],[-78.4576,36.1637],[-78.4497,36.1691],[-78.4214,36.1645],[-78.4121,36.1696],[-78.3781,36.2351],[-78.3381,36.2344],[-78.307,36.2662],[-78.1935,36.2468],[-78.1732,36.2555],[-78.157,36.2444],[-78.1327,36.2463],[-78.1098,36.2102],[-78.0449,36.2155],[-78.0066,36.2026],[-78.256,35.8181],[-78.2544,35.8291],[-78.278,35.8673],[-78.3072,35.8966],[-78.3285,35.8967],[-78.351,35.9101],[-78.3533,35.9311],[-78.3943,35.9369],[-78.4269,35.975],[-78.5464,36.0218]]]}},{"type":"Feature","properties":{"county_fips":"37097","county_name":"Iredell","state":"NC"},"geometry":{"type":"Polygon","coordinates":[[[-81.1095,35.7766],[-81.0789,35.8028],[-81.0413,35.8579],[-81.0055,35.9583],[-81.0034,35.9967],[-81.0288,36.0457],[-80.9757,36.0588],[-80.6932,36.0513],[-80.7078,35.853],[-80.7716,35.6722],[-80.7398,35.5441],[-80.7372,35.5058],[-80.9067,35.5148],[-80.9473,35.4885],[-80.9613,35.497],[-80.9555,35.5325],[-80.9397,35.5286],[-80.96,35.547],[-80.9535,35.5543],[-80.9557,35.5738],[-80.9336,35.5909],[-80.9433,35.6063],[-80.9255,35.6209],[-80.9534,35.6439],[-80.9667,35.671],[-81.0018,35.7082],[-81.0618,35.7109],[-81.0671,35.7368],[-81.0905,35.7574],[-81.0895,35.7659],[-81.1095,35.7766]]]}},{"type":"Feature","properties":{"county_fips":"12035","county_name":"Flagler","state":"FL"},"geometry":{"type":"Polygon","coordinates":[[[-81.5237,29.6224],[-81.3241,29.6256],[-81.3243,29.6535],[-81.3087,29.6421],[-81.3013,29.6501],[-81.2745,29.6527],[-81.261,29.6691],[-81.2473,29.6591],[-81.2129,29.6707],[-81.1019,29.4271],[-81.1559,29.411],[-81.1501,29.266],[-81.4173,29.2612],[-81.4207,29.3996],[-81.455,29.3897],[-81.4788,29.3991],[-81.4876,29.4483],[-81.5205,29.4965],[-81.5237,29.6224]]]}},{"type":"Feature","properties":{"county_fips":"37071","county_name":"Gaston","state":"NC"},"geometry":{"type":"Polygon","coordinates":[[[-81.4556,35.4198],[-80.9549,35.4001],[-80.9575,35.391],[-80.9856,35.3811],[-80.9837,35.3684],[-80.9733,35.3642],[-80.9613,35.3755],[-80.923,35.3599],[-80.9436,35.3506],[-80.9727,35.3503],[-81.0009,35.3054],[-81.0151,35.2687],[-81.0083,35.2481],[-81.0141,35.222],[-81.0024,35.1808],[-81.0095,35.1531],[-81.0314,35.1484],[-81.328,35.1634],[-81.3217,35.2604],[-81.3557,35.2805],[-81.3666,35.3149],[-81.3567,35.3306],[-81.3989,35.3531],[-81.4556,35.4198]]]}},{"type":"Feature","properties":{"county_fips":"37033","county_name":"Caswell","state":"NC"},"geometry":{"type":"Polygon","coordinates":[[[-79.5319,36.2497],[-79.5136,36.5408],[-79.1383,36.5417],[-79.154,36.2419],[-79.5319,36.2497]]]}}]}