{"type":"FeatureCollection","features":[{"type":"Feature","properties":{"county_fips":"01069","county_name":"Houston","state":"AL"},"geometry":{"type":"Polygon","coordinates":[[[-85.7121,31.1973],[-85.6923,31.2106],[-85.6891,31.2361],[-85.6779,31.2402],[-85.6751,31.2556],[-85.66,31.2709],[-85.603,31.2724],[-85.5461,31.2539],[-85.4862,31.2459],[-85.4854,31.2871],[-85.4171,31.2862],[-85.4174,31.315],[-85.0877,31.3087],[-85.0932,31.2897],[-85.1146,31.2773],[-85.0968,31.2257],[-85.1075,31.1865],[-85.0985,31.1802],[-85.1002,31.1655],[-85.0766,31.1569],[-85.0547,31.1208],[-85.0356,31.1082],[-84.9996,31.0091],[-85.0025,31.0007],[-85.4883,30.9971],[-85.4858,31.1999],[-85.7121,31.1973]]]}},{"type":"Feature","properties":{"county_fips":"05017","county_name":"Chicot","state":"AR"},"geometry":{"type":"Polygon","coordinates":[[[-91.4604,33.0059],[-91.4535,33.5637],[-91.3496,33.5636],[-91.3508,33.5193],[-91.346,33.5336],[-91.3331,33.5335],[-91.3246,33.5187],[-91.2458,33.5172],[-91.2448,33.5536],[-91.2424,33.5615],[-91.2338,33.5613],[-91.2195,33.5302],[-91.1826,33.4992],[-91.2085,33.4686],[-91.2317,33.4571],[-91.2352,33.439],[-91.2068,33.4338],[-91.1765,33.4446],[-91.1698,33.452],[-91.177,33.4873],[-91.168,33.4983],[-91.1322,33.4816],[-91.1178,33.4581],[-91.1319,33.4301],[-91.2053,33.4142],[-91.2081,33.402],[-91.172,33.381],[-91.1488,33.3788],[-91.1212,33.3884],[-91.0963,33.4128],[-91.0903,33.4481],[-91.0758,33.4557],[-91.0598,33.4503],[-91.0644,33.4185],[-91.1422,33.349],[-91.1416,33.2995],[-91.1061,33.2418],[-91.0987,33.2385],[-91.0785,33.2833],[-91.0524,33.2854],[-91.0436,33.2746],[-91.0504,33.2512],[-91.0707,33.2273],[-91.1003,33.2194],[-91.0808,33.1822],[-91.0857,33.1372],[-91.1281,33.1289],[-91.1504,33.1307],[-91.1631,33.1422],[-91.1837,33.1417],[-91.202,33.1231],[-91.2002,33.1069],[-91.1212,33.0592],[-91.1283,33.0343],[-91.1618,33.0198],[-91.1661,33.0043],[-91.4604,33.0059]]]}},{"type":"Feature","properties":{"county_fips":"36005","county_name":"Bronx","state":"NY"},"geometry":{"type":"MultiPolygon","coordinates":[[[[-73.7724,40.8595],[-73.7656,40.8557],[-73.7698,40.845],[-73.7716,40.8472],[-73.7724,40.8595]]],[[[-73.7867,40.8588],[-73.7846,40.8603],[-73.7841,40.8594],[-73.7867,40.8588]]],[[[-73.7923,40.8554],[-73.7822,40.8467],[-73.783,40.8375],[-73.7911,40.8472],[-73.7923,40.8554]]],[[[-73.9338,40.8822],[-73.9183,40.9177],[-73.8594,40.9004],[-73.8511,40.91],[-73.8384,40.8941],[-73.793,40.8834],[-73.7834,40.871],[-73.7912,40.8689],[-73.7998,40.8487],[-73.8044,40.8616],[-73.818,40.8636],[-73.8142,40.8259],[-73.7902,40.805],[-73.8531,40.8001],[-73.8783,40.7854],[-73.9273,40.8026],[-73.933,40.8357],[-73.907,40.8735],[-73.9338,40.8822]]]]}},{"type":"Feature","properties":{"county_fips":"36119","county_name":"Westchester","state":"NY"},"geometry":{"type":"MultiPolygon","coordinates":[[[[-73.774,40.8826],[-73.7671,40.886],[-73.7677,40.881],[-73.774,40.8826]]],[[[-73.9825,41.3218],[-73.5447,41.3665],[-73.551,41.2954],[-73.4827,41.2128],[-73.7278,41.1007],[-73.6553,41.0122],[-73.6649,40.9837],[-73.6563,40.9797],[-73.6601,40.9691],[-73.6776,40.9642],[-73.6954,40.94],[-73.6932,40.955],[-73.7049,40.9403],[-73.7206,40.941],[-73.7344,40.9215],[-73.7422,40.9277],[-73.7438,40.9178],[-73.7831,40.882],[-73.824,40.8899],[-73.8384,40.8941],[-73.8511,40.91],[-73.8594,40.9004],[-73.9183,40.9177],[-73.8936,40.9972],[-73.8875,41.1383],[-73.9315,41.205],[-73.9708,41.2479],[-73.9697,41.2632],[-73.9458,41.2876],[-73.9825,41.3218]]]]}},{"type":"Feature","properties":{"county_fips":"22075","county_name":"Plaquemines","state":"LA"},"geometry":{"type":"MultiPolygon","coordinates":[[[[-89.2987,29.3815],[-89.2983,29.3854],[-89.297,29.3833],[-89.2987,29.3815]]],[[[-89.5288,29.6517],[-89.5224,29.6508],[-89.5186,29.6491],[-89.5076,29.639],[-89.5055,29.6356],[-89.5288,29.6517]]],[[[-89.5805,29.5795],[-89.5747,29.578],[-89.5691,29.5752],[-89.576,29.5741],[-89.5805,29.5795]]],[[[-89.6268,29.5352],[-89.5752,29.5499],[-89.5646,29.5438],[-89.5997,29.5076],[-89.6268,29.5352]]],[[[-89.6433,29.5537],[-89.641,29.5591],[-89.6396,29.5557],[-89.6433,29.5537]]],[[[-89.6436,29.564],[-89.6371,29.5692],[-89.6303,29.5687],[-89.6436,29.564]]],[[[-89.6661,29.5504],[-89.6634,29.5561],[-89.6579,29.5471],[-89.6661,29.5504]]],[[[-89.9009,29.3165],[-89.8902,29.3239],[-89.8612,29.3117],[-89.8835,29.3071],[-89.9009,29.3165]]],[[[-90.0728,29.7733],[-90.06,29.7841],[-90.0719,29.808],[-90.0686,29.8288],[-90.0275,29.8529],[-90.0081,29.8955],[-89.9892,29.8894],[-89.9873,29.905],[-89.9354,29.893],[-89.9176,29.8667],[-89.9107,29.8679],[-89.8678,29.794],[-89.8098,29.7988],[-89.7862,29.7733],[-89.7908,29.7608],[-89.705,29.7528],[-89.6839,29.716],[-89.6603,29.7087],[-89.6257,29.6789],[-89.5996,29.6748],[-89.5461,29.6529],[-89.5654,29.6593],[-89.6205,29.6361],[-89.6327,29.6442],[-89.6657,29.6431],[-89.6455,29.6287],[-89.6299,29.6289],[-89.629,29.6138],[-89.6021,29.6103],[-89.6204,29.6053],[-89.6026,29.5822],[-89.6378,29.5967],[-89.638,29.6117],[-89.6493,29.6252],[-89.6845,29.6248],[-89.6877,29.6162],[-89.6727,29.6091],[-89.6737,29.5983],[-89.6827,29.5969],[-89.6504,29.5869],[-89.6418,29.5756],[-89.6845,29.5633],[-89.6772,29.5377],[-89.6572,29.5323],[-89.6402,29.5036],[-89.6092,29.4898],[-89.5696,29.494],[-89.5721,29.4752],[-89.559,29.4617],[-89.5511,29.4634],[-89.5452,29.4511],[-89.5228,29.4562],[-89.5355,29.4508],[-89.5388,29.4317],[-89.5218,29.4138],[-89.52,29.3996],[-89.5529,29.4095],[-89.5613,29.3952],[-89.5123,29.3823],[-89.4701,29.4015],[-89.447,29.3893],[-89.4221,29.3884],[-89.4291,29.3787],[-89.4217,29.3763],[-89.4035,29.3882],[-89.3837,29.3884],[-89.3375,29.3795],[-89.3483,29.3661],[-89.3386,29.3554],[-89.3208,29.3551],[-89.3084,29.3715],[-89.2667,29.3499],[-89.2354,29.3043],[-89.2004,29.3444],[-89.1878,29.342],[-89.165,29.303],[-89.1403,29.2911],[-89.137,29.2752],[-89.1151,29.2529],[-89.1196,29.2334],[-89.1306,29.2266],[-89.1167,29.2195],[-89.122,29.2021],[-89.1027,29.1998],[-89.0963,29.188],[-89.0566,29.1983],[-89.0551,29.2126],[-89.0471,29.2064],[-89.026,29.2152],[-89.0039,29.1799],[-89.0143,29.1691],[-89.0471,29.1844],[-89.0512,29.1705],[-89.0802,29.171],[-89.0901,29.1577],[-89.1018,29.1654],[-89.1118,29.16],[-89.097,29.1388],[-89.0395,29.1355],[-89.0666,29.0907],[-89.073,29.088],[-89.0787,29.1094],[-89.1037,29.1167],[-89.1165,29.0741],[-89.147,29.071],[-89.141,29.0612],[-89.1493,29.0606],[-89.148,29.041],[-89.1586,29.0218],[-89.1515,29.0132],[-89.1377,29.0189],[-89.1488,29.0033],[-89.1429,28.9916],[-89.1537,28.9875],[-89.1582,28.9964],[-89.2187,29.0225],[-89.2215,29.0646],[-89.2412,29.0845],[-89.2517,29.0832],[-89.2594,29.0584],[-89.2832,29.0533],[-89.3644,28.9647],[-89.4179,28.9286],[-89.393,28.9871],[-89.3808,28.9892],[-89.3621,29.0121],[-89.3519,29.0435],[-89.3409,29.0458],[-89.343,29.0577],[-89.3197,29.0575],[-89.31,29.071],[-89.3129,29.0874],[-89.3041,29.0886],[-89.3026,29.0978],[-89.3124,29.1175],[-89.3019,29.1206],[-89.2957,29.1337],[-89.2786,29.1376],[-89.2765,29.1736],[-89.295,29.1989],[-89.3186,29.2016],[-89.3285,29.1906],[-89.3319,29.1486],[-89.3506,29.1296],[-89.3996,29.1237],[-89.4274,29.1445],[-89.4469,29.1816],[-89.4828,29.2151],[-89.606,29.2537],[-89.605,29.2607],[-89.624,29.2692],[-89.6397,29.2905],[-89.6718,29.289],[-89.7262,29.304],[-89.8426,29.3188],[-89.8221,29.3566],[-89.8015,29.3533],[-89.7906,29.3283],[-89.7692,29.3363],[-89.7597,29.3502],[-89.6886,29.3589],[-89.6468,29.3763],[-89.6233,29.3463],[-89.5955,29.356],[-89.6088,29.3875],[-89.6373,29.3972],[-89.6474,29.4099],[-89.6528,29.4002],[-89.6449,29.39],[-89.768,29.3894],[-89.7697,29.398],[-89.7909,29.4108],[-89.8147,29.4001],[-89.826,29.4156],[-89.8436,29.4217],[-89.8353,29.4522],[-89.816,29.4603],[-89.8364,29.4749],[-89.863,29.4703],[-89.8643,29.455],[-89.8795,29.4345],[-89.891,29.4451],[-89.9053,29.4397],[-89.9057,29.447],[-89.9193,29.4484],[-89.9343,29.4397],[-89.9447,29.4589],[-89.9774,29.4596],[-89.9789,29.5336],[-89.9887,29.5489],[-89.9859,29.5754],[-89.976,29.588],[-89.98,29.6076],[-89.9875,29.6215],[-90.0022,29.6234],[-90.0159,29.6744],[-90.0673,29.7389],[-90.0728,29.7733]]]]}},{"type":"Feature","properties":{"county_fips":"24015","county_name":"Cecil","state":"MD"},"geometry":{"type":"Polygon","coordinates":[[[-76.2333,39.7213],[-75.7886,39.7222],[-75.7667,39.3775],[-75.7842,39.3825],[-75.8061,39.3753],[-75.8188,39.3823],[-75.8455,39.3677],[-75.8851,39.3608],[-75.957,39.3746],[-75.9811,39.3666],[-75.9951,39.3847],[-76.0399,39.3881],[-76.035,39.402],[-75.9826,39.4353],[-75.9666,39.4628],[-75.9837,39.4707],[-75.996,39.4538],[-76.0123,39.4531],[-75.9949,39.4719],[-75.9805,39.5291],[-75.9623,39.5361],[-75.9692,39.5416],[-75.969,39.5613],[-75.9575,39.565],[-75.9449,39.593],[-75.9577,39.5925],[-75.973,39.5705],[-75.9997,39.5605],[-76.0067,39.5389],[-76.0369,39.5529],[-76.0762,39.5436],[-76.1475,39.6194],[-76.1618,39.6496],[-76.2127,39.6864],[-76.2333,39.7213]]]}},{"type":"Feature","properties":{"county_fips":"28001","county_name":"Adams","state":"MS"},"geometry":{"type":"Polygon","coordinates":[[[-91.655,31.2518],[-91.6413,31.2669],[-91.5642,31.2616],[-91.5186,31.2753],[-91.5121,31.2842],[-91.5087,31.3151],[-91.549,31.3473],[-91.5462,31.3825],[-91.5557,31.3864],[-91.569,31.3776],[-91.5763,31.4105],[-91.545,31.433],[-91.5218,31.3752],[-91.5042,31.365],[-91.4725,31.3713],[-91.4721,31.3959],[-91.5,31.4205],[-91.5151,31.4492],[-91.5149,31.5101],[-91.5225,31.5221],[-91.514,31.5321],[-91.4797,31.5304],[-91.4439,31.5425],[-91.4079,31.5694],[-91.4039,31.5898],[-91.4227,31.5971],[-91.4852,31.5862],[-91.513,31.6069],[-91.5167,31.6273],[-91.4977,31.6454],[-91.4743,31.6254],[-91.4367,31.6127],[-91.401,31.6204],[-91.3979,31.7094],[-91.365,31.7482],[-91.3179,31.7498],[-91.3069,31.711],[-91.3,31.7123],[-91.2918,31.6916],[-91.3001,31.6722],[-91.267,31.6639],[-91.2694,31.6474],[-91.249,31.6438],[-91.2333,31.6294],[-91.1538,31.6305],[-91.1582,31.3467],[-91.1846,31.348],[-91.1896,31.3569],[-91.2088,31.3548],[-91.218,31.3723],[-91.2571,31.3601],[-91.2628,31.3694],[-91.2743,31.37],[-91.2849,31.3567],[-91.2987,31.3647],[-91.3417,31.34],[-91.3509,31.3375],[-91.3555,31.3459],[-91.4238,31.3153],[-91.4684,31.3196],[-91.4711,31.2856],[-91.4962,31.2826],[-91.489,31.2652],[-91.4772,31.2595],[-91.4871,31.2275],[-91.5297,31.2145],[-91.5318,31.2324],[-91.5526,31.2386],[-91.5757,31.2245],[-91.5895,31.1911],[-91.6016,31.2086],[-91.6444,31.2344],[-91.655,31.2518]]]}},{"type":"Feature","properties":{"county_fips":"28087","county_name":"Lowndes","state":"MS"},"geometry":{"type":"Polygon","coordinates":[[[-88.6713,33.5062],[-88.6094,33.5068],[-88.5638,33.527],[-88.554,33.5215],[-88.5242,33.5509],[-88.4933,33.5285],[-88.4737,33.5238],[-88.492,33.5424],[-88.4976,33.5635],[-88.4863,33.566],[-88.4949,33.5795],[-88.475,33.6034],[-88.5067,33.6149],[-88.4986,33.6417],[-88.5125,33.6443],[-88.5085,33.6556],[-88.4964,33.6641],[-88.4066,33.6733],[-88.393,33.6956],[-88.3707,33.6858],[-88.3305,33.7186],[-88.3251,33.7456],[-88.2489,33.745],[-88.3044,33.2883],[-88.6691,33.2869],[-88.6713,33.5062]]]}},{"type":"Feature","properties":{"county_fips":"34001","county_name":"Atlantic","state":"NJ"},"geometry":{"type":"Polygon","coordinates":[[[-74.9853,39.515],[-74.7362,39.7298],[-74.668,39.6837],[-74.655,39.6271],[-74.64,39.6225],[-74.6348,39.628],[-74.6302,39.6202],[-74.6206,39.6264],[-74.5757,39.5984],[-74.5543,39.5985],[-74.5406,39.5756],[-74.5256,39.5694],[-74.5153,39.5742],[-74.4934,39.5557],[-74.4622,39.5561],[-74.4573,39.5473],[-74.4456,39.5586],[-74.4457,39.5464],[-74.4375,39.5412],[-74.4384,39.5535],[-74.4174,39.5573],[-74.3808,39.4985],[-74.3264,39.5063],[-74.3119,39.4799],[-74.3342,39.451],[-74.334,39.4351],[-74.4236,39.3554],[-74.4599,39.345],[-74.5359,39.3036],[-74.5681,39.2991],[-74.5887,39.3101],[-74.6206,39.2926],[-74.6401,39.296],[-74.6526,39.2886],[-74.6683,39.2977],[-74.6734,39.2892],[-74.6764,39.2973],[-74.6984,39.2893],[-74.7196,39.2986],[-74.7792,39.2992],[-74.7838,39.3072],[-74.8253,39.3054],[-74.8606,39.3194],[-74.8649,39.3385],[-74.852,39.3766],[-74.856,39.424],[-74.9853,39.515]]]}},{"type":"Feature","properties":{"county_fips":"34009","county_name":"Cape May","state":"NJ"},"geometry":{"type":"Polygon","coordinates":[[[-74.9719,38.9406],[-74.9495,39.0156],[-74.8978,39.0988],[-74.8859,39.1436],[-74.8872,39.1588],[-74.9225,39.1888],[-74.9258,39.2188],[-74.8964,39.2351],[-74.8821,39.3084],[-74.8646,39.3244],[-74.8253,39.3054],[-74.7838,39.3072],[-74.7792,39.2992],[-74.7196,39.2986],[-74.6984,39.2893],[-74.6764,39.2973],[-74.6734,39.2892],[-74.6683,39.2977],[-74.6526,39.2886],[-74.6401,39.296],[-74.6206,39.2926],[-74.5887,39.3101],[-74.5681,39.2991],[-74.5488,39.3018],[-74.554,39.2859],[-74.6193,39.2404],[-74.6714,39.1798],[-74.7143,39.1198],[-74.7059,39.1029],[-74.7712,39.0325],[-74.7985,39.0262],[-74.787,39.0022],[-74.7937,38.9941],[-74.8645,38.9404],[-74.8839,38.9424],[-74.9336,38.9285],[-74.9635,38.9312],[-74.9719,38.9406]]]}},{"type":"Feature","properties":{"county_fips":"34041","county_name":"Warren","state":"NJ"},"geometry":{"type":"Polygon","coordinates":[[[-75.2039,40.6915],[-75.1821,40.7315],[-75.1965,40.7516],[-75.179,40.7619],[-75.1716,40.7777],[-75.1344,40.7738],[-75.1085,40.7911],[-75.0839,40.8245],[-75.0958,40.8471],[-75.066,40.8476],[-75.051,40.8657],[-75.0753,40.8942],[-75.0793,40.9139],[-75.1178,40.953],[-75.1202,40.9687],[-75.1338,40.971],[-75.1306,40.9911],[-75.0271,41.0395],[-75.0131,41.0665],[-74.971,41.0853],[-74.9671,41.0943],[-74.7694,40.9109],[-74.8061,40.8838],[-74.8083,40.8695],[-74.802,40.8637],[-74.8208,40.8497],[-74.8184,40.8369],[-74.8428,40.8114],[-74.9046,40.7806],[-74.9027,40.7718],[-74.968,40.7116],[-75.0492,40.6795],[-75.11,40.6389],[-75.1453,40.629],[-75.1855,40.5923],[-75.2013,40.6146],[-75.1886,40.6246],[-75.2005,40.6492],[-75.1768,40.6757],[-75.1969,40.6813],[-75.2039,40.6915]]]}},{"type":"Feature","properties":{"county_fips":"34019","county_name":"Hunterdon","state":"NJ"},"geometry":{"type":"Polygon","coordinates":[[[-75.1951,40.5797],[-75.1904,40.5916],[-75.1453,40.629],[-75.11,40.6389],[-75.0492,40.6795],[-74.968,40.7116],[-74.9027,40.7718],[-74.9046,40.7806],[-74.8898,40.7877],[-74.8275,40.7441],[-74.7529,40.7311],[-74.725,40.7195],[-74.7166,40.7039],[-74.7239,40.6878],[-74.7185,40.6806],[-74.7308,40.6656],[-74.7196,40.6518],[-74.7265,40.6324],[-74.7027,40.6211],[-74.7218,40.6007],[-74.7249,40.5888],[-74.713,40.5842],[-74.7766,40.5033],[-74.7979,40.5157],[-74.7481,40.4242],[-74.8085,40.4167],[-74.802,40.385],[-74.8697,40.3778],[-74.8563,40.3467],[-74.943,40.3416],[-74.9681,40.3991],[-74.9964,40.4105],[-75.0283,40.4039],[-75.0588,40.4181],[-75.0706,40.4552],[-75.0626,40.4896],[-75.0686,40.5422],[-75.1173,40.5732],[-75.1419,40.5753],[-75.1686,40.5641],[-75.1951,40.5797]]]}},{"type":"Feature","properties":{"county_fips":"51107","county_name":"Loudoun","state":"VA"},"geometry":{"type":"Polygon","coordinates":[[[-77.9622,39.0137],[-77.9299,39.0302],[-77.8933,39.0554],[-77.8776,39.078],[-77.8628,39.081],[-77.8438,39.1197],[-77.8222,39.14],[-77.7936,39.2101],[-77.7714,39.2368],[-77.7707,39.2553],[-77.7349,39.3124],[-77.7195,39.3213],[-77.6758,39.3242],[-77.6159,39.3027],[-77.5666,39.3061],[-77.5609,39.2862],[-77.5406,39.2649],[-77.4868,39.2476],[-77.4581,39.2261],[-77.4736,39.2084],[-77.4774,39.1905],[-77.5106,39.1785],[-77.5273,39.1462],[-77.5199,39.1209],[-77.4858,39.1093],[-77.4614,39.0752],[-77.3283,39.0578],[-77.536,38.8474],[-77.5459,38.8466],[-77.5522,38.8866],[-77.5916,38.8967],[-77.6176,38.9306],[-77.6375,38.9417],[-77.9622,39.0137]]]}},{"type":"Feature","properties":{"county_fips":"54037","county_name":"Jefferson","state":"WV"},"geometry":{"type":"Polygon","coordinates":[[[-78.0355,39.2782],[-77.9885,39.3198],[-77.9958,39.3266],[-77.9881,39.3255],[-77.9768,39.3405],[-77.9816,39.3493],[-77.9672,39.3456],[-77.9672,39.367],[-77.9439,39.3727],[-77.9457,39.3809],[-77.9318,39.3796],[-77.8471,39.4466],[-77.8255,39.4943],[-77.8018,39.4894],[-77.7816,39.4991],[-77.766,39.4957],[-77.7967,39.4805],[-77.7956,39.4713],[-77.7778,39.4619],[-77.7985,39.4607],[-77.7856,39.4454],[-77.8032,39.4371],[-77.7531,39.4233],[-77.7359,39.3897],[-77.7534,39.3821],[-77.7439,39.3599],[-77.7611,39.3398],[-77.7195,39.3213],[-77.7349,39.3124],[-77.7703,39.256],[-77.7714,39.2368],[-77.7936,39.2101],[-77.8282,39.1323],[-78.0332,39.2646],[-78.026,39.2726],[-78.0355,39.2782]]]}},{"type":"Feature","properties":{"county_fips":"54003","county_name":"Berkeley","state":"WV"},"geometry":{"type":"Polygon","coordinates":[[[-78.229,39.3919],[-78.2002,39.4416],[-78.1739,39.5214],[-78.1389,39.5938],[-78.116,39.5939],[-78.0931,39.5826],[-78.0855,39.5971],[-78.0596,39.5984],[-78.0255,39.621],[-78.0067,39.6013],[-77.9521,39.6064],[-77.9462,39.5848],[-77.9364,39.5945],[-77.9419,39.6188],[-77.9233,39.6049],[-77.8885,39.5973],[-77.881,39.6029],[-77.8851,39.6158],[-77.8318,39.6011],[-77.8363,39.5664],[-77.8785,39.5635],[-77.8889,39.556],[-77.8654,39.5384],[-77.8637,39.515],[-77.8419,39.5185],[-77.8369,39.5322],[-77.8238,39.5259],[-77.8256,39.5169],[-77.8481,39.5021],[-77.8252,39.4931],[-77.8471,39.4466],[-77.9318,39.3796],[-77.9457,39.3809],[-77.9439,39.3727],[-77.9672,39.367],[-77.9672,39.3456],[-77.9816,39.3493],[-77.9768,39.3405],[-77.9881,39.3255],[-77.9958,39.3266],[-77.9885,39.3198],[-78.0272,39.2884],[-78.0262,39.2802],[-78.0355,39.2782],[-78.026,39.2726],[-78.0332,39.2646],[-78.229,39.3919]]]}},{"type":"Feature","properties":{"county_fips":"22071","county_name":"Orleans","state":"LA"},"geometry":{"type":"Polygon","coordinates":[[[-90.1401,29.9479],[-90.125,29.9737],[-90.1081,30.1649],[-90.0403,30.1551],[-89.9032,30.1987],[-89.8484,30.1901],[-89.8208,30.18],[-89.7974,30.1608],[-89.7759,30.1594],[-89.7441,30.1775],[-89.7193,30.161],[-89.6853,30.1753],[-89.6554,30.1593],[-89.6255,30.1551],[-89.657,30.1184],[-89.6782,30.1083],[-89.6849,30.0752],[-89.7309,30.0607],[-89.7309,30.0451],[-89.7177,30.0253],[-89.7333,30.0221],[-89.7679,30.0457],[-89.8183,30.0457],[-89.8585,30.0083],[-89.8631,29.9877],[-89.87,29.9931],[-89.8816,29.9862],[-89.8945,30.0023],[-89.9142,29.9991],[-89.9401,29.9801],[-89.9726,29.9948],[-89.9899,29.9895],[-90.0121,29.946],[-89.9698,29.9247],[-89.9244,29.9188],[-89.9033,29.8874],[-89.9107,29.8679],[-89.9176,29.8667],[-89.9354,29.893],[-89.959,29.9026],[-89.9873,29.905],[-89.9892,29.8894],[-90.0023,29.8978],[-90.0025,29.8923],[-90.0585,29.9453],[-90.0592,29.9304],[-90.0717,29.9193],[-90.1044,29.9088],[-90.1274,29.9109],[-90.1386,29.9188],[-90.1401,29.9479]]]}},{"type":"Feature","properties":{"county_fips":"22103","county_name":"St. Tammany","state":"LA"},"geometry":{"type":"Polygon","coordinates":[[[-90.2574,30.7111],[-89.9958,30.6654],[-89.8423,30.666],[-89.8519,30.6612],[-89.8333,30.6575],[-89.8214,30.6465],[-89.8234,30.6399],[-89.814,30.6382],[-89.8308,30.6176],[-89.8214,30.6198],[-89.8232,30.6087],[-89.8139,30.6077],[-89.8223,30.6046],[-89.814,30.5986],[-89.8185,30.5927],[-89.807,30.5871],[-89.8151,30.5859],[-89.808,30.568],[-89.7869,30.5691],[-89.8039,30.5606],[-89.792,30.5488],[-89.8039,30.5493],[-89.7796,30.5443],[-89.7681,30.515],[-89.7246,30.4919],[-89.6834,30.4518],[-89.6785,30.414],[-89.6837,30.4059],[-89.6572,30.3565],[-89.6297,30.3393],[-89.6262,30.3143],[-89.6404,30.3068],[-89.6472,30.2894],[-89.6314,30.2797],[-89.6253,30.2635],[-89.6318,30.2569],[-89.6142,30.2446],[-89.6159,30.2232],[-89.5967,30.2118],[-89.5745,30.1817],[-89.5387,30.1958],[-89.5281,30.189],[-89.5313,30.1823],[-89.5576,30.1798],[-89.5691,30.1727],[-89.5721,30.1604],[-89.595,30.1499],[-89.6542,30.1589],[-89.6853,30.1753],[-89.7157,30.1608],[-89.7441,30.1775],[-89.7759,30.1594],[-89.7974,30.1608],[-89.8208,30.18],[-89.8484,30.1901],[-89.9032,30.1987],[-90.0403,30.1551],[-90.0825,30.1572],[-90.1447,30.18],[-90.1563,30.1896],[-90.1582,30.2281],[-90.1921,30.3108],[-90.2436,30.3616],[-90.2494,30.5876],[-90.2432,30.596],[-90.2513,30.6233],[-90.2434,30.6448],[-90.2532,30.6643],[-90.2504,30.6956],[-90.2574,30.7111]]]}},{"type":"Feature","properties":{"county_fips":"28163","county_name":"Yazoo","state":"MS"},"geometry":{"type":"Polygon","coordinates":[[[-90.7598,32.8357],[-90.6567,32.9225],[-90.4499,32.9233],[-90.4493,33.009],[-90.364,33.0099],[-90.3462,33.0224],[-90.3383,33.0101],[-89.9659,32.8796],[-89.9833,32.8645],[-89.9954,32.834],[-90.0175,32.827],[-90.0172,32.8032],[-90.0395,32.7476],[-90.0576,32.7312],[-90.0761,32.7295],[-90.0996,32.7003],[-90.132,32.7022],[-90.1359,32.6877],[-90.154,32.6916],[-90.1977,32.6638],[-90.2229,32.6599],[-90.2275,32.668],[-90.2445,32.6587],[-90.2778,32.6604],[-90.2881,32.6418],[-90.2977,32.6471],[-90.3112,32.6407],[-90.3221,32.6162],[-90.3356,32.6066],[-90.3502,32.6131],[-90.3565,32.6021],[-90.3687,32.5955],[-90.371,32.6026],[-90.4044,32.5747],[-90.4441,32.5848],[-90.4651,32.5477],[-90.4841,32.543],[-90.499,32.5239],[-90.5235,32.5193],[-90.5222,32.5031],[-90.5302,32.5109],[-90.5538,32.5076],[-90.5539,32.5319],[-90.5879,32.5318],[-90.588,32.5461],[-90.6542,32.546],[-90.6555,32.5898],[-90.6902,32.5894],[-90.6899,32.6187],[-90.7201,32.6189],[-90.7194,32.6244],[-90.6976,32.6251],[-90.6914,32.6363],[-90.7165,32.6443],[-90.7233,32.6538],[-90.7122,32.6874],[-90.6972,32.6879],[-90.6949,32.6711],[-90.6842,32.6637],[-90.6677,32.671],[-90.6638,32.686],[-90.6887,32.7054],[-90.7177,32.709],[-90.7426,32.7292],[-90.7361,32.756],[-90.7094,32.7474],[-90.6905,32.7576],[-90.6898,32.7659],[-90.7158,32.7934],[-90.711,32.8055],[-90.6943,32.8149],[-90.7268,32.8196],[-90.7394,32.809],[-90.7501,32.8183],[-90.7596,32.814],[-90.7598,32.8357]]]}},{"type":"Feature","properties":{"county_fips":"28089","county_name":"Madison","state":"MS"},"geometry":{"type":"Polygon","coordinates":[[[-90.4514,32.5786],[-90.4278,32.5857],[-90.4044,32.5747],[-90.371,32.6026],[-90.3687,32.5955],[-90.3565,32.6021],[-90.3502,32.6131],[-90.337,32.6059],[-90.3221,32.6162],[-90.3112,32.6407],[-90.2977,32.6471],[-90.2881,32.6418],[-90.2778,32.6604],[-90.2445,32.6587],[-90.2275,32.668],[-90.2229,32.6599],[-90.1977,32.6638],[-90.154,32.6916],[-90.1359,32.6877],[-90.132,32.7022],[-90.0996,32.7003],[-90.0761,32.7295],[-90.0576,32.7312],[-90.0395,32.7476],[-90.0172,32.8032],[-90.0175,32.827],[-89.9954,32.834],[-89.9833,32.8645],[-89.9659,32.8796],[-89.73,32.8851],[-89.7303,32.6342],[-89.7613,32.6067],[-89.7709,32.6061],[-89.7686,32.6],[-89.7829,32.5966],[-89.7859,32.5837],[-89.794,32.593],[-89.7952,32.5845],[-89.8086,32.5908],[-89.8139,32.5819],[-89.8329,32.5902],[-89.837,32.5854],[-89.84,32.5933],[-89.8465,32.5827],[-89.8589,32.5848],[-89.867,32.5645],[-89.8863,32.5632],[-89.8959,32.5544],[-89.8932,32.5424],[-89.9113,32.5373],[-89.9112,32.5287],[-89.9233,32.5289],[-89.9294,32.5133],[-89.9419,32.5132],[-89.9606,32.4914],[-89.9816,32.4982],[-89.9928,32.4828],[-90.0025,32.4859],[-90.0193,32.4773],[-90.0407,32.4417],[-90.0681,32.4386],[-90.0629,32.42],[-90.0753,32.4191],[-90.0641,32.3999],[-90.2438,32.4001],[-90.2436,32.4875],[-90.4499,32.4884],[-90.4514,32.5786]]]}},{"type":"Feature","properties":{"county_fips":"28101","county_name":"Newton","state":"MS"},"geometry":{"type":"Polygon","coordinates":[[[-89.3227,32.2235],[-89.3226,32.5764],[-88.9145,32.577],[-88.9138,32.2242],[-89.3227,32.2235]]]}},{"type":"Feature","properties":{"county_fips":"51061","county_name":"Fauquier","state":"VA"},"geometry":{"type":"Polygon","coordinates":[[[-78.1313,38.8675],[-78.1122,38.8803],[-78.0618,38.8919],[-78.0618,38.9002],[-78.0757,38.9094],[-78.064,38.9284],[-78.0416,38.9381],[-78.017,38.9712],[-77.9622,39.0137],[-77.6552,38.9427],[-77.6804,38.8932],[-77.6926,38.887],[-77.7027,38.8478],[-77.7157,38.8432],[-77.7157,38.8321],[-77.5313,38.5566],[-77.6328,38.4688],[-77.6282,38.4335],[-77.6349,38.4102],[-77.6904,38.427],[-77.7355,38.4131],[-77.7397,38.4247],[-77.76,38.4358],[-77.7613,38.4584],[-77.7767,38.4656],[-77.7819,38.4888],[-77.8011,38.5031],[-77.8137,38.5303],[-77.8389,38.5399],[-77.8772,38.5849],[-77.8624,38.5985],[-77.873,38.611],[-77.8599,38.6208],[-77.8805,38.6365],[-77.8717,38.6485],[-77.8841,38.6666],[-77.9013,38.6655],[-77.9026,38.6747],[-77.8919,38.6811],[-77.9029,38.6842],[-77.9095,38.6973],[-77.9543,38.6948],[-78.0151,38.7251],[-78.0062,38.7322],[-78.0191,38.7402],[-78.0164,38.754],[-78.0281,38.7575],[-78.0261,38.7766],[-78.0199,38.7783],[-78.0296,38.7867],[-78.0258,38.7958],[-78.0514,38.7992],[-78.055,38.8085],[-78.0997,38.8304],[-78.1313,38.8675]]]}},{"type":"Feature","properties":{"county_fips":"01073","county_name":"Jefferson","state":"AL"},"geometry":{"type":"Polygon","coordinates":[[[-87.3372,33.4754],[-87.3271,33.4931],[-87.2873,33.4798],[-87.2874,33.5012],[-87.2614,33.5007],[-87.2755,33.5208],[-87.2702,33.5303],[-87.2514,33.514],[-87.2373,33.5383],[-87.2139,33.5364],[-87.1876,33.5515],[-87.2046,33.5788],[-87.1969,33.5993],[-87.1796,33.5993],[-87.1794,33.6138],[-87.1444,33.6134],[-87.1445,33.6282],[-87.0927,33.6279],[-87.0927,33.6569],[-87.0578,33.6564],[-87.0573,33.6855],[-87.0398,33.6854],[-87.0406,33.729],[-87.0316,33.729],[-87.0317,33.7437],[-87.0234,33.7436],[-87.0233,33.7727],[-87.0059,33.7726],[-87.006,33.7872],[-86.9709,33.7865],[-86.9712,33.8012],[-86.9537,33.8008],[-86.9537,33.8153],[-86.9365,33.8153],[-86.8839,33.8432],[-86.7591,33.8406],[-86.6453,33.773],[-86.6478,33.7659],[-86.5428,33.7652],[-86.5426,33.7356],[-86.5338,33.7355],[-86.5339,33.7213],[-86.5251,33.7212],[-86.5251,33.6487],[-86.5338,33.6489],[-86.5337,33.6344],[-86.5428,33.6344],[-86.5428,33.6198],[-86.5513,33.62],[-86.552,33.561],[-86.5431,33.5612],[-86.543,33.554],[-86.5167,33.5534],[-86.5172,33.5241],[-86.5606,33.5175],[-86.5779,33.4961],[-86.587,33.4961],[-86.587,33.4816],[-86.5958,33.4815],[-86.6046,33.4671],[-86.6744,33.4665],[-86.6744,33.4517],[-86.692,33.452],[-86.7004,33.4306],[-86.7177,33.4308],[-86.7179,33.4163],[-86.7523,33.4172],[-86.7524,33.399],[-86.761,33.3883],[-86.7784,33.3886],[-86.7786,33.3669],[-86.8302,33.3608],[-86.8307,33.332],[-86.8825,33.333],[-86.9001,33.3078],[-86.9261,33.2965],[-86.9262,33.2782],[-86.9478,33.2744],[-86.9478,33.2671],[-86.9696,33.2675],[-86.9829,33.246],[-87.0657,33.2469],[-87.0658,33.2759],[-87.0875,33.2797],[-87.0875,33.2907],[-87.1268,33.2908],[-87.1271,33.306],[-87.162,33.3066],[-87.1622,33.321],[-87.1796,33.3211],[-87.18,33.343],[-87.1974,33.3431],[-87.1976,33.3581],[-87.232,33.3659],[-87.232,33.3951],[-87.2493,33.3956],[-87.2538,33.4178],[-87.2843,33.4257],[-87.2844,33.4406],[-87.3144,33.4417],[-87.3141,33.4557],[-87.3356,33.4563],[-87.3372,33.4754]]]}},{"type":"Feature","properties":{"county_fips":"22057","county_name":"Lafourche","state":"LA"},"geometry":{"type":"MultiPolygon","coordinates":[[[[-90.3286,29.0653],[-90.3216,29.0709],[-90.3193,29.0699],[-90.3286,29.0653]]],[[[-90.3477,29.1777],[-90.3448,29.1879],[-90.338,29.1894],[-90.3477,29.1777]]],[[[-90.356,29.1019],[-90.3518,29.1075],[-90.3431,29.1062],[-90.356,29.1019]]],[[[-90.3726,29.1111],[-90.3525,29.1198],[-90.3515,29.1311],[-90.3396,29.1267],[-90.3467,29.1171],[-90.3726,29.1111]]],[[[-90.4096,29.2093],[-90.4077,29.2071],[-90.4096,29.2032],[-90.4096,29.2093]]],[[[-91.0069,29.7151],[-90.9246,29.8303],[-90.9098,29.8772],[-90.8855,29.8776],[-90.8857,29.9053],[-90.7854,29.9076],[-90.7858,29.9217],[-90.7787,29.922],[-90.7398,29.9045],[-90.7232,29.907],[-90.7173,29.8967],[-90.69,29.9048],[-90.6682,29.8894],[-90.6271,29.895],[-90.6121,29.8911],[-90.6093,29.8831],[-90.5935,29.8929],[-90.5354,29.8911],[-90.5157,29.8647],[-90.4989,29.8651],[-90.4799,29.8474],[-90.4758,29.8129],[-90.4678,29.8032],[-90.4299,29.7764],[-90.3748,29.7626],[-90.3608,29.7371],[-90.3618,29.7094],[-90.3528,29.6959],[-90.2026,29.6914],[-90.1864,29.6809],[-90.1558,29.6775],[-90.1612,29.6234],[-90.1577,29.6094],[-90.1512,29.6091],[-90.1513,29.5884],[-90.1646,29.5799],[-90.1585,29.57],[-90.1862,29.5633],[-90.1922,29.5527],[-90.1722,29.5412],[-90.1375,29.4772],[-90.0952,29.4614],[-90.049,29.4615],[-90.0376,29.4363],[-90.0223,29.4311],[-90.0333,29.3933],[-90.0294,29.377],[-90.0428,29.368],[-90.0304,29.3449],[-90.0384,29.3326],[-90.0377,29.3092],[-90.0129,29.2945],[-90.0324,29.2816],[-90.0753,29.296],[-90.1031,29.2736],[-90.1081,29.265],[-90.0995,29.2393],[-90.0621,29.205],[-90.0863,29.1874],[-90.0888,29.1669],[-90.1927,29.0999],[-90.2229,29.0871],[-90.2459,29.0934],[-90.25,29.1081],[-90.2342,29.1103],[-90.2344,29.1288],[-90.2778,29.1428],[-90.2453,29.1497],[-90.28,29.1539],[-90.2582,29.1715],[-90.2756,29.1701],[-90.2853,29.178],[-90.2635,29.1806],[-90.2592,29.1996],[-90.2728,29.199],[-90.2703,29.2056],[-90.3053,29.2684],[-90.3221,29.273],[-90.3227,29.2843],[-90.3317,29.2793],[-90.3505,29.3058],[-90.374,29.295],[-90.3786,29.2788],[-90.3726,29.2648],[-90.3864,29.2585],[-90.3906,29.2432],[-90.4033,29.2338],[-90.4026,29.2515],[-90.3767,29.3029],[-90.3865,29.3247],[-90.3796,29.3491],[-90.3855,29.3677],[-90.4481,29.418],[-90.469,29.4541],[-90.5375,29.5055],[-90.5508,29.5313],[-90.5684,29.5352],[-90.5745,29.5589],[-90.6036,29.5739],[-90.6191,29.5982],[-90.6521,29.6039],[-90.7053,29.6639],[-90.744,29.6768],[-90.7668,29.6959],[-90.786,29.7321],[-90.7845,29.7446],[-90.805,29.7495],[-90.8059,29.7744],[-90.8278,29.7758],[-90.8279,29.7646],[-90.8442,29.7559],[-90.8414,29.7464],[-90.8821,29.7459],[-90.8802,29.7168],[-91.0069,29.7151]]]]}},{"type":"Feature","properties":{"county_fips":"22117","county_name":"Washington","state":"LA"},"geometry":{"type":"Polygon","coordinates":[[[-90.3472,31.0004],[-89.7492,30.9996],[-89.7325,31.0048],[-89.7281,31.001],[-89.7342,30.9956],[-89.7277,30.9933],[-89.7371,30.9761],[-89.7271,30.9674],[-89.7563,30.9435],[-89.7489,30.9339],[-89.7528,30.9254],[-89.7444,30.9206],[-89.7642,30.9119],[-89.7587,30.8973],[-89.7731,30.8983],[-89.77,30.8823],[-89.7792,30.8752],[-89.7678,30.8656],[-89.7717,30.8547],[-89.7834,30.856],[-89.7806,30.8455],[-89.7925,30.8504],[-89.7904,30.831],[-89.7823,30.8326],[-89.7875,30.8226],[-89.7812,30.8201],[-89.7987,30.8209],[-89.7972,30.8118],[-89.8115,30.798],[-89.8051,30.7906],[-89.8176,30.7961],[-89.8201,30.7824],[-89.8304,30.7798],[-89.8324,30.7645],[-89.8261,30.759],[-89.8332,30.7533],[-89.8225,30.7546],[-89.8287,30.7395],[-89.8161,30.7394],[-89.8369,30.7347],[-89.8281,30.725],[-89.8466,30.7062],[-89.8358,30.6996],[-89.8472,30.67],[-89.8389,30.6737],[-89.8418,30.6656],[-89.9958,30.6654],[-90.2557,30.7124],[-90.2535,30.7355],[-90.267,30.7518],[-90.2628,30.7659],[-90.2933,30.8065],[-90.2902,30.8221],[-90.2989,30.8476],[-90.3141,30.8641],[-90.317,30.8912],[-90.33,30.8912],[-90.33,30.9022],[-90.3468,30.9056],[-90.3472,31.0004]]]}},{"type":"Feature","properties":{"county_fips":"22029","county_name":"Concordia","state":"LA"},"geometry":{"type":"Polygon","coordinates":[[[-91.8674,31.3162],[-91.8626,31.3575],[-91.852,31.3711],[-91.8316,31.379],[-91.809,31.3706],[-91.7909,31.3739],[-91.7768,31.3852],[-91.7857,31.395],[-91.8344,31.4016],[-91.8545,31.4199],[-91.8641,31.4662],[-91.8544,31.4825],[-91.8559,31.496],[-91.8426,31.5032],[-91.8288,31.4972],[-91.8071,31.4388],[-91.7797,31.4409],[-91.7501,31.4306],[-91.7221,31.4424],[-91.7314,31.4658],[-91.8027,31.4765],[-91.8038,31.4888],[-91.7839,31.5025],[-91.7759,31.5235],[-91.8224,31.5634],[-91.8275,31.588],[-91.8063,31.631],[-91.7758,31.6486],[-91.7645,31.6442],[-91.7457,31.6149],[-91.7122,31.6332],[-91.7056,31.6459],[-91.7143,31.676],[-91.6925,31.7373],[-91.6804,31.7436],[-91.6625,31.7294],[-91.6392,31.7282],[-91.5981,31.7621],[-91.5517,31.7228],[-91.5353,31.7377],[-91.5447,31.7523],[-91.4224,31.7552],[-91.378,31.7476],[-91.4,31.6979],[-91.401,31.6204],[-91.4367,31.6127],[-91.4743,31.6254],[-91.4977,31.6454],[-91.5167,31.6273],[-91.513,31.6069],[-91.4852,31.5862],[-91.4227,31.5971],[-91.4039,31.5898],[-91.4079,31.5694],[-91.4439,31.5425],[-91.4797,31.5304],[-91.514,31.5321],[-91.5225,31.5221],[-91.5149,31.5101],[-91.5151,31.4492],[-91.5,31.4205],[-91.4721,31.3959],[-91.4725,31.3713],[-91.5042,31.365],[-91.5218,31.3752],[-91.545,31.433],[-91.5763,31.4105],[-91.569,31.3776],[-91.5557,31.3864],[-91.5462,31.3825],[-91.549,31.3473],[-91.5087,31.3151],[-91.5121,31.2842],[-91.5186,31.2753],[-91.5539,31.263],[-91.6377,31.2677],[-91.654,31.2558],[-91.6444,31.2344],[-91.5901,31.1937],[-91.5915,31.1731],[-91.6242,31.1337],[-91.6265,31.1191],[-91.5641,31.0668],[-91.5604,31.0495],[-91.5717,31.0298],[-91.6369,30.9994],[-91.6625,30.9704],[-91.6559,31.0056],[-91.6438,31.024],[-91.6492,31.0372],[-91.6644,31.0448],[-91.7,31.0391],[-91.7238,31.0443],[-91.7101,31.0734],[-91.7188,31.0892],[-91.7034,31.1057],[-91.7176,31.1191],[-91.719,31.1346],[-91.7027,31.1618],[-91.6837,31.163],[-91.6773,31.188],[-91.7062,31.2089],[-91.7228,31.1996],[-91.7585,31.2222],[-91.7832,31.2234],[-91.811,31.2371],[-91.8137,31.2502],[-91.8343,31.2663],[-91.8237,31.2776],[-91.8236,31.2932],[-91.8542,31.2961],[-91.8674,31.3162]]]}},{"type":"Feature","properties":{"county_fips":"01131","county_name":"Wilcox","state":"AL"},"geometry":{"type":"Polygon","coordinates":[[[-87.6679,32.0022],[-87.6228,32.0055],[-87.624,32.1323],[-87.5221,32.1328],[-87.5234,32.2548],[-87.5042,32.2689],[-87.4713,32.2631],[-87.4444,32.2689],[-87.4227,32.2441],[-87.4091,32.2367],[-87.3919,32.2397],[-87.3886,32.2232],[-87.3745,32.2219],[-87.3635,32.1961],[-87.354,32.202],[-87.3252,32.1994],[-87.323,32.1844],[-87.3106,32.1852],[-87.3021,32.1636],[-87.2925,32.1679],[-87.2826,32.1445],[-87.2722,32.1492],[-87.252,32.1426],[-87.2584,32.1204],[-87.2449,32.122],[-87.2233,32.0936],[-87.1903,32.0861],[-87.1916,32.0703],[-87.1756,32.0647],[-87.1779,32.0475],[-86.8566,32.0484],[-86.8576,31.9622],[-86.9089,31.9617],[-86.9069,31.8306],[-87.6201,31.8271],[-87.621,31.8704],[-87.6668,31.8757],[-87.6679,32.0022]]]}},{"type":"Feature","properties":{"county_fips":"42017","county_name":"Bucks","state":"PA"},"geometry":{"type":"Polygon","coordinates":[[[-75.4839,40.4186],[-75.4097,40.488],[-75.2935,40.562],[-75.1968,40.6086],[-75.1901,40.5904],[-75.1949,40.5786],[-75.1832,40.5674],[-75.1629,40.5641],[-75.1419,40.5753],[-75.1173,40.5732],[-75.0686,40.5422],[-75.0626,40.4896],[-75.0706,40.4552],[-75.0588,40.4181],[-75.0283,40.4039],[-74.9964,40.4105],[-74.9681,40.3991],[-74.9397,40.338],[-74.8682,40.2952],[-74.8423,40.2505],[-74.7717,40.2153],[-74.7543,40.1852],[-74.7223,40.1606],[-74.7222,40.1499],[-74.7821,40.1208],[-74.8225,40.1268],[-74.8351,40.1039],[-74.8621,40.0833],[-74.9326,40.0688],[-74.9739,40.048],[-74.9852,40.0569],[-74.9584,40.0839],[-74.965,40.1186],[-74.9979,40.1278],[-75.4839,40.4186]]]}},{"type":"Feature","properties":{"county_fips":"42029","county_name":"Chester","state":"PA"},"geometry":{"type":"MultiPolygon","coordinates":[[[[-75.5931,39.8375],[-75.5864,39.8443],[-75.5799,39.8385],[-75.5931,39.8375]]],[[[-76.1356,39.7216],[-76.1193,39.7234],[-76.1207,39.7351],[-76.1136,39.7371],[-76.1052,39.724],[-76.0968,39.7291],[-76.0926,39.7342],[-76.1003,39.7457],[-76.088,39.7449],[-76.0819,39.7614],[-76.0667,39.76],[-76.0413,39.7969],[-76.0497,39.8024],[-76.0392,39.8012],[-76.0296,39.813],[-76.0376,39.8269],[-76.0165,39.8315],[-76.0228,39.8498],[-76.0076,39.8523],[-76.0017,39.8747],[-75.9913,39.8687],[-75.9869,39.8735],[-75.9972,39.9286],[-75.981,39.9335],[-75.9946,39.9522],[-75.9359,40.0375],[-75.943,40.1093],[-75.8734,40.1371],[-75.6968,40.2419],[-75.6885,40.2362],[-75.6708,40.2447],[-75.6509,40.242],[-75.6124,40.223],[-75.6032,40.227],[-75.6069,40.2361],[-75.597,40.2368],[-75.5733,40.1953],[-75.5629,40.1974],[-75.5643,40.2091],[-75.5577,40.208],[-75.541,40.176],[-75.5292,40.1687],[-75.5268,40.1496],[-75.5038,40.1597],[-75.5108,40.1405],[-75.5056,40.1326],[-75.4621,40.1253],[-75.4716,40.1119],[-75.4562,40.0878],[-75.4201,40.0972],[-75.3926,40.061],[-75.3667,40.0724],[-75.3611,40.0655],[-75.415,40.0418],[-75.4043,40.0274],[-75.4534,39.9935],[-75.4377,39.9939],[-75.4361,39.9849],[-75.5238,39.9441],[-75.519,39.9342],[-75.5305,39.932],[-75.5235,39.9231],[-75.5427,39.9272],[-75.5505,39.9149],[-75.5464,39.9097],[-75.5613,39.9074],[-75.5734,39.8964],[-75.5712,39.8881],[-75.5979,39.8745],[-75.593,39.867],[-75.6015,39.8564],[-75.592,39.8525],[-75.5948,39.8373],[-75.6415,39.8284],[-75.7012,39.8026],[-75.7444,39.7679],[-75.7738,39.7222],[-76.1356,39.7216]]]]}},{"type":"Feature","properties":{"county_fips":"28113","county_name":"Pike","state":"MS"},"geometry":{"type":"Polygon","coordinates":[[[-90.5476,30.9997],[-90.5482,31.3496],[-90.2604,31.3503],[-90.2596,31.0007],[-90.5476,30.9997]]]}},{"type":"Feature","properties":{"county_fips":"28151","county_name":"Washington","state":"MS"},"geometry":{"type":"Polygon","coordinates":[[[-91.2359,33.4406],[-91.2317,33.4571],[-91.2085,33.4686],[-91.1826,33.4992],[-91.2187,33.5294],[-90.7613,33.5294],[-90.7638,33.2704],[-90.7163,33.27],[-90.7314,33.2646],[-90.7323,33.2297],[-90.679,33.1997],[-90.6869,33.1869],[-90.6881,33.1485],[-90.7006,33.1251],[-90.6796,33.1146],[-90.6796,33.1025],[-90.7018,33.0963],[-90.9145,33.0974],[-90.9143,33.0077],[-91.1663,33.0114],[-91.1575,33.0227],[-91.1283,33.0343],[-91.1212,33.0592],[-91.2002,33.1069],[-91.202,33.1231],[-91.1837,33.1417],[-91.1631,33.1422],[-91.1504,33.1307],[-91.1281,33.1289],[-91.0857,33.1372],[-91.0808,33.1822],[-91.1003,33.2194],[-91.0707,33.2273],[-91.0504,33.2512],[-91.0436,33.2746],[-91.0524,33.2854],[-91.0785,33.2833],[-91.0987,33.2385],[-91.1061,33.2418],[-91.1416,33.2995],[-91.1422,33.349],[-91.0644,33.4185],[-91.0581,33.4465],[-91.0707,33.4559],[-91.087,33.4513],[-91.0967,33.4376],[-91.0995,33.4072],[-91.1212,33.3884],[-91.1488,33.3788],[-91.1769,33.3828],[-91.2092,33.4063],[-91.1994,33.4183],[-91.1763,33.417],[-91.1319,33.4301],[-91.1169,33.452],[-91.1322,33.4816],[-91.1717,33.497],[-91.1774,33.4816],[-91.1698,33.452],[-91.1765,33.4446],[-91.2068,33.4338],[-91.2359,33.4406]]]}},{"type":"Feature","properties":{"county_fips":"28033","county_name":"DeSoto","state":"MS"},"geometry":{"type":"Polygon","coordinates":[[[-90.3177,34.8711],[-90.2579,34.8934],[-90.2413,34.919],[-90.2459,34.9487],[-90.2961,34.9765],[-90.3084,34.9957],[-89.7243,34.9952],[-89.7234,34.7723],[-89.9122,34.7725],[-89.9155,34.7582],[-89.9557,34.7374],[-89.9541,34.7269],[-89.9818,34.7262],[-89.9827,34.7203],[-90.0301,34.7079],[-90.0542,34.7126],[-90.0606,34.7282],[-90.0729,34.721],[-90.0906,34.7358],[-90.107,34.7333],[-90.1172,34.754],[-90.139,34.762],[-90.1575,34.7547],[-90.1715,34.759],[-90.1746,34.7435],[-90.1879,34.7388],[-90.1838,34.7335],[-90.1996,34.7224],[-90.2021,34.8604],[-90.3048,34.8604],[-90.3177,34.8711]]]}},{"type":"Feature","properties":{"county_fips":"28021","county_name":"Claiborne","state":"MS"},"geometry":{"type":"Polygon","coordinates":[[[-91.2481,31.8698],[-91.2028,31.908],[-91.1806,31.918],[-91.1847,31.9351],[-91.1932,31.9357],[-91.1883,31.961],[-91.1774,31.9733],[-91.1644,31.9826],[-91.1041,31.9904],[-91.0759,32.0168],[-91.0881,32.0345],[-91.1563,32.0527],[-91.162,32.0654],[-91.1558,32.0756],[-91.1349,32.0804],[-91.1037,32.0503],[-91.0823,32.0476],[-91.0815,32.0778],[-91.0347,32.1011],[-91.0307,32.1143],[-90.9903,32.097],[-90.9703,32.0946],[-90.9612,32.1052],[-90.966,32.0879],[-90.9577,32.0903],[-90.951,32.0816],[-90.9525,32.0902],[-90.9434,32.0891],[-90.9439,32.0783],[-90.9384,32.0853],[-90.918,32.0807],[-90.9125,32.0865],[-90.9207,32.0874],[-90.9145,32.0977],[-90.9254,32.0997],[-90.9169,32.1021],[-90.9217,32.1178],[-90.9127,32.1185],[-90.9077,32.1319],[-90.879,32.1144],[-90.8823,32.1215],[-90.8751,32.1276],[-90.8705,32.12],[-90.8461,32.1282],[-90.8438,32.1386],[-90.8581,32.142],[-90.8438,32.159],[-90.8261,32.1563],[-90.8297,32.1449],[-90.8207,32.1371],[-90.8094,32.1476],[-90.8112,32.1555],[-90.7983,32.1428],[-90.7929,32.1516],[-90.7721,32.154],[-90.7668,32.163],[-90.7904,32.1782],[-90.7772,32.1936],[-90.7505,32.1958],[-90.7544,32.2062],[-90.7385,32.2056],[-90.7319,32.215],[-90.7395,32.2155],[-90.7286,32.2251],[-90.7144,31.9776],[-90.7168,31.8446],[-90.733,31.83],[-90.7363,31.7861],[-90.8527,31.7854],[-90.8404,31.8041],[-90.8427,31.8267],[-91.0137,31.8619],[-91.2481,31.8698]]]}},{"type":"Feature","properties":{"county_fips":"51069","county_name":"Frederick","state":"VA"},"geometry":{"type":"Polygon","coordinates":[[[-78.5442,39.0566],[-78.4952,39.101],[-78.4599,39.1134],[-78.4273,39.1527],[-78.4037,39.1675],[-78.4263,39.1828],[-78.4249,39.1933],[-78.4387,39.198],[-78.3997,39.2439],[-78.4194,39.2575],[-78.3393,39.3486],[-78.3669,39.3593],[-78.3432,39.3888],[-78.3599,39.409],[-78.3467,39.4276],[-78.3532,39.4368],[-78.3465,39.4426],[-78.3471,39.466],[-78.0332,39.2646],[-78.0423,39.2367],[-78.0746,39.2046],[-78.073,39.1783],[-78.087,39.1639],[-78.0819,39.1592],[-78.0949,39.131],[-78.1083,39.1193],[-78.102,39.1063],[-78.137,39.0744],[-78.1642,39.0179],[-78.3141,39.008],[-78.321,39.0315],[-78.3095,39.0339],[-78.3255,39.045],[-78.3321,39.0414],[-78.3302,39.0502],[-78.3472,39.0597],[-78.3357,39.0602],[-78.3417,39.0695],[-78.3245,39.0757],[-78.3367,39.0846],[-78.3289,39.0903],[-78.3401,39.1029],[-78.3437,39.0957],[-78.3759,39.0921],[-78.3932,39.1017],[-78.3921,39.0927],[-78.4198,39.0853],[-78.4309,39.0663],[-78.4482,39.056],[-78.4448,39.0472],[-78.4541,39.0278],[-78.5442,39.0566]],[[-78.2005,39.1802],[-78.1894,39.175],[-78.1999,39.1531],[-78.1966,39.1422],[-78.1831,39.1311],[-78.1367,39.1844],[-78.1599,39.2031],[-78.1879,39.2048],[-78.2005,39.1802]]]}},{"type":"Feature","properties":{"county_fips":"34035","county_name":"Somerset","state":"NJ"},"geometry":{"type":"Polygon","coordinates":[[[-74.7958,40.5153],[-74.7766,40.5033],[-74.713,40.5842],[-74.7249,40.5888],[-74.7218,40.6007],[-74.7027,40.6211],[-74.7277,40.6362],[-74.7196,40.6518],[-74.7308,40.6656],[-74.7227,40.6701],[-74.7177,40.684],[-74.7239,40.6878],[-74.7158,40.7007],[-74.7257,40.7195],[-74.556,40.7583],[-74.5488,40.7337],[-74.5309,40.7299],[-74.526,40.7093],[-74.5139,40.7011],[-74.5173,40.6887],[-74.5279,40.6843],[-74.526,40.6702],[-74.5344,40.6673],[-74.5232,40.6492],[-74.461,40.6735],[-74.4508,40.6541],[-74.4329,40.6645],[-74.4198,40.6577],[-74.4018,40.6643],[-74.4271,40.6172],[-74.5097,40.5842],[-74.5259,40.5682],[-74.5141,40.542],[-74.4817,40.5119],[-74.4669,40.5089],[-74.4599,40.491],[-74.4823,40.4818],[-74.5362,40.4383],[-74.5842,40.4187],[-74.5879,40.3941],[-74.613,40.3758],[-74.6541,40.391],[-74.7221,40.3752],[-74.7958,40.5153]]]}},{"type":"Feature","properties":{"county_fips":"22077","county_name":"Pointe Coupee","state":"LA"},"geometry":{"type":"Polygon","coordinates":[[[-91.8226,30.8594],[-91.8027,30.8677],[-91.8037,30.9779],[-91.7805,30.9867],[-91.7726,31.0047],[-91.7486,31.0194],[-91.7193,31.0067],[-91.703,31.0186],[-91.6809,31.0156],[-91.6583,30.9944],[-91.6615,30.9644],[-91.6449,30.929],[-91.6607,30.895],[-91.6566,30.851],[-91.6296,30.8405],[-91.588,30.8473],[-91.5675,30.8368],[-91.5591,30.8398],[-91.5636,30.8833],[-91.5761,30.8934],[-91.6107,30.8992],[-91.614,30.9181],[-91.5493,30.9162],[-91.532,30.9037],[-91.5156,30.8752],[-91.5395,30.7912],[-91.5538,30.7794],[-91.5903,30.7691],[-91.5937,30.7491],[-91.553,30.7308],[-91.5001,30.741],[-91.4504,30.7362],[-91.3806,30.7588],[-91.3531,30.7218],[-91.3335,30.6544],[-91.3098,30.6501],[-91.3652,30.5884],[-91.365,30.5696],[-91.3985,30.5688],[-91.4077,30.5403],[-91.4151,30.5402],[-91.4148,30.5115],[-91.4817,30.511],[-91.4816,30.4974],[-91.5265,30.4972],[-91.5578,30.4885],[-91.5563,30.4829],[-91.5835,30.4826],[-91.5834,30.497],[-91.7562,30.4981],[-91.7501,30.5086],[-91.7314,30.5121],[-91.7573,30.5642],[-91.754,30.6174],[-91.741,30.6325],[-91.7464,30.6588],[-91.7315,30.6698],[-91.734,30.7034],[-91.7579,30.741],[-91.7552,30.7566],[-91.7688,30.7854],[-91.8073,30.8111],[-91.7995,30.8343],[-91.8226,30.8594]]]}},{"type":"Feature","properties":{"county_fips":"22125","county_name":"West Feliciana","state":"LA"},"geometry":{"type":"MultiPolygon","coordinates":[[[[-91.6625,30.9704],[-91.6369,30.9994],[-91.1761,30.9991],[-91.1826,30.9736],[-91.1952,30.9625],[-91.1947,30.9455],[-91.1867,30.9375],[-91.2078,30.9183],[-91.2066,30.893],[-91.2182,30.892],[-91.2255,30.8699],[-91.2196,30.8645],[-91.2292,30.8543],[-91.2306,30.8106],[-91.2436,30.8035],[-91.2355,30.7924],[-91.2498,30.7859],[-91.2676,30.7573],[-91.2801,30.7565],[-91.2861,30.7345],[-91.2964,30.7265],[-91.2919,30.7166],[-91.3207,30.6994],[-91.3052,30.6734],[-91.3101,30.654],[-91.3384,30.6649],[-91.3531,30.7218],[-91.3806,30.7588],[-91.4504,30.7362],[-91.5001,30.741],[-91.553,30.7308],[-91.5937,30.7491],[-91.5903,30.7691],[-91.5538,30.7794],[-91.5395,30.7912],[-91.5156,30.8752],[-91.532,30.9037],[-91.5493,30.9162],[-91.614,30.9181],[-91.6107,30.8992],[-91.5761,30.8934],[-91.5636,30.8833],[-91.5591,30.8398],[-91.5675,30.8368],[-91.588,30.8473],[-91.6296,30.8405],[-91.6526,30.848],[-91.6614,30.8571],[-91.6607,30.895],[-91.6449,30.929],[-91.6625,30.9704]]],[[[-91.7501,31.0188],[-91.7238,31.0443],[-91.7,31.0391],[-91.6598,31.044],[-91.6438,31.0252],[-91.6583,30.9944],[-91.6711,31.0106],[-91.691,31.0193],[-91.7176,31.0067],[-91.7501,31.0188]]]]}},{"type":"Feature","properties":{"county_fips":"22091","county_name":"St. Helena","state":"LA"},"geometry":{"type":"Polygon","coordinates":[[[-90.912,30.6521],[-90.9015,30.6553],[-90.9005,30.6654],[-90.8782,30.6791],[-90.8709,30.6933],[-90.853,30.6957],[-90.8442,30.708],[-90.8488,30.7195],[-90.8398,30.7194],[-90.8504,30.7543],[-90.8419,30.7655],[-90.8447,30.7929],[-90.8372,30.7964],[-90.8415,30.8085],[-90.8344,30.8148],[-90.8496,30.8305],[-90.841,30.8469],[-90.8583,30.8589],[-90.8532,30.866],[-90.8614,30.8707],[-90.8454,30.8886],[-90.8545,30.8974],[-90.8518,30.9121],[-90.863,30.942],[-90.8456,30.9604],[-90.8376,30.993],[-90.8258,30.9994],[-90.5672,30.9997],[-90.5671,30.65],[-90.912,30.6521]]]}},{"type":"Feature","properties":{"county_fips":"28131","county_name":"Stone","state":"MS"},"geometry":{"type":"Polygon","coordinates":[[[-89.3414,30.6477],[-89.3408,30.9099],[-88.885,30.9108],[-88.8845,30.6773],[-89.2401,30.6772],[-89.2401,30.6476],[-89.3414,30.6477]]]}},{"type":"Feature","properties":{"county_fips":"28051","county_name":"Holmes","state":"MS"},"geometry":{"type":"Polygon","coordinates":[[[-90.4317,33.0969],[-90.4222,33.099],[-90.4287,33.109],[-90.4196,33.116],[-90.4144,33.1016],[-90.3971,33.1047],[-90.3849,33.0873],[-90.3693,33.0855],[-90.3655,33.0955],[-90.3829,33.1075],[-90.3838,33.1206],[-90.3689,33.1255],[-90.3662,33.1037],[-90.3541,33.0942],[-90.347,33.1012],[-90.3536,33.1228],[-90.3437,33.1342],[-90.3307,33.1353],[-90.3316,33.3028],[-90.3104,33.3204],[-90.3048,33.3096],[-90.2864,33.3127],[-90.2919,33.3237],[-90.2796,33.3395],[-90.2886,33.3577],[-90.3181,33.363],[-90.3215,33.3751],[-89.7486,33.2116],[-89.7586,33.1951],[-89.7787,33.1915],[-89.7742,33.1761],[-89.7958,33.1568],[-89.796,33.1244],[-89.806,33.1129],[-89.8233,33.1127],[-89.819,33.0992],[-89.8287,33.0819],[-89.8227,33.066],[-89.8416,33.0583],[-89.8364,33.04],[-89.8815,32.9989],[-89.8777,32.993],[-89.8883,32.9806],[-89.8837,32.974],[-89.8942,32.9648],[-89.8882,32.959],[-89.8991,32.9439],[-89.8964,32.9326],[-89.9182,32.9229],[-89.9178,32.9116],[-89.938,32.9043],[-89.934,32.8961],[-89.9575,32.8917],[-89.9659,32.8796],[-90.3383,33.0101],[-90.3434,33.0219],[-90.3539,33.0121],[-90.3731,33.0133],[-90.3829,33.0234],[-90.3838,33.0476],[-90.4154,33.049],[-90.4283,33.0573],[-90.4317,33.0969]]]}},{"type":"Feature","properties":{"county_fips":"28157","county_name":"Wilkinson","state":"MS"},"geometry":{"type":"Polygon","coordinates":[[[-91.6369,30.9994],[-91.5784,31.024],[-91.5599,31.0541],[-91.5676,31.0702],[-91.6215,31.1103],[-91.6242,31.1337],[-91.5915,31.1731],[-91.5828,31.2142],[-91.5605,31.2356],[-91.534,31.2346],[-91.5297,31.2145],[-91.4871,31.2275],[-91.4772,31.2595],[-91.489,31.2652],[-91.4962,31.2826],[-91.4711,31.2856],[-91.4684,31.3196],[-91.4238,31.3153],[-91.3555,31.3459],[-91.3509,31.3375],[-91.3417,31.34],[-91.2987,31.3647],[-91.2873,31.3561],[-91.2743,31.37],[-91.2628,31.3694],[-91.2571,31.3601],[-91.218,31.3723],[-91.2088,31.3548],[-91.1896,31.3569],[-91.1846,31.348],[-91.1627,31.3507],[-91.1546,31.3431],[-91.1452,31.3475],[-91.118,31.3203],[-91.1012,31.3265],[-91.0879,31.3175],[-91.08,31.2888],[-91.0595,31.2819],[-91.0602,30.999],[-91.6369,30.9994]]]}},{"type":"Feature","properties":{"county_fips":"44005","county_name":"Newport","state":"RI"},"geometry":{"type":"MultiPolygon","coordinates":[[[[-71.288,41.6456],[-71.2782,41.6473],[-71.2721,41.6371],[-71.2853,41.6369],[-71.288,41.6456]]],[[[-71.3008,41.5806],[-71.2986,41.5849],[-71.2972,41.5798],[-71.3008,41.5806]]],[[[-71.3256,41.4521],[-71.3263,41.4547],[-71.3243,41.4539],[-71.3256,41.4521]]],[[[-71.3288,41.4923],[-71.3254,41.4876],[-71.3278,41.483],[-71.329,41.4871],[-71.3288,41.4923]]],[[[-71.3431,41.4949],[-71.3413,41.5005],[-71.3387,41.4949],[-71.3431,41.4949]]],[[[-71.3459,41.5296],[-71.345,41.5379],[-71.3426,41.529],[-71.3459,41.5296]]],[[[-71.3538,41.6475],[-71.3433,41.6538],[-71.3516,41.6586],[-71.3448,41.667],[-71.3324,41.6438],[-71.3437,41.6399],[-71.3081,41.6262],[-71.3026,41.6055],[-71.3167,41.5831],[-71.3261,41.5786],[-71.3359,41.5859],[-71.3256,41.6241],[-71.3507,41.6339],[-71.3538,41.6475]]],[[[-71.3629,41.4617],[-71.3364,41.482],[-71.336,41.4696],[-71.3165,41.4776],[-71.3307,41.5077],[-71.328,41.5188],[-71.3113,41.5226],[-71.3105,41.5469],[-71.2851,41.5771],[-71.2891,41.5827],[-71.2734,41.607],[-71.2719,41.624],[-71.2511,41.6388],[-71.2332,41.6402],[-71.2203,41.6556],[-71.2118,41.6391],[-71.1956,41.6751],[-71.1329,41.6601],[-71.1409,41.6074],[-71.1313,41.5923],[-71.1206,41.4974],[-71.1673,41.4714],[-71.1686,41.4615],[-71.194,41.4564],[-71.1902,41.4843],[-71.2064,41.4992],[-71.2008,41.5144],[-71.2083,41.5289],[-71.2049,41.5408],[-71.221,41.5609],[-71.2098,41.5587],[-71.2084,41.5812],[-71.2147,41.586],[-71.2037,41.5961],[-71.2118,41.6235],[-71.2193,41.6255],[-71.2407,41.6192],[-71.2366,41.5359],[-71.228,41.5283],[-71.248,41.4903],[-71.2374,41.4857],[-71.2404,41.4761],[-71.2474,41.473],[-71.2459,41.4816],[-71.2582,41.4879],[-71.2749,41.4798],[-71.2855,41.489],[-71.2969,41.4855],[-71.2969,41.4691],[-71.3102,41.4511],[-71.3238,41.4601],[-71.3348,41.4495],[-71.3536,41.4498],[-71.3629,41.4617]]],[[[-71.367,41.6607],[-71.3607,41.6611],[-71.3534,41.6579],[-71.36,41.6499],[-71.367,41.6607]]],[[[-71.3722,41.5999],[-71.3673,41.606],[-71.3634,41.6067],[-71.3648,41.6014],[-71.3722,41.5999]]],[[[-71.3996,41.4486],[-71.3944,41.4672],[-71.3994,41.493],[-71.384,41.4938],[-71.3789,41.5049],[-71.3921,41.5245],[-71.3845,41.5567],[-71.3702,41.574],[-71.3599,41.5563],[-71.3656,41.514],[-71.3576,41.5087],[-71.3665,41.4948],[-71.3543,41.4789],[-71.3751,41.4738],[-71.3807,41.4888],[-71.3862,41.4877],[-71.3816,41.4681],[-71.3996,41.4486]]],[[[-71.4051,41.4982],[-71.4036,41.5046],[-71.3974,41.5062],[-71.3963,41.5037],[-71.4051,41.4982]]]]}},{"type":"Feature","properties":{"county_fips":"01107","county_name":"Pickens","state":"AL"},"geometry":{"type":"Polygon","coordinates":[[[-88.3404,32.9912],[-88.2746,33.534],[-87.8407,33.5248],[-87.8399,33.1501],[-87.9069,33.1211],[-87.9271,33.1211],[-87.9469,33.1081],[-87.9697,33.0776],[-87.9807,33.081],[-88.0114,33.0713],[-88.031,33.0617],[-88.0323,33.0529],[-88.0393,33.059],[-88.0314,33.0425],[-88.0415,33.0412],[-88.0434,33.0326],[-88.065,33.0513],[-88.0778,33.0527],[-88.0736,33.0445],[-88.0845,33.0452],[-88.0835,33.0364],[-88.1477,33.0384],[-88.1426,33.0258],[-88.1635,33.0191],[-88.1719,32.9959],[-88.3404,32.9912]]]}},{"type":"Feature","properties":{"county_fips":"22051","county_name":"Jefferson","state":"LA"},"geometry":{"type":"MultiPolygon","coordinates":[[[[-89.9502,29.277],[-89.943,29.2765],[-89.9066,29.2966],[-89.9442,29.2717],[-89.9502,29.277]]],[[[-89.9579,29.3025],[-89.9598,29.3068],[-89.957,29.3037],[-89.9579,29.3025]]],[[[-89.9795,29.2776],[-89.9669,29.2826],[-89.9671,29.2714],[-89.9795,29.2776]]],[[[-89.984,29.3208],[-89.9703,29.3169],[-89.9732,29.301],[-89.9816,29.3088],[-89.984,29.3208]]],[[[-90.0246,29.2411],[-90.0145,29.2509],[-90.008,29.2395],[-90.0246,29.2411]]],[[[-90.0269,29.26],[-90.0226,29.2672],[-90.0199,29.2649],[-90.0269,29.26]]],[[[-90.0358,29.3524],[-90.0279,29.3588],[-90.0159,29.354],[-89.9975,29.3705],[-89.977,29.3532],[-89.9827,29.3413],[-90.0175,29.3508],[-90.0304,29.3449],[-90.0358,29.3524]]],[[[-90.0427,29.2027],[-90.0053,29.2339],[-89.9882,29.2601],[-89.9497,29.2649],[-89.9556,29.2528],[-90.0427,29.2027]]],[[[-90.0885,29.1825],[-90.0636,29.2083],[-90.0479,29.2153],[-90.0552,29.2051],[-90.0479,29.1896],[-90.0888,29.1669],[-90.0885,29.1825]]],[[[-90.2801,29.9771],[-90.2756,30.0889],[-90.2599,30.1634],[-90.1563,30.1896],[-90.1081,30.1649],[-90.125,29.9737],[-90.1401,29.9479],[-90.1386,29.9188],[-90.1165,29.9087],[-90.0856,29.9144],[-90.0625,29.926],[-90.0585,29.9453],[-90.0081,29.8969],[-90.0275,29.8529],[-90.0686,29.8288],[-90.0719,29.808],[-90.06,29.7841],[-90.0757,29.7719],[-90.0657,29.7531],[-90.0673,29.7389],[-90.0159,29.6744],[-90.0022,29.6234],[-89.9852,29.6189],[-89.976,29.588],[-89.9888,29.5605],[-89.9858,29.5378],[-89.9789,29.5336],[-89.9774,29.4596],[-89.9918,29.4506],[-89.9704,29.4318],[-89.9873,29.4055],[-90.0025,29.4034],[-90.0006,29.3923],[-90.0156,29.3761],[-90.0308,29.375],[-90.0333,29.3933],[-90.0206,29.4285],[-90.0376,29.4363],[-90.0476,29.4604],[-90.0782,29.4661],[-90.0952,29.4614],[-90.1375,29.4772],[-90.1722,29.5412],[-90.1922,29.5527],[-90.1862,29.5633],[-90.1585,29.57],[-90.1646,29.5799],[-90.1513,29.5884],[-90.1512,29.6091],[-90.1577,29.6094],[-90.1612,29.6234],[-90.1558,29.6775],[-90.2282,29.692],[-90.1673,29.8185],[-90.2402,29.8621],[-90.2433,29.8809],[-90.2683,29.905],[-90.2801,29.9771]]]]}},{"type":"Feature","properties":{"county_fips":"36061","county_name":"New York","state":"NY"},"geometry":{"type":"MultiPolygon","coordinates":[[[[-74.0064,40.6887],[-73.9985,40.7003],[-73.9975,40.6997],[-74.0007,40.6906],[-74.0064,40.6887]]],[[[-74.0231,40.7204],[-74.014,40.7576],[-73.9632,40.8269],[-73.9338,40.8822],[-73.9095,40.8789],[-73.9335,40.8332],[-73.9325,40.8089],[-73.9103,40.7907],[-73.9364,40.7769],[-73.9597,40.7453],[-73.9696,40.7076],[-74.0127,40.7005],[-74.0231,40.7204]]],[[[-74.0246,40.6839],[-74.0195,40.6934],[-74.0121,40.6907],[-74.0246,40.6839]]],[[[-74.0422,40.7],[-74.0376,40.6992],[-74.039,40.6976],[-74.0422,40.7]]],[[[-74.0457,40.6886],[-74.0436,40.6903],[-74.0432,40.6893],[-74.0457,40.6886]]]]}},{"type":"Feature","properties":{"county_fips":"01025","county_name":"Clarke","state":"AL"},"geometry":{"type":"Polygon","coordinates":[[[-88.1805,31.8201],[-88.1565,31.8556],[-88.1427,31.8626],[-88.1294,31.9049],[-88.0552,31.9235],[-88.0677,31.9369],[-88.0892,31.9218],[-88.1041,31.9416],[-88.1166,31.9388],[-88.1226,31.9477],[-88.0967,31.965],[-88.0793,31.9533],[-88.0708,31.9586],[-88.0759,31.9755],[-88.0664,31.9831],[-88.0735,31.9902],[-87.6678,31.9914],[-87.6668,31.8757],[-87.621,31.8704],[-87.6201,31.8271],[-87.5009,31.8293],[-87.501,31.814],[-87.5184,31.8144],[-87.5161,31.6978],[-87.5668,31.6971],[-87.5654,31.5536],[-87.6213,31.5169],[-87.5628,31.4777],[-87.5737,31.4351],[-87.6079,31.4081],[-87.6466,31.4265],[-87.704,31.4025],[-87.7258,31.3737],[-87.7228,31.3436],[-87.736,31.3339],[-87.7526,31.3374],[-87.7525,31.3585],[-87.763,31.3642],[-87.7658,31.3468],[-87.7848,31.3247],[-87.7803,31.3077],[-87.7657,31.2953],[-87.7885,31.2974],[-87.7989,31.3162],[-87.8071,31.3177],[-87.809,31.3066],[-87.7839,31.2778],[-87.7996,31.2695],[-87.8241,31.2793],[-87.8355,31.2578],[-87.852,31.2591],[-87.8371,31.2473],[-87.8446,31.2393],[-87.8357,31.2286],[-87.8413,31.2254],[-87.8546,31.2372],[-87.8638,31.2311],[-87.8495,31.2061],[-87.8599,31.2046],[-87.8698,31.2158],[-87.8767,31.1984],[-87.8896,31.2043],[-87.9062,31.1992],[-87.9142,31.1867],[-87.9466,31.1929],[-87.9503,31.2042],[-87.931,31.2271],[-87.944,31.2443],[-87.9692,31.2584],[-87.987,31.2572],[-87.9744,31.2704],[-87.9534,31.2694],[-87.9571,31.2826],[-87.9475,31.2963],[-87.9638,31.314],[-87.9263,31.3107],[-87.9218,31.3395],[-87.9125,31.3381],[-87.9171,31.3269],[-87.9081,31.323],[-87.8893,31.3607],[-87.8873,31.3922],[-87.8911,31.3961],[-87.8956,31.3814],[-87.9108,31.3909],[-87.9212,31.3873],[-87.9178,31.3757],[-87.9459,31.378],[-87.9309,31.3952],[-87.905,31.3983],[-87.9073,31.4061],[-87.9279,31.4066],[-87.9111,31.4244],[-87.9354,31.4412],[-87.9155,31.4498],[-87.9191,31.4671],[-87.9061,31.4918],[-87.9432,31.527],[-87.9734,31.5314],[-88.0313,31.5605],[-88.0397,31.5745],[-88.0185,31.572],[-88.022,31.5819],[-88.0514,31.5835],[-88.0789,31.6012],[-88.0743,31.6164],[-88.0912,31.6571],[-88.0795,31.6615],[-88.0787,31.6707],[-88.0934,31.7375],[-88.1073,31.7619],[-88.1383,31.7512],[-88.1543,31.7619],[-88.1805,31.8201]]]}},{"type":"Feature","properties":{"county_fips":"36059","county_name":"Nassau","state":"NY"},"geometry":{"type":"Polygon","coordinates":[[[-73.7687,40.6244],[-73.74,40.6351],[-73.7414,40.6469],[-73.725,40.6527],[-73.7303,40.7222],[-73.7079,40.7278],[-73.7004,40.7392],[-73.7016,40.7525],[-73.7503,40.7825],[-73.7534,40.7995],[-73.7655,40.8109],[-73.754,40.8209],[-73.753,40.8384],[-73.7219,40.8219],[-73.7109,40.8058],[-73.7004,40.8347],[-73.7254,40.8393],[-73.7285,40.833],[-73.7376,40.8484],[-73.728,40.8529],[-73.7296,40.8665],[-73.7141,40.87],[-73.6767,40.8572],[-73.6486,40.8288],[-73.6544,40.8782],[-73.6331,40.9027],[-73.6176,40.8979],[-73.57,40.9154],[-73.5481,40.9087],[-73.5214,40.9183],[-73.5074,40.9087],[-73.5084,40.9015],[-73.5172,40.9011],[-73.5203,40.8867],[-73.5331,40.8853],[-73.5236,40.9096],[-73.5478,40.9036],[-73.5419,40.8769],[-73.5062,40.8724],[-73.5088,40.8937],[-73.4948,40.8948],[-73.4879,40.877],[-73.4625,40.8673],[-73.4235,40.6714],[-73.424,40.6096],[-73.5718,40.5783],[-73.5783,40.5858],[-73.6109,40.5877],[-73.7543,40.5845],[-73.7372,40.593],[-73.7384,40.6027],[-73.7455,40.6118],[-73.7667,40.615],[-73.7687,40.6244]]]}},{"type":"Feature","properties":{"county_fips":"22087","county_name":"St. Bernard","state":"LA"},"geometry":{"type":"MultiPolygon","coordinates":[[[[-88.8677,29.8616],[-88.8627,29.8568],[-88.8623,29.8462],[-88.8651,29.8485],[-88.8677,29.8616]]],[[[-88.8761,29.875],[-88.8783,29.877],[-88.8753,29.8819],[-88.8761,29.875]]],[[[-88.8705,30.0492],[-88.8337,29.9988],[-88.817,29.9342],[-88.8181,29.8891],[-88.8327,29.8241],[-88.8751,29.7598],[-88.843,29.826],[-88.8363,29.8552],[-88.8433,29.8638],[-88.8312,29.8788],[-88.8282,29.9207],[-88.8409,29.9956],[-88.8574,30.0278],[-88.8815,30.0532],[-88.8705,30.0492]]],[[[-89.2622,29.8275],[-89.2495,29.8286],[-89.2455,29.8266],[-89.2489,29.8232],[-89.2622,29.8275]]],[[[-89.2934,29.9947],[-89.2878,29.9996],[-89.2899,29.9952],[-89.2934,29.9947]]],[[[-89.3266,29.947],[-89.3222,29.9542],[-89.3194,29.9489],[-89.3266,29.947]]],[[[-89.334,29.9591],[-89.3357,29.9628],[-89.3322,29.9624],[-89.334,29.9591]]],[[[-89.3367,29.988],[-89.3396,29.994],[-89.3367,29.9942],[-89.3367,29.988]]],[[[-89.3422,30.0592],[-89.3188,30.0651],[-89.303,30.0916],[-89.211,30.1414],[-89.1905,30.1618],[-89.1857,30.157],[-89.2431,30.1007],[-89.2291,30.0989],[-89.2208,30.0714],[-89.1757,30.0628],[-89.1734,30.0434],[-89.184,30.0328],[-89.203,30.0346],[-89.213,30.0274],[-89.2115,30.0101],[-89.2016,30.0014],[-89.2157,29.9935],[-89.2295,30.0004],[-89.2272,30.0212],[-89.2443,30.0583],[-89.2534,30.0605],[-89.2755,30.0371],[-89.2758,30.0231],[-89.2876,30.0406],[-89.324,30.0478],[-89.3332,30.0348],[-89.3422,30.0592]]],[[[-89.3404,29.9762],[-89.3458,29.9769],[-89.3435,29.9813],[-89.3404,29.9762]]],[[[-89.3603,29.9199],[-89.3578,29.934],[-89.3524,29.9244],[-89.3603,29.9199]]],[[[-89.3686,29.9538],[-89.362,29.9623],[-89.3668,29.9767],[-89.3604,29.9792],[-89.3518,29.9729],[-89.3632,29.9719],[-89.3537,29.9596],[-89.3686,29.9538]]],[[[-89.3784,30.0042],[-89.3797,30.0146],[-89.3648,30.009],[-89.3784,30.0042]]],[[[-89.4466,30.1303],[-89.4421,30.1444],[-89.4177,30.1437],[-89.429,30.1286],[-89.4466,30.1303]]],[[[-90.0121,29.946],[-89.9899,29.9895],[-89.9726,29.9948],[-89.9401,29.9801],[-89.9142,29.9991],[-89.8945,30.0023],[-89.8797,29.9854],[-89.87,29.9931],[-89.8612,29.9888],[-89.8599,30.0017],[-89.8388,29.9428],[-89.7981,29.9317],[-89.7294,29.9575],[-89.7148,29.947],[-89.7472,29.9308],[-89.7449,29.9079],[-89.7053,29.8743],[-89.6654,29.8628],[-89.6348,29.8632],[-89.6005,29.8771],[-89.5909,29.889],[-89.5923,29.9173],[-89.5704,29.9615],[-89.5801,29.9905],[-89.4915,30.0375],[-89.4967,30.0606],[-89.4844,30.0788],[-89.4564,30.0589],[-89.4446,30.061],[-89.4311,30.0518],[-89.4426,30.0463],[-89.4304,30.0338],[-89.4019,30.049],[-89.3727,30.0498],[-89.3803,30.0416],[-89.3746,30.0326],[-89.4078,30.0239],[-89.3991,30.0009],[-89.4093,30.02],[-89.4235,30.0169],[-89.43,30.0289],[-89.449,30.0192],[-89.4321,30.0105],[-89.4487,30.0118],[-89.4578,29.9982],[-89.4334,29.9912],[-89.434,29.9743],[-89.4198,29.9725],[-89.4235,29.9634],[-89.3812,29.9595],[-89.3983,29.9578],[-89.3805,29.9416],[-89.3701,29.8921],[-89.3598,29.8909],[-89.3539,29.9115],[-89.3344,29.9069],[-89.3176,29.9212],[-89.2758,29.9776],[-89.2733,29.9938],[-89.2572,29.9906],[-89.2478,29.9973],[-89.25,29.9756],[-89.2255,29.9671],[-89.238,29.937],[-89.2324,29.9304],[-89.2798,29.9272],[-89.3247,29.8889],[-89.342,29.8831],[-89.3351,29.8728],[-89.3127,29.8811],[-89.2412,29.8851],[-89.2403,29.8786],[-89.2644,29.867],[-89.2709,29.8521],[-89.2859,29.8507],[-89.2933,29.8634],[-89.306,29.8657],[-89.3152,29.8528],[-89.3009,29.8363],[-89.3195,29.8371],[-89.3124,29.8236],[-89.3275,29.8233],[-89.3431,29.8383],[-89.3294,29.8432],[-89.3408,29.8497],[-89.3857,29.8355],[-89.3794,29.8221],[-89.3623,29.8267],[-89.3493,29.8208],[-89.345,29.8154],[-89.3587,29.8098],[-89.357,29.8],[-89.3446,29.7977],[-89.3365,29.7852],[-89.3184,29.7837],[-89.2925,29.7992],[-89.2857,29.7634],[-89.3049,29.7587],[-89.3328,29.7799],[-89.3673,29.7775],[-89.376,29.7886],[-89.3947,29.7902],[-89.4016,29.7696],[-89.4308,29.7408],[-89.4255,29.7312],[-89.4303,29.7126],[-89.4064,29.6944],[-89.3961,29.6957],[-89.3878,29.68],[-89.404,29.6818],[-89.4242,29.6976],[-89.4319,29.6887],[-89.4267,29.6786],[-89.4403,29.682],[-89.4431,29.6712],[-89.4338,29.6564],[-89.4456,29.6519],[-89.4656,29.6517],[-89.4676,29.699],[-89.4851,29.72],[-89.5249,29.7266],[-89.5188,29.7021],[-89.5077,29.692],[-89.5196,29.6922],[-89.5249,29.6828],[-89.5145,29.6688],[-89.5323,29.6734],[-89.5315,29.6664],[-89.5114,29.6569],[-89.5014,29.634],[-89.5224,29.6508],[-89.6257,29.6789],[-89.6603,29.7087],[-89.6839,29.716],[-89.705,29.7528],[-89.7908,29.7608],[-89.7862,29.7733],[-89.8098,29.7988],[-89.8678,29.794],[-89.8959,29.8332],[-89.9107,29.8679],[-89.9033,29.8874],[-89.921,29.9157],[-89.9366,29.9243],[-89.9698,29.9247],[-90.0121,29.946]]]]}},{"type":"Feature","properties":{"county_fips":"24043","county_name":"Washington","state":"MD"},"geometry":{"type":"Polygon","coordinates":[[[-78.3635,39.6598],[-78.3341,39.6624],[-78.3418,39.6778],[-78.3202,39.6761],[-78.3229,39.6839],[-78.3149,39.6845],[-78.3231,39.6884],[-78.3133,39.6925],[-78.3184,39.7026],[-78.3428,39.7225],[-77.4691,39.72],[-77.5084,39.6841],[-77.4929,39.6764],[-77.5202,39.6407],[-77.5702,39.62],[-77.5971,39.542],[-77.6135,39.5287],[-77.6226,39.5076],[-77.6144,39.4916],[-77.622,39.4818],[-77.6162,39.4684],[-77.6347,39.4455],[-77.6479,39.3832],[-77.6734,39.3442],[-77.6771,39.3241],[-77.693,39.3184],[-77.7274,39.3217],[-77.7596,39.3373],[-77.7439,39.3599],[-77.7538,39.3796],[-77.7363,39.3877],[-77.74,39.4017],[-77.7547,39.4247],[-77.8032,39.4371],[-77.7856,39.4454],[-77.7985,39.4607],[-77.7778,39.4619],[-77.7956,39.4713],[-77.7967,39.4805],[-77.766,39.4957],[-77.7816,39.4991],[-77.8018,39.4894],[-77.8457,39.4986],[-77.8256,39.5169],[-77.8254,39.5292],[-77.8369,39.5322],[-77.8419,39.5185],[-77.8637,39.515],[-77.8654,39.5384],[-77.8889,39.556],[-77.8785,39.5635],[-77.8363,39.5664],[-77.8298,39.5911],[-77.838,39.6061],[-77.8851,39.6158],[-77.881,39.6029],[-77.8885,39.5973],[-77.9233,39.6049],[-77.9419,39.6188],[-77.9364,39.5945],[-77.9462,39.5848],[-77.9576,39.6086],[-77.9767,39.5997],[-78.01,39.6029],[-78.036,39.6357],[-78.0775,39.6689],[-78.1714,39.6956],[-78.1911,39.6903],[-78.2029,39.6767],[-78.2316,39.6744],[-78.2236,39.6611],[-78.2541,39.6401],[-78.2668,39.6188],[-78.3339,39.6365],[-78.346,39.6492],[-78.34,39.6527],[-78.3635,39.6598]]]}},{"type":"Feature","properties":{"county_fips":"34033","county_name":"Salem","state":"NJ"},"geometry":{"type":"MultiPolygon","coordinates":[[[[-75.4125,39.3809],[-75.4094,39.3877],[-75.407,39.3811],[-75.4125,39.3809]]],[[[-75.5589,39.6288],[-75.5146,39.6686],[-75.5072,39.697],[-75.4886,39.7148],[-75.4776,39.715],[-75.4594,39.7658],[-75.4383,39.7844],[-75.4055,39.7964],[-75.4291,39.7838],[-75.4025,39.7826],[-75.3952,39.7726],[-75.406,39.7635],[-75.3899,39.7605],[-75.3947,39.7531],[-75.3768,39.7449],[-75.3766,39.7264],[-75.3361,39.7039],[-75.3268,39.6907],[-75.2533,39.679],[-75.2479,39.6652],[-75.2351,39.6617],[-75.2,39.667],[-75.0619,39.5687],[-75.0745,39.5446],[-75.0797,39.5014],[-75.0733,39.4851],[-75.081,39.46],[-75.2384,39.559],[-75.318,39.492],[-75.3423,39.4906],[-75.3681,39.4568],[-75.3998,39.4623],[-75.4139,39.4537],[-75.4092,39.4431],[-75.4166,39.4385],[-75.4096,39.4367],[-75.4188,39.4323],[-75.4083,39.4251],[-75.4194,39.4112],[-75.4051,39.4055],[-75.4075,39.396],[-75.4177,39.3952],[-75.4168,39.3874],[-75.4278,39.3878],[-75.4652,39.4389],[-75.4836,39.4408],[-75.5084,39.4591],[-75.5364,39.4606],[-75.5429,39.4704],[-75.5427,39.4966],[-75.5278,39.4981],[-75.5268,39.5314],[-75.534,39.5407],[-75.511,39.5681],[-75.5115,39.5772],[-75.5535,39.602],[-75.5589,39.6288]]]]}},{"type":"Feature","properties":{"county_fips":"34007","county_name":"Camden","state":"NJ"},"geometry":{"type":"Polygon","coordinates":[[[-75.1373,39.89],[-75.1279,39.9118],[-75.1361,39.9339],[-75.1301,39.9587],[-75.0756,39.978],[-75.0601,39.9915],[-75.0274,39.9936],[-75.0104,39.98],[-75.0199,39.9694],[-75.0151,39.9468],[-74.9757,39.9398],[-74.9839,39.9268],[-74.963,39.9203],[-74.9496,39.8983],[-74.9307,39.8859],[-74.903,39.7911],[-74.8949,39.7834],[-74.8194,39.788],[-74.7362,39.7298],[-74.8789,39.609],[-74.9026,39.6317],[-74.909,39.6654],[-74.9299,39.6903],[-74.9876,39.7067],[-75.0243,39.7306],[-75.0212,39.7448],[-75.0444,39.762],[-75.0545,39.7826],[-75.0634,39.786],[-75.0744,39.774],[-75.0871,39.7796],[-75.0819,39.7913],[-75.0708,39.7939],[-75.0886,39.8149],[-75.0833,39.8421],[-75.1044,39.8623],[-75.1188,39.8628],[-75.1373,39.89]]]}},{"type":"Feature","properties":{"county_fips":"34015","county_name":"Gloucester","state":"NJ"},"geometry":{"type":"Polygon","coordinates":[[[-75.4283,39.7844],[-75.4043,39.7956],[-75.4151,39.8019],[-75.3418,39.8461],[-75.2434,39.8546],[-75.1893,39.8807],[-75.1394,39.8884],[-75.1188,39.8628],[-75.1044,39.8623],[-75.0833,39.8421],[-75.0886,39.8149],[-75.0708,39.7939],[-75.0819,39.7913],[-75.0871,39.7796],[-75.0744,39.774],[-75.0634,39.786],[-75.0545,39.7826],[-75.0444,39.762],[-75.0212,39.7448],[-75.0243,39.7306],[-74.9876,39.7067],[-74.9299,39.6903],[-74.909,39.6654],[-74.9026,39.6317],[-74.8773,39.6084],[-74.9853,39.515],[-75.2,39.667],[-75.2351,39.6617],[-75.2479,39.6652],[-75.2533,39.679],[-75.3268,39.6907],[-75.3361,39.7039],[-75.3766,39.7264],[-75.3768,39.7449],[-75.3947,39.7531],[-75.3899,39.7605],[-75.406,39.7635],[-75.3952,39.7726],[-75.4025,39.7826],[-75.4283,39.7844]]]}},{"type":"Feature","properties":{"county_fips":"22107","county_name":"Tensas","state":"LA"},"geometry":{"type":"Polygon","coordinates":[[[-91.5787,31.8639],[-91.5692,31.8936],[-91.5114,31.93],[-91.5128,31.9541],[-91.5283,31.9608],[-91.5122,31.9754],[-91.5148,31.9854],[-91.4969,31.9924],[-91.4949,32.0031],[-91.5102,32.0213],[-91.4898,32.0924],[-91.5104,32.1006],[-91.5012,32.1058],[-91.5066,32.1429],[-91.4933,32.1561],[-91.4936,32.2032],[-91.3214,32.2029],[-91.2706,32.2312],[-91.2348,32.21],[-91.2026,32.2395],[-91.1338,32.2493],[-91.1212,32.2392],[-91.1214,32.213],[-91.1642,32.1969],[-91.1746,32.155],[-91.1655,32.1343],[-91.1113,32.125],[-91.0816,32.134],[-91.0308,32.1206],[-91.0347,32.1011],[-91.0815,32.0778],[-91.0802,32.0484],[-91.1037,32.0503],[-91.1393,32.0818],[-91.1603,32.0704],[-91.1613,32.0598],[-91.1514,32.0493],[-91.0881,32.0345],[-91.0759,32.0168],[-91.1041,31.9904],[-91.1644,31.9826],[-91.1848,31.9656],[-91.1932,31.9357],[-91.1847,31.9351],[-91.1806,31.918],[-91.2028,31.908],[-91.2349,31.8769],[-91.2677,31.8627],[-91.2681,31.8531],[-91.245,31.8314],[-91.2556,31.8127],[-91.2822,31.8148],[-91.2934,31.8602],[-91.3279,31.8548],[-91.3457,31.8429],[-91.3655,31.7616],[-91.2739,31.7712],[-91.2596,31.7613],[-91.2755,31.7455],[-91.365,31.7482],[-91.3802,31.7332],[-91.378,31.7476],[-91.4009,31.7538],[-91.5448,31.7517],[-91.5784,31.7982],[-91.5687,31.827],[-91.5703,31.8628],[-91.5787,31.8639]]]}},{"type":"Feature","properties":{"county_fips":"24025","county_name":"Harford","state":"MD"},"geometry":{"type":"MultiPolygon","coordinates":[[[[-76.0903,39.5338],[-76.0901,39.5366],[-76.0882,39.536],[-76.0903,39.5338]]],[[[-76.2723,39.2746],[-76.2664,39.2905],[-76.2604,39.2925],[-76.258,39.2878],[-76.2723,39.2746]]],[[[-76.5694,39.7212],[-76.2333,39.7213],[-76.2127,39.6864],[-76.1618,39.6496],[-76.1475,39.6194],[-76.0762,39.5436],[-76.0961,39.5369],[-76.1281,39.4867],[-76.1187,39.4812],[-76.1121,39.4862],[-76.0979,39.4752],[-76.072,39.475],[-76.0605,39.4483],[-76.0812,39.4367],[-76.0893,39.4451],[-76.1003,39.4432],[-76.1363,39.411],[-76.1621,39.4042],[-76.1801,39.3776],[-76.1867,39.3809],[-76.227,39.3499],[-76.2534,39.3667],[-76.2462,39.3703],[-76.2538,39.3772],[-76.2447,39.3836],[-76.2498,39.3889],[-76.2427,39.4075],[-76.2246,39.4257],[-76.2395,39.4386],[-76.231,39.4564],[-76.2415,39.4613],[-76.2536,39.4426],[-76.2474,39.435],[-76.251,39.4194],[-76.2691,39.4031],[-76.2651,39.3923],[-76.2722,39.3764],[-76.2869,39.369],[-76.2655,39.3592],[-76.2566,39.3389],[-76.2777,39.3221],[-76.2817,39.2997],[-76.2966,39.302],[-76.2896,39.3172],[-76.2988,39.3292],[-76.2944,39.3489],[-76.3225,39.3573],[-76.3059,39.3644],[-76.3071,39.3854],[-76.3534,39.3952],[-76.3588,39.3903],[-76.3803,39.4248],[-76.3789,39.4454],[-76.3867,39.4597],[-76.4331,39.4883],[-76.4322,39.5066],[-76.4593,39.5072],[-76.4946,39.5266],[-76.5085,39.5238],[-76.5322,39.544],[-76.5323,39.5616],[-76.5601,39.5961],[-76.5652,39.6145],[-76.5694,39.7212]]]]}},{"type":"Feature","properties":{"county_fips":"24047","county_name":"Worcester","state":"MD"},"geometry":{"type":"Polygon","coordinates":[[[-75.6606,38.0463],[-75.6543,38.0529],[-75.638,38.0448],[-75.6207,38.0564],[-75.6152,38.074],[-75.5816,38.0683],[-75.5695,38.0871],[-75.5409,38.0895],[-75.5461,38.098],[-75.5401,38.1083],[-75.5767,38.1404],[-75.5696,38.1536],[-75.5494,38.1632],[-75.5459,38.1787],[-75.6058,38.2491],[-75.6128,38.2786],[-75.3646,38.2904],[-75.3555,38.3145],[-75.3232,38.3319],[-75.307,38.3548],[-75.3297,38.3813],[-75.3171,38.4042],[-75.3413,38.452],[-75.0489,38.4513],[-75.0614,38.3895],[-75.0855,38.3243],[-75.1029,38.3115],[-75.1938,38.096],[-75.2425,38.027],[-75.6243,37.9942],[-75.6197,38.0071],[-75.6558,38.0298],[-75.6606,38.0463]]]}},{"type":"Feature","properties":{"county_fips":"28109","county_name":"Pearl River","state":"MS"},"geometry":{"type":"Polygon","coordinates":[[[-89.8523,30.6629],[-89.8379,30.6725],[-89.8472,30.67],[-89.8355,30.6912],[-89.8381,30.704],[-89.8466,30.7062],[-89.8281,30.725],[-89.8369,30.7347],[-89.8161,30.7394],[-89.8287,30.7395],[-89.8225,30.7546],[-89.8332,30.7533],[-89.8261,30.759],[-89.8324,30.7645],[-89.8304,30.7798],[-89.8201,30.7824],[-89.8176,30.7961],[-89.8051,30.7906],[-89.8115,30.798],[-89.7972,30.8118],[-89.7987,30.8209],[-89.7812,30.8201],[-89.7875,30.8226],[-89.7823,30.8326],[-89.7904,30.831],[-89.7925,30.8504],[-89.7806,30.8455],[-89.7834,30.856],[-89.7717,30.8547],[-89.7678,30.8656],[-89.7792,30.8752],[-89.77,30.8823],[-89.7731,30.8983],[-89.7587,30.8973],[-89.7642,30.9119],[-89.7444,30.9206],[-89.7528,30.9254],[-89.7489,30.9339],[-89.7563,30.9435],[-89.7271,30.9674],[-89.7371,30.9761],[-89.7277,30.9933],[-89.7355,30.9997],[-89.5519,31.0019],[-89.552,31.016],[-89.5013,31.016],[-89.5014,31.0015],[-89.4759,31.0014],[-89.476,30.9829],[-89.4253,30.9825],[-89.4248,31.0101],[-89.349,31.0104],[-89.349,31.001],[-89.3407,31.001],[-89.3414,30.6477],[-89.5442,30.6484],[-89.5445,30.5169],[-89.5959,30.5171],[-89.5957,30.5025],[-89.6471,30.5027],[-89.647,30.4589],[-89.6898,30.4593],[-89.7246,30.4919],[-89.7581,30.5054],[-89.7796,30.5443],[-89.8039,30.5493],[-89.792,30.5488],[-89.8039,30.5606],[-89.7913,30.5614],[-89.7869,30.5691],[-89.808,30.568],[-89.8151,30.5859],[-89.807,30.5871],[-89.8185,30.5927],[-89.814,30.5986],[-89.8223,30.6046],[-89.8139,30.6077],[-89.8232,30.6087],[-89.8214,30.6198],[-89.8308,30.6176],[-89.814,30.6382],[-89.8234,30.6399],[-89.8214,30.6465],[-89.8333,30.6575],[-89.8523,30.6629]]]}},{"type":"Feature","properties":{"county_fips":"22099","county_name":"St. Martin","state":"LA"},"geometry":{"type":"MultiPolygon","coordinates":[[[[-91.472,29.9563],[-91.2553,29.9716],[-91.2297,29.9327],[-91.232,29.9182],[-91.2071,29.8979],[-91.1986,29.8597],[-91.1845,29.8467],[-91.1318,29.837],[-91.0994,29.8147],[-91.0927,29.801],[-91.1002,29.772],[-91.0895,29.7555],[-91.0954,29.737],[-91.1066,29.7335],[-91.1,29.6994],[-91.1341,29.7241],[-91.1809,29.7285],[-91.2152,29.7512],[-91.3523,29.7666],[-91.3865,29.7837],[-91.3736,29.8344],[-91.4129,29.9042],[-91.472,29.948],[-91.472,29.9563]]],[[[-91.9887,30.3696],[-91.9803,30.4034],[-91.97,30.4102],[-91.9369,30.3947],[-91.8693,30.4172],[-91.8127,30.3943],[-91.6789,30.3947],[-91.6943,30.4017],[-91.7187,30.4489],[-91.7397,30.453],[-91.7562,30.4981],[-91.7013,30.4977],[-91.6925,30.4813],[-91.6748,30.4745],[-91.6401,30.4427],[-91.6248,30.3948],[-91.6278,30.3796],[-91.6481,30.3651],[-91.6255,30.3542],[-91.6211,30.3099],[-91.59,30.277],[-91.588,30.2571],[-91.5628,30.2419],[-91.5106,30.2407],[-91.4753,30.2292],[-91.4902,30.2019],[-91.472,30.1867],[-91.4725,30.1427],[-91.4613,30.1312],[-91.4712,30.1107],[-91.4639,30.1027],[-91.3888,30.1024],[-91.3718,30.0816],[-91.3688,30.0588],[-91.4882,30.0582],[-91.5077,30.0336],[-91.6002,30.033],[-91.6122,30.0677],[-91.6306,30.0719],[-91.6589,30.1082],[-91.6695,30.1129],[-91.6784,30.105],[-91.6995,30.1208],[-91.7266,30.1224],[-91.7653,30.1084],[-91.7687,30.0964],[-91.7605,30.0909],[-91.8013,30.0701],[-91.8182,30.0439],[-91.8756,30.0678],[-91.8958,30.0572],[-91.9071,30.0726],[-91.9512,30.0728],[-91.9341,30.1197],[-91.9055,30.1546],[-91.9213,30.1882],[-91.9547,30.1868],[-91.9629,30.1759],[-91.98,30.1825],[-91.9788,30.2088],[-91.9579,30.2119],[-91.9428,30.2366],[-91.9589,30.2372],[-91.9681,30.259],[-91.9769,30.2606],[-91.9489,30.2768],[-91.9662,30.3244],[-91.9529,30.3387],[-91.9538,30.36],[-91.9887,30.3696]]]]}},{"type":"Feature","properties":{"county_fips":"22063","county_name":"Livingston","state":"LA"},"geometry":{"type":"Polygon","coordinates":[[[-90.9915,30.462],[-90.9743,30.471],[-90.9787,30.4791],[-90.97,30.4956],[-90.9759,30.4983],[-90.9679,30.5044],[-90.9844,30.5306],[-90.973,30.5409],[-90.9713,30.5627],[-90.9879,30.5726],[-90.9854,30.5853],[-90.9711,30.5974],[-90.9638,30.5939],[-90.9592,30.6058],[-90.9351,30.6129],[-90.9322,30.6184],[-90.9398,30.6219],[-90.9107,30.6494],[-90.5671,30.65],[-90.5669,30.4871],[-90.5529,30.4757],[-90.5461,30.4303],[-90.5209,30.4158],[-90.515,30.3919],[-90.501,30.3842],[-90.5036,30.3628],[-90.4921,30.366],[-90.4893,30.3555],[-90.4791,30.3576],[-90.4745,30.3486],[-90.4847,30.3281],[-90.4858,30.277],[-90.5091,30.2301],[-90.547,30.1987],[-90.5778,30.1972],[-90.5995,30.2168],[-90.6138,30.2148],[-90.6476,30.2327],[-90.6604,30.2255],[-90.6623,30.2121],[-90.6777,30.2089],[-90.6733,30.198],[-90.6831,30.1827],[-90.6986,30.176],[-90.7047,30.1869],[-90.7195,30.19],[-90.7425,30.236],[-90.7667,30.2392],[-90.7872,30.257],[-90.7847,30.2803],[-90.7982,30.2847],[-90.8103,30.2755],[-90.8136,30.2924],[-90.8253,30.2937],[-90.8291,30.3175],[-90.8397,30.319],[-90.8366,30.3256],[-90.8491,30.3291],[-90.8585,30.3438],[-90.9006,30.3477],[-90.9054,30.361],[-90.937,30.3639],[-90.9315,30.3713],[-90.9437,30.3765],[-90.9466,30.3935],[-90.9683,30.3892],[-90.9721,30.4023],[-90.9579,30.4061],[-90.9642,30.4189],[-90.9824,30.4235],[-90.9724,30.4403],[-90.9813,30.4419],[-90.9869,30.4484],[-90.9812,30.4528],[-90.9915,30.462]]]}},{"type":"Feature","properties":{"county_fips":"22033","county_name":"East Baton Rouge","state":"LA"},"geometry":{"type":"Polygon","coordinates":[[[-91.3165,30.59],[-91.2935,30.6284],[-91.2977,30.6495],[-91.2894,30.678],[-91.2707,30.6809],[-91.2678,30.6946],[-91.2547,30.7049],[-90.8488,30.7195],[-90.8442,30.708],[-90.853,30.6957],[-90.8709,30.6933],[-90.9183,30.6381],[-90.935,30.6283],[-90.9406,30.6205],[-90.9335,30.6206],[-90.9351,30.6129],[-90.9592,30.6058],[-90.9638,30.5939],[-90.9774,30.5935],[-90.9879,30.5726],[-90.9713,30.5627],[-90.973,30.5409],[-90.9844,30.5306],[-90.9679,30.5044],[-90.9759,30.4983],[-90.97,30.4956],[-90.9787,30.4791],[-90.9743,30.471],[-90.9915,30.462],[-90.9812,30.4528],[-90.9869,30.4484],[-90.9813,30.4419],[-90.9724,30.4403],[-90.9824,30.4235],[-90.9642,30.4189],[-90.9579,30.4061],[-90.9694,30.4051],[-90.9723,30.3975],[-90.9674,30.3887],[-90.9466,30.3935],[-90.9437,30.3765],[-90.9315,30.3713],[-90.937,30.3639],[-90.9054,30.361],[-90.9081,30.356],[-90.8917,30.3452],[-90.9101,30.3397],[-90.9207,30.3457],[-90.9394,30.3403],[-90.987,30.3457],[-91.0142,30.3348],[-91.0324,30.3148],[-91.093,30.3206],[-91.1184,30.3125],[-91.1363,30.3151],[-91.1508,30.3374],[-91.162,30.3415],[-91.1945,30.347],[-91.2303,30.3411],[-91.2406,30.3628],[-91.2081,30.4037],[-91.1963,30.4347],[-91.1985,30.5131],[-91.2093,30.523],[-91.2627,30.5052],[-91.2815,30.5061],[-91.2828,30.5172],[-91.2461,30.5359],[-91.2431,30.5531],[-91.265,30.5722],[-91.3105,30.5747],[-91.3165,30.59]]]}},{"type":"Feature","properties":{"county_fips":"22021","county_name":"Caldwell","state":"LA"},"geometry":{"type":"Polygon","coordinates":[[[-92.3125,31.9277],[-92.3122,32.2773],[-92.1648,32.2767],[-92.1526,32.2588],[-92.1063,32.2587],[-92.1065,32.2769],[-91.9934,32.2768],[-91.9921,32.2638],[-92.0014,32.2568],[-91.9862,32.2508],[-92.0075,32.2311],[-91.9912,32.2255],[-92.0001,32.2117],[-91.9831,32.2243],[-91.978,32.2162],[-92.0064,32.2016],[-92.0081,32.1916],[-91.9753,32.2043],[-91.9727,32.1986],[-91.9837,32.1918],[-91.9761,32.1792],[-91.9806,32.1666],[-91.9425,32.1755],[-91.9328,32.1652],[-91.9106,32.1691],[-91.8929,32.1628],[-91.9005,32.1531],[-91.8947,32.1516],[-91.8975,32.142],[-91.8831,32.1323],[-91.8852,32.1198],[-91.8741,32.126],[-91.8695,32.1154],[-91.8758,32.1059],[-91.8676,32.0996],[-91.8751,32.0883],[-91.8975,32.0861],[-91.9014,32.075],[-91.9025,32.083],[-91.9134,32.085],[-91.9332,32.0664],[-91.9221,32.0663],[-91.9164,32.0571],[-91.9088,32.0611],[-91.9132,32.0533],[-91.8982,32.0396],[-91.9038,32.0396],[-91.9028,32.0254],[-91.8944,32.0106],[-91.9021,31.9958],[-91.8898,31.9717],[-91.9045,31.9714],[-91.9036,31.9275],[-92.3125,31.9277]]]}},{"type":"Feature","properties":{"county_fips":"28049","county_name":"Hinds","state":"MS"},"geometry":{"type":"Polygon","coordinates":[[[-90.7183,32.0484],[-90.7269,32.2415],[-90.7136,32.2524],[-90.7282,32.2592],[-90.7142,32.2632],[-90.7195,32.2773],[-90.6959,32.2977],[-90.7078,32.3167],[-90.6993,32.3311],[-90.7074,32.339],[-90.7047,32.3473],[-90.6929,32.3543],[-90.628,32.3395],[-90.6362,32.3745],[-90.6227,32.3834],[-90.5994,32.4363],[-90.5858,32.4451],[-90.5978,32.4503],[-90.6041,32.4813],[-90.5868,32.4874],[-90.5891,32.4953],[-90.5823,32.494],[-90.5787,32.5037],[-90.5701,32.4996],[-90.5707,32.5063],[-90.5302,32.5109],[-90.5222,32.5031],[-90.5235,32.5193],[-90.499,32.5239],[-90.4841,32.543],[-90.4651,32.5477],[-90.45,32.5738],[-90.4499,32.4884],[-90.2436,32.4875],[-90.2438,32.4001],[-90.0657,32.3995],[-90.0739,32.3887],[-90.0815,32.3953],[-90.0874,32.3847],[-90.0952,32.3891],[-90.1062,32.3555],[-90.114,32.3605],[-90.1101,32.3444],[-90.1397,32.3221],[-90.1522,32.3237],[-90.1506,32.3117],[-90.1627,32.3062],[-90.1514,32.291],[-90.1571,32.2938],[-90.1656,32.2839],[-90.1777,32.2903],[-90.1843,32.2619],[-90.2053,32.2519],[-90.1993,32.2409],[-90.2085,32.2352],[-90.1905,32.2267],[-90.1854,32.2186],[-90.1905,32.2036],[-90.1817,32.2016],[-90.1966,32.1956],[-90.1963,32.1852],[-90.2057,32.191],[-90.2126,32.18],[-90.2435,32.1767],[-90.2419,32.1551],[-90.2548,32.1512],[-90.2436,32.1512],[-90.2475,32.1352],[-90.241,32.1217],[-90.2512,32.1124],[-90.2367,32.1002],[-90.2466,32.1003],[-90.2466,32.0931],[-90.2268,32.0943],[-90.2358,32.0904],[-90.2267,32.0798],[-90.2363,32.0647],[-90.2303,32.0497],[-90.7183,32.0484]]]}},{"type":"Feature","properties":{"county_fips":"28007","county_name":"Attala","state":"MS"},"geometry":{"type":"Polygon","coordinates":[[[-89.9656,32.8814],[-89.9575,32.8917],[-89.934,32.8961],[-89.938,32.9043],[-89.9178,32.9116],[-89.9182,32.9229],[-89.8964,32.9326],[-89.8991,32.9439],[-89.8882,32.959],[-89.8942,32.9648],[-89.8837,32.974],[-89.8883,32.9806],[-89.8777,32.993],[-89.8815,32.9989],[-89.8364,33.04],[-89.8416,33.0583],[-89.8227,33.066],[-89.8287,33.0819],[-89.819,33.0992],[-89.8233,33.1127],[-89.806,33.1129],[-89.796,33.1244],[-89.7958,33.1568],[-89.7742,33.1761],[-89.7787,33.1915],[-89.755,33.1987],[-89.7453,33.2282],[-89.7225,33.2592],[-89.7094,33.2635],[-89.7015,33.2855],[-89.3164,33.2856],[-89.3192,32.9317],[-89.7302,32.9299],[-89.73,32.8851],[-89.9656,32.8814]]]}},{"type":"Feature","properties":{"county_fips":"28029","county_name":"Copiah","state":"MS"},"geometry":{"type":"Polygon","coordinates":[[[-90.7368,31.6985],[-90.733,31.83],[-90.7168,31.8446],[-90.7183,32.0484],[-90.2303,32.0497],[-90.2478,32.0307],[-90.2436,32.0226],[-90.2336,32.0243],[-90.2396,32.0206],[-90.2343,32.0172],[-90.2133,32.0243],[-90.2328,32.0089],[-90.2224,31.9885],[-90.2061,31.988],[-90.1981,31.9579],[-90.1875,31.952],[-90.1983,31.9419],[-90.183,31.9374],[-90.1787,31.9427],[-90.1716,31.9349],[-90.1703,31.9045],[-90.1441,31.8911],[-90.132,31.8583],[-90.1389,31.8481],[-90.1589,31.8455],[-90.1446,31.8299],[-90.1273,31.8256],[-90.1369,31.826],[-90.1507,31.7999],[-90.1408,31.7894],[-90.1125,31.7913],[-90.1075,31.7777],[-90.1141,31.7682],[-90.1232,31.775],[-90.1281,31.7697],[-90.1231,31.752],[-90.1313,31.756],[-90.1841,31.7315],[-90.2299,31.7237],[-90.259,31.7039],[-90.3801,31.7002],[-90.3794,31.6852],[-90.4136,31.6853],[-90.4142,31.7005],[-90.7368,31.6985]]]}},{"type":"Feature","properties":{"county_fips":"01097","county_name":"Mobile","state":"AL"},"geometry":{"type":"MultiPolygon","coordinates":[[[[-88.0534,30.507],[-88.0387,30.5204],[-88.0292,30.5196],[-88.0243,30.4908],[-88.0534,30.507]]],[[[-88.2254,30.3199],[-88.2207,30.3221],[-88.2196,30.3214],[-88.2254,30.3199]]],[[[-88.2562,30.3251],[-88.2577,30.3409],[-88.2595,30.3668],[-88.2562,30.3251]]],[[[-88.3273,30.2299],[-88.2015,30.2512],[-88.1411,30.255],[-88.1177,30.2791],[-88.0749,30.2491],[-88.1094,30.2433],[-88.1998,30.2478],[-88.3273,30.2299]]],[[[-88.432,31.1143],[-88.3299,31.1144],[-88.3298,31.1438],[-88.0226,31.1443],[-87.9888,31.1733],[-87.9735,31.1643],[-87.9663,31.1483],[-87.9401,31.1472],[-87.9466,31.1217],[-87.9769,31.0853],[-87.9638,31.0683],[-87.9416,31.0613],[-87.9412,31.0482],[-87.9578,31.0328],[-87.9502,31.0196],[-87.9648,31.0078],[-87.9566,30.9898],[-87.9649,30.9668],[-87.9459,30.9641],[-87.9239,30.9363],[-87.9523,30.9249],[-87.9588,30.904],[-87.9864,30.8752],[-87.981,30.8619],[-87.9505,30.845],[-87.9445,30.827],[-87.9871,30.8114],[-87.9924,30.7913],[-88.0222,30.7745],[-88.0263,30.7515],[-88.0142,30.7379],[-88.0149,30.723],[-88.001,30.6983],[-88.024,30.66],[-88.0384,30.6479],[-88.0619,30.6436],[-88.054,30.6125],[-88.0649,30.5883],[-88.0856,30.5699],[-88.0828,30.5287],[-88.1038,30.5009],[-88.0969,30.4711],[-88.1064,30.4527],[-88.1073,30.3772],[-88.139,30.3128],[-88.1463,30.331],[-88.1957,30.3212],[-88.1984,30.3388],[-88.1885,30.3451],[-88.1871,30.3627],[-88.2092,30.36],[-88.2245,30.3713],[-88.2881,30.3873],[-88.2999,30.3856],[-88.3115,30.3702],[-88.3151,30.3916],[-88.338,30.4048],[-88.3574,30.4066],[-88.364,30.388],[-88.395,30.3694],[-88.432,31.1143]]]]}},{"type":"Feature","properties":{"county_fips":"22105","county_name":"Tangipahoa","state":"LA"},"geometry":{"type":"Polygon","coordinates":[[[-90.5669,30.4871],[-90.5672,30.9997],[-90.3473,31.0004],[-90.3468,30.9056],[-90.33,30.9022],[-90.33,30.8912],[-90.317,30.8912],[-90.3141,30.8641],[-90.2989,30.8476],[-90.2902,30.8221],[-90.2933,30.8065],[-90.2628,30.7659],[-90.267,30.7518],[-90.2535,30.7355],[-90.2532,30.6643],[-90.2434,30.6448],[-90.2513,30.6233],[-90.2432,30.596],[-90.2494,30.5876],[-90.2436,30.3616],[-90.1921,30.3108],[-90.1606,30.2343],[-90.3205,30.299],[-90.3503,30.2968],[-90.3737,30.2834],[-90.4858,30.277],[-90.4847,30.3281],[-90.4745,30.3486],[-90.4791,30.3576],[-90.4893,30.3555],[-90.4921,30.366],[-90.5036,30.3628],[-90.501,30.3842],[-90.515,30.3919],[-90.5209,30.4158],[-90.5461,30.4303],[-90.5529,30.4757],[-90.5669,30.4871]]]}},{"type":"Feature","properties":{"county_fips":"34011","county_name":"Cumberland","state":"NJ"},"geometry":{"type":"Polygon","coordinates":[[[-75.4196,39.4133],[-75.4083,39.4251],[-75.4188,39.4323],[-75.4096,39.4367],[-75.4166,39.4385],[-75.4077,39.4588],[-75.3681,39.4568],[-75.3423,39.4906],[-75.318,39.492],[-75.2384,39.559],[-75.0835,39.4575],[-75.0733,39.4851],[-75.0797,39.5014],[-75.0745,39.5446],[-75.0619,39.5687],[-74.857,39.425],[-74.852,39.3766],[-74.8649,39.3385],[-74.8613,39.3238],[-74.8821,39.3084],[-74.8964,39.2351],[-74.9258,39.2188],[-74.9259,39.1968],[-74.9122,39.1786],[-74.9632,39.192],[-75.0289,39.1946],[-75.0213,39.2187],[-75.0298,39.2255],[-75.0485,39.2152],[-75.0941,39.2121],[-75.1074,39.2184],[-75.1297,39.2004],[-75.1278,39.1904],[-75.1369,39.1821],[-75.1674,39.2033],[-75.163,39.2143],[-75.1719,39.2378],[-75.2059,39.2626],[-75.2416,39.2741],[-75.2378,39.284],[-75.2517,39.3003],[-75.283,39.3055],[-75.2883,39.2916],[-75.3152,39.3106],[-75.3337,39.3453],[-75.3501,39.3499],[-75.3603,39.3399],[-75.3902,39.3588],[-75.3982,39.379],[-75.4168,39.3874],[-75.4177,39.3952],[-75.4075,39.396],[-75.4051,39.4055],[-75.4196,39.4133]]]}},{"type":"Feature","properties":{"county_fips":"42099","county_name":"Perry","state":"PA"},"geometry":{"type":"Polygon","coordinates":[[[-77.6692,40.2927],[-77.5994,40.3481],[-77.5323,40.376],[-77.5401,40.3992],[-77.5171,40.4116],[-77.2896,40.5185],[-77.1676,40.5595],[-77.1829,40.5821],[-77.0233,40.6043],[-76.9491,40.6282],[-76.9574,40.5947],[-76.993,40.564],[-76.9805,40.5383],[-76.9844,40.5146],[-76.953,40.4906],[-76.9496,40.4686],[-77.0032,40.4268],[-77.0163,40.4252],[-77.0119,40.4054],[-77.0292,40.3869],[-77.0208,40.3662],[-77.0082,40.3584],[-76.9336,40.356],[-76.915,40.3285],[-76.9769,40.3099],[-77.2392,40.2841],[-77.3122,40.2677],[-77.3305,40.2756],[-77.3232,40.2925],[-77.3286,40.2923],[-77.3851,40.2627],[-77.4215,40.2558],[-77.4029,40.2801],[-77.3612,40.3052],[-77.3576,40.3125],[-77.366,40.3136],[-77.4195,40.2908],[-77.5369,40.2191],[-77.5581,40.2186],[-77.6054,40.1854],[-77.6147,40.1985],[-77.6048,40.206],[-77.6027,40.2282],[-77.613,40.2332],[-77.6399,40.2177],[-77.6476,40.2225],[-77.6457,40.256],[-77.6677,40.252],[-77.6712,40.2576],[-77.6564,40.2704],[-77.6692,40.2927]]]}},{"type":"Feature","properties":{"county_fips":"28137","county_name":"Tate","state":"MS"},"geometry":{"type":"Polygon","coordinates":[[[-90.2439,34.6022],[-90.2366,34.6076],[-90.24,34.6262],[-90.2163,34.6469],[-90.2146,34.6578],[-90.2252,34.6616],[-90.2185,34.6644],[-90.2258,34.6748],[-90.2202,34.6889],[-90.2314,34.702],[-90.2133,34.7226],[-90.1965,34.7207],[-90.1838,34.7335],[-90.1889,34.7379],[-90.1746,34.7435],[-90.1715,34.759],[-90.1289,34.7605],[-90.107,34.7333],[-90.0906,34.7358],[-90.0729,34.721],[-90.0606,34.7282],[-90.0542,34.7126],[-90.0301,34.7079],[-89.9827,34.7203],[-89.9818,34.7262],[-89.9541,34.7269],[-89.9557,34.7374],[-89.9155,34.7582],[-89.9122,34.7725],[-89.7234,34.7723],[-89.7223,34.6855],[-89.6692,34.6856],[-89.6684,34.5544],[-90.2049,34.5544],[-90.2189,34.5609],[-90.2108,34.5636],[-90.2111,34.5731],[-90.2399,34.5932],[-90.2363,34.605],[-90.2439,34.6022]]]}},{"type":"Feature","properties":{"county_fips":"28161","county_name":"Yalobusha","state":"MS"},"geometry":{"type":"Polygon","coordinates":[[[-89.9315,34.1643],[-89.7214,34.1635],[-89.7211,34.1925],[-89.5094,34.191],[-89.5074,33.8675],[-89.769,33.8673],[-89.7693,33.8971],[-89.9261,33.898],[-89.9255,34.1406],[-89.9317,34.1443],[-89.9315,34.1643]]]}},{"type":"Feature","properties":{"county_fips":"22047","county_name":"Iberville","state":"LA"},"geometry":{"type":"Polygon","coordinates":[[[-91.7013,30.4977],[-91.5834,30.497],[-91.5835,30.4826],[-91.5563,30.4829],[-91.5578,30.4885],[-91.5265,30.4972],[-91.4852,30.4973],[-91.4125,30.4324],[-91.3945,30.4086],[-91.3946,30.3948],[-91.3636,30.3842],[-91.3372,30.3534],[-91.3197,30.3447],[-91.3113,30.3225],[-91.1421,30.3233],[-91.1328,30.3135],[-91.1184,30.3125],[-91.093,30.3206],[-91.0368,30.3147],[-91.021,30.3215],[-91.0736,30.1609],[-91.0902,30.1537],[-91.0898,30.1087],[-91.1066,30.1085],[-91.106,30.0627],[-91.2242,30.0256],[-91.2254,30.0423],[-91.2419,30.0295],[-91.2691,30.0593],[-91.3535,30.0609],[-91.3667,30.0547],[-91.3718,30.0816],[-91.3888,30.1024],[-91.4639,30.1027],[-91.4721,30.1142],[-91.4613,30.1312],[-91.4725,30.1427],[-91.472,30.1867],[-91.4902,30.2019],[-91.4753,30.2292],[-91.5106,30.2407],[-91.5628,30.2419],[-91.588,30.2571],[-91.59,30.277],[-91.6211,30.3099],[-91.6255,30.3542],[-91.6481,30.3651],[-91.6278,30.3796],[-91.6248,30.3948],[-91.6401,30.4427],[-91.6748,30.4745],[-91.6925,30.4813],[-91.7013,30.4977]]]}},{"type":"Feature","properties":{"county_fips":"28119","county_name":"Quitman","state":"MS"},"geometry":{"type":"Polygon","coordinates":[[[-90.451,34.0729],[-90.4506,34.2624],[-90.399,34.2615],[-90.3995,34.4238],[-90.3019,34.4245],[-90.3043,34.5096],[-90.1985,34.5111],[-90.1941,34.3014],[-90.1345,34.2656],[-90.1357,34.0729],[-90.451,34.0729]]]}},{"type":"Feature","properties":{"county_fips":"01119","county_name":"Sumter","state":"AL"},"geometry":{"type":"Polygon","coordinates":[[[-88.4215,32.3087],[-88.3404,32.9912],[-88.1719,32.9959],[-88.1687,32.9733],[-88.1581,32.9609],[-88.1669,32.954],[-88.1853,32.9619],[-88.1872,32.952],[-88.1723,32.9429],[-88.1732,32.9352],[-88.1983,32.9356],[-88.2075,32.9241],[-88.1898,32.9107],[-88.18,32.8717],[-88.1548,32.8558],[-88.1671,32.8376],[-88.1818,32.8341],[-88.152,32.8239],[-88.1351,32.8338],[-88.1037,32.7969],[-88.074,32.8052],[-88.064,32.7907],[-88.0778,32.7733],[-88.1002,32.7802],[-88.1096,32.771],[-88.1014,32.7393],[-88.0815,32.7206],[-88.0879,32.7074],[-88.1168,32.6985],[-88.0933,32.6838],[-88.0526,32.6973],[-88.0407,32.6896],[-88.058,32.6744],[-88.0562,32.6441],[-88.079,32.6386],[-88.0792,32.6197],[-88.0537,32.5931],[-87.9802,32.6097],[-87.9287,32.6323],[-87.9048,32.6146],[-87.8598,32.6212],[-87.8409,32.6058],[-87.8554,32.5901],[-87.8638,32.5957],[-87.8621,32.6065],[-87.875,32.6097],[-87.8969,32.6014],[-87.8984,32.5923],[-87.875,32.5718],[-87.8738,32.5443],[-87.8421,32.5216],[-87.8556,32.5151],[-87.9091,32.5209],[-87.9451,32.4913],[-87.9625,32.4657],[-87.9946,32.4552],[-88.0384,32.425],[-88.0456,32.3751],[-88.0195,32.3705],[-87.9852,32.3433],[-87.9709,32.3443],[-87.9307,32.3106],[-88.4215,32.3087]]]}},{"type":"Feature","properties":{"county_fips":"22005","county_name":"Ascension","state":"LA"},"geometry":{"type":"Polygon","coordinates":[[[-91.1066,30.1085],[-91.0898,30.1087],[-91.0902,30.1537],[-91.0736,30.1609],[-91.021,30.3215],[-91.0142,30.3348],[-90.987,30.3457],[-90.8585,30.3438],[-90.8491,30.3291],[-90.8366,30.3256],[-90.8397,30.319],[-90.8291,30.3175],[-90.8253,30.2937],[-90.8136,30.2924],[-90.8103,30.2755],[-90.7982,30.2847],[-90.7847,30.2803],[-90.7872,30.257],[-90.7667,30.2392],[-90.7425,30.236],[-90.7195,30.19],[-90.7047,30.1869],[-90.6986,30.176],[-90.6831,30.1827],[-90.6733,30.198],[-90.679,30.2067],[-90.6703,30.2149],[-90.6623,30.2121],[-90.6588,30.2268],[-90.6476,30.2327],[-90.6319,30.2212],[-90.6421,30.1664],[-90.9156,30.1133],[-90.9356,30.0856],[-90.9659,30.0653],[-90.9847,30.0651],[-91.0057,30.0791],[-91.0558,30.0706],[-91.0747,30.0817],[-91.0893,30.0768],[-91.0891,30.0628],[-91.106,30.0627],[-91.1066,30.1085]]]}},{"type":"Feature","properties":{"county_fips":"28149","county_name":"Warren","state":"MS"},"geometry":{"type":"Polygon","coordinates":[[[-91.1737,32.1642],[-91.158,32.202],[-91.1336,32.2134],[-91.113,32.2066],[-91.0837,32.2264],[-91.0614,32.2186],[-91.0503,32.2379],[-91.039,32.2423],[-91.0029,32.2231],[-91.0025,32.1959],[-90.9952,32.1921],[-90.9838,32.2106],[-90.9803,32.2436],[-90.9694,32.2525],[-90.983,32.2703],[-90.9795,32.2937],[-90.9641,32.2969],[-90.9478,32.2835],[-90.9222,32.2986],[-90.9026,32.3196],[-90.8756,32.3724],[-90.8921,32.3706],[-90.9124,32.3395],[-91.0001,32.3577],[-91.0045,32.3681],[-90.9941,32.4039],[-90.9678,32.4183],[-90.9669,32.4355],[-90.9939,32.4509],[-91.0296,32.4335],[-91.0953,32.4587],[-91.1121,32.4761],[-91.1173,32.495],[-91.0937,32.5491],[-91.0458,32.4955],[-90.9992,32.4826],[-90.9876,32.4924],[-90.9949,32.5086],[-91.0617,32.5364],[-91.0804,32.5564],[-91.0435,32.5763],[-90.964,32.5756],[-90.9634,32.4112],[-90.9512,32.4444],[-90.9398,32.4521],[-90.9188,32.4441],[-90.8947,32.4486],[-90.8815,32.4408],[-90.8709,32.4516],[-90.8614,32.4428],[-90.8606,32.5752],[-90.7628,32.5774],[-90.7298,32.5657],[-90.7256,32.5758],[-90.7317,32.5873],[-90.7227,32.5921],[-90.7201,32.6189],[-90.6899,32.6187],[-90.6902,32.5894],[-90.6555,32.5898],[-90.6542,32.546],[-90.588,32.5461],[-90.5879,32.5318],[-90.5539,32.5319],[-90.5555,32.505],[-90.5787,32.5037],[-90.5823,32.494],[-90.5891,32.4953],[-90.5868,32.4874],[-90.6041,32.4813],[-90.5978,32.4503],[-90.5858,32.4451],[-90.5994,32.4363],[-90.6227,32.3834],[-90.6362,32.3745],[-90.628,32.3395],[-90.6929,32.3543],[-90.7047,32.3473],[-90.7074,32.339],[-90.6993,32.3311],[-90.7078,32.3167],[-90.6959,32.2977],[-90.7195,32.2773],[-90.7142,32.2632],[-90.7282,32.2592],[-90.7136,32.2524],[-90.7395,32.2155],[-90.7319,32.215],[-90.7385,32.2056],[-90.7533,32.2075],[-90.7505,32.1958],[-90.7772,32.1936],[-90.791,32.1769],[-90.7668,32.163],[-90.7697,32.1553],[-90.7929,32.1516],[-90.7983,32.1428],[-90.8112,32.1555],[-90.8094,32.1476],[-90.8207,32.1371],[-90.8297,32.1449],[-90.8261,32.1563],[-90.8438,32.159],[-90.8581,32.142],[-90.8438,32.1386],[-90.8461,32.1282],[-90.8705,32.12],[-90.8751,32.1276],[-90.8823,32.1215],[-90.879,32.1144],[-90.9069,32.1323],[-90.9127,32.1185],[-90.9217,32.1178],[-90.9169,32.1021],[-90.9254,32.0997],[-90.9145,32.0977],[-90.9207,32.0874],[-90.9139,32.0838],[-90.9384,32.0853],[-90.9439,32.0783],[-90.9434,32.0891],[-90.9525,32.0902],[-90.951,32.0816],[-90.9577,32.0903],[-90.966,32.0879],[-90.9612,32.1052],[-90.9703,32.0946],[-90.9903,32.097],[-91.0307,32.1143],[-91.0064,32.14],[-91.0029,32.1621],[-91.025,32.1626],[-91.0583,32.181],[-91.0485,32.1502],[-91.0532,32.1242],[-91.0816,32.134],[-91.1113,32.125],[-91.1628,32.1327],[-91.1737,32.1642]]]}},{"type":"Feature","properties":{"county_fips":"22055","county_name":"Lafayette","state":"LA"},"geometry":{"type":"Polygon","coordinates":[[[-92.2847,30.1474],[-92.2753,30.1461],[-92.251,30.1707],[-92.2479,30.211],[-92.2146,30.2222],[-92.2102,30.2419],[-92.1761,30.2411],[-92.1763,30.2702],[-92.1593,30.27],[-92.1595,30.2846],[-92.1422,30.2846],[-92.1422,30.2988],[-92.0892,30.3305],[-92.0771,30.3652],[-92.0491,30.3816],[-92.027,30.3599],[-92.0148,30.3717],[-91.9538,30.36],[-91.9529,30.3387],[-91.9662,30.3244],[-91.9489,30.2768],[-91.9769,30.2606],[-91.9681,30.259],[-91.9637,30.2407],[-91.9428,30.2366],[-91.9429,30.2301],[-91.9579,30.2119],[-91.9788,30.2088],[-91.98,30.1825],[-91.9629,30.1759],[-91.9547,30.1868],[-91.9213,30.1882],[-91.9055,30.1546],[-91.9341,30.1197],[-91.9646,30.037],[-92.0662,30.0739],[-92.0892,30.1129],[-92.0875,30.1277],[-92.1281,30.1159],[-92.2029,30.1427],[-92.2271,30.1369],[-92.2847,30.1474]]]}},{"type":"Feature","properties":{"county_fips":"22101","county_name":"St. Mary","state":"LA"},"geometry":{"type":"Polygon","coordinates":[[[-91.881,29.7133],[-91.7113,29.8461],[-91.6243,29.9455],[-91.472,29.9563],[-91.472,29.948],[-91.4129,29.9042],[-91.3736,29.8344],[-91.3865,29.7837],[-91.3523,29.7666],[-91.2152,29.7512],[-91.1809,29.7285],[-91.1341,29.7241],[-91.0953,29.6963],[-91.1052,29.643],[-91.0826,29.6268],[-91.1172,29.6175],[-91.1216,29.608],[-91.1394,29.6089],[-91.1614,29.593],[-91.1729,29.5974],[-91.177,29.6096],[-91.2009,29.5987],[-91.2252,29.5763],[-91.2272,29.5579],[-91.2684,29.5402],[-91.2723,29.5295],[-91.265,29.5108],[-91.2734,29.4792],[-91.2935,29.4778],[-91.3494,29.4961],[-91.3441,29.5028],[-91.3521,29.5138],[-91.3874,29.5201],[-91.3892,29.5134],[-91.4147,29.5137],[-91.4245,29.5186],[-91.4273,29.5398],[-91.4343,29.5434],[-91.4656,29.5452],[-91.5414,29.5263],[-91.5255,29.5519],[-91.5374,29.5659],[-91.5356,29.5848],[-91.5546,29.6358],[-91.5781,29.6396],[-91.6261,29.6288],[-91.6475,29.6355],[-91.6266,29.6556],[-91.623,29.671],[-91.6168,29.7197],[-91.6279,29.7411],[-91.6729,29.7462],[-91.7138,29.7371],[-91.7371,29.7503],[-91.7529,29.7498],[-91.8583,29.7061],[-91.881,29.7133]]]}},{"type":"Feature","properties":{"county_fips":"22037","county_name":"East Feliciana","state":"LA"},"geometry":{"type":"Polygon","coordinates":[[[-91.3202,30.7001],[-91.3125,30.6985],[-91.3112,30.7078],[-91.2919,30.7166],[-91.2964,30.7265],[-91.2861,30.7345],[-91.2801,30.7565],[-91.2676,30.7573],[-91.2498,30.7859],[-91.2355,30.7924],[-91.2436,30.8035],[-91.2306,30.8106],[-91.2292,30.8543],[-91.2196,30.8645],[-91.2255,30.8699],[-91.2182,30.892],[-91.2066,30.893],[-91.2078,30.9183],[-91.1867,30.9375],[-91.1947,30.9455],[-91.1952,30.9625],[-91.1826,30.9736],[-91.1761,30.9991],[-90.8258,30.9994],[-90.8426,30.9871],[-90.8456,30.9604],[-90.863,30.942],[-90.8518,30.9121],[-90.8545,30.8974],[-90.8454,30.8886],[-90.8614,30.8707],[-90.8532,30.866],[-90.8583,30.8589],[-90.841,30.8469],[-90.8496,30.8305],[-90.8344,30.8148],[-90.8415,30.8085],[-90.8372,30.7964],[-90.8447,30.7929],[-90.8419,30.7655],[-90.8504,30.7543],[-90.8398,30.7194],[-91.2547,30.7049],[-91.2678,30.6946],[-91.2707,30.6809],[-91.2894,30.678],[-91.2977,30.6495],[-91.3094,30.652],[-91.3052,30.6734],[-91.3202,30.7001]]]}},{"type":"Feature","properties":{"county_fips":"36103","county_name":"Suffolk","state":"NY"},"geometry":{"type":"MultiPolygon","coordinates":[[[[-72.0377,41.2513],[-72.0294,41.2631],[-72.0213,41.2624],[-72.0231,41.2748],[-72.0079,41.2709],[-72.013,41.2643],[-72.0069,41.2623],[-71.9911,41.2813],[-71.9423,41.2827],[-71.9394,41.2913],[-71.9226,41.2923],[-72.0025,41.2529],[-72.0377,41.2513]]],[[[-72.1429,41.0978],[-72.1284,41.1081],[-72.126,41.1212],[-72.1145,41.1105],[-72.0779,41.0999],[-72.0859,41.0904],[-72.087,41.059],[-72.0972,41.0549],[-72.0971,41.0758],[-72.1064,41.0889],[-72.1429,41.0978]]],[[[-72.2114,41.1766],[-72.1891,41.1883],[-72.1618,41.1903],[-72.1841,41.185],[-72.1973,41.1655],[-72.2114,41.1766]]],[[[-73.4969,40.9257],[-73.4854,40.9464],[-73.438,40.9347],[-73.4302,40.9287],[-73.434,40.909],[-73.3967,40.9089],[-73.3801,40.9002],[-73.3739,40.9129],[-73.3576,40.893],[-73.3517,40.9227],[-73.3703,40.9303],[-73.3895,40.9236],[-73.4035,40.9313],[-73.4021,40.9544],[-73.3929,40.9553],[-73.366,40.9317],[-73.3449,40.9244],[-73.3314,40.9296],[-73.2951,40.9245],[-73.2284,40.906],[-73.1471,40.9287],[-73.1447,40.9558],[-73.1581,40.9675],[-73.1388,40.9664],[-73.1184,40.9773],[-73.0438,40.9621],[-72.9138,40.9625],[-72.8331,40.9701],[-72.7741,40.9653],[-72.6356,40.982],[-72.5853,40.9976],[-72.518,41.0401],[-72.4773,41.0522],[-72.4452,41.0861],[-72.397,41.0963],[-72.3541,41.14],[-72.3216,41.1387],[-72.2788,41.1587],[-72.2339,41.1589],[-72.2547,41.134],[-72.2941,41.1141],[-72.2845,41.1263],[-72.3128,41.1403],[-72.3392,41.115],[-72.3172,41.0887],[-72.2774,41.0787],[-72.2831,41.0679],[-72.274,41.0524],[-72.2809,41.0477],[-72.2759,41.0366],[-72.2294,41.0444],[-72.1906,41.0326],[-72.1604,41.0538],[-72.1373,41.0397],[-72.1374,41.0239],[-72.1022,40.9915],[-72.083,40.9965],[-72.0801,41.0061],[-72.0546,41.0218],[-72.0169,41.0235],[-71.9926,41.0471],[-71.9635,41.0425],[-71.9552,41.0731],[-71.9043,41.086],[-71.8955,41.0774],[-71.8565,41.071],[-71.8747,41.052],[-71.9026,41.0411],[-71.9588,41.0267],[-72.4741,40.8408],[-72.7682,40.7616],[-73.055,40.6664],[-73.2623,40.622],[-73.3064,40.6208],[-73.3263,40.6331],[-73.3418,40.6327],[-73.424,40.6096],[-73.4235,40.6714],[-73.4554,40.8426],[-73.4753,40.8975],[-73.4969,40.9257]]]]}},{"type":"Feature","properties":{"county_fips":"34013","county_name":"Essex","state":"NJ"},"geometry":{"type":"Polygon","coordinates":[[[-74.3773,40.7612],[-74.37,40.7666],[-74.364,40.7993],[-74.3322,40.8217],[-74.3255,40.8437],[-74.3303,40.8489],[-74.3176,40.8635],[-74.3375,40.8678],[-74.3343,40.9055],[-74.2924,40.9058],[-74.2818,40.9008],[-74.2843,40.8948],[-74.2715,40.8971],[-74.259,40.8834],[-74.197,40.8595],[-74.13,40.8199],[-74.166,40.7451],[-74.1553,40.7335],[-74.1176,40.7396],[-74.1207,40.7045],[-74.1437,40.6795],[-74.165,40.6902],[-74.2018,40.6868],[-74.2219,40.7073],[-74.2852,40.7222],[-74.304,40.7133],[-74.3256,40.7171],[-74.3717,40.7396],[-74.3577,40.755],[-74.3773,40.7612]]]}},{"type":"Feature","properties":{"county_fips":"28121","county_name":"Rankin","state":"MS"},"geometry":{"type":"Polygon","coordinates":[[[-90.2535,32.1525],[-90.2419,32.1551],[-90.242,32.178],[-90.2344,32.1731],[-90.2126,32.18],[-90.2057,32.191],[-90.1963,32.1852],[-90.1966,32.1956],[-90.1817,32.2016],[-90.1905,32.2036],[-90.1854,32.2186],[-90.1905,32.2267],[-90.2085,32.2352],[-90.1993,32.2409],[-90.2053,32.2519],[-90.1843,32.2619],[-90.1777,32.2903],[-90.1656,32.2839],[-90.1571,32.2938],[-90.1514,32.291],[-90.1627,32.3062],[-90.1506,32.3117],[-90.1522,32.3237],[-90.1397,32.3221],[-90.1101,32.3444],[-90.114,32.3605],[-90.1062,32.3555],[-90.0952,32.3891],[-90.0874,32.3847],[-90.0815,32.3953],[-90.0779,32.3877],[-90.0679,32.3918],[-90.0637,32.4042],[-90.0753,32.4191],[-90.0629,32.42],[-90.0681,32.4386],[-90.0407,32.4417],[-90.0193,32.4773],[-90.0025,32.4859],[-89.9928,32.4828],[-89.9816,32.4982],[-89.9606,32.4914],[-89.9419,32.5132],[-89.9294,32.5133],[-89.9233,32.5289],[-89.9112,32.5287],[-89.9113,32.5373],[-89.8932,32.5424],[-89.8959,32.5544],[-89.8863,32.5632],[-89.867,32.5645],[-89.8589,32.5848],[-89.8465,32.5827],[-89.84,32.5933],[-89.837,32.5854],[-89.8329,32.5902],[-89.8139,32.5819],[-89.8086,32.5908],[-89.7952,32.5845],[-89.7946,32.5928],[-89.7875,32.592],[-89.7301,32.3527],[-89.7301,32.0471],[-90.2303,32.0497],[-90.2363,32.0647],[-90.2267,32.0798],[-90.2358,32.0904],[-90.2268,32.0943],[-90.2466,32.0931],[-90.2466,32.1003],[-90.2367,32.1002],[-90.2512,32.1124],[-90.243,32.1137],[-90.2483,32.1183],[-90.2411,32.1252],[-90.2475,32.1352],[-90.2436,32.1512],[-90.2535,32.1525]]]}},{"type":"Feature","properties":{"county_fips":"25023","county_name":"Plymouth","state":"MA"},"geometry":{"type":"MultiPolygon","coordinates":[[[[-70.8761,42.3412],[-70.8802,42.3423],[-70.874,42.3436],[-70.8761,42.3412]]],[[[-70.8875,42.3382],[-70.8863,42.3399],[-70.8848,42.3393],[-70.8875,42.3382]]],[[[-70.892,42.3272],[-70.889,42.3289],[-70.8888,42.3285],[-70.892,42.3272]]],[[[-70.8952,42.3389],[-70.8972,42.3433],[-70.8956,42.3439],[-70.8952,42.3389]]],[[[-70.8961,42.3304],[-70.8971,42.334],[-70.8941,42.335],[-70.8961,42.3304]]],[[[-70.9511,42.2897],[-70.9353,42.3021],[-70.9264,42.3014],[-70.9373,42.2849],[-70.9511,42.2897]]],[[[-71.0793,42.096],[-70.9249,42.1576],[-70.9147,42.2251],[-70.9235,42.2259],[-70.9324,42.2526],[-70.9083,42.2647],[-70.8938,42.2623],[-70.8979,42.256],[-70.8843,42.2455],[-70.8755,42.2569],[-70.9032,42.2813],[-70.8783,42.2783],[-70.8873,42.2977],[-70.9239,42.305],[-70.8827,42.3104],[-70.8618,42.276],[-70.8247,42.2659],[-70.8446,42.2604],[-70.8493,42.2473],[-70.8412,42.2433],[-70.8534,42.2396],[-70.827,42.2008],[-70.7848,42.2259],[-70.7887,42.2326],[-70.782,42.2364],[-70.789,42.2402],[-70.7663,42.2547],[-70.7472,42.2218],[-70.713,42.2044],[-70.7143,42.1688],[-70.6402,42.0886],[-70.6482,42.0684],[-70.6432,42.0508],[-70.5979,42.0046],[-70.614,42.0066],[-70.6391,41.9939],[-70.6364,42.0138],[-70.6299,42.0015],[-70.6142,42.0111],[-70.6509,42.0462],[-70.6694,42.0371],[-70.6709,42.0078],[-70.6958,42.0133],[-70.7122,42.0076],[-70.71,41.9995],[-70.7,41.9983],[-70.699,41.9871],[-70.6468,41.9493],[-70.6303,41.947],[-70.6525,41.9789],[-70.6239,41.9431],[-70.6082,41.9407],[-70.5836,41.95],[-70.5392,41.9268],[-70.5474,41.9119],[-70.5321,41.8896],[-70.5256,41.8587],[-70.5421,41.8313],[-70.5373,41.8109],[-70.5654,41.7867],[-70.6326,41.7629],[-70.6208,41.7475],[-70.6741,41.6914],[-70.6566,41.7154],[-70.7187,41.7357],[-70.7263,41.7327],[-70.7209,41.7232],[-70.7285,41.7229],[-70.712,41.707],[-70.7275,41.7024],[-70.7149,41.6919],[-70.7156,41.6753],[-70.7489,41.6974],[-70.7553,41.6943],[-70.7434,41.6747],[-70.7638,41.6769],[-70.7571,41.6529],[-70.7655,41.6416],[-70.809,41.6584],[-70.8233,41.649],[-70.8047,41.6412],[-70.8011,41.6295],[-70.8177,41.6234],[-70.8432,41.6285],[-70.8864,41.7602],[-70.9044,41.758],[-70.9218,41.7912],[-71.0263,41.7789],[-71.0146,41.7996],[-71.0366,41.8165],[-70.9737,41.8609],[-70.9968,41.9274],[-71.0495,41.9631],[-71.0793,42.096]]]]}},{"type":"Feature","properties":{"county_fips":"42055","county_name":"Franklin","state":"PA"},"geometry":{"type":"Polygon","coordinates":[[[-78.0991,39.7223],[-78.0027,39.8266],[-77.9751,39.8718],[-77.9555,39.9289],[-77.9378,39.9489],[-77.9143,40.0103],[-77.8817,40.0502],[-77.8594,40.0652],[-77.7683,40.2041],[-77.7242,40.2501],[-77.6718,40.2898],[-77.6564,40.2704],[-77.6703,40.2594],[-77.6677,40.252],[-77.6457,40.256],[-77.6502,40.2287],[-77.6428,40.2181],[-77.6162,40.2326],[-77.6027,40.2282],[-77.6048,40.206],[-77.6275,40.1886],[-77.6089,40.1536],[-77.593,40.1354],[-77.5646,40.1217],[-77.5604,40.0943],[-77.543,40.0896],[-77.5419,40.0698],[-77.5323,40.0672],[-77.5325,40.0487],[-77.5171,40.0444],[-77.4954,40.0051],[-77.4541,39.9724],[-77.4711,39.9441],[-77.4591,39.72],[-78.0991,39.7223]]]}},{"type":"Feature","properties":{"county_fips":"22097","county_name":"St. Landry","state":"LA"},"geometry":{"type":"Polygon","coordinates":[[[-92.493,30.4816],[-92.4775,30.4954],[-92.4643,30.4953],[-92.4614,30.524],[-92.4494,30.5342],[-92.2627,30.5387],[-92.2624,30.5683],[-92.2115,30.5681],[-92.2116,30.6169],[-92.2005,30.6562],[-92.1725,30.6739],[-92.1723,30.7679],[-92.2114,30.7932],[-92.2126,30.8486],[-91.8153,30.8481],[-91.7995,30.8343],[-91.8073,30.8111],[-91.7688,30.7854],[-91.7552,30.7566],[-91.7579,30.741],[-91.734,30.7034],[-91.7315,30.6698],[-91.7464,30.6588],[-91.741,30.6325],[-91.754,30.6174],[-91.7573,30.5642],[-91.7314,30.5121],[-91.7538,30.5062],[-91.7542,30.4853],[-91.7397,30.453],[-91.7187,30.4489],[-91.6943,30.4017],[-91.6789,30.3947],[-91.8127,30.3943],[-91.8693,30.4172],[-91.9369,30.3947],[-91.97,30.4102],[-91.9803,30.4034],[-91.9887,30.3686],[-92.001,30.3645],[-92.0148,30.3717],[-92.027,30.3599],[-92.0491,30.3816],[-92.0839,30.3601],[-92.0892,30.3305],[-92.1422,30.2988],[-92.1415,30.3208],[-92.1585,30.3208],[-92.1586,30.3499],[-92.1758,30.3497],[-92.1764,30.4369],[-92.2442,30.4367],[-92.2448,30.4802],[-92.493,30.4816]]]}},{"type":"Feature","properties":{"county_fips":"01111","county_name":"Randolph","state":"AL"},"geometry":{"type":"Polygon","coordinates":[[[-85.6537,33.1066],[-85.6505,33.3062],[-85.6414,33.306],[-85.6411,33.3239],[-85.6499,33.3242],[-85.6435,33.4959],[-85.3526,33.4924],[-85.3477,33.5014],[-85.3044,33.4829],[-85.2324,33.1081],[-85.6537,33.1066]]]}},{"type":"Feature","properties":{"county_fips":"01059","county_name":"Franklin","state":"AL"},"geometry":{"type":"Polygon","coordinates":[[[-88.1736,34.3211],[-88.14,34.5817],[-87.5297,34.5671],[-87.5297,34.3046],[-88.1736,34.3211]]]}},{"type":"Feature","properties":{"county_fips":"01093","county_name":"Marion","state":"AL"},"geometry":{"type":"Polygon","coordinates":[[[-88.2072,34.0583],[-88.1736,34.3211],[-87.6347,34.307],[-87.6359,33.9153],[-87.9518,33.9199],[-87.9519,34.0222],[-87.9874,34.0229],[-87.9869,34.0521],[-88.2072,34.0583]]]}},{"type":"Feature","properties":{"county_fips":"24029","county_name":"Kent","state":"MD"},"geometry":{"type":"Polygon","coordinates":[[[-76.2774,39.1516],[-76.2193,39.262],[-76.1831,39.291],[-76.1689,39.2903],[-76.1856,39.3193],[-76.1597,39.3359],[-76.1407,39.3277],[-76.1335,39.3329],[-76.135,39.3511],[-76.1105,39.3723],[-76.0498,39.3706],[-76.023,39.3619],[-75.9908,39.3746],[-75.9811,39.3666],[-75.957,39.3746],[-75.8851,39.3608],[-75.8455,39.3677],[-75.8188,39.3823],[-75.8061,39.3753],[-75.7842,39.3825],[-75.7667,39.3775],[-75.756,39.2461],[-75.8063,39.242],[-75.8557,39.2618],[-75.8743,39.2497],[-75.8918,39.2541],[-75.895,39.2471],[-75.9407,39.2385],[-75.9704,39.2464],[-76.0088,39.2403],[-76.0566,39.2103],[-76.0675,39.1954],[-76.0644,39.1846],[-76.0395,39.173],[-76.081,39.1492],[-76.075,39.1339],[-76.1229,39.1048],[-76.1513,39.1081],[-76.1682,39.0949],[-76.1658,39.1094],[-76.1814,39.1116],[-76.1931,39.0906],[-76.2078,39.0963],[-76.2046,39.077],[-76.2153,39.0532],[-76.2015,39.0135],[-76.2098,39.0088],[-76.2427,39.0289],[-76.2371,39.0455],[-76.225,39.0502],[-76.2335,39.0914],[-76.2466,39.116],[-76.2449,39.1306],[-76.2774,39.1516]]]}},{"type":"Feature","properties":{"county_fips":"34003","county_name":"Bergen","state":"NJ"},"geometry":{"type":"Polygon","coordinates":[[[-74.2707,41.021],[-74.2113,41.1335],[-73.8936,40.9972],[-73.9298,40.8887],[-73.9848,40.7977],[-74.0178,40.8233],[-74.0358,40.8081],[-74.0768,40.7956],[-74.09,40.778],[-74.0903,40.7616],[-74.1009,40.7758],[-74.1272,40.7713],[-74.1475,40.7865],[-74.136,40.8183],[-74.1237,40.8228],[-74.1212,40.8576],[-74.1068,40.8593],[-74.1303,40.8856],[-74.1294,40.9202],[-74.1403,40.924],[-74.1481,40.9416],[-74.141,40.9663],[-74.1703,40.9839],[-74.1711,40.9771],[-74.2245,40.9813],[-74.2485,40.9921],[-74.2707,41.021]]]}},{"type":"Feature","properties":{"county_fips":"34027","county_name":"Morris","state":"NJ"},"geometry":{"type":"Polygon","coordinates":[[[-74.8892,40.7888],[-74.8503,40.8042],[-74.8184,40.8369],[-74.8217,40.8485],[-74.802,40.8637],[-74.8083,40.8695],[-74.8061,40.8838],[-74.7791,40.9063],[-74.7319,40.9208],[-74.7113,40.8992],[-74.6532,40.9213],[-74.6535,40.929],[-74.6364,40.9426],[-74.6416,40.9614],[-74.6324,40.9737],[-74.5032,41.0859],[-74.4869,41.0767],[-74.5017,41.0421],[-74.4974,41.0341],[-74.447,41.0544],[-74.4268,41.0354],[-74.435,41.02],[-74.4191,41.0287],[-74.3891,41.0122],[-74.3554,41.0139],[-74.3502,41.004],[-74.3368,41.0076],[-74.3095,40.9984],[-74.3,41.0031],[-74.2928,40.988],[-74.2974,40.9796],[-74.2775,40.9736],[-74.2794,40.9434],[-74.2892,40.9288],[-74.2844,40.9174],[-74.2667,40.9077],[-74.2735,40.9065],[-74.272,40.8973],[-74.2843,40.8948],[-74.2818,40.9008],[-74.2924,40.9058],[-74.3343,40.9055],[-74.3375,40.8678],[-74.3176,40.8635],[-74.3303,40.8489],[-74.3255,40.8437],[-74.335,40.8171],[-74.3671,40.7933],[-74.37,40.7666],[-74.3773,40.7612],[-74.3577,40.755],[-74.3722,40.7434],[-74.3711,40.7346],[-74.4519,40.6854],[-74.4542,40.6741],[-74.5037,40.6596],[-74.5131,40.6496],[-74.5232,40.6492],[-74.5344,40.6673],[-74.526,40.6702],[-74.5279,40.6843],[-74.5173,40.6887],[-74.5139,40.7011],[-74.526,40.7093],[-74.5309,40.7299],[-74.5488,40.7337],[-74.556,40.7583],[-74.7327,40.7201],[-74.771,40.736],[-74.8239,40.7424],[-74.8892,40.7888]]]}},{"type":"Feature","properties":{"county_fips":"13291","county_name":"Union","state":"GA"},"geometry":{"type":"Polygon","coordinates":[[[-84.1791,34.9515],[-84.1295,34.9875],[-83.9364,34.9875],[-83.946,34.9706],[-83.9269,34.9557],[-83.9149,34.927],[-83.8658,34.9147],[-83.8565,34.8989],[-83.833,34.8996],[-83.8401,34.9096],[-83.8122,34.9088],[-83.8051,34.8966],[-83.8093,34.8604],[-83.7913,34.8437],[-83.7962,34.8265],[-83.7808,34.8185],[-83.7803,34.7929],[-83.8259,34.7785],[-83.8307,34.7659],[-83.8251,34.7434],[-83.8395,34.7256],[-83.8774,34.7233],[-83.9472,34.7381],[-83.9846,34.7142],[-83.9944,34.6788],[-84.0239,34.6709],[-84.0308,34.6522],[-84.0385,34.6517],[-84.0363,34.6421],[-84.0677,34.648],[-84.0712,34.6568],[-84.0889,34.6514],[-84.1249,34.6644],[-84.1371,34.661],[-84.1463,34.6466],[-84.158,34.6482],[-84.1036,34.7278],[-84.0932,34.7278],[-84.0932,34.8014],[-84.1242,34.7961],[-84.1417,34.8073],[-84.1473,34.8448],[-84.1137,34.8704],[-84.1075,34.8871],[-84.1335,34.9165],[-84.1608,34.9269],[-84.1791,34.9515]]]}},{"type":"Feature","properties":{"county_fips":"01075","county_name":"Lamar","state":"AL"},"geometry":{"type":"Polygon","coordinates":[[[-88.2741,33.5379],[-88.2072,34.0583],[-87.9869,34.0521],[-87.9874,34.0229],[-87.9519,34.0222],[-87.9465,33.5241],[-88.2741,33.5379]]]}},{"type":"Feature","properties":{"county_fips":"47061","county_name":"Grundy","state":"TN"},"geometry":{"type":"Polygon","coordinates":[[[-85.912,35.2905],[-85.9008,35.3178],[-85.9049,35.3304],[-85.8811,35.3488],[-85.8695,35.3804],[-85.887,35.3815],[-85.8892,35.444],[-85.8856,35.4895],[-85.8762,35.5073],[-85.8855,35.517],[-85.874,35.529],[-85.8203,35.5046],[-85.8174,35.5135],[-85.7536,35.5242],[-85.6073,35.5317],[-85.5367,35.4871],[-85.5413,35.4614],[-85.5358,35.4315],[-85.5123,35.423],[-85.5129,35.4076],[-85.4856,35.4064],[-85.4959,35.3933],[-85.4892,35.3835],[-85.5057,35.369],[-85.5065,35.3575],[-85.5423,35.3415],[-85.5586,35.3193],[-85.633,35.3037],[-85.6556,35.3055],[-85.6904,35.2861],[-85.7077,35.2907],[-85.6936,35.2393],[-85.7401,35.2153],[-85.7735,35.2187],[-85.8224,35.2422],[-85.8483,35.2403],[-85.8731,35.2236],[-85.912,35.2905]]]}},{"type":"Feature","properties":{"county_fips":"28059","county_name":"Jackson","state":"MS"},"geometry":{"type":"MultiPolygon","coordinates":[[[[-88.505,30.2157],[-88.4534,30.2012],[-88.4131,30.2063],[-88.4537,30.1966],[-88.4935,30.2059],[-88.505,30.2157]]],[[[-88.5843,30.3372],[-88.571,30.341],[-88.5682,30.3322],[-88.5795,30.3299],[-88.5843,30.3372]]],[[[-88.7645,30.2438],[-88.7153,30.2523],[-88.5955,30.2242],[-88.6656,30.2296],[-88.7149,30.2437],[-88.7645,30.2438]]],[[[-88.8845,30.7356],[-88.4125,30.7356],[-88.3946,30.3501],[-88.4025,30.3455],[-88.4124,30.358],[-88.4477,30.358],[-88.4538,30.3296],[-88.4801,30.3183],[-88.5041,30.3201],[-88.5269,30.3424],[-88.5798,30.3458],[-88.585,30.3687],[-88.6115,30.356],[-88.6123,30.3734],[-88.6377,30.3598],[-88.6638,30.3621],[-88.7006,30.3437],[-88.7289,30.3427],[-88.8117,30.3852],[-88.7898,30.3863],[-88.8413,30.4096],[-88.8578,30.4302],[-88.8831,30.4188],[-88.8845,30.7356]]]]}},{"type":"Feature","properties":{"county_fips":"22089","county_name":"St. Charles","state":"LA"},"geometry":{"type":"Polygon","coordinates":[[[-90.5497,30.0027],[-90.539,30.0022],[-90.538,30.0169],[-90.4758,30.0359],[-90.4502,30.0331],[-90.407,30.0831],[-90.3497,30.1203],[-90.3266,30.1502],[-90.2599,30.1634],[-90.2792,30.0525],[-90.2735,29.9218],[-90.2649,29.8994],[-90.2433,29.8809],[-90.2402,29.8621],[-90.1673,29.8185],[-90.2282,29.692],[-90.3528,29.6959],[-90.3618,29.7094],[-90.3608,29.7371],[-90.3748,29.7626],[-90.4299,29.7764],[-90.4699,29.8052],[-90.4799,29.8474],[-90.4989,29.8651],[-90.5157,29.8647],[-90.5296,29.885],[-90.5322,29.9679],[-90.5493,29.968],[-90.5497,30.0027]]]}},{"type":"Feature","properties":{"county_fips":"28133","county_name":"Sunflower","state":"MS"},"geometry":{"type":"Polygon","coordinates":[[[-90.7638,33.2704],[-90.7635,33.6162],[-90.6587,33.6163],[-90.657,33.9876],[-90.451,33.9857],[-90.4532,33.3295],[-90.5555,33.3292],[-90.5552,33.2705],[-90.7638,33.2704]]]}},{"type":"Feature","properties":{"county_fips":"28125","county_name":"Sharkey","state":"MS"},"geometry":{"type":"Polygon","coordinates":[[[-90.9649,32.6628],[-90.9633,32.8382],[-90.9402,32.8621],[-90.9403,32.8853],[-90.914,32.9442],[-90.9145,33.0974],[-90.658,33.0965],[-90.6566,32.9225],[-90.7598,32.8357],[-90.7596,32.814],[-90.7501,32.8183],[-90.7394,32.809],[-90.7268,32.8196],[-90.6943,32.8149],[-90.711,32.8055],[-90.7158,32.7934],[-90.6898,32.7659],[-90.6905,32.7576],[-90.7094,32.7474],[-90.7361,32.756],[-90.7426,32.7292],[-90.7177,32.709],[-90.6714,32.6965],[-90.6638,32.686],[-90.6677,32.671],[-90.6908,32.6661],[-90.7044,32.6908],[-90.7232,32.6621],[-90.9649,32.6628]]]}},{"type":"Feature","properties":{"county_fips":"28077","county_name":"Lawrence","state":"MS"},"geometry":{"type":"Polygon","coordinates":[[[-90.2452,31.7175],[-90.1841,31.7315],[-90.1313,31.756],[-89.9746,31.7617],[-89.9761,31.5225],[-89.9591,31.5224],[-89.9589,31.3905],[-90.0405,31.3947],[-90.0405,31.336],[-90.053,31.3289],[-90.0824,31.3288],[-90.0914,31.3433],[-90.1086,31.3435],[-90.1087,31.3509],[-90.2439,31.3503],[-90.2452,31.7175]]]}},{"type":"Feature","properties":{"county_fips":"28129","county_name":"Smith","state":"MS"},"geometry":{"type":"Polygon","coordinates":[[[-89.7301,32.0471],[-89.7304,32.222],[-89.3227,32.2235],[-89.3166,31.8021],[-89.653,31.7807],[-89.6544,32.0137],[-89.6621,32.0472],[-89.7301,32.0471]]]}},{"type":"Feature","properties":{"county_fips":"51043","county_name":"Clarke","state":"VA"},"geometry":{"type":"Polygon","coordinates":[[[-78.1517,39.0367],[-78.137,39.0744],[-78.102,39.1063],[-78.1083,39.1193],[-78.0949,39.131],[-78.0819,39.1592],[-78.087,39.1639],[-78.073,39.1783],[-78.0746,39.2046],[-78.0423,39.2367],[-78.0332,39.2646],[-77.8283,39.1324],[-77.8438,39.1197],[-77.8628,39.081],[-77.8776,39.078],[-77.8933,39.0554],[-77.9564,39.0209],[-78.0043,38.9794],[-78.056,39.0196],[-78.097,39.0129],[-78.1517,39.0367]]]}},{"type":"Feature","properties":{"county_fips":"24021","county_name":"Frederick","state":"MD"},"geometry":{"type":"Polygon","coordinates":[[[-77.6772,39.3245],[-77.6734,39.3442],[-77.6404,39.4025],[-77.6347,39.4455],[-77.6162,39.4684],[-77.622,39.4818],[-77.6144,39.4916],[-77.6226,39.5076],[-77.6135,39.5287],[-77.5971,39.542],[-77.5748,39.6116],[-77.5475,39.6323],[-77.5304,39.6317],[-77.5202,39.6407],[-77.4929,39.6764],[-77.5084,39.6841],[-77.4691,39.72],[-77.2157,39.7192],[-77.2266,39.7066],[-77.2163,39.6974],[-77.243,39.695],[-77.2345,39.6776],[-77.2664,39.662],[-77.2772,39.6313],[-77.3114,39.638],[-77.2995,39.6236],[-77.3074,39.6191],[-77.2905,39.6045],[-77.2716,39.6062],[-77.2628,39.5941],[-77.2535,39.6028],[-77.239,39.5849],[-77.2273,39.5878],[-77.2323,39.5844],[-77.2175,39.5745],[-77.2001,39.5786],[-77.1694,39.5541],[-77.1707,39.5348],[-77.1523,39.5325],[-77.1499,39.5219],[-77.1385,39.5205],[-77.1336,39.5086],[-77.1077,39.4946],[-77.1177,39.4786],[-77.1161,39.4603],[-77.148,39.4178],[-77.1681,39.354],[-77.4589,39.2203],[-77.4868,39.2476],[-77.5432,39.2669],[-77.5609,39.2862],[-77.5666,39.3061],[-77.6159,39.3027],[-77.6772,39.3245]]]}},{"type":"Feature","properties":{"county_fips":"36079","county_name":"Putnam","state":"NY"},"geometry":{"type":"Polygon","coordinates":[[[-73.9814,41.3247],[-73.9613,41.3485],[-73.9474,41.3953],[-73.9624,41.4037],[-73.9815,41.4389],[-73.9338,41.4883],[-73.5301,41.5272],[-73.5447,41.3665],[-73.9814,41.3247]]]}},{"type":"Feature","properties":{"county_fips":"36081","county_name":"Queens","state":"NY"},"geometry":{"type":"Polygon","coordinates":[[[-73.9626,40.739],[-73.9364,40.7769],[-73.9172,40.7842],[-73.9125,40.7961],[-73.8731,40.7859],[-73.863,40.7977],[-73.8174,40.8058],[-73.7941,40.8005],[-73.7939,40.789],[-73.7756,40.7956],[-73.7579,40.7669],[-73.7503,40.7825],[-73.7016,40.7525],[-73.7079,40.7278],[-73.7303,40.7222],[-73.725,40.6527],[-73.7414,40.6469],[-73.74,40.6351],[-73.7688,40.6244],[-73.76,40.6113],[-73.7455,40.6118],[-73.7372,40.593],[-73.8068,40.5846],[-73.9405,40.544],[-73.9354,40.5574],[-73.8824,40.5682],[-73.8499,40.5887],[-73.8345,40.6072],[-73.833,40.6283],[-73.8549,40.6427],[-73.8689,40.6951],[-73.8965,40.6824],[-73.9291,40.7277],[-73.9626,40.739]]]}},{"type":"Feature","properties":{"county_fips":"28047","county_name":"Harrison","state":"MS"},"geometry":{"type":"MultiPolygon","coordinates":[[[[-88.8664,30.3815],[-88.8299,30.3716],[-88.8188,30.3609],[-88.8664,30.3815]]],[[[-88.9039,30.2295],[-88.8814,30.2439],[-88.8728,30.2478],[-88.898,30.2299],[-88.9039,30.2295]]],[[[-88.9804,30.2105],[-88.9715,30.213],[-88.9519,30.2128],[-88.9595,30.2085],[-88.9804,30.2105]]],[[[-89.1311,30.231],[-89.078,30.2294],[-89.0657,30.2457],[-89.0851,30.2132],[-89.1104,30.215],[-89.1105,30.2226],[-89.1311,30.231]]],[[[-89.3409,30.3729],[-89.3414,30.6477],[-89.2401,30.6476],[-89.2401,30.6772],[-88.8845,30.6773],[-88.8831,30.4188],[-88.8709,30.4195],[-88.8573,30.3909],[-88.922,30.3938],[-89.0164,30.3846],[-89.0898,30.3647],[-89.0933,30.3477],[-89.0988,30.3626],[-89.2453,30.311],[-89.2914,30.3033],[-89.2918,30.3281],[-89.2687,30.3406],[-89.2925,30.3656],[-89.311,30.361],[-89.308,30.3734],[-89.3409,30.3729]]]]}},{"type":"Feature","properties":{"county_fips":"28045","county_name":"Hancock","state":"MS"},"geometry":{"type":"Polygon","coordinates":[[[-89.6898,30.4593],[-89.647,30.4589],[-89.6471,30.5027],[-89.5957,30.5025],[-89.5959,30.5171],[-89.5445,30.5169],[-89.5442,30.6484],[-89.3414,30.6477],[-89.3409,30.3729],[-89.3783,30.3433],[-89.3724,30.3334],[-89.3388,30.343],[-89.3225,30.3149],[-89.3299,30.3029],[-89.387,30.2667],[-89.4193,30.2543],[-89.4207,30.2294],[-89.4494,30.204],[-89.448,30.1865],[-89.4581,30.1778],[-89.466,30.1757],[-89.4598,30.1829],[-89.4681,30.1938],[-89.4977,30.1823],[-89.5227,30.1832],[-89.5387,30.1958],[-89.5702,30.1803],[-89.6159,30.2232],[-89.6142,30.2446],[-89.6318,30.2569],[-89.6253,30.2635],[-89.6314,30.2797],[-89.6472,30.2894],[-89.6404,30.3068],[-89.6262,30.3143],[-89.6297,30.3393],[-89.6572,30.3565],[-89.6837,30.4059],[-89.6785,30.414],[-89.6898,30.4593]]]}},{"type":"Feature","properties":{"county_fips":"28039","county_name":"George","state":"MS"},"geometry":{"type":"Polygon","coordinates":[[[-88.885,30.9108],[-88.8345,30.9103],[-88.8343,30.998],[-88.4256,30.9983],[-88.4125,30.7356],[-88.8845,30.7356],[-88.885,30.9108]]]}},{"type":"Feature","properties":{"county_fips":"01027","county_name":"Clay","state":"AL"},"geometry":{"type":"Polygon","coordinates":[[[-86.1744,33.1044],[-86.1728,33.1957],[-86.1206,33.1945],[-86.1182,33.2963],[-85.9803,33.2942],[-85.9765,33.3819],[-85.9413,33.3817],[-85.9409,33.3961],[-85.9238,33.3962],[-85.9228,33.4546],[-85.9053,33.4547],[-85.9049,33.4987],[-85.8519,33.4987],[-85.8524,33.4916],[-85.8693,33.4916],[-85.8701,33.4768],[-85.8877,33.4768],[-85.8878,33.4694],[-85.7827,33.4693],[-85.7827,33.4836],[-85.7656,33.4835],[-85.7654,33.4986],[-85.6435,33.4959],[-85.6499,33.3242],[-85.6411,33.3239],[-85.6414,33.306],[-85.6505,33.3062],[-85.6537,33.1066],[-85.9747,33.1053],[-85.9746,33.0905],[-86.0092,33.0903],[-86.0093,33.1046],[-86.1744,33.1044]]]}},{"type":"Feature","properties":{"county_fips":"34017","county_name":"Hudson","state":"NJ"},"geometry":{"type":"MultiPolygon","coordinates":[[[[-74.0422,40.7],[-74.039,40.6976],[-74.0417,40.6964],[-74.0422,40.7]]],[[[-74.1661,40.7472],[-74.1475,40.7865],[-74.1272,40.7713],[-74.1009,40.7758],[-74.0903,40.7616],[-74.09,40.778],[-74.0768,40.7956],[-74.0358,40.8081],[-74.0178,40.8233],[-73.9848,40.7977],[-74.014,40.7576],[-74.0232,40.7199],[-74.0553,40.6908],[-74.065,40.696],[-74.0778,40.6746],[-74.0642,40.6689],[-74.0702,40.6608],[-74.0869,40.6668],[-74.095,40.6492],[-74.1463,40.6466],[-74.1025,40.7019],[-74.1082,40.716],[-74.1206,40.7171],[-74.1176,40.7396],[-74.1553,40.7335],[-74.1661,40.7472]]]]}},{"type":"Feature","properties":{"county_fips":"34037","county_name":"Sussex","state":"NJ"},"geometry":{"type":"Polygon","coordinates":[[[-74.9917,41.0923],[-74.9799,41.1104],[-74.9232,41.1381],[-74.8821,41.1808],[-74.8596,41.2191],[-74.8674,41.2278],[-74.8572,41.249],[-74.8469,41.2533],[-74.8301,41.2872],[-74.7926,41.3106],[-74.795,41.3204],[-74.7716,41.3251],[-74.7532,41.3461],[-74.6949,41.3574],[-74.3674,41.2035],[-74.6324,40.9737],[-74.6416,40.9614],[-74.6364,40.9426],[-74.6535,40.929],[-74.6532,40.9213],[-74.7113,40.8992],[-74.7319,40.9208],[-74.7694,40.9109],[-74.9675,41.0953],[-74.9917,41.0923]]]}},{"type":"Feature","properties":{"county_fips":"13143","county_name":"Haralson","state":"GA"},"geometry":{"type":"Polygon","coordinates":[[[-85.3865,33.9017],[-85.0367,33.9043],[-85.0379,33.8119],[-85.049,33.8123],[-85.0509,33.7146],[-85.0665,33.715],[-85.115,33.6913],[-85.139,33.7],[-85.2897,33.6521],[-85.3382,33.6531],[-85.3865,33.9017]]]}},{"type":"Feature","properties":{"county_fips":"28075","county_name":"Lauderdale","state":"MS"},"geometry":{"type":"Polygon","coordinates":[[[-88.9138,32.2242],[-88.9145,32.577],[-88.3889,32.5781],[-88.4313,32.2277],[-88.9138,32.2242]]]}},{"type":"Feature","properties":{"county_fips":"28011","county_name":"Bolivar","state":"MS"},"geometry":{"type":"Polygon","coordinates":[[[-91.2338,33.5613],[-91.2154,33.5693],[-91.1649,33.5702],[-91.1369,33.5902],[-91.1287,33.6085],[-91.1374,33.6269],[-91.16,33.6429],[-91.2245,33.6652],[-91.2299,33.6843],[-91.2179,33.698],[-91.1604,33.7066],[-91.1334,33.6768],[-91.0914,33.6578],[-91.0368,33.6713],[-91.031,33.6794],[-91.0304,33.6878],[-91.0605,33.7151],[-91.1174,33.7053],[-91.1399,33.7215],[-91.1488,33.7314],[-91.145,33.7681],[-91.1341,33.7829],[-91.1084,33.7717],[-91.0534,33.7783],[-91.0184,33.7641],[-90.9894,33.7806],[-90.9968,33.7969],[-91.0491,33.816],[-91.0702,33.8453],[-91.0698,33.8727],[-91.0346,33.8983],[-91.0102,33.9316],[-91.0231,33.9432],[-91.0878,33.9593],[-91.0862,34.0064],[-91.0747,34.009],[-91.0487,33.9927],[-91.0189,34.0032],[-91.0001,33.9664],[-90.9769,33.9605],[-90.9637,33.9677],[-90.9615,33.9799],[-90.9882,34.0192],[-90.9646,34.0268],[-90.9195,34.0213],[-90.8912,34.0279],[-90.8878,34.0554],[-90.8719,34.0867],[-90.8881,34.0978],[-90.9213,34.0935],[-90.9566,34.1201],[-90.6595,34.1189],[-90.6587,33.6163],[-90.7635,33.6162],[-90.7635,33.5294],[-91.2187,33.5294],[-91.2338,33.5613]]]}},{"type":"Feature","properties":{"county_fips":"28005","county_name":"Amite","state":"MS"},"geometry":{"type":"Polygon","coordinates":[[[-91.094,31.3211],[-91.0692,31.3283],[-91.0657,31.3389],[-91.0554,31.3303],[-91.0283,31.3357],[-91.018,31.3475],[-90.9898,31.3363],[-90.983,31.3487],[-90.5482,31.3496],[-90.5476,30.9997],[-91.0602,30.999],[-91.0595,31.2819],[-91.08,31.2888],[-91.094,31.3211]]]}},{"type":"Feature","properties":{"county_fips":"28027","county_name":"Coahoma","state":"MS"},"geometry":{"type":"Polygon","coordinates":[[[-90.9586,34.1355],[-90.91,34.1655],[-90.8535,34.1375],[-90.8361,34.1379],[-90.8159,34.1499],[-90.8076,34.1618],[-90.8124,34.1808],[-90.8544,34.1868],[-90.8876,34.1824],[-90.9255,34.207],[-90.9345,34.2179],[-90.9355,34.2378],[-90.9232,34.2465],[-90.9063,34.2444],[-90.8966,34.2258],[-90.8471,34.2061],[-90.8381,34.22],[-90.8296,34.2786],[-90.7656,34.2695],[-90.7529,34.2746],[-90.7352,34.3026],[-90.7428,34.3213],[-90.7687,34.3478],[-90.7692,34.3584],[-90.7573,34.3674],[-90.7158,34.3603],[-90.6762,34.3711],[-90.6931,34.3226],[-90.6781,34.313],[-90.6614,34.3154],[-90.6668,34.3558],[-90.6585,34.3757],[-90.6409,34.3889],[-90.606,34.3933],[-90.5809,34.4199],[-90.5783,34.4339],[-90.5939,34.4842],[-90.5747,34.5218],[-90.5678,34.524],[-90.3975,34.4226],[-90.399,34.2615],[-90.4506,34.2624],[-90.451,33.9857],[-90.6604,33.9876],[-90.6595,34.1189],[-90.9566,34.1201],[-90.9586,34.1355]]]}},{"type":"Feature","properties":{"county_fips":"28147","county_name":"Walthall","state":"MS"},"geometry":{"type":"Polygon","coordinates":[[[-90.2596,31.0007],[-90.2604,31.3503],[-90.1087,31.3509],[-90.1086,31.3435],[-90.0914,31.3433],[-90.0824,31.3288],[-90.0405,31.336],[-90.0404,31.2339],[-90.0319,31.2339],[-90.0319,31.1757],[-90.0061,31.1756],[-90.0059,31.1323],[-89.9382,31.1329],[-89.9382,31.1112],[-89.9295,31.1112],[-89.9295,31.0892],[-89.921,31.0893],[-89.9209,31.0747],[-89.8359,31.0749],[-89.8359,31.0021],[-90.2596,31.0007]]]}},{"type":"Feature","properties":{"county_fips":"34029","county_name":"Ocean","state":"NJ"},"geometry":{"type":"Polygon","coordinates":[[[-74.5531,40.0791],[-74.4067,40.1724],[-74.2615,40.167],[-74.2598,40.1491],[-74.2418,40.131],[-74.2446,40.1181],[-74.2319,40.1098],[-74.1795,40.1109],[-74.1503,40.0989],[-74.1077,40.137],[-74.0959,40.1287],[-74.0942,40.1075],[-74.0724,40.0894],[-74.0509,40.1037],[-74.0337,40.102],[-74.0774,39.9103],[-74.0991,39.7568],[-74.2406,39.5558],[-74.2895,39.5093],[-74.3808,39.4985],[-74.4033,39.5403],[-74.4162,39.5498],[-74.4188,39.5686],[-74.4008,39.5722],[-74.3904,39.5962],[-74.3897,39.7733],[-74.5531,40.0791]]]}},{"type":"Feature","properties":{"county_fips":"01133","county_name":"Winston","state":"AL"},"geometry":{"type":"Polygon","coordinates":[[[-87.6361,34.0022],[-87.6347,34.307],[-87.1099,34.2993],[-87.112,33.9924],[-87.151,33.9932],[-87.1725,34.0053],[-87.1896,34.003],[-87.1996,33.985],[-87.2167,33.9939],[-87.6361,34.0022]]]}},{"type":"Feature","properties":{"county_fips":"24510","county_name":"Baltimore","state":"MD"},"geometry":{"type":"Polygon","coordinates":[[[-76.7111,39.2779],[-76.7113,39.3719],[-76.5298,39.3721],[-76.5296,39.2403],[-76.5722,39.2647],[-76.5865,39.2613],[-76.5584,39.2337],[-76.5645,39.2246],[-76.5331,39.2076],[-76.5501,39.1972],[-76.5833,39.2074],[-76.6117,39.2344],[-76.7111,39.2779]]]}},{"type":"Feature","properties":{"county_fips":"28099","county_name":"Neshoba","state":"MS"},"geometry":{"type":"Polygon","coordinates":[[[-89.3192,32.9317],[-89.0177,32.9313],[-88.9653,32.9266],[-88.9652,32.9191],[-88.9144,32.9266],[-88.9145,32.577],[-89.3176,32.5765],[-89.3192,32.9317]]]}},{"type":"Feature","properties":{"county_fips":"28085","county_name":"Lincoln","state":"MS"},"geometry":{"type":"Polygon","coordinates":[[[-90.7368,31.6985],[-90.4142,31.7005],[-90.4136,31.6853],[-90.3794,31.6852],[-90.3801,31.7002],[-90.28,31.6999],[-90.259,31.7039],[-90.2452,31.7175],[-90.2439,31.3503],[-90.6333,31.3493],[-90.6332,31.6114],[-90.7373,31.6111],[-90.7368,31.6985]]]}},{"type":"Feature","properties":{"county_fips":"28079","county_name":"Leake","state":"MS"},"geometry":{"type":"Polygon","coordinates":[[[-89.7302,32.5772],[-89.7302,32.9299],[-89.3192,32.9317],[-89.3176,32.5765],[-89.7302,32.5772]]]}},{"type":"Feature","properties":{"county_fips":"28105","county_name":"Oktibbeha","state":"MS"},"geometry":{"type":"Polygon","coordinates":[[[-89.0883,33.286],[-89.0883,33.562],[-88.7328,33.5652],[-88.7101,33.559],[-88.6715,33.5651],[-88.6691,33.2869],[-89.0883,33.286]]]}},{"type":"Feature","properties":{"county_fips":"28067","county_name":"Jones","state":"MS"},"geometry":{"type":"Polygon","coordinates":[[[-89.4012,31.7969],[-88.9434,31.8246],[-88.9435,31.4335],[-89.3992,31.434],[-89.4012,31.7969]]]}},{"type":"Feature","properties":{"county_fips":"28135","county_name":"Tallahatchie","state":"MS"},"geometry":{"type":"Polygon","coordinates":[[[-90.4516,33.8114],[-90.451,34.0729],[-90.1357,34.0729],[-90.1355,34.1601],[-89.9315,34.1643],[-89.9317,34.1443],[-89.9255,34.1406],[-89.9263,33.8239],[-89.9783,33.824],[-89.9793,33.8097],[-90.1365,33.8093],[-90.1368,33.7216],[-90.2204,33.7221],[-90.2422,33.737],[-90.2517,33.7317],[-90.262,33.7033],[-90.2831,33.6942],[-90.3,33.698],[-90.3117,33.7163],[-90.3056,33.7427],[-90.2501,33.7631],[-90.2042,33.7594],[-90.1856,33.7655],[-90.1712,33.7873],[-90.1826,33.8093],[-90.4516,33.8114]]]}},{"type":"Feature","properties":{"county_fips":"28115","county_name":"Pontotoc","state":"MS"},"geometry":{"type":"Polygon","coordinates":[[[-89.2444,34.0739],[-89.2463,34.3793],[-88.9289,34.3794],[-88.9285,34.365],[-88.825,34.3648],[-88.8245,34.0749],[-89.2444,34.0739]]]}},{"type":"Feature","properties":{"county_fips":"28123","county_name":"Scott","state":"MS"},"geometry":{"type":"Polygon","coordinates":[[[-89.7301,32.3527],[-89.7829,32.5966],[-89.7686,32.6],[-89.7709,32.6061],[-89.7613,32.6067],[-89.7303,32.6342],[-89.7302,32.5772],[-89.3226,32.5764],[-89.3227,32.2235],[-89.7304,32.222],[-89.7301,32.3527]]]}},{"type":"Feature","properties":{"county_fips":"28019","county_name":"Choctaw","state":"MS"},"geometry":{"type":"Polygon","coordinates":[[[-89.454,33.4332],[-89.4463,33.4398],[-89.4189,33.4309],[-89.4063,33.4515],[-89.3831,33.4555],[-89.3624,33.4734],[-89.3405,33.4694],[-89.3198,33.4965],[-89.2615,33.5186],[-89.2421,33.5164],[-89.2219,33.528],[-89.181,33.5328],[-89.0884,33.5332],[-89.0883,33.286],[-89.1089,33.2859],[-89.1089,33.1981],[-89.2134,33.1975],[-89.2139,33.1094],[-89.3179,33.1089],[-89.3164,33.2856],[-89.4538,33.2859],[-89.454,33.4332]]]}},{"type":"Feature","properties":{"county_fips":"22045","county_name":"Iberia","state":"LA"},"geometry":{"type":"MultiPolygon","coordinates":[[[[-91.9939,29.9824],[-91.9514,30.0728],[-91.9071,30.0726],[-91.8958,30.0572],[-91.8756,30.0678],[-91.8182,30.0439],[-91.8013,30.0701],[-91.7605,30.0909],[-91.7687,30.0964],[-91.7653,30.1084],[-91.732,30.1222],[-91.6995,30.1208],[-91.6784,30.105],[-91.6695,30.1129],[-91.6589,30.1082],[-91.6306,30.0719],[-91.6122,30.0677],[-91.6002,30.033],[-91.5077,30.0336],[-91.4882,30.0582],[-91.3667,30.0547],[-91.3406,30.0615],[-91.2691,30.0593],[-91.2419,30.0295],[-91.2287,30.0425],[-91.2219,30.0378],[-91.2359,30.0011],[-91.2594,30.0002],[-91.2552,29.9715],[-91.6243,29.9455],[-91.7113,29.8461],[-91.855,29.7388],[-91.8775,29.748],[-91.8792,29.7566],[-91.8548,29.7795],[-91.8517,29.7918],[-91.8391,29.7736],[-91.8288,29.7779],[-91.8229,29.8004],[-91.8308,29.8293],[-91.8595,29.8261],[-91.8891,29.836],[-91.9069,29.8309],[-91.9153,29.8194],[-91.9375,29.8168],[-91.9722,29.8336],[-91.9939,29.9824]]],[[[-92.0319,29.5776],[-92.0209,29.5773],[-92.0178,29.591],[-91.989,29.6114],[-91.9399,29.6103],[-91.9281,29.6187],[-91.9285,29.6351],[-91.9161,29.6312],[-91.9031,29.6374],[-91.8915,29.6282],[-91.843,29.6277],[-91.8405,29.6158],[-91.8066,29.6002],[-91.8027,29.5887],[-91.7847,29.5941],[-91.7753,29.5879],[-91.7759,29.5678],[-91.7333,29.5808],[-91.7368,29.5623],[-91.7081,29.5688],[-91.7132,29.5555],[-91.7654,29.5248],[-91.7742,29.5049],[-91.7683,29.4904],[-91.7862,29.4831],[-91.8036,29.4879],[-91.8216,29.4739],[-91.8465,29.4793],[-91.8625,29.5033],[-91.883,29.5012],[-91.906,29.5186],[-91.9535,29.5381],[-91.9659,29.5363],[-92.0319,29.5776]]]]}},{"type":"Feature","properties":{"county_fips":"22073","county_name":"Ouachita","state":"LA"},"geometry":{"type":"Polygon","coordinates":[[[-92.4156,32.408],[-92.4152,32.5829],[-92.3018,32.5825],[-92.2975,32.5879],[-92.2735,32.5809],[-92.2238,32.5904],[-92.2217,32.6103],[-92.1382,32.6608],[-92.1402,32.6748],[-92.1202,32.6736],[-92.0914,32.6866],[-92.0652,32.723],[-92.0482,32.7198],[-92.0657,32.7096],[-92.0521,32.7152],[-92.0559,32.6981],[-92.0428,32.6992],[-92.0499,32.6861],[-92.0306,32.6972],[-92.0429,32.7035],[-92.0404,32.7126],[-92.0189,32.7005],[-92.0086,32.7084],[-91.9931,32.7045],[-91.9753,32.7116],[-91.9673,32.6862],[-91.9477,32.6648],[-91.9347,32.6588],[-91.9218,32.6674],[-91.91,32.6591],[-91.9103,32.6511],[-91.9242,32.6453],[-91.9216,32.6246],[-91.9434,32.5871],[-91.924,32.582],[-91.9263,32.5661],[-91.9183,32.5433],[-91.9073,32.5353],[-91.9042,32.5153],[-91.9386,32.4838],[-91.9443,32.4488],[-91.9942,32.4011],[-92.0115,32.3632],[-92.0062,32.3542],[-92.0198,32.2976],[-92.0345,32.2772],[-92.1065,32.2769],[-92.1063,32.2587],[-92.1526,32.2588],[-92.1648,32.2767],[-92.3122,32.2773],[-92.312,32.321],[-92.4156,32.408]]]}},{"type":"Feature","properties":{"county_fips":"22121","county_name":"West Baton Rouge","state":"LA"},"geometry":{"type":"Polygon","coordinates":[[[-91.4816,30.4974],[-91.4817,30.511],[-91.4148,30.5115],[-91.4151,30.5402],[-91.4077,30.5403],[-91.3985,30.5688],[-91.365,30.5696],[-91.3652,30.5884],[-91.3098,30.6501],[-91.3328,30.6535],[-91.3309,30.6587],[-91.3012,30.6516],[-91.2928,30.6315],[-91.3153,30.5943],[-91.3144,30.5788],[-91.2615,30.5711],[-91.2423,30.548],[-91.2461,30.5359],[-91.2828,30.5172],[-91.2828,30.5073],[-91.2627,30.5052],[-91.2093,30.523],[-91.1972,30.5069],[-91.1998,30.4191],[-91.2339,30.3753],[-91.2395,30.3516],[-91.2303,30.3411],[-91.1945,30.347],[-91.162,30.3415],[-91.1421,30.3233],[-91.3113,30.3225],[-91.3197,30.3447],[-91.3372,30.3534],[-91.3636,30.3842],[-91.3946,30.3948],[-91.3945,30.4086],[-91.4125,30.4324],[-91.4532,30.4751],[-91.4602,30.4704],[-91.4816,30.4974]]]}},{"type":"Feature","properties":{"county_fips":"36085","county_name":"Richmond","state":"NY"},"geometry":{"type":"MultiPolygon","coordinates":[[[[-74.1613,40.6418],[-74.1588,40.6446],[-74.1572,40.643],[-74.1613,40.6418]]],[[[-74.2556,40.5079],[-74.2407,40.5193],[-74.2478,40.5434],[-74.2122,40.5572],[-74.1954,40.6018],[-74.2006,40.6314],[-74.1877,40.6426],[-74.1544,40.6372],[-74.0865,40.6486],[-74.0715,40.6428],[-74.0719,40.624],[-74.0536,40.5995],[-74.1354,40.5304],[-74.1403,40.5333],[-74.1281,40.5412],[-74.1322,40.5462],[-74.1948,40.5101],[-74.2467,40.4961],[-74.2556,40.5079]]]]}},{"type":"Feature","properties":{"county_fips":"28073","county_name":"Lamar","state":"MS"},"geometry":{"type":"Polygon","coordinates":[[[-89.6542,31.4338],[-89.4516,31.434],[-89.4511,31.3464],[-89.3479,31.3467],[-89.349,31.0104],[-89.4248,31.0101],[-89.4253,30.9825],[-89.476,30.9829],[-89.4759,31.0014],[-89.5014,31.0015],[-89.5013,31.016],[-89.552,31.016],[-89.5519,31.0019],[-89.654,31.0025],[-89.6542,31.4338]]]}},{"type":"Feature","properties":{"county_fips":"36087","county_name":"Rockland","state":"NY"},"geometry":{"type":"Polygon","coordinates":[[[-74.2343,41.1431],[-73.9808,41.3254],[-73.981,41.3142],[-73.9458,41.2876],[-73.9697,41.2632],[-73.9708,41.2479],[-73.9315,41.205],[-73.8875,41.1383],[-73.894,40.9972],[-74.2343,41.1431]]]}},{"type":"Feature","properties":{"county_fips":"01057","county_name":"Fayette","state":"AL"},"geometry":{"type":"Polygon","coordinates":[[[-87.9518,33.9199],[-87.6359,33.9153],[-87.636,33.872],[-87.5316,33.8676],[-87.5283,33.692],[-87.4238,33.6891],[-87.4237,33.6021],[-87.6317,33.6098],[-87.6316,33.5807],[-87.6666,33.5798],[-87.6667,33.5217],[-87.9465,33.5241],[-87.9518,33.9199]]]}},{"type":"Feature","properties":{"county_fips":"42107","county_name":"Schuylkill","state":"PA"},"geometry":{"type":"Polygon","coordinates":[[[-76.7005,40.6631],[-76.3072,40.8018],[-76.2846,40.8836],[-76.2078,40.9497],[-76.028,40.9023],[-75.9976,40.9133],[-75.886,40.8163],[-75.7578,40.7354],[-75.8083,40.7073],[-75.9932,40.6397],[-76.0186,40.5738],[-76.045,40.5838],[-76.0509,40.5752],[-76.0653,40.5797],[-76.0796,40.5661],[-76.1347,40.5535],[-76.1716,40.5349],[-76.256,40.5171],[-76.3382,40.5155],[-76.4186,40.4956],[-76.4402,40.496],[-76.7005,40.6631]]]}},{"type":"Feature","properties":{"county_fips":"34039","county_name":"Union","state":"NJ"},"geometry":{"type":"Polygon","coordinates":[[[-74.4599,40.6],[-74.4244,40.6196],[-74.4018,40.6643],[-74.4198,40.6577],[-74.4329,40.6645],[-74.4508,40.6541],[-74.461,40.6735],[-74.4023,40.718],[-74.3907,40.7184],[-74.3717,40.7396],[-74.3256,40.7171],[-74.304,40.7133],[-74.2852,40.7222],[-74.2219,40.7073],[-74.2018,40.6868],[-74.165,40.6902],[-74.1388,40.6739],[-74.1493,40.66],[-74.1568,40.6628],[-74.2027,40.6338],[-74.2052,40.5939],[-74.214,40.6041],[-74.2577,40.6023],[-74.2908,40.5919],[-74.3053,40.6006],[-74.3029,40.6087],[-74.4585,40.5948],[-74.4599,40.6]]]}},{"type":"Feature","properties":{"county_fips":"28023","county_name":"Clarke","state":"MS"},"geometry":{"type":"Polygon","coordinates":[[[-88.9105,31.8266],[-88.9138,32.2242],[-88.4313,32.2277],[-88.4732,31.8939],[-88.6407,31.8539],[-88.7634,31.8359],[-88.9105,31.8266]]]}},{"type":"Feature","properties":{"county_fips":"01125","county_name":"Tuscaloosa","state":"AL"},"geometry":{"type":"Polygon","coordinates":[[[-87.8407,33.5248],[-87.6667,33.5217],[-87.6666,33.5798],[-87.6316,33.5807],[-87.6317,33.6098],[-87.3711,33.6017],[-87.371,33.5871],[-87.3185,33.5874],[-87.3182,33.5142],[-87.2669,33.5129],[-87.2605,33.5037],[-87.2683,33.4971],[-87.2874,33.5012],[-87.2885,33.4794],[-87.3035,33.4899],[-87.3303,33.492],[-87.3417,33.4705],[-87.3355,33.4704],[-87.3356,33.4563],[-87.3141,33.4557],[-87.3144,33.4417],[-87.2844,33.4406],[-87.2843,33.4257],[-87.2538,33.4178],[-87.2493,33.3956],[-87.232,33.3951],[-87.232,33.3659],[-87.1976,33.3581],[-87.1974,33.3431],[-87.18,33.343],[-87.1796,33.3211],[-87.1622,33.321],[-87.162,33.3066],[-87.1271,33.306],[-87.1268,33.2908],[-87.0875,33.2907],[-87.0875,33.2797],[-87.0658,33.2759],[-87.0657,33.2469],[-87.0766,33.2468],[-87.1041,33.2215],[-87.1215,33.2217],[-87.1219,33.2358],[-87.1433,33.2362],[-87.1992,33.1966],[-87.1993,33.1307],[-87.2819,33.1331],[-87.3116,33.0939],[-87.3185,33.0062],[-87.6254,33.0047],[-87.7157,33.0068],[-87.711,33.0177],[-87.8322,33.0173],[-87.8315,33.0939],[-87.839,33.094],[-87.8407,33.5248]]]}},{"type":"Feature","properties":{"county_fips":"28127","county_name":"Simpson","state":"MS"},"geometry":{"type":"Polygon","coordinates":[[[-90.2479,32.0315],[-90.2303,32.0497],[-89.6621,32.0472],[-89.6544,32.0137],[-89.653,31.7807],[-90.1226,31.7527],[-90.129,31.7682],[-90.1232,31.775],[-90.1125,31.7697],[-90.111,31.7893],[-90.1408,31.7894],[-90.1507,31.7999],[-90.1369,31.826],[-90.1273,31.8256],[-90.1446,31.8299],[-90.1592,31.8447],[-90.1389,31.8481],[-90.1326,31.8569],[-90.1418,31.8874],[-90.1703,31.9045],[-90.1665,31.9264],[-90.1787,31.9427],[-90.183,31.9374],[-90.1983,31.9419],[-90.1875,31.952],[-90.1981,31.9579],[-90.2061,31.988],[-90.2224,31.9885],[-90.2328,32.0089],[-90.2133,32.0243],[-90.2343,32.0172],[-90.2396,32.0206],[-90.2336,32.0243],[-90.2436,32.0226],[-90.2479,32.0315]]]}},{"type":"Feature","properties":{"county_fips":"28107","county_name":"Panola","state":"MS"},"geometry":{"type":"Polygon","coordinates":[[[-90.1986,34.5544],[-89.7213,34.5543],[-89.7214,34.1635],[-90.1355,34.1601],[-90.1345,34.2656],[-90.1941,34.3014],[-90.1986,34.5544]]]}},{"type":"Feature","properties":{"county_fips":"28037","county_name":"Franklin","state":"MS"},"geometry":{"type":"Polygon","coordinates":[[[-91.1582,31.3467],[-91.1539,31.6101],[-90.6332,31.6114],[-90.6333,31.3493],[-90.983,31.3487],[-90.9898,31.3363],[-91.018,31.3475],[-91.0283,31.3357],[-91.0554,31.3303],[-91.0657,31.3389],[-91.0692,31.3283],[-91.0954,31.321],[-91.1027,31.3271],[-91.1115,31.32],[-91.1349,31.3314],[-91.1452,31.3475],[-91.1582,31.3467]]]}},{"type":"Feature","properties":{"county_fips":"28063","county_name":"Jefferson","state":"MS"},"geometry":{"type":"Polygon","coordinates":[[[-91.3655,31.7616],[-91.3457,31.8429],[-91.3279,31.8548],[-91.2934,31.8602],[-91.2822,31.8148],[-91.2556,31.8127],[-91.245,31.8314],[-91.269,31.8587],[-91.2481,31.8698],[-91.0137,31.8619],[-90.8427,31.8267],[-90.8404,31.8041],[-90.8527,31.7854],[-90.7363,31.7861],[-90.7373,31.6111],[-91.1539,31.6101],[-91.1538,31.6305],[-91.2333,31.6294],[-91.249,31.6438],[-91.2694,31.6474],[-91.2698,31.666],[-91.3001,31.6722],[-91.2918,31.6916],[-91.3,31.7123],[-91.3069,31.711],[-91.3179,31.7498],[-91.2755,31.7455],[-91.2634,31.7545],[-91.263,31.767],[-91.286,31.7721],[-91.3552,31.7581],[-91.3655,31.7616]]]}},{"type":"Feature","properties":{"county_fips":"22007","county_name":"Assumption","state":"LA"},"geometry":{"type":"Polygon","coordinates":[[[-91.2514,29.9576],[-91.2589,30.0007],[-91.2359,30.0011],[-91.2242,30.0256],[-91.0891,30.0628],[-91.0893,30.0768],[-91.0747,30.0817],[-91.0558,30.0706],[-91.0057,30.0791],[-90.9847,30.0651],[-90.9637,30.0668],[-90.9634,30.0358],[-90.9464,30.036],[-90.9463,29.9779],[-90.9118,29.9785],[-90.9118,29.9351],[-90.8863,29.9356],[-90.8855,29.8776],[-90.9098,29.8772],[-90.9246,29.8303],[-90.9476,29.7925],[-91.0826,29.6268],[-91.1052,29.643],[-91.0952,29.6943],[-91.1066,29.7335],[-91.0954,29.737],[-91.0895,29.7555],[-91.1002,29.772],[-91.0962,29.8087],[-91.1111,29.8266],[-91.1845,29.8467],[-91.1998,29.861],[-91.2071,29.8979],[-91.232,29.9182],[-91.2297,29.9327],[-91.2514,29.9576]]]}},{"type":"Feature","properties":{"county_fips":"22093","county_name":"St. James","state":"LA"},"geometry":{"type":"Polygon","coordinates":[[[-90.9637,30.0668],[-90.9356,30.0856],[-90.9156,30.1133],[-90.6421,30.1664],[-90.6537,30.0964],[-90.6709,30.0941],[-90.6612,30.0508],[-90.6889,30.036],[-90.6716,29.9928],[-90.6793,29.9877],[-90.6671,29.981],[-90.6749,29.9516],[-90.6665,29.9518],[-90.6656,29.9077],[-90.6563,29.8892],[-90.6807,29.8926],[-90.69,29.9048],[-90.7173,29.8967],[-90.7232,29.907],[-90.7398,29.9045],[-90.7787,29.922],[-90.7858,29.9217],[-90.7854,29.9076],[-90.8857,29.9053],[-90.8863,29.9356],[-90.9118,29.9351],[-90.9118,29.9785],[-90.9463,29.9779],[-90.9464,30.036],[-90.9634,30.0358],[-90.9637,30.0668]]]}},{"type":"Feature","properties":{"county_fips":"28145","county_name":"Union","state":"MS"},"geometry":{"type":"Polygon","coordinates":[[[-89.2463,34.3793],[-89.2456,34.5976],[-88.7354,34.5965],[-88.7367,34.4947],[-88.7894,34.4949],[-88.7898,34.3937],[-88.8251,34.3939],[-88.825,34.3648],[-88.9285,34.365],[-88.9289,34.3794],[-89.2463,34.3793]]]}},{"type":"Feature","properties":{"county_fips":"28035","county_name":"Forrest","state":"MS"},"geometry":{"type":"Polygon","coordinates":[[[-89.4516,31.434],[-89.1461,31.4341],[-89.1462,31.0004],[-89.1384,31.0004],[-89.138,30.9099],[-89.3408,30.9099],[-89.3407,31.001],[-89.349,31.001],[-89.3479,31.3467],[-89.4511,31.3464],[-89.4516,31.434]]]}},{"type":"Feature","properties":{"county_fips":"28031","county_name":"Covington","state":"MS"},"geometry":{"type":"Polygon","coordinates":[[[-89.7558,31.6135],[-89.7551,31.7747],[-89.4012,31.7969],[-89.3992,31.434],[-89.5868,31.4337],[-89.5869,31.5134],[-89.5962,31.5129],[-89.6029,31.5388],[-89.6369,31.5589],[-89.6989,31.5772],[-89.7351,31.6103],[-89.7558,31.6135]]]}},{"type":"Feature","properties":{"county_fips":"28061","county_name":"Jasper","state":"MS"},"geometry":{"type":"Polygon","coordinates":[[[-89.3227,32.2235],[-88.9138,32.2242],[-88.9105,31.8266],[-89.3166,31.8021],[-89.3227,32.2235]]]}},{"type":"Feature","properties":{"county_fips":"28111","county_name":"Perry","state":"MS"},"geometry":{"type":"Polygon","coordinates":[[[-89.1462,31.0004],[-89.1461,31.4341],[-88.8417,31.4337],[-88.8409,30.9984],[-88.8343,30.998],[-88.8345,30.9103],[-89.138,30.9099],[-89.1384,31.0004],[-89.1462,31.0004]]]}},{"type":"Feature","properties":{"county_fips":"28091","county_name":"Marion","state":"MS"},"geometry":{"type":"Polygon","coordinates":[[[-90.0405,31.3947],[-89.8233,31.39],[-89.8242,31.4341],[-89.6542,31.4338],[-89.654,31.0025],[-89.8359,31.0021],[-89.8359,31.0749],[-89.9209,31.0747],[-89.921,31.0893],[-89.9295,31.0892],[-89.9295,31.1112],[-89.9382,31.1112],[-89.9382,31.1329],[-90.0059,31.1323],[-90.0061,31.1756],[-90.0319,31.1757],[-90.0319,31.2339],[-90.0404,31.2339],[-90.0405,31.3947]]]}},{"type":"Feature","properties":{"county_fips":"28071","county_name":"Lafayette","state":"MS"},"geometry":{"type":"Polygon","coordinates":[[[-89.7211,34.1925],[-89.7213,34.5543],[-89.4767,34.554],[-89.4343,34.5201],[-89.402,34.5281],[-89.3795,34.5169],[-89.3642,34.5192],[-89.3658,34.5263],[-89.3432,34.5212],[-89.3313,34.5272],[-89.3005,34.5135],[-89.2915,34.5168],[-89.2891,34.5064],[-89.2489,34.4996],[-89.2455,34.1612],[-89.5097,34.1621],[-89.5094,34.191],[-89.7211,34.1925]]]}},{"type":"Feature","properties":{"county_fips":"22109","county_name":"Terrebonne","state":"LA"},"geometry":{"type":"MultiPolygon","coordinates":[[[[-90.4131,29.2041],[-90.4108,29.2107],[-90.4096,29.2032],[-90.4131,29.2041]]],[[[-90.4444,29.2625],[-90.4394,29.2568],[-90.4351,29.2534],[-90.4414,29.2521],[-90.4444,29.2625]]],[[[-90.5503,29.0921],[-90.4701,29.0669],[-90.4237,29.0609],[-90.4733,29.0595],[-90.5503,29.0921]]],[[[-90.6187,29.1953],[-90.6143,29.1963],[-90.6134,29.1932],[-90.6187,29.1953]]],[[[-90.7593,29.0469],[-90.7118,29.0623],[-90.6617,29.0626],[-90.7409,29.0468],[-90.7593,29.0469]]],[[[-90.8681,29.0572],[-90.8439,29.05],[-90.8062,29.0538],[-90.8343,29.0449],[-90.8681,29.0572]]],[[[-90.9357,29.0556],[-90.9264,29.0515],[-90.9155,29.0499],[-90.9265,29.0491],[-90.9357,29.0556]]],[[[-91.0401,29.1887],[-91.0363,29.1902],[-91.0363,29.1877],[-91.0401,29.1887]]],[[[-91.3398,29.3098],[-91.3151,29.3046],[-91.2918,29.3114],[-91.2751,29.3322],[-91.2694,29.3567],[-91.237,29.3713],[-91.2382,29.3506],[-91.1993,29.3051],[-91.1717,29.3251],[-91.1628,29.3213],[-91.1766,29.2711],[-91.1545,29.255],[-91.1655,29.2538],[-91.1703,29.2355],[-91.1483,29.2418],[-91.1448,29.2518],[-91.1217,29.2514],[-91.1194,29.2665],[-91.1329,29.2814],[-91.1189,29.3062],[-91.1263,29.3334],[-91.1505,29.3449],[-91.1497,29.3535],[-91.161,29.3611],[-91.1928,29.3711],[-91.2001,29.3895],[-91.2196,29.3971],[-91.212,29.4209],[-91.2178,29.4353],[-91.2565,29.445],[-91.2664,29.4761],[-91.2737,29.4794],[-91.265,29.5108],[-91.2706,29.5367],[-91.236,29.5504],[-91.2235,29.5619],[-91.219,29.5839],[-91.1837,29.608],[-91.1753,29.6088],[-91.1729,29.5974],[-91.1614,29.593],[-91.1394,29.6089],[-91.1216,29.608],[-91.1172,29.6175],[-91.0854,29.6238],[-91.0069,29.7151],[-90.8802,29.7168],[-90.8821,29.7459],[-90.8414,29.7464],[-90.8421,29.7601],[-90.8279,29.7646],[-90.8278,29.7758],[-90.82,29.7779],[-90.8059,29.7744],[-90.805,29.7495],[-90.7845,29.7446],[-90.786,29.7321],[-90.7668,29.6959],[-90.744,29.6768],[-90.7053,29.6639],[-90.6521,29.6039],[-90.6191,29.5982],[-90.6036,29.5739],[-90.5745,29.5589],[-90.5684,29.5352],[-90.5508,29.5313],[-90.5375,29.5055],[-90.469,29.4541],[-90.4481,29.418],[-90.3855,29.3677],[-90.3796,29.3491],[-90.3865,29.3247],[-90.3766,29.3048],[-90.3967,29.2644],[-90.3976,29.31],[-90.4402,29.3494],[-90.4603,29.3375],[-90.4516,29.3215],[-90.4791,29.2922],[-90.5052,29.3051],[-90.5232,29.3042],[-90.5543,29.2852],[-90.5708,29.309],[-90.583,29.3122],[-90.5992,29.2995],[-90.5879,29.2713],[-90.5927,29.2459],[-90.5618,29.235],[-90.5746,29.2294],[-90.5958,29.2399],[-90.616,29.2364],[-90.6061,29.2244],[-90.6118,29.2148],[-90.6357,29.2139],[-90.6468,29.1687],[-90.6759,29.1741],[-90.685,29.1656],[-90.6814,29.156],[-90.6943,29.1251],[-90.7114,29.1164],[-90.73,29.138],[-90.7448,29.1176],[-90.7635,29.118],[-90.7725,29.1032],[-90.788,29.1076],[-90.8022,29.0938],[-90.8059,29.0645],[-90.8515,29.0743],[-90.8609,29.1005],[-90.8667,29.0971],[-90.8749,29.1071],[-90.8691,29.1183],[-90.884,29.1185],[-90.8888,29.1224],[-90.8829,29.1281],[-90.9226,29.1506],[-90.9524,29.1833],[-91.0004,29.173],[-91.0196,29.1791],[-91.0383,29.2104],[-91.0647,29.1841],[-91.0949,29.1924],[-91.1299,29.2207],[-91.2152,29.227],[-91.2883,29.2557],[-91.3398,29.3098]]]]}},{"type":"Feature","properties":{"county_fips":"42001","county_name":"Adams","state":"PA"},"geometry":{"type":"Polygon","coordinates":[[[-77.4711,39.9441],[-77.4035,39.9945],[-77.1856,40.0295],[-77.1374,40.0699],[-77.1276,40.0686],[-77.092,40.0536],[-77.0695,40.0295],[-77.0186,40.0139],[-76.9662,39.9352],[-76.9726,39.934],[-76.967,39.9162],[-76.9814,39.9054],[-76.9837,39.8936],[-76.9551,39.857],[-76.9997,39.8313],[-76.9993,39.7198],[-77.4591,39.72],[-77.4711,39.9441]]]}},{"type":"Feature","properties":{"county_fips":"22095","county_name":"St. John the Baptist","state":"LA"},"geometry":{"type":"Polygon","coordinates":[[[-90.6873,30.0372],[-90.6612,30.0508],[-90.6709,30.0941],[-90.6537,30.0964],[-90.6319,30.2212],[-90.5995,30.2168],[-90.5778,30.1972],[-90.5512,30.1967],[-90.5161,30.2213],[-90.4858,30.277],[-90.3737,30.2834],[-90.3503,30.2968],[-90.3205,30.299],[-90.1582,30.2281],[-90.1563,30.1896],[-90.3266,30.1502],[-90.3497,30.1203],[-90.407,30.0831],[-90.4502,30.0331],[-90.4758,30.0359],[-90.538,30.0169],[-90.539,30.0022],[-90.5497,30.0027],[-90.5493,29.968],[-90.5322,29.9679],[-90.5296,29.885],[-90.553,29.8933],[-90.5942,29.8928],[-90.6093,29.8831],[-90.6121,29.8911],[-90.6271,29.895],[-90.6563,29.8892],[-90.6656,29.9077],[-90.6665,29.9518],[-90.6749,29.9516],[-90.6671,29.981],[-90.6793,29.9877],[-90.6716,29.9928],[-90.6873,30.0372]]]}},{"type":"Feature","properties":{"county_fips":"28065","county_name":"Jefferson Davis","state":"MS"},"geometry":{"type":"Polygon","coordinates":[[[-89.9761,31.5225],[-89.9746,31.7617],[-89.7551,31.7747],[-89.7556,31.6098],[-89.7351,31.6103],[-89.6989,31.5772],[-89.6369,31.5589],[-89.6029,31.5388],[-89.5962,31.5129],[-89.5869,31.5134],[-89.5868,31.4337],[-89.8242,31.4341],[-89.8233,31.39],[-89.9589,31.3905],[-89.9591,31.5224],[-89.9761,31.5225]]]}},{"type":"Feature","properties":{"county_fips":"42057","county_name":"Fulton","state":"PA"},"geometry":{"type":"Polygon","coordinates":[[[-78.3806,39.7225],[-78.299,39.8255],[-78.2675,39.9035],[-78.2198,39.9933],[-78.201,40.013],[-78.2042,40.042],[-78.1879,40.0471],[-78.1815,40.0582],[-78.2037,40.0699],[-78.2067,40.0864],[-78.1583,40.1222],[-78.1349,40.1651],[-78.0784,40.1332],[-77.9256,40.104],[-77.8645,40.0616],[-77.9195,40.0034],[-77.9378,39.9489],[-77.9555,39.9289],[-77.9751,39.8718],[-78.0027,39.8266],[-78.0991,39.7223],[-78.3806,39.7225]]]}},{"type":"Feature","properties":{"county_fips":"28041","county_name":"Greene","state":"MS"},"geometry":{"type":"Polygon","coordinates":[[[-88.8417,31.4337],[-88.4496,31.4358],[-88.4256,30.9983],[-88.8409,30.9984],[-88.8417,31.4337]]]}},{"type":"Feature","properties":{"county_fips":"42011","county_name":"Berks","state":"PA"},"geometry":{"type":"Polygon","coordinates":[[[-76.4366,40.4962],[-76.3382,40.5155],[-76.256,40.5171],[-76.1716,40.5349],[-76.1347,40.5535],[-76.0796,40.5661],[-76.0653,40.5797],[-76.0509,40.5752],[-76.045,40.5838],[-76.0186,40.5738],[-75.9932,40.6397],[-75.8915,40.6773],[-75.5298,40.4471],[-75.6959,40.2424],[-75.8734,40.1371],[-76.1498,40.3147],[-76.2055,40.3607],[-76.2319,40.3663],[-76.4366,40.4962]]]}}]}