{"type":"FeatureCollection","features":[{"type":"Feature","properties":{"county_fips":"10005","county_name":"Sussex","state":"DE"},"geometry":{"type":"Polygon","coordinates":[[[-75.7226,38.8299],[-75.555,38.8356],[-75.5204,38.8557],[-75.4858,38.9036],[-75.4014,38.9184],[-75.4007,38.9477],[-75.3932,38.9557],[-75.3721,38.9614],[-75.3528,38.9479],[-75.3441,38.9553],[-75.3387,38.9463],[-75.3167,38.9529],[-75.3115,38.9446],[-75.3171,38.9334],[-75.3041,38.9132],[-75.1906,38.8069],[-75.134,38.7822],[-75.0971,38.7887],[-75.0991,38.8035],[-75.092,38.8039],[-75.0655,38.661],[-75.0489,38.4513],[-75.6937,38.4601],[-75.7226,38.8299]]]}},{"type":"Feature","properties":{"county_fips":"10003","county_name":"New Castle","state":"DE"},"geometry":{"type":"MultiPolygon","coordinates":[[[[-75.5655,39.5094],[-75.5648,39.5159],[-75.5613,39.5195],[-75.5655,39.5094]]],[[[-75.5708,39.6268],[-75.5594,39.6298],[-75.5562,39.6064],[-75.562,39.6057],[-75.5708,39.6268]]],[[[-75.5797,39.5979],[-75.5708,39.5941],[-75.5649,39.589],[-75.5721,39.5859],[-75.5797,39.5979]]],[[[-75.7601,39.2968],[-75.7886,39.7222],[-75.7738,39.7222],[-75.727,39.7841],[-75.6628,39.8212],[-75.5937,39.8375],[-75.5393,39.8382],[-75.4812,39.8291],[-75.4234,39.8066],[-75.4685,39.7865],[-75.5091,39.7201],[-75.5622,39.6567],[-75.5871,39.651],[-75.6149,39.616],[-75.6046,39.5899],[-75.563,39.5622],[-75.5923,39.4676],[-75.5718,39.4389],[-75.5385,39.4165],[-75.5124,39.3657],[-75.5358,39.3506],[-75.5534,39.353],[-75.551,39.3456],[-75.5605,39.3451],[-75.5562,39.3353],[-75.569,39.3287],[-75.5746,39.3134],[-75.6196,39.3101],[-75.6545,39.2912],[-75.7601,39.2968]]]]}},{"type":"Feature","properties":{"county_fips":"36005","county_name":"Bronx","state":"NY"},"geometry":{"type":"MultiPolygon","coordinates":[[[[-73.7724,40.8595],[-73.7656,40.8557],[-73.7698,40.845],[-73.7716,40.8472],[-73.7724,40.8595]]],[[[-73.7867,40.8588],[-73.7846,40.8603],[-73.7841,40.8594],[-73.7867,40.8588]]],[[[-73.7923,40.8554],[-73.7822,40.8467],[-73.783,40.8375],[-73.7911,40.8472],[-73.7923,40.8554]]],[[[-73.9338,40.8822],[-73.9183,40.9177],[-73.8594,40.9004],[-73.8511,40.91],[-73.8384,40.8941],[-73.793,40.8834],[-73.7834,40.871],[-73.7912,40.8689],[-73.7998,40.8487],[-73.8044,40.8616],[-73.818,40.8636],[-73.8142,40.8259],[-73.7902,40.805],[-73.8531,40.8001],[-73.8783,40.7854],[-73.9273,40.8026],[-73.933,40.8357],[-73.907,40.8735],[-73.9338,40.8822]]]]}},{"type":"Feature","properties":{"county_fips":"36119","county_name":"Westchester","state":"NY"},"geometry":{"type":"MultiPolygon","coordinates":[[[[-73.774,40.8826],[-73.7671,40.886],[-73.7677,40.881],[-73.774,40.8826]]],[[[-73.9825,41.3218],[-73.5447,41.3665],[-73.551,41.2954],[-73.4827,41.2128],[-73.7278,41.1007],[-73.6553,41.0122],[-73.6649,40.9837],[-73.6563,40.9797],[-73.6601,40.9691],[-73.6776,40.9642],[-73.6954,40.94],[-73.6932,40.955],[-73.7049,40.9403],[-73.7206,40.941],[-73.7344,40.9215],[-73.7422,40.9277],[-73.7438,40.9178],[-73.7831,40.882],[-73.824,40.8899],[-73.8384,40.8941],[-73.8511,40.91],[-73.8594,40.9004],[-73.9183,40.9177],[-73.8936,40.9972],[-73.8875,41.1383],[-73.9315,41.205],[-73.9708,41.2479],[-73.9697,41.2632],[-73.9458,41.2876],[-73.9825,41.3218]]]]}},{"type":"Feature","properties":{"county_fips":"44007","county_name":"Providence","state":"RI"},"geometry":{"type":"Polygon","coordinates":[[[-71.7992,42.0081],[-71.3814,42.0188],[-71.3817,41.8932],[-71.3387,41.8984],[-71.334,41.8623],[-71.3422,41.8448],[-71.3352,41.8355],[-71.3472,41.8231],[-71.3407,41.7983],[-71.3179,41.7762],[-71.3599,41.7451],[-71.3618,41.7607],[-71.3696,41.7646],[-71.3651,41.7775],[-71.3906,41.7837],[-71.3847,41.7576],[-71.3996,41.7683],[-71.4338,41.7614],[-71.4553,41.7324],[-71.7897,41.7252],[-71.7992,42.0081]]]}},{"type":"Feature","properties":{"county_fips":"24005","county_name":"Baltimore","state":"MD"},"geometry":{"type":"MultiPolygon","coordinates":[[[[-76.3241,39.3126],[-76.3245,39.3138],[-76.3214,39.3129],[-76.3241,39.3126]]],[[[-76.3855,39.2476],[-76.3569,39.261],[-76.3438,39.2573],[-76.3715,39.238],[-76.3855,39.2476]]],[[[-76.3934,39.2319],[-76.3944,39.234],[-76.3903,39.2347],[-76.3934,39.2319]]],[[[-76.8956,39.4295],[-76.8943,39.4398],[-76.8873,39.4405],[-76.8918,39.4454],[-76.8764,39.4508],[-76.893,39.4553],[-76.8857,39.4564],[-76.892,39.4618],[-76.8766,39.483],[-76.867,39.4849],[-76.8567,39.5316],[-76.7871,39.7208],[-76.5694,39.7212],[-76.5652,39.6145],[-76.5601,39.5961],[-76.5323,39.5616],[-76.5322,39.544],[-76.5085,39.5238],[-76.4946,39.5266],[-76.4593,39.5072],[-76.4322,39.5066],[-76.4331,39.4883],[-76.3867,39.4597],[-76.3789,39.4454],[-76.3803,39.4248],[-76.3702,39.4153],[-76.3719,39.4051],[-76.3611,39.4003],[-76.3593,39.3814],[-76.3378,39.3733],[-76.3455,39.3583],[-76.3306,39.3354],[-76.3494,39.3392],[-76.3518,39.3265],[-76.3334,39.3241],[-76.3292,39.315],[-76.34,39.3045],[-76.3482,39.3176],[-76.3535,39.3104],[-76.3682,39.3218],[-76.3644,39.3118],[-76.3833,39.2983],[-76.3839,39.3084],[-76.3946,39.3036],[-76.4088,39.3117],[-76.4081,39.3001],[-76.3816,39.2843],[-76.3992,39.2703],[-76.4009,39.249],[-76.4434,39.2559],[-76.4511,39.2467],[-76.4225,39.2325],[-76.3993,39.2387],[-76.3991,39.229],[-76.4425,39.1954],[-76.4495,39.2016],[-76.4468,39.2183],[-76.4625,39.2158],[-76.4615,39.2041],[-76.4957,39.2019],[-76.4974,39.2269],[-76.5126,39.2285],[-76.5183,39.242],[-76.5296,39.2403],[-76.5298,39.3721],[-76.7113,39.3719],[-76.7111,39.2779],[-76.6186,39.2374],[-76.6315,39.2239],[-76.6617,39.2311],[-76.7004,39.213],[-76.7945,39.2666],[-76.7786,39.295],[-76.7965,39.305],[-76.7947,39.3143],[-76.8252,39.3193],[-76.8355,39.312],[-76.875,39.3322],[-76.8823,39.3502],[-76.8734,39.3571],[-76.8913,39.3822],[-76.8734,39.3889],[-76.8855,39.3976],[-76.8789,39.4039],[-76.8844,39.4046],[-76.8814,39.4174],[-76.8745,39.4191],[-76.8956,39.4295]]]]}},{"type":"Feature","properties":{"county_fips":"24019","county_name":"Dorchester","state":"MD"},"geometry":{"type":"MultiPolygon","coordinates":[[[[-76.0645,38.1255],[-76.0646,38.1301],[-76.0611,38.1269],[-76.0645,38.1255]]],[[[-76.0888,38.1631],[-76.0805,38.1735],[-76.0872,38.1919],[-76.0588,38.191],[-76.0561,38.1972],[-76.0705,38.2029],[-76.0638,38.205],[-76.049,38.2038],[-76.0367,38.1923],[-76.0421,38.1842],[-76.029,38.1838],[-76.0224,38.1738],[-76.0403,38.1657],[-76.0289,38.1542],[-76.038,38.1472],[-76.0512,38.1475],[-76.0637,38.1709],[-76.0767,38.1582],[-76.0888,38.1631]]],[[[-76.0902,38.1448],[-76.0844,38.1454],[-76.0856,38.1386],[-76.0902,38.1448]]],[[[-76.0859,38.1167],[-76.0865,38.1244],[-76.0845,38.1227],[-76.0859,38.1167]]],[[[-76.2644,38.342],[-76.2546,38.3407],[-76.2545,38.3249],[-76.2577,38.3249],[-76.2644,38.342]]],[[[-76.3326,38.4844],[-76.3249,38.4875],[-76.3269,38.4984],[-76.2876,38.5035],[-76.2817,38.4961],[-76.2654,38.4975],[-76.2473,38.5238],[-76.2202,38.5319],[-76.2228,38.5398],[-76.2674,38.5426],[-76.2741,38.5312],[-76.2813,38.5611],[-76.305,38.5725],[-76.2918,38.5837],[-76.2809,38.5747],[-76.2662,38.5861],[-76.2721,38.5921],[-76.2623,38.6023],[-76.2749,38.6036],[-76.2846,38.6264],[-76.2699,38.61],[-76.2609,38.6175],[-76.2514,38.6139],[-76.2493,38.6262],[-76.2354,38.627],[-76.2363,38.6124],[-76.2124,38.6067],[-76.1702,38.6287],[-76.1647,38.6219],[-76.1686,38.6022],[-76.1613,38.5951],[-76.1413,38.606],[-76.1143,38.583],[-76.0883,38.5927],[-76.0749,38.5773],[-76.0431,38.5621],[-75.9906,38.5933],[-75.9809,38.6101],[-75.9835,38.6251],[-75.9579,38.648],[-75.949,38.6718],[-75.9176,38.6801],[-75.8971,38.7013],[-75.8783,38.6935],[-75.8404,38.7042],[-75.8005,38.6969],[-75.7984,38.6763],[-75.7738,38.6764],[-75.7627,38.6862],[-75.7074,38.6354],[-75.7016,38.5607],[-75.7272,38.5398],[-75.7469,38.5362],[-75.765,38.5065],[-75.8237,38.481],[-75.8149,38.4665],[-75.8367,38.4481],[-75.8213,38.4393],[-75.8213,38.4301],[-75.8456,38.4219],[-75.851,38.4045],[-75.8383,38.3859],[-75.869,38.3798],[-75.8636,38.3595],[-75.9122,38.3432],[-75.9136,38.3271],[-75.9383,38.3068],[-75.9386,38.2723],[-75.9549,38.264],[-75.9545,38.2529],[-75.9407,38.2469],[-75.9492,38.2375],[-75.9703,38.2338],[-75.9619,38.2514],[-75.9825,38.2645],[-75.981,38.2751],[-76.0174,38.3091],[-75.9653,38.3225],[-75.9573,38.3476],[-75.9666,38.3477],[-75.9759,38.3675],[-76.013,38.3749],[-76.0051,38.3684],[-76.0172,38.3329],[-76.0628,38.3046],[-76.0448,38.3012],[-76.027,38.2814],[-76.0406,38.2503],[-76.0585,38.2502],[-76.0441,38.2437],[-76.032,38.2167],[-76.0582,38.2284],[-76.0749,38.2549],[-76.0997,38.2536],[-76.1076,38.2625],[-76.0965,38.257],[-76.077,38.2692],[-76.0989,38.2808],[-76.0988,38.2914],[-76.1159,38.2915],[-76.1058,38.3016],[-76.1288,38.3026],[-76.1323,38.2895],[-76.1235,38.2811],[-76.1385,38.2814],[-76.1492,38.2719],[-76.1499,38.2847],[-76.132,38.3078],[-76.1644,38.3158],[-76.1747,38.3246],[-76.1972,38.3169],[-76.1989,38.3247],[-76.1878,38.3249],[-76.1827,38.3368],[-76.1675,38.3217],[-76.1606,38.3204],[-76.1595,38.3274],[-76.172,38.3352],[-76.1824,38.3596],[-76.2047,38.3711],[-76.2187,38.3651],[-76.2138,38.3869],[-76.2282,38.3945],[-76.2339,38.3653],[-76.2107,38.3292],[-76.2214,38.324],[-76.2203,38.3102],[-76.2061,38.3003],[-76.1988,38.2899],[-76.1721,38.2972],[-76.1605,38.291],[-76.1778,38.2905],[-76.1796,38.2668],[-76.1632,38.2489],[-76.1463,38.2497],[-76.1257,38.239],[-76.1406,38.2318],[-76.1717,38.2479],[-76.2065,38.2984],[-76.2296,38.3144],[-76.2329,38.3452],[-76.2781,38.3824],[-76.2828,38.4158],[-76.3316,38.4735],[-76.3326,38.4844]]]]}},{"type":"Feature","properties":{"county_fips":"24015","county_name":"Cecil","state":"MD"},"geometry":{"type":"Polygon","coordinates":[[[-76.2333,39.7213],[-75.7886,39.7222],[-75.7667,39.3775],[-75.7842,39.3825],[-75.8061,39.3753],[-75.8188,39.3823],[-75.8455,39.3677],[-75.8851,39.3608],[-75.957,39.3746],[-75.9811,39.3666],[-75.9951,39.3847],[-76.0399,39.3881],[-76.035,39.402],[-75.9826,39.4353],[-75.9666,39.4628],[-75.9837,39.4707],[-75.996,39.4538],[-76.0123,39.4531],[-75.9949,39.4719],[-75.9805,39.5291],[-75.9623,39.5361],[-75.9692,39.5416],[-75.969,39.5613],[-75.9575,39.565],[-75.9449,39.593],[-75.9577,39.5925],[-75.973,39.5705],[-75.9997,39.5605],[-76.0067,39.5389],[-76.0369,39.5529],[-76.0762,39.5436],[-76.1475,39.6194],[-76.1618,39.6496],[-76.2127,39.6864],[-76.2333,39.7213]]]}},{"type":"Feature","properties":{"county_fips":"25001","county_name":"Barnstable","state":"MA"},"geometry":{"type":"Polygon","coordinates":[[[-70.687,41.5295],[-70.6681,41.5329],[-70.6409,41.5773],[-70.6524,41.6052],[-70.64,41.6246],[-70.6449,41.6402],[-70.6533,41.639],[-70.6507,41.6461],[-70.6205,41.6573],[-70.652,41.663],[-70.6486,41.6703],[-70.6329,41.6704],[-70.6363,41.68],[-70.662,41.6809],[-70.646,41.6938],[-70.6176,41.7011],[-70.6265,41.713],[-70.6431,41.7176],[-70.6208,41.7475],[-70.6326,41.7629],[-70.5654,41.7867],[-70.5373,41.8109],[-70.4716,41.7616],[-70.4,41.7417],[-70.2956,41.7344],[-70.2739,41.7243],[-70.3828,41.7347],[-70.3964,41.7279],[-70.3626,41.7119],[-70.3629,41.7051],[-70.3421,41.7014],[-70.3285,41.7039],[-70.3274,41.7113],[-70.2512,41.7073],[-70.2402,41.7106],[-70.2353,41.7225],[-70.2408,41.7275],[-70.2161,41.743],[-70.0643,41.7728],[-70.0085,41.8008],[-70.009,41.8766],[-70.0002,41.8869],[-70.0242,41.8963],[-70.0134,41.906],[-70.0323,41.9204],[-70.0274,41.9293],[-70.045,41.93],[-70.0616,41.9235],[-70.0542,41.9209],[-70.0657,41.9117],[-70.069,41.8849],[-70.0774,41.9855],[-70.0956,42.0328],[-70.1554,42.0624],[-70.1785,42.0564],[-70.2059,42.0327],[-70.1923,42.0232],[-70.1669,42.0346],[-70.1908,42.02],[-70.2435,42.0606],[-70.2381,42.0729],[-70.1893,42.0823],[-70.0826,42.0547],[-70.0335,42.0177],[-69.9861,41.9496],[-69.9453,41.8452],[-69.9284,41.7084],[-69.9578,41.6204],[-69.9832,41.6083],[-69.9882,41.5547],[-69.9977,41.5423],[-70.0084,41.5414],[-70.0136,41.551],[-69.9939,41.5763],[-69.9922,41.6033],[-69.9705,41.6455],[-69.9964,41.6672],[-70.0142,41.672],[-70.1952,41.6479],[-70.2459,41.6285],[-70.2654,41.6093],[-70.2691,41.6257],[-70.2813,41.6351],[-70.3166,41.6254],[-70.3299,41.6346],[-70.3516,41.6347],[-70.3792,41.6114],[-70.4372,41.6053],[-70.4613,41.5718],[-70.4856,41.5542],[-70.6336,41.5383],[-70.6566,41.5148],[-70.6854,41.5213],[-70.687,41.5295]]]}},{"type":"Feature","properties":{"county_fips":"25017","county_name":"Middlesex","state":"MA"},"geometry":{"type":"Polygon","coordinates":[[[-71.8988,42.7114],[-71.2942,42.697],[-71.2552,42.7366],[-71.2382,42.6694],[-71.2562,42.6571],[-71.1718,42.6165],[-71.182,42.6084],[-71.1649,42.598],[-71.1544,42.6153],[-71.1355,42.5991],[-71.0588,42.6091],[-71.034,42.5855],[-71.0283,42.5741],[-71.057,42.574],[-71.071,42.5559],[-71.0751,42.531],[-71.0386,42.524],[-71.0349,42.5068],[-71.0542,42.4769],[-71.0204,42.4382],[-71.0553,42.3871],[-71.0709,42.389],[-71.0669,42.3948],[-71.0809,42.3821],[-71.0641,42.369],[-71.078,42.3587],[-71.1132,42.3531],[-71.1172,42.3674],[-71.131,42.3739],[-71.1483,42.3611],[-71.1676,42.3601],[-71.1748,42.3503],[-71.1676,42.3334],[-71.157,42.3304],[-71.1789,42.3143],[-71.1647,42.3038],[-71.1912,42.283],[-71.2052,42.2896],[-71.2133,42.3062],[-71.2267,42.3083],[-71.2287,42.3193],[-71.2529,42.3268],[-71.3298,42.313],[-71.3029,42.2483],[-71.3325,42.2491],[-71.3297,42.2333],[-71.3432,42.2206],[-71.3385,42.2152],[-71.3515,42.2115],[-71.3442,42.2007],[-71.4044,42.1884],[-71.4023,42.1788],[-71.4302,42.1794],[-71.4781,42.1568],[-71.478,42.1659],[-71.4974,42.1666],[-71.5026,42.1914],[-71.5557,42.1825],[-71.5568,42.1925],[-71.5829,42.1956],[-71.6022,42.2181],[-71.5868,42.2595],[-71.5566,42.2681],[-71.5065,42.2643],[-71.4864,42.3104],[-71.4868,42.3302],[-71.5511,42.3264],[-71.5852,42.311],[-71.6041,42.3368],[-71.6258,42.3497],[-71.5802,42.387],[-71.6043,42.3977],[-71.5591,42.4119],[-71.5434,42.4665],[-71.5604,42.4744],[-71.5298,42.5198],[-71.5388,42.543],[-71.5803,42.5505],[-71.5946,42.5434],[-71.6199,42.5525],[-71.6359,42.54],[-71.6359,42.524],[-71.679,42.5304],[-71.6646,42.6116],[-71.7758,42.6442],[-71.7753,42.6367],[-71.8585,42.6338],[-71.8578,42.675],[-71.8988,42.7114]]]}},{"type":"Feature","properties":{"county_fips":"34001","county_name":"Atlantic","state":"NJ"},"geometry":{"type":"Polygon","coordinates":[[[-74.9853,39.515],[-74.7362,39.7298],[-74.668,39.6837],[-74.655,39.6271],[-74.64,39.6225],[-74.6348,39.628],[-74.6302,39.6202],[-74.6206,39.6264],[-74.5757,39.5984],[-74.5543,39.5985],[-74.5406,39.5756],[-74.5256,39.5694],[-74.5153,39.5742],[-74.4934,39.5557],[-74.4622,39.5561],[-74.4573,39.5473],[-74.4456,39.5586],[-74.4457,39.5464],[-74.4375,39.5412],[-74.4384,39.5535],[-74.4174,39.5573],[-74.3808,39.4985],[-74.3264,39.5063],[-74.3119,39.4799],[-74.3342,39.451],[-74.334,39.4351],[-74.4236,39.3554],[-74.4599,39.345],[-74.5359,39.3036],[-74.5681,39.2991],[-74.5887,39.3101],[-74.6206,39.2926],[-74.6401,39.296],[-74.6526,39.2886],[-74.6683,39.2977],[-74.6734,39.2892],[-74.6764,39.2973],[-74.6984,39.2893],[-74.7196,39.2986],[-74.7792,39.2992],[-74.7838,39.3072],[-74.8253,39.3054],[-74.8606,39.3194],[-74.8649,39.3385],[-74.852,39.3766],[-74.856,39.424],[-74.9853,39.515]]]}},{"type":"Feature","properties":{"county_fips":"34009","county_name":"Cape May","state":"NJ"},"geometry":{"type":"Polygon","coordinates":[[[-74.9719,38.9406],[-74.9495,39.0156],[-74.8978,39.0988],[-74.8859,39.1436],[-74.8872,39.1588],[-74.9225,39.1888],[-74.9258,39.2188],[-74.8964,39.2351],[-74.8821,39.3084],[-74.8646,39.3244],[-74.8253,39.3054],[-74.7838,39.3072],[-74.7792,39.2992],[-74.7196,39.2986],[-74.6984,39.2893],[-74.6764,39.2973],[-74.6734,39.2892],[-74.6683,39.2977],[-74.6526,39.2886],[-74.6401,39.296],[-74.6206,39.2926],[-74.5887,39.3101],[-74.5681,39.2991],[-74.5488,39.3018],[-74.554,39.2859],[-74.6193,39.2404],[-74.6714,39.1798],[-74.7143,39.1198],[-74.7059,39.1029],[-74.7712,39.0325],[-74.7985,39.0262],[-74.787,39.0022],[-74.7937,38.9941],[-74.8645,38.9404],[-74.8839,38.9424],[-74.9336,38.9285],[-74.9635,38.9312],[-74.9719,38.9406]]]}},{"type":"Feature","properties":{"county_fips":"34019","county_name":"Hunterdon","state":"NJ"},"geometry":{"type":"Polygon","coordinates":[[[-75.1951,40.5797],[-75.1904,40.5916],[-75.1453,40.629],[-75.11,40.6389],[-75.0492,40.6795],[-74.968,40.7116],[-74.9027,40.7718],[-74.9046,40.7806],[-74.8898,40.7877],[-74.8275,40.7441],[-74.7529,40.7311],[-74.725,40.7195],[-74.7166,40.7039],[-74.7239,40.6878],[-74.7185,40.6806],[-74.7308,40.6656],[-74.7196,40.6518],[-74.7265,40.6324],[-74.7027,40.6211],[-74.7218,40.6007],[-74.7249,40.5888],[-74.713,40.5842],[-74.7766,40.5033],[-74.7979,40.5157],[-74.7481,40.4242],[-74.8085,40.4167],[-74.802,40.385],[-74.8697,40.3778],[-74.8563,40.3467],[-74.943,40.3416],[-74.9681,40.3991],[-74.9964,40.4105],[-75.0283,40.4039],[-75.0588,40.4181],[-75.0706,40.4552],[-75.0626,40.4896],[-75.0686,40.5422],[-75.1173,40.5732],[-75.1419,40.5753],[-75.1686,40.5641],[-75.1951,40.5797]]]}},{"type":"Feature","properties":{"county_fips":"34025","county_name":"Monmouth","state":"NJ"},"geometry":{"type":"Polygon","coordinates":[[[-74.6146,40.1824],[-74.5704,40.1857],[-74.5433,40.2167],[-74.4815,40.2429],[-74.4874,40.2531],[-74.4608,40.2514],[-74.3934,40.2796],[-74.3942,40.2884],[-74.3775,40.3054],[-74.2479,40.4066],[-74.2475,40.4315],[-74.2225,40.4519],[-74.2024,40.4394],[-74.181,40.4575],[-74.1582,40.4466],[-74.1353,40.4554],[-74.059,40.4227],[-74.0064,40.4111],[-73.9955,40.4195],[-73.9917,40.4429],[-74.0195,40.4747],[-74.0025,40.4763],[-73.9861,40.4544],[-73.9718,40.3543],[-73.9774,40.2994],[-74.0337,40.102],[-74.0509,40.1037],[-74.0724,40.0894],[-74.0942,40.1075],[-74.0959,40.1287],[-74.1077,40.137],[-74.1503,40.0989],[-74.1795,40.1109],[-74.2319,40.1098],[-74.2446,40.1181],[-74.2418,40.131],[-74.2598,40.1491],[-74.2615,40.167],[-74.4067,40.1724],[-74.5531,40.0791],[-74.6146,40.1824]]]}},{"type":"Feature","properties":{"county_fips":"34023","county_name":"Middlesex","state":"NJ"},"geometry":{"type":"Polygon","coordinates":[[[-74.6302,40.3431],[-74.6202,40.3737],[-74.5879,40.3941],[-74.5856,40.4175],[-74.5362,40.4383],[-74.4823,40.4818],[-74.4599,40.491],[-74.4669,40.5089],[-74.4817,40.5119],[-74.5267,40.5595],[-74.5163,40.5807],[-74.4663,40.5991],[-74.3029,40.6087],[-74.3053,40.6006],[-74.2908,40.5919],[-74.2577,40.6023],[-74.214,40.6041],[-74.2052,40.5939],[-74.2204,40.5589],[-74.2318,40.5623],[-74.2523,40.5527],[-74.2492,40.5233],[-74.2727,40.4884],[-74.2619,40.4647],[-74.2225,40.4519],[-74.2475,40.4315],[-74.2479,40.4066],[-74.3775,40.3054],[-74.3942,40.2884],[-74.3934,40.2796],[-74.4608,40.2514],[-74.485,40.2533],[-74.482,40.2739],[-74.5232,40.2861],[-74.5286,40.2943],[-74.5567,40.2917],[-74.5866,40.3134],[-74.6225,40.3248],[-74.6302,40.3431]]]}},{"type":"Feature","properties":{"county_fips":"36031","county_name":"Essex","state":"NY"},"geometry":{"type":"Polygon","coordinates":[[[-74.3368,43.9252],[-74.256,43.9698],[-74.2819,44.1206],[-74.0935,44.1376],[-74.1414,44.4073],[-73.7482,44.4428],[-73.6693,44.4414],[-73.629,44.4584],[-73.6145,44.4544],[-73.5731,44.4646],[-73.555,44.4825],[-73.5244,44.4932],[-73.4966,44.4861],[-73.4593,44.5208],[-73.4638,44.5377],[-73.3386,44.5468],[-73.3067,44.5003],[-73.2939,44.4376],[-73.315,44.3885],[-73.3349,44.3644],[-73.3129,44.2653],[-73.3236,44.2439],[-73.3432,44.238],[-73.362,44.2085],[-73.3906,44.1909],[-73.4024,44.1459],[-73.4158,44.1328],[-73.4113,44.1127],[-73.4377,44.045],[-73.406,44.0162],[-73.4126,43.9827],[-73.4086,43.9329],[-73.3741,43.8756],[-73.382,43.855],[-73.3722,43.8453],[-73.3928,43.8222],[-73.3793,43.8085],[-74.057,43.7445],[-74.0471,43.7963],[-74.0857,43.8089],[-74.1166,43.809],[-74.1491,43.8296],[-74.2012,43.8212],[-74.2137,43.8109],[-74.3368,43.9252]]]}},{"type":"Feature","properties":{"county_fips":"37047","county_name":"Columbus","state":"NC"},"geometry":{"type":"Polygon","coordinates":[[[-79.0712,34.2993],[-79.0529,34.3146],[-79.0383,34.3135],[-79.0272,34.3529],[-79.009,34.353],[-79.0008,34.3647],[-79.0116,34.3803],[-78.995,34.3926],[-78.9776,34.3903],[-78.9682,34.3973],[-78.9711,34.4277],[-78.9599,34.4428],[-78.9374,34.4551],[-78.9074,34.4557],[-78.869,34.4848],[-78.8252,34.4618],[-78.6676,34.4696],[-78.6564,34.4603],[-78.6594,34.4537],[-78.6468,34.4607],[-78.594,34.4314],[-78.4453,34.3774],[-78.3351,34.3676],[-78.2561,34.3995],[-78.2345,34.3738],[-78.2292,34.379],[-78.2102,34.3684],[-78.2025,34.3533],[-78.1624,34.357],[-78.2546,34.2163],[-78.3743,34.2049],[-78.3668,34.1888],[-78.3916,34.1739],[-78.4227,34.1396],[-78.5029,34.1691],[-78.5452,34.1457],[-78.5388,34.1252],[-78.5551,34.1168],[-78.549,34.1115],[-78.554,34.1041],[-78.5441,34.0999],[-78.5602,34.0921],[-78.5571,34.0618],[-78.5796,34.0516],[-78.5793,34.0369],[-78.5908,34.0272],[-78.6003,34.03],[-78.6406,34.0103],[-78.6241,33.9733],[-78.6484,33.9655],[-78.6422,33.9581],[-78.6504,33.9443],[-79.0712,34.2993]]]}},{"type":"Feature","properties":{"county_fips":"37055","county_name":"Dare","state":"NC"},"geometry":{"type":"MultiPolygon","coordinates":[[[[-75.7268,35.9358],[-75.6911,35.9369],[-75.6595,35.9196],[-75.662,35.9065],[-75.6451,35.9058],[-75.6168,35.8563],[-75.6144,35.8157],[-75.6205,35.8093],[-75.6751,35.8302],[-75.6601,35.8386],[-75.6634,35.8698],[-75.7268,35.9358]]],[[[-75.7325,35.2004],[-75.7006,35.2114],[-75.681,35.2333],[-75.6772,35.2194],[-75.6413,35.2287],[-75.5976,35.257],[-75.5955,35.2693],[-75.5798,35.263],[-75.5218,35.2718],[-75.5137,35.3569],[-75.4952,35.3891],[-75.4833,35.4849],[-75.4861,35.5227],[-75.4761,35.5343],[-75.4687,35.574],[-75.4714,35.6217],[-75.5105,35.7136],[-75.5106,35.7326],[-75.5289,35.7714],[-75.5234,35.7736],[-75.4859,35.6985],[-75.4606,35.577],[-75.4792,35.4834],[-75.4858,35.4007],[-75.5278,35.2277],[-75.6022,35.2326],[-75.7325,35.2004]]],[[[-75.7954,36.2271],[-75.7733,36.2315],[-75.7183,36.1137],[-75.5698,35.8633],[-75.5369,35.7889],[-75.5631,35.7993],[-75.576,35.8231],[-75.5714,35.8311],[-75.6229,35.8923],[-75.6122,35.9053],[-75.6154,35.9264],[-75.6445,35.9644],[-75.6671,35.9714],[-75.6823,35.9958],[-75.7276,36.0034],[-75.7273,36.022],[-75.7106,36.0256],[-75.7064,36.0392],[-75.7152,36.0483],[-75.7371,36.0408],[-75.7519,36.1224],[-75.7459,36.1441],[-75.7724,36.2175],[-75.7856,36.217],[-75.7954,36.2271]]],[[[-76.013,35.6701],[-75.9998,35.694],[-76.0012,35.7253],[-75.9829,35.7726],[-75.9941,35.8125],[-75.976,35.8385],[-75.9881,35.8618],[-75.9805,35.8703],[-75.9861,35.889],[-75.9216,35.9359],[-75.9473,35.9598],[-75.8709,35.9786],[-75.8094,35.9593],[-75.8056,35.9461],[-75.7825,35.9334],[-75.7823,35.9196],[-75.768,35.9119],[-75.7642,35.8924],[-75.7495,35.8841],[-75.7519,35.851],[-75.728,35.8245],[-75.7352,35.7805],[-75.7424,35.7749],[-75.7172,35.6937],[-75.7381,35.682],[-75.7426,35.6996],[-75.7673,35.7056],[-75.7808,35.6884],[-75.7665,35.6771],[-75.7649,35.6564],[-75.7399,35.6446],[-75.7361,35.6255],[-75.7522,35.608],[-75.7851,35.5955],[-75.778,35.5798],[-75.8334,35.5715],[-75.812,35.5833],[-75.8135,35.5917],[-75.8569,35.5877],[-75.8631,35.6094],[-75.8718,35.6106],[-75.8688,35.6299],[-75.892,35.6433],[-75.9013,35.669],[-76.013,35.6701]]]]}},{"type":"Feature","properties":{"county_fips":"37091","county_name":"Hertford","state":"NC"},"geometry":{"type":"Polygon","coordinates":[[[-77.2086,36.2468],[-77.1313,36.4378],[-77.1368,36.4561],[-77.1124,36.4777],[-77.0838,36.4723],[-77.0664,36.4829],[-77.0665,36.497],[-77.0854,36.5],[-77.0834,36.5132],[-77.1484,36.525],[-77.151,36.5405],[-77.1644,36.5463],[-76.914,36.5432],[-76.925,36.5307],[-76.9051,36.5226],[-76.9065,36.5107],[-76.9345,36.4847],[-76.9344,36.4713],[-76.9505,36.471],[-76.9432,36.4095],[-76.9079,36.3907],[-76.8227,36.3644],[-76.7795,36.3625],[-76.6975,36.2978],[-76.6938,36.2822],[-76.7014,36.2837],[-76.6978,36.2717],[-76.7222,36.2438],[-76.9714,36.2381],[-77.2086,36.2468]]]}},{"type":"Feature","properties":{"county_fips":"42071","county_name":"Lancaster","state":"PA"},"geometry":{"type":"Polygon","coordinates":[[[-76.7216,40.1201],[-76.6977,40.1563],[-76.6908,40.1563],[-76.6905,40.1484],[-76.6772,40.1489],[-76.6664,40.163],[-76.6384,40.1667],[-76.6065,40.19],[-76.5864,40.1895],[-76.4354,40.2382],[-76.3077,40.255],[-76.1512,40.316],[-75.8734,40.1371],[-75.943,40.1093],[-75.9359,40.0375],[-75.9946,39.9522],[-75.981,39.9335],[-75.9972,39.9286],[-75.9875,39.8725],[-76.0017,39.8747],[-76.0076,39.8523],[-76.0228,39.8498],[-76.0165,39.8315],[-76.0376,39.8269],[-76.0296,39.813],[-76.0392,39.8012],[-76.0497,39.8024],[-76.0413,39.7969],[-76.0667,39.76],[-76.0819,39.7614],[-76.088,39.7449],[-76.1003,39.7457],[-76.0926,39.7342],[-76.0968,39.7291],[-76.1052,39.724],[-76.1086,39.7348],[-76.1199,39.7364],[-76.1193,39.7234],[-76.1344,39.7271],[-76.1356,39.7216],[-76.2398,39.7213],[-76.2783,39.7785],[-76.3383,39.8221],[-76.3521,39.849],[-76.3777,39.8667],[-76.3905,39.9118],[-76.4777,39.9498],[-76.4954,39.9761],[-76.5006,40.0006],[-76.5297,40.0309],[-76.5339,40.0508],[-76.5712,40.0457],[-76.6638,40.0632],[-76.7216,40.1201]]]}},{"type":"Feature","properties":{"county_fips":"44009","county_name":"Washington","state":"RI"},"geometry":{"type":"MultiPolygon","coordinates":[[[[-71.6131,41.1603],[-71.5929,41.1989],[-71.5806,41.2034],[-71.5777,41.2312],[-71.5625,41.2242],[-71.5541,41.213],[-71.5663,41.1843],[-71.5444,41.1649],[-71.5471,41.1537],[-71.6,41.1469],[-71.6131,41.1603]]],[[[-71.8574,41.3063],[-71.8605,41.3202],[-71.8294,41.3424],[-71.8379,41.3601],[-71.8306,41.3788],[-71.8426,41.4099],[-71.8169,41.4199],[-71.7977,41.4167],[-71.7894,41.5969],[-71.4844,41.6026],[-71.488,41.616],[-71.4697,41.6345],[-71.4591,41.6379],[-71.4514,41.6295],[-71.4393,41.648],[-71.4089,41.6538],[-71.4032,41.6275],[-71.4086,41.622],[-71.4024,41.6156],[-71.4169,41.6049],[-71.4036,41.603],[-71.4038,41.5893],[-71.4471,41.5784],[-71.4155,41.5299],[-71.4184,41.4727],[-71.4307,41.4706],[-71.4258,41.456],[-71.4383,41.4396],[-71.4558,41.433],[-71.453,41.4097],[-71.4842,41.3718],[-71.4809,41.3602],[-71.5029,41.3742],[-71.5516,41.3744],[-71.6242,41.3612],[-71.716,41.3311],[-71.7737,41.328],[-71.8574,41.3063]]]]}},{"type":"Feature","properties":{"county_fips":"45051","county_name":"Horry","state":"SC"},"geometry":{"type":"Polygon","coordinates":[[[-79.3388,33.9705],[-79.3285,34.0002],[-79.3151,33.9965],[-79.3072,34.0059],[-79.3076,34.0277],[-79.2478,34.0571],[-79.2396,34.0768],[-79.2481,34.0795],[-79.2501,34.0904],[-79.2301,34.1088],[-79.2209,34.1077],[-79.2189,34.1268],[-79.2058,34.133],[-79.2075,34.1548],[-79.1973,34.1587],[-79.1927,34.1754],[-79.1769,34.1848],[-79.1736,34.1795],[-79.1539,34.2072],[-79.1337,34.2157],[-79.1357,34.2291],[-79.1267,34.2361],[-79.1348,34.241],[-79.1264,34.2573],[-79.0937,34.278],[-79.0861,34.295],[-79.0713,34.2993],[-78.5473,33.8565],[-78.6977,33.808],[-78.7958,33.7551],[-78.9141,33.6616],[-79.0018,33.5727],[-79.1011,33.573],[-79.0998,33.609],[-79.1091,33.6003],[-79.1213,33.6048],[-79.1233,33.6232],[-79.1337,33.6357],[-79.1349,33.6485],[-79.1273,33.6436],[-79.1239,33.6522],[-79.1295,33.6501],[-79.1364,33.6638],[-79.1533,33.6594],[-79.1573,33.6848],[-79.1914,33.7065],[-79.1959,33.7279],[-79.2481,33.7844],[-79.2609,33.8189],[-79.2488,33.8312],[-79.2641,33.8425],[-79.256,33.8654],[-79.2636,33.8925],[-79.2999,33.9038],[-79.3123,33.9182],[-79.3067,33.9239],[-79.3069,33.9348],[-79.317,33.9341],[-79.3116,33.9442],[-79.3334,33.9527],[-79.3301,33.9616],[-79.3388,33.9705]]]}},{"type":"Feature","properties":{"county_fips":"51133","county_name":"Northumberland","state":"VA"},"geometry":{"type":"Polygon","coordinates":[[[-76.6345,37.9685],[-76.6178,38.0004],[-76.5882,38.0051],[-76.5726,38.0269],[-76.5366,38.0209],[-76.5162,38.0262],[-76.4632,38.0051],[-76.4631,37.9963],[-76.4754,37.9922],[-76.4728,37.9842],[-76.443,37.9852],[-76.4404,37.9768],[-76.4291,37.9775],[-76.408,37.9628],[-76.3438,37.9473],[-76.237,37.8905],[-76.2505,37.835],[-76.2661,37.8174],[-76.2805,37.8126],[-76.2849,37.8223],[-76.3066,37.8219],[-76.3122,37.8141],[-76.3076,37.8002],[-76.3165,37.7928],[-76.3153,37.782],[-76.2855,37.7841],[-76.2879,37.7775],[-76.3058,37.7801],[-76.3081,37.7642],[-76.316,37.7636],[-76.3072,37.7313],[-76.3221,37.737],[-76.3203,37.7199],[-76.3032,37.7023],[-76.3036,37.6894],[-76.3135,37.6944],[-76.3125,37.6846],[-76.3318,37.6853],[-76.3743,37.7113],[-76.3618,37.7368],[-76.3681,37.7734],[-76.4011,37.7802],[-76.4196,37.8064],[-76.4187,37.8229],[-76.4296,37.829],[-76.4599,37.8204],[-76.4776,37.8374],[-76.4948,37.8412],[-76.5081,37.8333],[-76.5112,37.8497],[-76.5479,37.8676],[-76.5411,37.8903],[-76.556,37.9315],[-76.6049,37.9482],[-76.6345,37.9685]]]}},{"type":"Feature","properties":{"county_fips":"51073","county_name":"Gloucester","state":"VA"},"geometry":{"type":"Polygon","coordinates":[[[-76.7123,37.4313],[-76.7021,37.4505],[-76.687,37.4479],[-76.674,37.4613],[-76.6622,37.4578],[-76.6468,37.4812],[-76.648,37.4959],[-76.6693,37.5285],[-76.6541,37.6032],[-76.6235,37.5861],[-76.6117,37.5903],[-76.6125,37.5819],[-76.5958,37.5881],[-76.5749,37.5738],[-76.5735,37.5629],[-76.5559,37.5551],[-76.5479,37.5679],[-76.5237,37.5486],[-76.5073,37.5475],[-76.4992,37.5369],[-76.4812,37.5362],[-76.4376,37.5144],[-76.4518,37.4846],[-76.4421,37.4528],[-76.4484,37.4498],[-76.4499,37.428],[-76.4447,37.4185],[-76.4145,37.4136],[-76.4173,37.3795],[-76.4093,37.3701],[-76.4287,37.3815],[-76.451,37.3813],[-76.4548,37.3882],[-76.4696,37.3706],[-76.4565,37.3593],[-76.4441,37.3665],[-76.4209,37.3434],[-76.4037,37.3387],[-76.4059,37.3299],[-76.4153,37.3317],[-76.4129,37.3226],[-76.4371,37.3241],[-76.4386,37.3138],[-76.4192,37.3077],[-76.3947,37.3129],[-76.3886,37.3085],[-76.3969,37.303],[-76.3863,37.2983],[-76.3829,37.2863],[-76.3526,37.2783],[-76.3546,37.2723],[-76.4172,37.2651],[-76.4291,37.2533],[-76.4828,37.2548],[-76.5063,37.2434],[-76.6007,37.314],[-76.6495,37.3743],[-76.7123,37.4313]]]}},{"type":"Feature","properties":{"county_fips":"37163","county_name":"Sampson","state":"NC"},"geometry":{"type":"Polygon","coordinates":[[[-78.6718,35.087],[-78.6582,35.0945],[-78.6538,35.1114],[-78.639,35.117],[-78.6519,35.1218],[-78.6347,35.1394],[-78.6399,35.1549],[-78.6328,35.1642],[-78.6389,35.167],[-78.6299,35.1723],[-78.64,35.1859],[-78.6357,35.1917],[-78.6464,35.1986],[-78.6244,35.204],[-78.6332,35.2137],[-78.6195,35.2269],[-78.6171,35.2457],[-78.5846,35.2733],[-78.5835,35.2968],[-78.5383,35.3164],[-78.4919,35.2633],[-78.4118,35.2547],[-78.3066,35.2876],[-78.2462,35.226],[-78.1618,35.2043],[-78.1718,35.0935],[-78.1598,35.0798],[-78.1471,34.9025],[-78.1986,34.7416],[-78.1352,34.7102],[-78.114,34.7218],[-78.1135,34.7072],[-78.1565,34.6791],[-78.2544,34.5536],[-78.2601,34.5566],[-78.2517,34.562],[-78.2663,34.584],[-78.275,34.5814],[-78.2912,34.6005],[-78.3032,34.6005],[-78.3131,34.6259],[-78.3221,34.6285],[-78.3116,34.6416],[-78.3246,34.6497],[-78.325,34.6688],[-78.3469,34.6802],[-78.3493,34.6919],[-78.3734,34.6992],[-78.3686,34.7043],[-78.3823,34.7173],[-78.3794,34.7234],[-78.3919,34.7296],[-78.3907,34.7495],[-78.4245,34.7699],[-78.4498,34.8135],[-78.4592,34.8127],[-78.4658,34.8276],[-78.4877,34.8363],[-78.4952,34.8591],[-78.5131,34.8691],[-78.5127,34.8806],[-78.5469,34.9006],[-78.5435,34.9138],[-78.5623,34.918],[-78.5727,34.9374],[-78.6075,34.9536],[-78.647,34.9923],[-78.645,35.0101],[-78.6593,35.0428],[-78.6545,35.0508],[-78.6718,35.087]]]}},{"type":"Feature","properties":{"county_fips":"51175","county_name":"Southampton","state":"VA"},"geometry":{"type":"Polygon","coordinates":[[[-77.5019,36.6705],[-77.3448,36.7526],[-76.8491,36.9956],[-76.859,36.956],[-76.8448,36.9326],[-76.8314,36.9296],[-76.8357,36.9194],[-76.8156,36.9143],[-76.8149,36.9005],[-76.8273,36.8875],[-76.818,36.8806],[-76.8387,36.8668],[-76.8339,36.8629],[-76.8408,36.8558],[-76.8519,36.8537],[-76.8493,36.8463],[-76.8597,36.8357],[-76.8556,36.8272],[-76.8689,36.8084],[-76.8617,36.8006],[-76.8656,36.7896],[-76.885,36.7802],[-76.8846,36.7644],[-76.8983,36.762],[-76.8948,36.747],[-76.9154,36.7365],[-76.9226,36.7096],[-76.9524,36.7087],[-76.9694,36.6961],[-76.9665,36.6804],[-76.9474,36.6759],[-76.9623,36.6675],[-76.9004,36.6457],[-76.8913,36.6304],[-76.9123,36.6179],[-76.9095,36.5792],[-76.9203,36.5776],[-76.9309,36.5596],[-76.9157,36.5533],[-76.916,36.5438],[-77.2968,36.5447],[-77.3317,36.5578],[-77.3484,36.5506],[-77.3611,36.5651],[-77.3577,36.6008],[-77.3714,36.6072],[-77.3735,36.6296],[-77.386,36.6296],[-77.3865,36.6418],[-77.415,36.654],[-77.4633,36.6521],[-77.4776,36.6691],[-77.5019,36.6705]]]}},{"type":"Feature","properties":{"county_fips":"37155","county_name":"Robeson","state":"NC"},"geometry":{"type":"Polygon","coordinates":[[[-79.4615,34.6304],[-79.3317,34.773],[-79.3576,34.8203],[-79.3488,34.8389],[-79.1914,34.8337],[-79.0387,34.9527],[-78.9408,34.9034],[-78.9223,34.8755],[-78.927,34.864],[-78.8924,34.8138],[-78.8836,34.8124],[-78.8544,34.7357],[-78.8054,34.6866],[-78.8094,34.6683],[-78.8192,34.6626],[-78.8136,34.6519],[-78.8344,34.6216],[-78.8315,34.6088],[-78.8412,34.5974],[-78.8361,34.5935],[-78.8627,34.562],[-78.853,34.5278],[-78.857,34.5151],[-78.8444,34.5081],[-78.8464,34.5002],[-78.8634,34.498],[-78.8697,34.4824],[-78.9074,34.4557],[-78.9374,34.4551],[-78.9599,34.4428],[-78.9711,34.4277],[-78.9682,34.3973],[-78.9776,34.3903],[-78.995,34.3926],[-79.0116,34.3803],[-79.0008,34.3647],[-79.009,34.353],[-79.0272,34.3529],[-79.0383,34.3135],[-79.0529,34.3146],[-79.0712,34.2993],[-79.4615,34.6304]]]}},{"type":"Feature","properties":{"county_fips":"23031","county_name":"York","state":"ME"},"geometry":{"type":"MultiPolygon","coordinates":[[[[-70.6078,42.9778],[-70.6124,42.9918],[-70.6013,42.9811],[-70.6078,42.9778]]],[[[-70.989,43.7922],[-70.9575,43.7851],[-70.8807,43.8109],[-70.8613,43.8047],[-70.814,43.8114],[-70.7969,43.8063],[-70.7878,43.8143],[-70.7661,43.7924],[-70.7453,43.788],[-70.6952,43.8052],[-70.6738,43.7884],[-70.6699,43.7942],[-70.653,43.7875],[-70.6498,43.7684],[-70.6563,43.7643],[-70.643,43.7522],[-70.6574,43.7015],[-70.628,43.7041],[-70.6145,43.6983],[-70.6121,43.6871],[-70.5953,43.6972],[-70.5774,43.6872],[-70.55,43.7158],[-70.4577,43.6424],[-70.492,43.6068],[-70.3534,43.5354],[-70.3849,43.496],[-70.3829,43.4697],[-70.3674,43.4523],[-70.3273,43.4585],[-70.3328,43.4464],[-70.3705,43.4341],[-70.3979,43.3942],[-70.4076,43.4009],[-70.4277,43.3893],[-70.4163,43.3611],[-70.4658,43.3408],[-70.4743,43.3471],[-70.5177,43.344],[-70.5539,43.3219],[-70.5939,43.2493],[-70.5758,43.2219],[-70.6088,43.1756],[-70.5904,43.1652],[-70.619,43.1636],[-70.6225,43.1346],[-70.6321,43.1332],[-70.6384,43.1142],[-70.6731,43.0703],[-70.7038,43.0598],[-70.7065,43.0753],[-70.7564,43.08],[-70.8268,43.1271],[-70.8338,43.1469],[-70.8235,43.1746],[-70.8283,43.1867],[-70.8193,43.193],[-70.8096,43.2254],[-70.8179,43.2379],[-70.8387,43.2429],[-70.8433,43.2543],[-70.8828,43.2732],[-70.8992,43.2875],[-70.8963,43.2921],[-70.906,43.2917],[-70.9023,43.3049],[-70.9327,43.3368],[-70.953,43.3333],[-70.9672,43.3438],[-70.9843,43.3761],[-70.9868,43.4143],[-70.9612,43.4383],[-70.9669,43.4505],[-70.9614,43.4697],[-70.9742,43.4774],[-70.9548,43.5098],[-70.9635,43.5368],[-70.9508,43.551],[-70.9727,43.5703],[-70.989,43.7922]]]]}},{"type":"Feature","properties":{"county_fips":"24041","county_name":"Talbot","state":"MD"},"geometry":{"type":"MultiPolygon","coordinates":[[[[-76.3465,38.692],[-76.3385,38.7223],[-76.3424,38.7509],[-76.3287,38.7664],[-76.3346,38.7729],[-76.3243,38.7751],[-76.3101,38.7968],[-76.3022,38.8252],[-76.2774,38.8314],[-76.2794,38.8412],[-76.255,38.8623],[-76.2513,38.8576],[-76.2658,38.8475],[-76.2492,38.8239],[-76.2421,38.8174],[-76.2294,38.8214],[-76.2115,38.8055],[-76.2164,38.7867],[-76.182,38.7565],[-76.1657,38.7586],[-76.1553,38.7723],[-76.173,38.7703],[-76.2003,38.803],[-76.1911,38.8297],[-76.2017,38.8481],[-76.1924,38.8638],[-76.1822,38.8586],[-76.1699,38.8656],[-76.1625,38.881],[-76.128,38.876],[-76.1035,38.8823],[-76.1155,38.9137],[-76.097,38.9443],[-75.9443,38.9165],[-75.9486,38.8922],[-75.9405,38.8846],[-75.9515,38.8802],[-75.9376,38.8798],[-75.9431,38.8705],[-75.9243,38.8604],[-75.9304,38.8509],[-75.919,38.8461],[-75.9278,38.8389],[-75.9013,38.8247],[-75.9065,38.8197],[-75.8963,38.8125],[-75.928,38.7992],[-75.9495,38.7784],[-75.9671,38.7793],[-75.9764,38.7655],[-75.9989,38.7556],[-75.9954,38.7367],[-76.0132,38.7333],[-76.0144,38.7265],[-75.9942,38.7092],[-75.993,38.6967],[-75.9768,38.6978],[-75.9704,38.6831],[-75.9452,38.6741],[-75.9579,38.648],[-75.9835,38.6251],[-75.9809,38.6101],[-75.9906,38.5933],[-76.0277,38.5724],[-76.0529,38.5941],[-76.0534,38.6038],[-76.0837,38.6166],[-76.0831,38.6235],[-76.1063,38.623],[-76.1108,38.6127],[-76.131,38.6379],[-76.1472,38.6368],[-76.1556,38.6581],[-76.1773,38.676],[-76.1772,38.693],[-76.1871,38.6935],[-76.1977,38.6711],[-76.2128,38.6819],[-76.2134,38.6924],[-76.2387,38.7128],[-76.2293,38.7279],[-76.2382,38.7369],[-76.2293,38.7392],[-76.2153,38.7285],[-76.2055,38.7392],[-76.2246,38.7513],[-76.2246,38.7604],[-76.2361,38.7634],[-76.2443,38.7495],[-76.2548,38.7492],[-76.2719,38.7102],[-76.2842,38.7207],[-76.2992,38.7193],[-76.2966,38.7459],[-76.3134,38.7491],[-76.3249,38.7401],[-76.3128,38.7307],[-76.334,38.7031],[-76.3219,38.6895],[-76.3232,38.6797],[-76.3382,38.6776],[-76.3397,38.6706],[-76.3465,38.692]]],[[[-76.3907,38.7663],[-76.3752,38.7826],[-76.3633,38.7466],[-76.3836,38.7455],[-76.3907,38.7663]]]]}},{"type":"Feature","properties":{"county_fips":"24037","county_name":"St. Mary's","state":"MD"},"geometry":{"type":"MultiPolygon","coordinates":[[[[-76.7475,38.2121],[-76.7423,38.209],[-76.745,38.2072],[-76.7475,38.2121]]],[[[-76.7931,38.2352],[-76.7941,38.2392],[-76.7898,38.2384],[-76.7931,38.2352]]],[[[-76.81,38.2504],[-76.8109,38.2529],[-76.8089,38.2509],[-76.81,38.2504]]],[[[-76.8737,38.3852],[-76.8503,38.3983],[-76.8227,38.4284],[-76.7683,38.5129],[-76.7143,38.5104],[-76.6936,38.4962],[-76.6741,38.4996],[-76.6521,38.4738],[-76.6539,38.4634],[-76.6084,38.4244],[-76.5656,38.4071],[-76.5584,38.3959],[-76.5341,38.3978],[-76.5004,38.3716],[-76.4841,38.3481],[-76.489,38.3272],[-76.472,38.325],[-76.4763,38.3135],[-76.4592,38.2944],[-76.4351,38.2927],[-76.4227,38.3048],[-76.4001,38.3095],[-76.375,38.2994],[-76.3942,38.2782],[-76.3993,38.2593],[-76.3852,38.2178],[-76.3201,38.1383],[-76.3413,38.1193],[-76.3222,38.0379],[-76.3302,38.0512],[-76.3612,38.0595],[-76.3923,38.1029],[-76.4212,38.106],[-76.4376,38.1361],[-76.4389,38.1608],[-76.4697,38.1534],[-76.461,38.1354],[-76.4698,38.1193],[-76.4655,38.1066],[-76.4733,38.103],[-76.5021,38.1389],[-76.5299,38.1341],[-76.553,38.1872],[-76.5943,38.2158],[-76.686,38.2328],[-76.6871,38.2413],[-76.7199,38.2332],[-76.7321,38.246],[-76.7523,38.2221],[-76.7786,38.2285],[-76.7778,38.2429],[-76.8059,38.2523],[-76.809,38.269],[-76.8023,38.2807],[-76.8249,38.3012],[-76.8327,38.3301],[-76.8416,38.3368],[-76.8271,38.3474],[-76.8479,38.3554],[-76.8499,38.3658],[-76.8737,38.3852]]]]}},{"type":"Feature","properties":{"county_fips":"24039","county_name":"Somerset","state":"MD"},"geometry":{"type":"MultiPolygon","coordinates":[[[[-75.9596,38.1371],[-75.9473,38.1708],[-75.9516,38.1781],[-75.9424,38.1871],[-75.8881,38.2038],[-75.8641,38.2009],[-75.8372,38.2182],[-75.8264,38.2169],[-75.8203,38.2308],[-75.8606,38.2292],[-75.8353,38.2491],[-75.8032,38.2526],[-75.7963,38.2658],[-75.7759,38.2701],[-75.7633,38.286],[-75.7345,38.283],[-75.7208,38.2671],[-75.6994,38.2649],[-75.6872,38.2899],[-75.6627,38.2988],[-75.6128,38.2786],[-75.6058,38.2491],[-75.5494,38.1855],[-75.5494,38.1632],[-75.5696,38.1536],[-75.5767,38.1404],[-75.5401,38.1083],[-75.5461,38.098],[-75.5409,38.0895],[-75.5695,38.0871],[-75.5816,38.0683],[-75.6175,38.073],[-75.6193,38.0582],[-75.638,38.0448],[-75.6563,38.0522],[-75.6574,38.0314],[-75.6195,38.0055],[-75.6338,37.9845],[-75.6288,37.9768],[-75.6382,37.9794],[-75.6561,37.9628],[-75.6554,37.9537],[-75.6717,37.9666],[-75.7131,37.9766],[-75.7161,37.989],[-75.7239,37.9836],[-75.7227,37.9713],[-75.7365,37.9632],[-75.7371,37.983],[-75.7468,37.9877],[-75.7451,37.9805],[-75.754,37.9758],[-75.7465,37.9698],[-75.7838,37.9726],[-75.8093,37.9552],[-75.8187,37.9672],[-75.8261,37.9528],[-75.8209,37.9389],[-75.885,37.9117],[-75.8973,37.9263],[-75.8899,37.9537],[-75.8657,37.9515],[-75.8619,37.9734],[-75.8984,37.9748],[-75.8674,38.0239],[-75.8728,38.032],[-75.8575,38.0388],[-75.8435,38.0275],[-75.8264,38.0459],[-75.7922,38.0565],[-75.7737,38.0771],[-75.7882,38.0861],[-75.7898,38.0722],[-75.8056,38.074],[-75.8006,38.0619],[-75.8129,38.0589],[-75.8242,38.0722],[-75.8443,38.0723],[-75.871,38.0592],[-75.8788,38.0761],[-75.8639,38.0803],[-75.8725,38.0899],[-75.8376,38.1138],[-75.8383,38.1262],[-75.8277,38.1334],[-75.8207,38.1256],[-75.809,38.1358],[-75.8054,38.1284],[-75.7878,38.1375],[-75.7885,38.1458],[-75.8081,38.1405],[-75.8329,38.1517],[-75.8717,38.142],[-75.8686,38.1344],[-75.8803,38.137],[-75.8868,38.1499],[-75.9067,38.1376],[-75.9257,38.151],[-75.9326,38.1492],[-75.9206,38.1314],[-75.9371,38.1242],[-75.9418,38.1119],[-75.9461,38.1266],[-75.9596,38.1371]]],[[[-76.0465,37.9536],[-76.0449,38.0255],[-76.0215,38.0384],[-76.0093,38.0384],[-76.0027,38.0249],[-75.9863,38.0219],[-75.9801,38.0049],[-75.9821,37.9885],[-75.9932,37.985],[-75.9939,37.9535],[-76.0465,37.9536]]],[[[-76.0542,38.0943],[-76.0335,38.091],[-76.0327,38.1011],[-76.048,38.1087],[-76.0147,38.1316],[-76.0226,38.1061],[-76.0081,38.0915],[-76.0127,38.0721],[-76.0239,38.0837],[-76.0355,38.0841],[-76.0297,38.078],[-76.0349,38.0769],[-76.0542,38.0943]]]]}},{"type":"Feature","properties":{"county_fips":"24033","county_name":"Prince George's","state":"MD"},"geometry":{"type":"Polygon","coordinates":[[[-77.0863,38.706],[-77.0532,38.7099],[-77.0433,38.719],[-77.039,38.7916],[-76.9094,38.8928],[-77.0026,38.9655],[-76.986,38.9776],[-76.9911,38.9924],[-76.9029,39.1211],[-76.8857,39.1313],[-76.8704,39.1129],[-76.8416,39.1059],[-76.8275,39.093],[-76.8356,39.0679],[-76.8039,39.0624],[-76.7926,39.0462],[-76.7476,39.0334],[-76.7404,39.0129],[-76.6985,38.9838],[-76.7037,38.9715],[-76.6922,38.9363],[-76.6814,38.9313],[-76.6906,38.9235],[-76.6695,38.9044],[-76.6766,38.876],[-76.6983,38.843],[-76.697,38.8188],[-76.7123,38.8129],[-76.7021,38.7885],[-76.7143,38.7782],[-76.7009,38.7687],[-76.6973,38.7501],[-76.6849,38.7469],[-76.702,38.7109],[-76.6949,38.7025],[-76.6974,38.6878],[-76.687,38.6806],[-76.701,38.6684],[-76.6833,38.6612],[-76.6929,38.6364],[-76.6723,38.6175],[-76.6807,38.5805],[-76.6723,38.5528],[-76.6755,38.5359],[-76.7405,38.5587],[-76.7485,38.6182],[-76.8634,38.6585],[-76.9046,38.6516],[-76.9657,38.6613],[-76.9913,38.6571],[-77.0201,38.6476],[-77.0478,38.6162],[-77.0863,38.706]]]}},{"type":"Feature","properties":{"county_fips":"37129","county_name":"New Hanover","state":"NC"},"geometry":{"type":"Polygon","coordinates":[[[-78.0299,34.3318],[-77.9932,34.3368],[-77.978,34.3574],[-77.9881,34.3639],[-77.987,34.3721],[-77.9628,34.3826],[-77.9578,34.3686],[-77.9404,34.37],[-77.9354,34.358],[-77.9345,34.3666],[-77.9288,34.3615],[-77.9178,34.3755],[-77.9006,34.378],[-77.8979,34.3647],[-77.8884,34.3641],[-77.823,34.3894],[-77.8047,34.3767],[-77.8151,34.367],[-77.8127,34.359],[-77.752,34.3033],[-77.7414,34.3015],[-77.7398,34.2932],[-77.7106,34.2977],[-77.7753,34.2333],[-77.839,34.1479],[-77.871,34.0838],[-77.8795,34.0806],[-77.8804,34.0607],[-77.9372,33.9292],[-77.9485,33.9713],[-77.9362,34.0046],[-77.9311,34.0589],[-77.9369,34.1228],[-77.9586,34.1738],[-77.9566,34.2345],[-77.9685,34.2423],[-77.9678,34.2521],[-77.9731,34.2472],[-77.9875,34.2683],[-78.002,34.2731],[-77.9902,34.2817],[-78.0048,34.2805],[-78.0059,34.2889],[-78.0159,34.2903],[-78.0062,34.3195],[-78.0262,34.3181],[-78.0299,34.3318]]]}},{"type":"Feature","properties":{"county_fips":"37141","county_name":"Pender","state":"NC"},"geometry":{"type":"Polygon","coordinates":[[[-78.2722,34.5384],[-78.1565,34.6791],[-78.1135,34.7072],[-78.114,34.7218],[-78.1024,34.7254],[-78.0307,34.7248],[-78.0127,34.7326],[-77.9812,34.714],[-77.9614,34.7199],[-77.952,34.7147],[-77.938,34.7232],[-77.6801,34.7206],[-77.5759,34.4764],[-77.5412,34.465],[-77.5184,34.4409],[-77.7248,34.2929],[-77.7398,34.2932],[-77.7414,34.3015],[-77.752,34.3033],[-77.8127,34.359],[-77.8151,34.367],[-77.8047,34.3767],[-77.823,34.3894],[-77.8884,34.3641],[-77.8979,34.3647],[-77.9006,34.378],[-77.9178,34.3755],[-77.9288,34.3615],[-77.9345,34.3666],[-77.9354,34.358],[-77.9404,34.37],[-77.9578,34.3686],[-77.9628,34.3826],[-77.987,34.3721],[-77.9881,34.3639],[-77.978,34.3574],[-77.9932,34.3368],[-78.0467,34.3304],[-78.0582,34.344],[-78.0593,34.3379],[-78.0783,34.3389],[-78.0788,34.3539],[-78.1028,34.355],[-78.1221,34.3684],[-78.1373,34.3717],[-78.1738,34.3519],[-78.1962,34.3525],[-78.2102,34.358],[-78.2116,34.3694],[-78.2292,34.379],[-78.2357,34.3747],[-78.2561,34.3995],[-78.1765,34.4654],[-78.2029,34.4756],[-78.207,34.4874],[-78.2356,34.4925],[-78.2524,34.5047],[-78.2541,34.5198],[-78.2639,34.5196],[-78.2722,34.5384]]]}},{"type":"Feature","properties":{"county_fips":"37133","county_name":"Onslow","state":"NC"},"geometry":{"type":"MultiPolygon","coordinates":[[[[-77.1692,34.6224],[-77.1212,34.648],[-77.1104,34.6451],[-77.1692,34.6224]]],[[[-77.2269,34.5967],[-77.2024,34.6128],[-77.1795,34.6204],[-77.2269,34.5967]]],[[[-77.6801,34.7206],[-77.677,34.7996],[-77.6511,34.9235],[-77.6534,34.9405],[-77.6801,34.9711],[-77.639,34.9845],[-77.5028,34.9696],[-77.3668,34.9087],[-77.3633,34.9255],[-77.3316,34.9391],[-77.2674,34.9255],[-77.2602,34.9096],[-77.2374,34.9],[-77.2342,34.8863],[-77.2224,34.8871],[-77.202,34.8348],[-77.1813,34.8362],[-77.1958,34.8094],[-77.1711,34.7907],[-77.1727,34.7806],[-77.166,34.785],[-77.1657,34.7793],[-77.1574,34.7808],[-77.1603,34.7746],[-77.1533,34.7762],[-77.1578,34.7659],[-77.1256,34.7567],[-77.1052,34.6947],[-77.1133,34.683],[-77.1259,34.6852],[-77.1362,34.6783],[-77.1336,34.6728],[-77.1546,34.6679],[-77.1634,34.6537],[-77.2047,34.6343],[-77.2424,34.6],[-77.2337,34.593],[-77.307,34.5451],[-77.5184,34.4409],[-77.5412,34.465],[-77.5759,34.4764],[-77.6801,34.7206]]]]}},{"type":"Feature","properties":{"county_fips":"37049","county_name":"Craven","state":"NC"},"geometry":{"type":"Polygon","coordinates":[[[-77.4733,35.2311],[-77.427,35.2559],[-77.4496,35.2995],[-77.4311,35.313],[-77.4313,35.3298],[-77.4105,35.3319],[-77.4109,35.3378],[-77.3952,35.343],[-77.3504,35.3284],[-77.2943,35.3791],[-77.2693,35.3692],[-77.2661,35.3536],[-77.2487,35.3543],[-77.2382,35.3618],[-77.2396,35.3814],[-77.2271,35.3998],[-77.2016,35.3987],[-77.1891,35.4184],[-76.9588,35.301],[-76.8959,35.2539],[-76.9062,35.2359],[-76.9326,35.2303],[-76.9446,35.2108],[-76.9595,35.2028],[-76.9705,35.1619],[-76.9875,35.1543],[-76.9759,35.1337],[-76.942,35.1155],[-76.9311,35.1172],[-76.9402,35.103],[-76.9333,35.0802],[-76.9429,35.0514],[-76.9876,35.0656],[-77.0104,35.1012],[-77.0189,35.1027],[-77.0304,35.1331],[-77.0539,35.1474],[-77.0615,35.1441],[-77.0346,35.1112],[-77.0339,35.0922],[-76.9893,35.0438],[-76.9705,34.9973],[-76.8892,34.9482],[-76.8683,34.9476],[-76.8478,34.9363],[-76.8112,34.9392],[-76.7608,34.9159],[-76.7454,34.9223],[-76.7456,34.9303],[-76.7266,34.9279],[-76.7076,34.9542],[-76.6772,34.9577],[-76.6526,34.9376],[-76.6606,34.9156],[-76.6863,34.8954],[-76.693,34.8692],[-76.758,34.8463],[-76.8831,34.8449],[-76.8823,34.8367],[-76.9548,34.8245],[-76.9544,34.8091],[-77.0783,34.8113],[-77.0472,34.8364],[-77.1089,34.8308],[-77.0989,35.0267],[-77.1102,35.0455],[-77.1096,35.0685],[-77.1305,35.0723],[-77.1483,35.0547],[-77.1645,35.0655],[-77.1684,35.0606],[-77.1806,35.0552],[-77.1739,35.0591],[-77.1894,35.0667],[-77.1877,35.0811],[-77.4733,35.2311]]]}},{"type":"Feature","properties":{"county_fips":"37137","county_name":"Pamlico","state":"NC"},"geometry":{"type":"Polygon","coordinates":[[[-76.9875,35.1543],[-76.9705,35.1619],[-76.9595,35.2028],[-76.9446,35.2108],[-76.9326,35.2303],[-76.9062,35.2359],[-76.8959,35.2539],[-76.8453,35.2161],[-76.6326,35.2353],[-76.6138,35.2708],[-76.6194,35.3023],[-76.6112,35.3355],[-76.6068,35.3293],[-76.575,35.3305],[-76.4842,35.3136],[-76.4839,35.3063],[-76.4989,35.3059],[-76.4927,35.2913],[-76.4982,35.2796],[-76.4799,35.2791],[-76.4771,35.2867],[-76.4697,35.2809],[-76.4758,35.2768],[-76.4674,35.2613],[-76.4794,35.269],[-76.4907,35.2627],[-76.4792,35.2473],[-76.5034,35.2407],[-76.4914,35.2207],[-76.496,35.217],[-76.5291,35.2312],[-76.5655,35.2292],[-76.521,35.2061],[-76.5267,35.1848],[-76.5864,35.202],[-76.6013,35.1974],[-76.5987,35.1879],[-76.6341,35.1743],[-76.6337,35.1607],[-76.5866,35.1544],[-76.588,35.1688],[-76.5693,35.1735],[-76.5472,35.1492],[-76.5395,35.1546],[-76.5363,35.1499],[-76.5695,35.0985],[-76.5952,35.092],[-76.5973,35.074],[-76.6969,35.0224],[-76.7116,35.0045],[-76.7575,34.9924],[-76.7712,34.9767],[-76.8036,34.9638],[-76.9457,35.045],[-76.9488,35.0515],[-76.9361,35.0619],[-76.9333,35.0802],[-76.9402,35.103],[-76.9311,35.1172],[-76.942,35.1155],[-76.9759,35.1337],[-76.9875,35.1543]]]}},{"type":"Feature","properties":{"county_fips":"37177","county_name":"Tyrrell","state":"NC"},"geometry":{"type":"Polygon","coordinates":[[[-76.4056,35.7863],[-76.3536,35.8613],[-76.38,35.9147],[-76.3534,35.9407],[-76.3254,35.9386],[-76.2717,35.9723],[-76.1705,35.9945],[-76.0625,35.9907],[-76.0114,35.9542],[-76.0205,35.9325],[-76.0128,35.9219],[-76.0285,35.9107],[-76.0454,35.8845],[-76.046,35.8703],[-76.0632,35.8534],[-76.0635,35.824],[-76.0505,35.8067],[-76.0559,35.7602],[-76.0483,35.7371],[-76.0601,35.7087],[-76.0364,35.6884],[-76.0451,35.6656],[-76.0611,35.6752],[-76.0967,35.6696],[-76.1202,35.6806],[-76.1183,35.6919],[-76.1301,35.6908],[-76.142,35.7029],[-76.1696,35.6986],[-76.1675,35.6908],[-76.1766,35.6862],[-76.1695,35.6725],[-76.1814,35.6667],[-76.1778,35.6549],[-76.1931,35.646],[-76.1958,35.6201],[-76.2143,35.5984],[-76.2928,35.6064],[-76.2979,35.609],[-76.2692,35.6908],[-76.406,35.6976],[-76.4056,35.7863]]]}},{"type":"Feature","properties":{"county_fips":"37053","county_name":"Currituck","state":"NC"},"geometry":{"type":"Polygon","coordinates":[[[-76.3133,36.5506],[-75.8676,36.5504],[-75.8187,36.3576],[-75.7733,36.2315],[-75.7954,36.2271],[-75.8119,36.2477],[-75.8039,36.2677],[-75.8068,36.2849],[-75.8337,36.2936],[-75.8453,36.3056],[-75.8518,36.3242],[-75.8459,36.3326],[-75.8231,36.3225],[-75.8221,36.328],[-75.8289,36.3657],[-75.8486,36.3802],[-75.8409,36.3916],[-75.8497,36.4002],[-75.8433,36.42],[-75.865,36.4377],[-75.8883,36.4416],[-75.8999,36.4821],[-75.9611,36.4948],[-75.9769,36.4876],[-75.9891,36.4951],[-75.981,36.5113],[-75.9862,36.5257],[-76.0026,36.5371],[-76.0307,36.5388],[-76.0264,36.5165],[-76.0426,36.5106],[-76.0123,36.4475],[-75.972,36.4372],[-75.9563,36.4008],[-75.9407,36.3987],[-75.9443,36.4106],[-75.9341,36.4274],[-75.9245,36.4254],[-75.9164,36.389],[-75.9233,36.3619],[-75.8953,36.3196],[-75.8834,36.2847],[-75.8568,36.2807],[-75.8723,36.2548],[-75.8639,36.2293],[-75.8412,36.2165],[-75.8301,36.1965],[-75.8291,36.1892],[-75.8388,36.2004],[-75.8452,36.1918],[-75.8343,36.1676],[-75.8247,36.1628],[-75.8256,36.1462],[-75.7994,36.1177],[-75.803,36.0987],[-75.7907,36.078],[-75.7982,36.0722],[-75.8493,36.1048],[-75.8667,36.1275],[-75.8629,36.1596],[-75.875,36.1841],[-75.9001,36.203],[-75.8978,36.2095],[-75.9098,36.2126],[-75.9233,36.2459],[-75.9586,36.2597],[-75.9625,36.2668],[-75.9495,36.2732],[-75.9484,36.2853],[-75.9666,36.2896],[-75.9711,36.3084],[-75.9997,36.3112],[-76.0017,36.3235],[-76.0205,36.3329],[-76.0175,36.3451],[-76.0312,36.3385],[-76.0286,36.3488],[-76.0364,36.3552],[-76.0536,36.3602],[-76.0741,36.3461],[-76.1144,36.3576],[-76.1575,36.3982],[-76.1585,36.4253],[-76.3133,36.5506]]]}},{"type":"Feature","properties":{"county_fips":"42017","county_name":"Bucks","state":"PA"},"geometry":{"type":"Polygon","coordinates":[[[-75.4839,40.4186],[-75.4097,40.488],[-75.2935,40.562],[-75.1968,40.6086],[-75.1901,40.5904],[-75.1949,40.5786],[-75.1832,40.5674],[-75.1629,40.5641],[-75.1419,40.5753],[-75.1173,40.5732],[-75.0686,40.5422],[-75.0626,40.4896],[-75.0706,40.4552],[-75.0588,40.4181],[-75.0283,40.4039],[-74.9964,40.4105],[-74.9681,40.3991],[-74.9397,40.338],[-74.8682,40.2952],[-74.8423,40.2505],[-74.7717,40.2153],[-74.7543,40.1852],[-74.7223,40.1606],[-74.7222,40.1499],[-74.7821,40.1208],[-74.8225,40.1268],[-74.8351,40.1039],[-74.8621,40.0833],[-74.9326,40.0688],[-74.9739,40.048],[-74.9852,40.0569],[-74.9584,40.0839],[-74.965,40.1186],[-74.9979,40.1278],[-75.4839,40.4186]]]}},{"type":"Feature","properties":{"county_fips":"42029","county_name":"Chester","state":"PA"},"geometry":{"type":"MultiPolygon","coordinates":[[[[-75.5931,39.8375],[-75.5864,39.8443],[-75.5799,39.8385],[-75.5931,39.8375]]],[[[-76.1356,39.7216],[-76.1193,39.7234],[-76.1207,39.7351],[-76.1136,39.7371],[-76.1052,39.724],[-76.0968,39.7291],[-76.0926,39.7342],[-76.1003,39.7457],[-76.088,39.7449],[-76.0819,39.7614],[-76.0667,39.76],[-76.0413,39.7969],[-76.0497,39.8024],[-76.0392,39.8012],[-76.0296,39.813],[-76.0376,39.8269],[-76.0165,39.8315],[-76.0228,39.8498],[-76.0076,39.8523],[-76.0017,39.8747],[-75.9913,39.8687],[-75.9869,39.8735],[-75.9972,39.9286],[-75.981,39.9335],[-75.9946,39.9522],[-75.9359,40.0375],[-75.943,40.1093],[-75.8734,40.1371],[-75.6968,40.2419],[-75.6885,40.2362],[-75.6708,40.2447],[-75.6509,40.242],[-75.6124,40.223],[-75.6032,40.227],[-75.6069,40.2361],[-75.597,40.2368],[-75.5733,40.1953],[-75.5629,40.1974],[-75.5643,40.2091],[-75.5577,40.208],[-75.541,40.176],[-75.5292,40.1687],[-75.5268,40.1496],[-75.5038,40.1597],[-75.5108,40.1405],[-75.5056,40.1326],[-75.4621,40.1253],[-75.4716,40.1119],[-75.4562,40.0878],[-75.4201,40.0972],[-75.3926,40.061],[-75.3667,40.0724],[-75.3611,40.0655],[-75.415,40.0418],[-75.4043,40.0274],[-75.4534,39.9935],[-75.4377,39.9939],[-75.4361,39.9849],[-75.5238,39.9441],[-75.519,39.9342],[-75.5305,39.932],[-75.5235,39.9231],[-75.5427,39.9272],[-75.5505,39.9149],[-75.5464,39.9097],[-75.5613,39.9074],[-75.5734,39.8964],[-75.5712,39.8881],[-75.5979,39.8745],[-75.593,39.867],[-75.6015,39.8564],[-75.592,39.8525],[-75.5948,39.8373],[-75.6415,39.8284],[-75.7012,39.8026],[-75.7444,39.7679],[-75.7738,39.7222],[-76.1356,39.7216]]]]}},{"type":"Feature","properties":{"county_fips":"25025","county_name":"Suffolk","state":"MA"},"geometry":{"type":"MultiPolygon","coordinates":[[[[-70.9308,42.319],[-70.926,42.3219],[-70.9253,42.3172],[-70.9308,42.319]]],[[[-70.9314,42.3283],[-70.9297,42.334],[-70.9226,42.3261],[-70.9314,42.3283]]],[[[-70.9399,42.3242],[-70.9407,42.3281],[-70.9349,42.3268],[-70.9399,42.3242]]],[[[-70.9543,42.3086],[-70.9515,42.3136],[-70.9485,42.3119],[-70.9543,42.3086]]],[[[-70.9774,42.3123],[-70.9573,42.3317],[-70.9528,42.3306],[-70.9657,42.3135],[-70.9774,42.3123]]],[[[-70.9916,42.3263],[-70.9831,42.3272],[-70.9857,42.3187],[-70.9916,42.3263]]],[[[-71.0166,42.3137],[-71.0064,42.3209],[-70.9995,42.3199],[-71.0115,42.3093],[-71.0166,42.3137]]],[[[-71.1909,42.2832],[-71.1647,42.3038],[-71.1469,42.2973],[-71.1055,42.3438],[-71.1066,42.3499],[-71.1229,42.3519],[-71.157,42.3304],[-71.1676,42.3334],[-71.1748,42.3503],[-71.1676,42.3601],[-71.1483,42.3611],[-71.131,42.3739],[-71.1172,42.3674],[-71.1132,42.3531],[-71.078,42.3587],[-71.0641,42.369],[-71.0809,42.3821],[-71.0669,42.3948],[-71.0709,42.389],[-71.0553,42.3871],[-71.0519,42.3976],[-71.0406,42.402],[-71.0188,42.4501],[-71.0108,42.4346],[-70.9999,42.4313],[-70.9823,42.4313],[-70.9686,42.4444],[-70.9599,42.4412],[-70.983,42.424],[-70.9906,42.4071],[-70.9798,42.3906],[-70.9673,42.3882],[-70.9727,42.3818],[-70.968,42.3576],[-70.953,42.344],[-70.9745,42.3593],[-70.9728,42.3719],[-71.0002,42.3724],[-70.9977,42.3606],[-70.9853,42.3583],[-71.0037,42.356],[-71.0078,42.3471],[-71.0269,42.3638],[-71.0526,42.3708],[-71.0497,42.3566],[-71.0102,42.3376],[-71.0157,42.3305],[-71.0476,42.3281],[-71.0328,42.3135],[-71.0476,42.3034],[-71.038,42.2887],[-71.0428,42.2771],[-71.0533,42.2775],[-71.0622,42.2672],[-71.0894,42.2697],[-71.1115,42.2608],[-71.1093,42.248],[-71.1264,42.2392],[-71.1226,42.2345],[-71.1307,42.2279],[-71.1427,42.236],[-71.1466,42.2558],[-71.1586,42.2552],[-71.1909,42.2832]]]]}},{"type":"Feature","properties":{"county_fips":"25021","county_name":"Norfolk","state":"MA"},"geometry":{"type":"MultiPolygon","coordinates":[[[[-70.8447,42.2423],[-70.8446,42.2604],[-70.8247,42.2659],[-70.7815,42.2487],[-70.789,42.2402],[-70.782,42.2364],[-70.7887,42.2326],[-70.7848,42.2259],[-70.827,42.2008],[-70.8534,42.2396],[-70.8447,42.2423]]],[[[-71.1789,42.3143],[-71.1287,42.3495],[-71.1066,42.3499],[-71.1165,42.3239],[-71.1521,42.2946],[-71.1789,42.3143]]],[[[-71.5013,42.1117],[-71.4785,42.1314],[-71.4781,42.1568],[-71.4302,42.1794],[-71.4023,42.1788],[-71.4044,42.1884],[-71.3442,42.2007],[-71.3515,42.2115],[-71.3385,42.2152],[-71.3432,42.2206],[-71.3297,42.2333],[-71.3325,42.2491],[-71.3029,42.2483],[-71.3273,42.3137],[-71.27,42.3281],[-71.2311,42.3208],[-71.2052,42.2896],[-71.175,42.276],[-71.1586,42.2552],[-71.1466,42.2558],[-71.1427,42.236],[-71.1307,42.2279],[-71.1226,42.2345],[-71.1264,42.2392],[-71.1093,42.248],[-71.1115,42.2608],[-71.0894,42.2697],[-71.0622,42.2672],[-71.0533,42.2775],[-71.0428,42.2771],[-71.0321,42.2886],[-71.0368,42.3014],[-71.0215,42.2943],[-71.0108,42.3045],[-70.9874,42.3061],[-71.0223,42.2882],[-70.9853,42.2643],[-70.9562,42.2708],[-70.9532,42.2799],[-70.9512,42.2613],[-70.9658,42.2578],[-70.9573,42.255],[-70.9595,42.2453],[-70.9272,42.2574],[-70.9259,42.2692],[-70.9083,42.2647],[-70.9335,42.25],[-70.9235,42.2259],[-70.9147,42.2251],[-70.9249,42.1576],[-71.3643,41.9853],[-71.3815,41.9851],[-71.3814,42.0188],[-71.4983,42.0172],[-71.4955,42.1],[-71.5013,42.1117]]]]}},{"type":"Feature","properties":{"county_fips":"25013","county_name":"Hampden","state":"MA"},"geometry":{"type":"Polygon","coordinates":[[[-73.0748,42.1061],[-73.0612,42.1181],[-73.0711,42.1482],[-73.0349,42.1437],[-73.0019,42.251],[-73.0003,42.3126],[-72.9538,42.3439],[-72.8956,42.3407],[-72.8948,42.3315],[-72.8852,42.3326],[-72.8806,42.2654],[-72.9123,42.2391],[-72.8722,42.2164],[-72.8576,42.2405],[-72.8134,42.245],[-72.8126,42.235],[-72.7934,42.2369],[-72.781,42.1997],[-72.6869,42.1834],[-72.6905,42.2131],[-72.6565,42.2277],[-72.6346,42.2739],[-72.6131,42.2863],[-72.6012,42.2813],[-72.5992,42.2674],[-72.6237,42.2317],[-72.6038,42.2139],[-72.4039,42.2318],[-72.3955,42.1857],[-72.3582,42.1898],[-72.3647,42.2073],[-72.3523,42.207],[-72.3417,42.2192],[-72.2705,42.2371],[-72.2682,42.2293],[-72.2576,42.2299],[-72.247,42.2421],[-72.2212,42.2453],[-72.2628,42.2025],[-72.2639,42.1838],[-72.2006,42.1613],[-72.1993,42.1537],[-72.135,42.1618],[-72.1357,42.0302],[-72.5281,42.0343],[-72.5902,42.0247],[-72.7558,42.0362],[-72.7517,42.0302],[-72.7667,42.003],[-72.8167,41.9976],[-72.8135,42.0365],[-73.0533,42.0399],[-73.0748,42.1061]]]}},{"type":"Feature","properties":{"county_fips":"36047","county_name":"Kings","state":"NY"},"geometry":{"type":"Polygon","coordinates":[[[-74.0417,40.6264],[-74.0334,40.6439],[-74.0,40.6638],[-74.0178,40.6657],[-74.0188,40.6796],[-73.9927,40.7055],[-73.9696,40.7076],[-73.9627,40.7364],[-73.9551,40.7394],[-73.9278,40.7265],[-73.9219,40.7094],[-73.8965,40.6824],[-73.8689,40.6951],[-73.8549,40.6427],[-73.833,40.6283],[-73.8345,40.6072],[-73.8499,40.5887],[-73.8792,40.5747],[-73.8955,40.578],[-73.9004,40.5881],[-73.9302,40.5836],[-73.932,40.5758],[-73.9909,40.5706],[-74.0115,40.5745],[-74.0109,40.5806],[-73.9983,40.5819],[-73.9971,40.5914],[-74.0314,40.6052],[-74.0417,40.6264]]]}},{"type":"Feature","properties":{"county_fips":"36071","county_name":"Orange","state":"NY"},"geometry":{"type":"Polygon","coordinates":[[[-74.7547,41.425],[-74.7599,41.4607],[-74.7504,41.4643],[-74.762,41.4881],[-74.7524,41.4937],[-74.4756,41.504],[-74.4657,41.5229],[-74.4184,41.5694],[-74.4076,41.5689],[-74.3906,41.5862],[-74.332,41.5967],[-74.2641,41.6327],[-74.2502,41.6293],[-74.2516,41.6054],[-74.1875,41.5908],[-74.1264,41.5825],[-74.1345,41.6157],[-74.0899,41.5986],[-74.0681,41.606],[-74.0539,41.5807],[-73.9533,41.59],[-73.9965,41.5226],[-74.0001,41.4565],[-73.9624,41.4037],[-73.9474,41.3953],[-73.9613,41.3485],[-73.9808,41.3254],[-74.2343,41.1431],[-74.6964,41.3573],[-74.6911,41.3673],[-74.716,41.3926],[-74.7386,41.4012],[-74.7355,41.4275],[-74.7547,41.425]]]}},{"type":"Feature","properties":{"county_fips":"51131","county_name":"Northampton","state":"VA"},"geometry":{"type":"MultiPolygon","coordinates":[[[[-75.981,37.0971],[-75.962,37.1075],[-75.9429,37.098],[-75.9449,37.088],[-75.9672,37.0846],[-75.981,37.0971]]],[[[-76.0248,37.2627],[-76.013,37.2794],[-76.0118,37.2974],[-76.0216,37.3005],[-76.0149,37.3282],[-75.984,37.3699],[-75.9862,37.3821],[-75.9683,37.3955],[-75.9803,37.4027],[-75.9796,37.4383],[-75.9584,37.4695],[-75.959,37.5001],[-75.9331,37.5539],[-75.9004,37.5573],[-75.8831,37.5493],[-75.8385,37.5554],[-75.7881,37.5289],[-75.8054,37.5139],[-75.8033,37.5053],[-75.7917,37.5038],[-75.7935,37.4888],[-75.8126,37.4754],[-75.8054,37.4633],[-75.787,37.4646],[-75.7766,37.4546],[-75.7639,37.4633],[-75.7309,37.4605],[-75.7091,37.4486],[-75.6633,37.4611],[-75.6621,37.4434],[-75.7226,37.3687],[-75.7436,37.3285],[-75.7759,37.2987],[-75.7976,37.2961],[-75.792,37.282],[-75.7972,37.2544],[-75.8185,37.2442],[-75.8137,37.2366],[-75.8037,37.2386],[-75.8014,37.2205],[-75.8293,37.2071],[-75.8189,37.2018],[-75.8206,37.193],[-75.8984,37.1186],[-75.921,37.1118],[-75.9115,37.1229],[-75.9278,37.1303],[-75.9701,37.1172],[-75.9782,37.1588],[-76.0131,37.206],[-76.0091,37.2322],[-76.0248,37.2627]]]]}},{"type":"Feature","properties":{"county_fips":"51103","county_name":"Lancaster","state":"VA"},"geometry":{"type":"Polygon","coordinates":[[[-76.6342,37.7905],[-76.6255,37.7962],[-76.6298,37.8052],[-76.5856,37.8118],[-76.5855,37.8237],[-76.5647,37.8373],[-76.5078,37.8388],[-76.5081,37.8333],[-76.4948,37.8412],[-76.4776,37.8374],[-76.4599,37.8204],[-76.4296,37.829],[-76.4187,37.8229],[-76.4196,37.8064],[-76.4011,37.7802],[-76.3819,37.7795],[-76.3644,37.7685],[-76.3691,37.7583],[-76.3618,37.7368],[-76.3761,37.7132],[-76.3497,37.7009],[-76.3251,37.6749],[-76.3399,37.656],[-76.3318,37.6298],[-76.3198,37.627],[-76.3109,37.6329],[-76.3143,37.6409],[-76.3059,37.6411],[-76.2925,37.6361],[-76.2801,37.6151],[-76.3086,37.6246],[-76.3437,37.6238],[-76.3619,37.609],[-76.3857,37.6291],[-76.4033,37.6274],[-76.4398,37.6524],[-76.4555,37.6511],[-76.4724,37.6658],[-76.4543,37.6772],[-76.4687,37.6957],[-76.4871,37.6854],[-76.4779,37.6778],[-76.5019,37.6582],[-76.4976,37.6471],[-76.5102,37.6423],[-76.5342,37.6609],[-76.5372,37.6989],[-76.5696,37.7344],[-76.5843,37.7709],[-76.6342,37.7905]]]}},{"type":"Feature","properties":{"county_fips":"51181","county_name":"Surry","state":"VA"},"geometry":{"type":"Polygon","coordinates":[[[-77.156,37.1139],[-77.079,37.1726],[-77.0726,37.1846],[-77.044,37.1924],[-77.0434,37.2023],[-77.0241,37.201],[-77.0118,37.2124],[-77.0188,37.2196],[-77.0123,37.2329],[-76.9724,37.2485],[-76.9025,37.1998],[-76.8657,37.209],[-76.801,37.206],[-76.7969,37.1894],[-76.7373,37.1462],[-76.7153,37.148],[-76.6866,37.1973],[-76.6638,37.1739],[-76.6727,37.1328],[-76.6803,37.1263],[-76.6752,37.1086],[-76.6842,37.1039],[-76.6845,37.0882],[-76.6956,37.0833],[-76.6993,37.0584],[-76.8376,37.0022],[-76.9535,36.9445],[-76.966,37.0004],[-76.9657,37.0548],[-77.005,37.052],[-77.0358,37.0701],[-77.0496,37.0626],[-77.0747,37.0663],[-77.0796,37.0845],[-77.1023,37.0845],[-77.1123,37.1008],[-77.1484,37.1014],[-77.156,37.1139]]]}},{"type":"Feature","properties":{"county_fips":"37085","county_name":"Harnett","state":"NC"},"geometry":{"type":"Polygon","coordinates":[[[-79.2219,35.2694],[-78.9688,35.5225],[-78.9161,35.5841],[-78.6897,35.5159],[-78.6869,35.5019],[-78.6606,35.4962],[-78.6503,35.4724],[-78.6272,35.4583],[-78.6072,35.4321],[-78.5927,35.3986],[-78.5745,35.3885],[-78.5688,35.3693],[-78.5299,35.3349],[-78.5387,35.3158],[-78.5835,35.2968],[-78.5846,35.2733],[-78.6171,35.2457],[-78.7122,35.2576],[-78.7259,35.2669],[-78.7647,35.2584],[-78.7957,35.2657],[-78.8047,35.2572],[-78.8475,35.2528],[-78.8761,35.2415],[-78.8804,35.2304],[-78.9207,35.2202],[-78.9977,35.2141],[-79.0958,35.1921],[-79.1506,35.2133],[-79.1651,35.2409],[-79.2219,35.2694]]]}},{"type":"Feature","properties":{"county_fips":"37117","county_name":"Martin","state":"NC"},"geometry":{"type":"Polygon","coordinates":[[[-77.4092,35.9987],[-77.3276,36.0714],[-77.3187,36.0554],[-77.2063,36.0068],[-77.2133,35.9925],[-77.1959,35.992],[-77.1908,35.9608],[-77.1976,35.9619],[-77.1889,35.9567],[-77.1979,35.9576],[-77.1942,35.9497],[-77.2023,35.9474],[-77.1858,35.9309],[-77.1309,35.9408],[-77.1249,35.9267],[-77.1029,35.9333],[-77.094,35.9248],[-77.0805,35.9376],[-77.068,35.9361],[-77.0708,35.9438],[-77.0609,35.9386],[-77.045,35.9439],[-77.038,35.9302],[-77.0275,35.9297],[-77.0306,35.9054],[-77.0222,35.8911],[-77.0375,35.8906],[-77.0313,35.8807],[-77.0455,35.8748],[-77.0446,35.8621],[-77.0356,35.8575],[-77.0053,35.8584],[-76.9866,35.8768],[-76.9811,35.8728],[-76.9409,35.9011],[-76.9287,35.9],[-76.893,35.864],[-76.9035,35.8374],[-76.8939,35.8307],[-76.9041,35.8241],[-76.893,35.8187],[-76.8973,35.8139],[-76.8826,35.8119],[-76.8331,35.8522],[-76.832,35.885],[-76.8069,35.8839],[-76.781,35.8639],[-76.7606,35.8649],[-76.7835,35.8492],[-76.7892,35.8376],[-76.7827,35.8242],[-76.8026,35.8052],[-76.793,35.7899],[-76.8035,35.7839],[-76.8033,35.773],[-76.8313,35.7307],[-76.9858,35.6588],[-77.1568,35.7368],[-77.174,35.7328],[-77.2159,35.7601],[-77.2598,35.7652],[-77.2644,35.7752],[-77.2552,35.7864],[-77.3504,35.8192],[-77.3424,35.9053],[-77.4092,35.9987]]]}},{"type":"Feature","properties":{"county_fips":"37051","county_name":"Cumberland","state":"NC"},"geometry":{"type":"Polygon","coordinates":[[[-79.1129,35.1259],[-79.0958,35.1921],[-78.9977,35.2141],[-78.9207,35.2202],[-78.8804,35.2304],[-78.8761,35.2415],[-78.8249,35.2596],[-78.8047,35.2572],[-78.7934,35.266],[-78.7647,35.2584],[-78.7259,35.2669],[-78.7122,35.2576],[-78.6171,35.2457],[-78.6195,35.2269],[-78.6337,35.2125],[-78.6244,35.204],[-78.6468,35.1974],[-78.6357,35.1917],[-78.64,35.1859],[-78.6299,35.1723],[-78.6389,35.167],[-78.6328,35.1642],[-78.6399,35.1549],[-78.6347,35.1394],[-78.6519,35.1218],[-78.6393,35.1159],[-78.6538,35.1114],[-78.6582,35.0945],[-78.6707,35.0925],[-78.6723,35.0853],[-78.6545,35.0508],[-78.6593,35.0428],[-78.645,35.0101],[-78.647,34.9923],[-78.6075,34.9536],[-78.5727,34.9374],[-78.5623,34.918],[-78.5435,34.9138],[-78.5469,34.9006],[-78.5139,34.8817],[-78.5131,34.8691],[-78.4947,34.8562],[-78.5161,34.8459],[-78.8274,34.8507],[-78.9042,34.8349],[-78.927,34.864],[-78.9223,34.8755],[-78.9408,34.9034],[-79.0387,34.9527],[-79.0348,34.963],[-79.0497,34.992],[-79.0903,35.042],[-79.0932,35.0902],[-79.1129,35.1259]]]}},{"type":"Feature","properties":{"county_fips":"37083","county_name":"Halifax","state":"NC"},"geometry":{"type":"Polygon","coordinates":[[[-78.0066,36.2026],[-77.9424,36.2985],[-77.912,36.3824],[-77.9121,36.4248],[-77.9201,36.4361],[-77.9118,36.4428],[-77.9056,36.4909],[-77.891,36.5119],[-77.8093,36.4983],[-77.7679,36.48],[-77.7265,36.4875],[-77.6444,36.4802],[-77.626,36.4457],[-77.5919,36.4314],[-77.5864,36.422],[-77.5505,36.414],[-77.5479,36.372],[-77.5765,36.3544],[-77.5856,36.3373],[-77.5711,36.3138],[-77.5411,36.3033],[-77.4417,36.3244],[-77.4144,36.2935],[-77.4094,36.2635],[-77.3769,36.245],[-77.386,36.2112],[-77.351,36.1915],[-77.3284,36.1919],[-77.309,36.1807],[-77.309,36.1682],[-77.2883,36.1693],[-77.2772,36.1578],[-77.2634,36.1589],[-77.2661,36.141],[-77.2515,36.1355],[-77.2546,36.1228],[-77.2397,36.1203],[-77.2515,36.1151],[-77.2302,36.107],[-77.2421,36.0973],[-77.2708,36.0998],[-77.3132,36.0892],[-77.4026,36.005],[-77.4245,36.0039],[-77.4415,36.0149],[-77.4393,36.0212],[-77.4749,36.0378],[-77.5267,36.0376],[-77.5226,36.0451],[-77.5401,36.0608],[-77.5256,36.0694],[-77.5353,36.0776],[-77.5334,36.0911],[-77.6265,36.1114],[-77.644,36.1381],[-77.6701,36.1371],[-77.6785,36.1544],[-77.7168,36.1458],[-77.7213,36.1338],[-77.7315,36.1393],[-77.7293,36.1487],[-77.7501,36.1575],[-77.774,36.1426],[-77.8039,36.1497],[-77.8088,36.1382],[-77.8619,36.1491],[-77.8879,36.144],[-77.9007,36.1627],[-77.923,36.1669],[-77.9178,36.1796],[-77.9238,36.1888],[-77.9318,36.1826],[-77.9438,36.1926],[-77.9511,36.1806],[-77.9733,36.1942],[-77.969,36.1838],[-77.9777,36.1753],[-78.0066,36.2026]]]}},{"type":"Feature","properties":{"county_fips":"37015","county_name":"Bertie","state":"NC"},"geometry":{"type":"Polygon","coordinates":[[[-77.3276,36.0762],[-77.3132,36.0892],[-77.2306,36.1043],[-77.2515,36.1151],[-77.2397,36.1203],[-77.2546,36.1228],[-77.2515,36.1355],[-77.2661,36.141],[-77.2634,36.1589],[-77.2772,36.1578],[-77.2981,36.1722],[-77.2982,36.2077],[-77.2549,36.2185],[-77.2286,36.2144],[-77.2085,36.2466],[-76.9714,36.2381],[-76.7222,36.2438],[-76.725,36.2311],[-76.7371,36.2348],[-76.7499,36.2114],[-76.7542,36.1475],[-76.726,36.0962],[-76.7309,36.0747],[-76.7254,36.059],[-76.7056,36.0426],[-76.7038,36.0106],[-76.686,36.0063],[-76.6819,35.9896],[-76.7257,35.9552],[-76.7283,35.9336],[-76.7067,35.9449],[-76.6932,35.9382],[-76.7014,35.923],[-76.72,35.9173],[-76.7454,35.8708],[-76.7755,35.8627],[-76.8069,35.8839],[-76.8294,35.8861],[-76.8363,35.8801],[-76.8351,35.8496],[-76.8752,35.8137],[-76.8955,35.8132],[-76.893,35.8187],[-76.9041,35.8241],[-76.8942,35.8323],[-76.9035,35.8374],[-76.893,35.864],[-76.9213,35.8975],[-76.9409,35.9011],[-76.9589,35.8834],[-76.9811,35.8728],[-76.9866,35.8768],[-77.0053,35.8584],[-77.0356,35.8575],[-77.0446,35.8621],[-77.0455,35.8748],[-77.0313,35.8807],[-77.0375,35.8906],[-77.0222,35.8911],[-77.0306,35.9054],[-77.0275,35.9297],[-77.038,35.9302],[-77.045,35.9439],[-77.0609,35.9386],[-77.0708,35.9438],[-77.068,35.9361],[-77.0805,35.9376],[-77.094,35.9248],[-77.1029,35.9333],[-77.1249,35.9267],[-77.1309,35.9408],[-77.1858,35.9309],[-77.2023,35.9474],[-77.1942,35.9497],[-77.1979,35.9576],[-77.1889,35.9567],[-77.1976,35.9619],[-77.1908,35.9608],[-77.1959,35.992],[-77.2133,35.9925],[-77.2063,36.0068],[-77.3187,36.0554],[-77.3276,36.0762]]]}},{"type":"Feature","properties":{"county_fips":"37019","county_name":"Brunswick","state":"NC"},"geometry":{"type":"Polygon","coordinates":[[[-78.6504,33.9457],[-78.6422,33.9581],[-78.6484,33.9655],[-78.6241,33.9733],[-78.6406,34.0103],[-78.6003,34.03],[-78.5908,34.0272],[-78.5793,34.0369],[-78.5796,34.0516],[-78.5571,34.0618],[-78.5602,34.0921],[-78.5441,34.0999],[-78.554,34.1041],[-78.549,34.1115],[-78.5551,34.1168],[-78.5388,34.1252],[-78.5452,34.1457],[-78.5029,34.1691],[-78.4227,34.1396],[-78.3916,34.1739],[-78.3668,34.1888],[-78.3743,34.2049],[-78.2546,34.2163],[-78.1545,34.365],[-78.1395,34.3655],[-78.1373,34.3717],[-78.1207,34.368],[-78.1028,34.355],[-78.0788,34.3539],[-78.0783,34.3389],[-78.0593,34.3379],[-78.0598,34.3448],[-78.0467,34.3304],[-78.0263,34.3293],[-78.0262,34.3181],[-78.0087,34.3226],[-78.0159,34.2903],[-78.0059,34.2889],[-78.0048,34.2805],[-77.9902,34.2817],[-78.002,34.2731],[-77.9875,34.2683],[-77.9731,34.2472],[-77.9678,34.2521],[-77.9685,34.2423],[-77.9566,34.2345],[-77.9586,34.1738],[-77.9369,34.1228],[-77.931,34.0503],[-77.9485,33.9713],[-77.9372,33.9292],[-77.9534,33.8956],[-77.9605,33.8432],[-78.0083,33.8642],[-77.9898,33.888],[-77.989,33.9025],[-77.9959,33.9056],[-78.017,33.9023],[-78.0207,33.8883],[-78.1203,33.9103],[-78.2392,33.9175],[-78.3871,33.902],[-78.5405,33.8527],[-78.6504,33.9457]]]}},{"type":"Feature","properties":{"county_fips":"44005","county_name":"Newport","state":"RI"},"geometry":{"type":"MultiPolygon","coordinates":[[[[-71.288,41.6456],[-71.2782,41.6473],[-71.2721,41.6371],[-71.2853,41.6369],[-71.288,41.6456]]],[[[-71.3008,41.5806],[-71.2986,41.5849],[-71.2972,41.5798],[-71.3008,41.5806]]],[[[-71.3256,41.4521],[-71.3263,41.4547],[-71.3243,41.4539],[-71.3256,41.4521]]],[[[-71.3288,41.4923],[-71.3254,41.4876],[-71.3278,41.483],[-71.329,41.4871],[-71.3288,41.4923]]],[[[-71.3431,41.4949],[-71.3413,41.5005],[-71.3387,41.4949],[-71.3431,41.4949]]],[[[-71.3459,41.5296],[-71.345,41.5379],[-71.3426,41.529],[-71.3459,41.5296]]],[[[-71.3538,41.6475],[-71.3433,41.6538],[-71.3516,41.6586],[-71.3448,41.667],[-71.3324,41.6438],[-71.3437,41.6399],[-71.3081,41.6262],[-71.3026,41.6055],[-71.3167,41.5831],[-71.3261,41.5786],[-71.3359,41.5859],[-71.3256,41.6241],[-71.3507,41.6339],[-71.3538,41.6475]]],[[[-71.3629,41.4617],[-71.3364,41.482],[-71.336,41.4696],[-71.3165,41.4776],[-71.3307,41.5077],[-71.328,41.5188],[-71.3113,41.5226],[-71.3105,41.5469],[-71.2851,41.5771],[-71.2891,41.5827],[-71.2734,41.607],[-71.2719,41.624],[-71.2511,41.6388],[-71.2332,41.6402],[-71.2203,41.6556],[-71.2118,41.6391],[-71.1956,41.6751],[-71.1329,41.6601],[-71.1409,41.6074],[-71.1313,41.5923],[-71.1206,41.4974],[-71.1673,41.4714],[-71.1686,41.4615],[-71.194,41.4564],[-71.1902,41.4843],[-71.2064,41.4992],[-71.2008,41.5144],[-71.2083,41.5289],[-71.2049,41.5408],[-71.221,41.5609],[-71.2098,41.5587],[-71.2084,41.5812],[-71.2147,41.586],[-71.2037,41.5961],[-71.2118,41.6235],[-71.2193,41.6255],[-71.2407,41.6192],[-71.2366,41.5359],[-71.228,41.5283],[-71.248,41.4903],[-71.2374,41.4857],[-71.2404,41.4761],[-71.2474,41.473],[-71.2459,41.4816],[-71.2582,41.4879],[-71.2749,41.4798],[-71.2855,41.489],[-71.2969,41.4855],[-71.2969,41.4691],[-71.3102,41.4511],[-71.3238,41.4601],[-71.3348,41.4495],[-71.3536,41.4498],[-71.3629,41.4617]]],[[[-71.367,41.6607],[-71.3607,41.6611],[-71.3534,41.6579],[-71.36,41.6499],[-71.367,41.6607]]],[[[-71.3722,41.5999],[-71.3673,41.606],[-71.3634,41.6067],[-71.3648,41.6014],[-71.3722,41.5999]]],[[[-71.3996,41.4486],[-71.3944,41.4672],[-71.3994,41.493],[-71.384,41.4938],[-71.3789,41.5049],[-71.3921,41.5245],[-71.3845,41.5567],[-71.3702,41.574],[-71.3599,41.5563],[-71.3656,41.514],[-71.3576,41.5087],[-71.3665,41.4948],[-71.3543,41.4789],[-71.3751,41.4738],[-71.3807,41.4888],[-71.3862,41.4877],[-71.3816,41.4681],[-71.3996,41.4486]]],[[[-71.4051,41.4982],[-71.4036,41.5046],[-71.3974,41.5062],[-71.3963,41.5037],[-71.4051,41.4982]]]]}},{"type":"Feature","properties":{"county_fips":"50009","county_name":"Essex","state":"VT"},"geometry":{"type":"Polygon","coordinates":[[[-71.9748,44.7872],[-71.8779,44.8788],[-71.9201,44.9015],[-71.8993,45.0082],[-71.4646,45.0136],[-71.4806,45.0023],[-71.5081,45.0079],[-71.5362,44.9946],[-71.5409,44.9838],[-71.5148,44.9587],[-71.5162,44.9399],[-71.523,44.9393],[-71.4934,44.9116],[-71.4949,44.9043],[-71.5497,44.8615],[-71.5557,44.8491],[-71.5511,44.837],[-71.5769,44.8152],[-71.5687,44.8075],[-71.5713,44.7933],[-71.5925,44.7827],[-71.6167,44.7563],[-71.6319,44.7525],[-71.6262,44.729],[-71.617,44.7283],[-71.5941,44.6969],[-71.5961,44.6776],[-71.5815,44.6732],[-71.5874,44.6597],[-71.5745,44.6548],[-71.5788,44.651],[-71.5628,44.6524],[-71.5579,44.6412],[-71.5633,44.6366],[-71.5472,44.6304],[-71.5573,44.6284],[-71.546,44.6231],[-71.5542,44.6254],[-71.5539,44.6056],[-71.5622,44.6016],[-71.5503,44.6009],[-71.5554,44.5938],[-71.5461,44.5974],[-71.5354,44.5871],[-71.5465,44.5778],[-71.5544,44.5813],[-71.5477,44.5714],[-71.559,44.5644],[-71.5961,44.5609],[-71.5971,44.5538],[-71.572,44.5382],[-71.5829,44.5234],[-71.5943,44.5217],[-71.5768,44.5026],[-71.5878,44.5067],[-71.5993,44.4863],[-71.6178,44.4858],[-71.627,44.4743],[-71.6349,44.4774],[-71.6255,44.4835],[-71.6328,44.4839],[-71.6474,44.4721],[-71.639,44.4644],[-71.6526,44.4605],[-71.6597,44.4415],[-71.7022,44.4138],[-71.7366,44.4094],[-71.7423,44.4014],[-71.762,44.407],[-71.7939,44.3993],[-71.8035,44.3919],[-71.8003,44.3843],[-71.8144,44.3819],[-71.8144,44.3545],[-71.8378,44.3477],[-71.9332,44.4411],[-71.9033,44.4547],[-71.8567,44.4963],[-71.9089,44.5479],[-71.8424,44.6109],[-71.9102,44.6468],[-71.8371,44.7164],[-71.9748,44.7872]]]}},{"type":"Feature","properties":{"county_fips":"51093","county_name":"Isle of Wight","state":"VA"},"geometry":{"type":"Polygon","coordinates":[[[-76.9283,36.7047],[-76.9142,36.7221],[-76.9154,36.7365],[-76.8948,36.747],[-76.8983,36.762],[-76.8846,36.7644],[-76.885,36.7802],[-76.8656,36.7896],[-76.8617,36.8006],[-76.8689,36.8084],[-76.8556,36.8272],[-76.8597,36.8357],[-76.8493,36.8463],[-76.8519,36.8537],[-76.8408,36.8558],[-76.8339,36.8629],[-76.8387,36.8668],[-76.818,36.8806],[-76.8273,36.8875],[-76.8149,36.9005],[-76.8156,36.9143],[-76.8357,36.9194],[-76.8314,36.9296],[-76.8448,36.9326],[-76.859,36.956],[-76.8497,36.9962],[-76.6976,37.0598],[-76.6956,37.0833],[-76.6845,37.0882],[-76.6842,37.1039],[-76.6752,37.1086],[-76.6803,37.1263],[-76.6738,37.141],[-76.6671,37.1405],[-76.6569,37.1098],[-76.6698,37.0643],[-76.6626,37.0457],[-76.646,37.0362],[-76.5865,37.0287],[-76.5761,37.0154],[-76.5848,37.0061],[-76.5802,36.997],[-76.5569,37.002],[-76.4865,36.9565],[-76.4855,36.9386],[-76.4992,36.9375],[-76.5004,36.9146],[-76.5211,36.9063],[-76.5335,36.9156],[-76.8976,36.6441],[-76.9126,36.6507],[-76.9177,36.6624],[-76.912,36.6727],[-76.925,36.6822],[-76.9122,36.6984],[-76.9283,36.7047]]]}},{"type":"Feature","properties":{"county_fips":"51095","county_name":"James City","state":"VA"},"geometry":{"type":"Polygon","coordinates":[[[-76.9142,37.3568],[-76.8978,37.3738],[-76.9045,37.3777],[-76.9002,37.3858],[-76.8922,37.3834],[-76.9005,37.3959],[-76.8942,37.4002],[-76.8921,37.4324],[-76.8563,37.4481],[-76.8241,37.4507],[-76.7924,37.4354],[-76.7703,37.435],[-76.758,37.4455],[-76.7657,37.4515],[-76.7603,37.4587],[-76.742,37.4671],[-76.7276,37.4442],[-76.6587,37.3801],[-76.68,37.3669],[-76.7419,37.3706],[-76.7555,37.3542],[-76.7545,37.3402],[-76.7346,37.3314],[-76.7279,37.3059],[-76.7405,37.3057],[-76.7249,37.2808],[-76.7422,37.2762],[-76.7386,37.2613],[-76.7263,37.25],[-76.6731,37.2477],[-76.6642,37.2511],[-76.6803,37.2657],[-76.6693,37.266],[-76.6513,37.2392],[-76.6273,37.2315],[-76.6013,37.2376],[-76.578,37.1871],[-76.6111,37.1699],[-76.6299,37.2067],[-76.6598,37.2232],[-76.693,37.2237],[-76.7315,37.2122],[-76.7582,37.2155],[-76.735,37.2032],[-76.7505,37.1901],[-76.7805,37.2093],[-76.7989,37.2347],[-76.8222,37.2436],[-76.8695,37.2422],[-76.8736,37.2501],[-76.8663,37.2585],[-76.8831,37.2759],[-76.8717,37.2956],[-76.88,37.3099],[-76.8736,37.3426],[-76.8806,37.3502],[-76.8735,37.3634],[-76.8848,37.3686],[-76.9096,37.3486],[-76.9142,37.3568]]]}},{"type":"Feature","properties":{"county_fips":"51087","county_name":"Henrico","state":"VA"},"geometry":{"type":"Polygon","coordinates":[[[-77.6528,37.5654],[-77.6347,37.566],[-77.6306,37.5767],[-77.6164,37.5776],[-77.6264,37.5988],[-77.6518,37.6167],[-77.6545,37.6407],[-77.6302,37.7073],[-77.6071,37.7097],[-77.5954,37.697],[-77.5579,37.6819],[-77.5222,37.7001],[-77.4949,37.7015],[-77.4806,37.6819],[-77.4716,37.6877],[-77.4603,37.6782],[-77.4432,37.6822],[-77.4207,37.6365],[-77.4054,37.626],[-77.4036,37.6051],[-77.3059,37.561],[-77.2318,37.5396],[-77.1773,37.4906],[-77.226,37.4054],[-77.2151,37.3859],[-77.2346,37.3816],[-77.2487,37.3947],[-77.2539,37.3876],[-77.2484,37.3826],[-77.2675,37.3735],[-77.2697,37.3562],[-77.2865,37.352],[-77.3107,37.3658],[-77.2982,37.3921],[-77.3003,37.4053],[-77.3086,37.404],[-77.3187,37.3802],[-77.3604,37.3749],[-77.3579,37.3842],[-77.3652,37.3909],[-77.3757,37.3817],[-77.3863,37.3866],[-77.3846,37.3975],[-77.3985,37.4054],[-77.3991,37.4213],[-77.4269,37.4261],[-77.4175,37.4518],[-77.4228,37.4961],[-77.4165,37.5171],[-77.3939,37.505],[-77.3943,37.5149],[-77.3874,37.5171],[-77.3939,37.5261],[-77.3855,37.5352],[-77.3932,37.5373],[-77.3951,37.5494],[-77.4117,37.5523],[-77.4133,37.58],[-77.4393,37.5855],[-77.4376,37.5987],[-77.4781,37.5989],[-77.4725,37.5787],[-77.4824,37.5731],[-77.5326,37.5918],[-77.532,37.5826],[-77.5439,37.5813],[-77.5475,37.5725],[-77.5259,37.5682],[-77.5298,37.5592],[-77.606,37.5555],[-77.6528,37.5654]]]}},{"type":"Feature","properties":{"county_fips":"51101","county_name":"King William","state":"VA"},"geometry":{"type":"Polygon","coordinates":[[[-77.3456,37.7922],[-77.2503,37.8724],[-77.2414,37.9097],[-77.2265,37.8987],[-77.2115,37.9012],[-77.2163,37.8913],[-77.2083,37.8856],[-77.2055,37.8919],[-77.1788,37.8891],[-77.169,37.897],[-77.1647,37.8839],[-77.1486,37.8803],[-77.1636,37.8658],[-77.1332,37.8654],[-77.1413,37.8561],[-77.1215,37.8369],[-77.1265,37.8266],[-77.1159,37.8148],[-77.1208,37.8076],[-77.093,37.8094],[-77.0925,37.8022],[-77.1068,37.7943],[-77.0992,37.7834],[-77.0737,37.7732],[-77.0895,37.7552],[-77.0822,37.7471],[-77.0594,37.7495],[-77.0352,37.7209],[-77.0125,37.7228],[-77.0006,37.7085],[-76.9751,37.7084],[-76.9669,37.6898],[-76.9167,37.6953],[-76.906,37.6705],[-76.9124,37.6568],[-76.8805,37.6571],[-76.8558,37.6362],[-76.8682,37.6178],[-76.8388,37.6168],[-76.8334,37.607],[-76.8147,37.6042],[-76.8258,37.5973],[-76.823,37.5916],[-76.7957,37.5893],[-76.7996,37.5736],[-76.7852,37.5691],[-76.7771,37.5507],[-76.7887,37.5372],[-76.7866,37.5224],[-76.7962,37.5199],[-76.8241,37.5524],[-76.8574,37.5229],[-76.8778,37.5304],[-76.854,37.5697],[-76.8562,37.5782],[-76.8685,37.5814],[-76.882,37.5765],[-76.8759,37.5518],[-76.902,37.5467],[-76.9031,37.5658],[-76.917,37.5696],[-76.9427,37.5596],[-76.9471,37.5355],[-76.974,37.5413],[-76.9551,37.5638],[-76.9653,37.585],[-76.9927,37.5809],[-76.9812,37.5671],[-77.0001,37.5618],[-77.0258,37.5734],[-77.019,37.5835],[-77.054,37.5988],[-77.0672,37.6039],[-77.0842,37.5984],[-77.0922,37.6078],[-77.0896,37.6182],[-77.1203,37.6248],[-77.1296,37.6356],[-77.1153,37.636],[-77.1104,37.6637],[-77.1417,37.6653],[-77.1476,37.6752],[-77.1473,37.6643],[-77.1627,37.6681],[-77.1664,37.6609],[-77.1867,37.6577],[-77.1919,37.6663],[-77.1821,37.674],[-77.1846,37.687],[-77.1992,37.6898],[-77.2066,37.677],[-77.2145,37.689],[-77.2416,37.6868],[-77.2368,37.6923],[-77.2439,37.6992],[-77.2303,37.7139],[-77.244,37.7303],[-77.2518,37.7222],[-77.246,37.7102],[-77.2695,37.7235],[-77.292,37.714],[-77.2935,37.7398],[-77.3225,37.7337],[-77.3209,37.7433],[-77.308,37.7413],[-77.3012,37.7513],[-77.3344,37.7546],[-77.3374,37.7648],[-77.3218,37.7698],[-77.3318,37.792],[-77.3456,37.7922]]]}},{"type":"Feature","properties":{"county_fips":"51075","county_name":"Goochland","state":"VA"},"geometry":{"type":"Polygon","coordinates":[[[-78.159,37.7493],[-78.0633,37.9051],[-78.0556,37.9048],[-77.9991,37.8739],[-77.9876,37.8646],[-77.9908,37.8575],[-77.9469,37.8526],[-77.9403,37.838],[-77.9072,37.8219],[-77.8972,37.8033],[-77.9077,37.792],[-77.9091,37.7763],[-77.8818,37.7572],[-77.858,37.7595],[-77.8592,37.7541],[-77.8445,37.7491],[-77.8183,37.7462],[-77.784,37.7216],[-77.7117,37.7063],[-77.6308,37.7057],[-77.6545,37.6407],[-77.6518,37.6167],[-77.6264,37.5988],[-77.6164,37.5776],[-77.6554,37.564],[-77.7056,37.5892],[-77.7321,37.5897],[-77.7653,37.6126],[-77.815,37.6066],[-77.8237,37.6114],[-77.8306,37.6331],[-77.8973,37.6682],[-77.9157,37.6914],[-77.9498,37.6744],[-77.956,37.6608],[-77.9437,37.6386],[-77.9567,37.6251],[-77.9796,37.6238],[-78.0175,37.6426],[-78.0477,37.6434],[-78.0843,37.6684],[-78.1074,37.6717],[-78.1096,37.6808],[-78.0908,37.6966],[-78.0927,37.7082],[-78.159,37.7493]]]}},{"type":"Feature","properties":{"county_fips":"51097","county_name":"King and Queen","state":"VA"},"geometry":{"type":"Polygon","coordinates":[[[-77.187,37.901],[-77.1748,37.9032],[-77.1864,37.9112],[-77.1788,37.929],[-77.184,37.9414],[-77.167,37.9641],[-77.1486,37.972],[-77.1065,37.9716],[-77.0968,37.9639],[-77.0723,37.9683],[-77.0643,37.9584],[-77.0728,37.9464],[-77.0597,37.9431],[-77.0552,37.9309],[-77.034,37.9255],[-77.0241,37.9049],[-77.0317,37.8912],[-77.0202,37.8853],[-77.0229,37.8796],[-77.0396,37.8767],[-77.0412,37.869],[-77.0202,37.861],[-77.019,37.8449],[-77.0062,37.8371],[-76.9828,37.8394],[-76.9699,37.8287],[-76.9452,37.8282],[-76.9432,37.783],[-76.9064,37.7962],[-76.8777,37.7821],[-76.8426,37.798],[-76.7946,37.7898],[-76.7895,37.7712],[-76.7555,37.7439],[-76.7472,37.7058],[-76.7321,37.6881],[-76.7253,37.692],[-76.7282,37.6756],[-76.718,37.6577],[-76.7068,37.6528],[-76.6823,37.6172],[-76.6541,37.6032],[-76.6693,37.5285],[-76.6456,37.4863],[-76.6622,37.4578],[-76.674,37.4613],[-76.687,37.4479],[-76.7021,37.4505],[-76.7123,37.4313],[-76.7276,37.4442],[-76.7517,37.4839],[-76.7909,37.5058],[-76.7887,37.5372],[-76.7771,37.5507],[-76.7852,37.5691],[-76.7996,37.5736],[-76.7957,37.5893],[-76.823,37.5916],[-76.8258,37.5973],[-76.8147,37.6042],[-76.8334,37.607],[-76.8388,37.6168],[-76.8682,37.6178],[-76.8558,37.6362],[-76.8805,37.6571],[-76.9124,37.6568],[-76.906,37.6705],[-76.9167,37.6953],[-76.9669,37.6898],[-76.9751,37.7084],[-77.0006,37.7085],[-77.0125,37.7228],[-77.0352,37.7209],[-77.0594,37.7495],[-77.0822,37.7471],[-77.0895,37.7552],[-77.0737,37.7732],[-77.0992,37.7834],[-77.1068,37.7943],[-77.0925,37.8022],[-77.0935,37.8101],[-77.1208,37.8076],[-77.1159,37.8148],[-77.1265,37.8266],[-77.1215,37.8369],[-77.1413,37.8561],[-77.1332,37.8654],[-77.1636,37.8658],[-77.1495,37.8821],[-77.1636,37.883],[-77.169,37.897],[-77.1808,37.8899],[-77.187,37.901]]]}},{"type":"Feature","properties":{"county_fips":"36061","county_name":"New York","state":"NY"},"geometry":{"type":"MultiPolygon","coordinates":[[[[-74.0064,40.6887],[-73.9985,40.7003],[-73.9975,40.6997],[-74.0007,40.6906],[-74.0064,40.6887]]],[[[-74.0231,40.7204],[-74.014,40.7576],[-73.9632,40.8269],[-73.9338,40.8822],[-73.9095,40.8789],[-73.9335,40.8332],[-73.9325,40.8089],[-73.9103,40.7907],[-73.9364,40.7769],[-73.9597,40.7453],[-73.9696,40.7076],[-74.0127,40.7005],[-74.0231,40.7204]]],[[[-74.0246,40.6839],[-74.0195,40.6934],[-74.0121,40.6907],[-74.0246,40.6839]]],[[[-74.0422,40.7],[-74.0376,40.6992],[-74.039,40.6976],[-74.0422,40.7]]],[[[-74.0457,40.6886],[-74.0436,40.6903],[-74.0432,40.6893],[-74.0457,40.6886]]]]}},{"type":"Feature","properties":{"county_fips":"36059","county_name":"Nassau","state":"NY"},"geometry":{"type":"Polygon","coordinates":[[[-73.7687,40.6244],[-73.74,40.6351],[-73.7414,40.6469],[-73.725,40.6527],[-73.7303,40.7222],[-73.7079,40.7278],[-73.7004,40.7392],[-73.7016,40.7525],[-73.7503,40.7825],[-73.7534,40.7995],[-73.7655,40.8109],[-73.754,40.8209],[-73.753,40.8384],[-73.7219,40.8219],[-73.7109,40.8058],[-73.7004,40.8347],[-73.7254,40.8393],[-73.7285,40.833],[-73.7376,40.8484],[-73.728,40.8529],[-73.7296,40.8665],[-73.7141,40.87],[-73.6767,40.8572],[-73.6486,40.8288],[-73.6544,40.8782],[-73.6331,40.9027],[-73.6176,40.8979],[-73.57,40.9154],[-73.5481,40.9087],[-73.5214,40.9183],[-73.5074,40.9087],[-73.5084,40.9015],[-73.5172,40.9011],[-73.5203,40.8867],[-73.5331,40.8853],[-73.5236,40.9096],[-73.5478,40.9036],[-73.5419,40.8769],[-73.5062,40.8724],[-73.5088,40.8937],[-73.4948,40.8948],[-73.4879,40.877],[-73.4625,40.8673],[-73.4235,40.6714],[-73.424,40.6096],[-73.5718,40.5783],[-73.5783,40.5858],[-73.6109,40.5877],[-73.7543,40.5845],[-73.7372,40.593],[-73.7384,40.6027],[-73.7455,40.6118],[-73.7667,40.615],[-73.7687,40.6244]]]}},{"type":"Feature","properties":{"county_fips":"23015","county_name":"Lincoln","state":"ME"},"geometry":{"type":"MultiPolygon","coordinates":[[[[-69.3236,43.759],[-69.3136,43.7728],[-69.3004,43.7721],[-69.3143,43.7567],[-69.3236,43.759]]],[[[-69.3915,43.9577],[-69.3948,43.9649],[-69.3873,43.9672],[-69.3915,43.9577]]],[[[-69.4289,43.9165],[-69.422,43.923],[-69.4273,43.9123],[-69.4289,43.9165]]],[[[-69.4381,43.9095],[-69.4394,43.9391],[-69.433,43.9521],[-69.4201,43.9359],[-69.4381,43.9095]]],[[[-69.5882,43.7705],[-69.5829,43.7791],[-69.5815,43.7719],[-69.5882,43.7705]]],[[[-69.5996,43.7907],[-69.5996,43.8033],[-69.5939,43.8041],[-69.5996,43.7907]]],[[[-69.6188,43.7574],[-69.6108,43.7789],[-69.6053,43.7803],[-69.614,43.7511],[-69.6188,43.7574]]],[[[-69.6357,43.8054],[-69.633,43.8126],[-69.6288,43.8137],[-69.6267,43.8052],[-69.6357,43.8054]]],[[[-69.8135,44.0268],[-69.7903,44.0425],[-69.7859,44.0872],[-69.7582,44.1393],[-69.6567,44.1224],[-69.6654,44.2276],[-69.6502,44.2796],[-69.5428,44.2625],[-69.5214,44.2806],[-69.5064,44.3429],[-69.4096,44.328],[-69.4164,44.3213],[-69.437,44.3245],[-69.4513,44.3139],[-69.4407,44.2844],[-69.4495,44.2623],[-69.4328,44.2267],[-69.4036,44.2191],[-69.406,44.2107],[-69.3377,44.2094],[-69.3037,44.1327],[-69.3115,44.0955],[-69.3038,44.0965],[-69.282,44.0645],[-69.2823,44.0526],[-69.298,44.059],[-69.2982,44.0473],[-69.3186,44.0372],[-69.3278,44.0062],[-69.3347,44.0047],[-69.3458,44.0188],[-69.364,44.0129],[-69.3683,43.9951],[-69.379,43.9954],[-69.3892,43.9708],[-69.3983,43.9707],[-69.4061,43.9858],[-69.4282,43.9573],[-69.4268,43.9783],[-69.4377,43.9758],[-69.4596,43.9033],[-69.4835,43.8803],[-69.5069,43.8348],[-69.5149,43.8313],[-69.5193,43.8712],[-69.5439,43.8816],[-69.5509,43.878],[-69.545,43.8612],[-69.5517,43.8346],[-69.5727,43.844],[-69.5796,43.8216],[-69.5929,43.8114],[-69.6059,43.8149],[-69.6063,43.8234],[-69.5924,43.8309],[-69.5947,43.8589],[-69.6177,43.8453],[-69.6131,43.8375],[-69.6211,43.8268],[-69.6303,43.837],[-69.6272,43.8489],[-69.6388,43.8478],[-69.6498,43.8363],[-69.6457,43.8194],[-69.6531,43.8172],[-69.6556,43.781],[-69.6687,43.8014],[-69.6859,43.8101],[-69.6904,43.8254],[-69.6802,43.8565],[-69.6875,43.8677],[-69.6851,43.897],[-69.6714,43.9236],[-69.6916,43.9172],[-69.7028,43.8547],[-69.7229,43.8531],[-69.7435,43.8935],[-69.7074,43.9273],[-69.725,43.9349],[-69.7196,43.9713],[-69.7002,44.0066],[-69.8135,44.0268]]]]}},{"type":"Feature","properties":{"county_fips":"24009","county_name":"Calvert","state":"MD"},"geometry":{"type":"Polygon","coordinates":[[[-76.7012,38.7128],[-76.695,38.7351],[-76.684,38.7383],[-76.6852,38.7561],[-76.6431,38.7693],[-76.6231,38.7673],[-76.6229,38.7267],[-76.6159,38.7208],[-76.5356,38.7215],[-76.5283,38.7127],[-76.5324,38.6784],[-76.5113,38.6157],[-76.5175,38.5357],[-76.506,38.5046],[-76.4927,38.4828],[-76.4154,38.4147],[-76.4025,38.3944],[-76.3815,38.3853],[-76.3909,38.3751],[-76.387,38.3613],[-76.4214,38.3189],[-76.4381,38.3253],[-76.4558,38.3165],[-76.4682,38.3289],[-76.4876,38.3263],[-76.4841,38.3481],[-76.5015,38.3725],[-76.5341,38.3978],[-76.5584,38.3959],[-76.5656,38.4071],[-76.6084,38.4244],[-76.6539,38.4634],[-76.6521,38.4738],[-76.6741,38.4996],[-76.6625,38.5255],[-76.6757,38.5365],[-76.6723,38.5528],[-76.6807,38.5805],[-76.6723,38.6175],[-76.6929,38.6364],[-76.6833,38.6612],[-76.701,38.6684],[-76.687,38.6806],[-76.6974,38.6878],[-76.7012,38.7128]]]}},{"type":"Feature","properties":{"county_fips":"34033","county_name":"Salem","state":"NJ"},"geometry":{"type":"MultiPolygon","coordinates":[[[[-75.4125,39.3809],[-75.4094,39.3877],[-75.407,39.3811],[-75.4125,39.3809]]],[[[-75.5589,39.6288],[-75.5146,39.6686],[-75.5072,39.697],[-75.4886,39.7148],[-75.4776,39.715],[-75.4594,39.7658],[-75.4383,39.7844],[-75.4055,39.7964],[-75.4291,39.7838],[-75.4025,39.7826],[-75.3952,39.7726],[-75.406,39.7635],[-75.3899,39.7605],[-75.3947,39.7531],[-75.3768,39.7449],[-75.3766,39.7264],[-75.3361,39.7039],[-75.3268,39.6907],[-75.2533,39.679],[-75.2479,39.6652],[-75.2351,39.6617],[-75.2,39.667],[-75.0619,39.5687],[-75.0745,39.5446],[-75.0797,39.5014],[-75.0733,39.4851],[-75.081,39.46],[-75.2384,39.559],[-75.318,39.492],[-75.3423,39.4906],[-75.3681,39.4568],[-75.3998,39.4623],[-75.4139,39.4537],[-75.4092,39.4431],[-75.4166,39.4385],[-75.4096,39.4367],[-75.4188,39.4323],[-75.4083,39.4251],[-75.4194,39.4112],[-75.4051,39.4055],[-75.4075,39.396],[-75.4177,39.3952],[-75.4168,39.3874],[-75.4278,39.3878],[-75.4652,39.4389],[-75.4836,39.4408],[-75.5084,39.4591],[-75.5364,39.4606],[-75.5429,39.4704],[-75.5427,39.4966],[-75.5278,39.4981],[-75.5268,39.5314],[-75.534,39.5407],[-75.511,39.5681],[-75.5115,39.5772],[-75.5535,39.602],[-75.5589,39.6288]]]]}},{"type":"Feature","properties":{"county_fips":"34007","county_name":"Camden","state":"NJ"},"geometry":{"type":"Polygon","coordinates":[[[-75.1373,39.89],[-75.1279,39.9118],[-75.1361,39.9339],[-75.1301,39.9587],[-75.0756,39.978],[-75.0601,39.9915],[-75.0274,39.9936],[-75.0104,39.98],[-75.0199,39.9694],[-75.0151,39.9468],[-74.9757,39.9398],[-74.9839,39.9268],[-74.963,39.9203],[-74.9496,39.8983],[-74.9307,39.8859],[-74.903,39.7911],[-74.8949,39.7834],[-74.8194,39.788],[-74.7362,39.7298],[-74.8789,39.609],[-74.9026,39.6317],[-74.909,39.6654],[-74.9299,39.6903],[-74.9876,39.7067],[-75.0243,39.7306],[-75.0212,39.7448],[-75.0444,39.762],[-75.0545,39.7826],[-75.0634,39.786],[-75.0744,39.774],[-75.0871,39.7796],[-75.0819,39.7913],[-75.0708,39.7939],[-75.0886,39.8149],[-75.0833,39.8421],[-75.1044,39.8623],[-75.1188,39.8628],[-75.1373,39.89]]]}},{"type":"Feature","properties":{"county_fips":"34015","county_name":"Gloucester","state":"NJ"},"geometry":{"type":"Polygon","coordinates":[[[-75.4283,39.7844],[-75.4043,39.7956],[-75.4151,39.8019],[-75.3418,39.8461],[-75.2434,39.8546],[-75.1893,39.8807],[-75.1394,39.8884],[-75.1188,39.8628],[-75.1044,39.8623],[-75.0833,39.8421],[-75.0886,39.8149],[-75.0708,39.7939],[-75.0819,39.7913],[-75.0871,39.7796],[-75.0744,39.774],[-75.0634,39.786],[-75.0545,39.7826],[-75.0444,39.762],[-75.0212,39.7448],[-75.0243,39.7306],[-74.9876,39.7067],[-74.9299,39.6903],[-74.909,39.6654],[-74.9026,39.6317],[-74.8773,39.6084],[-74.9853,39.515],[-75.2,39.667],[-75.2351,39.6617],[-75.2479,39.6652],[-75.2533,39.679],[-75.3268,39.6907],[-75.3361,39.7039],[-75.3766,39.7264],[-75.3768,39.7449],[-75.3947,39.7531],[-75.3899,39.7605],[-75.406,39.7635],[-75.3952,39.7726],[-75.4025,39.7826],[-75.4283,39.7844]]]}},{"type":"Feature","properties":{"county_fips":"45067","county_name":"Marion","state":"SC"},"geometry":{"type":"Polygon","coordinates":[[[-79.5719,34.1854],[-79.5457,34.2108],[-79.5543,34.2476],[-79.5124,34.2575],[-79.4963,34.2748],[-79.4791,34.2786],[-79.4807,34.2881],[-79.411,34.3002],[-79.3803,34.3006],[-79.3054,34.2693],[-79.2944,34.277],[-79.2394,34.2543],[-79.2143,34.2555],[-79.1735,34.2875],[-79.1266,34.2517],[-79.1348,34.241],[-79.1267,34.2361],[-79.1357,34.2291],[-79.1337,34.2157],[-79.1539,34.2072],[-79.1736,34.1795],[-79.1769,34.1848],[-79.1927,34.1754],[-79.1973,34.1587],[-79.2075,34.1548],[-79.2058,34.133],[-79.2189,34.1268],[-79.2209,34.1077],[-79.2301,34.1088],[-79.2501,34.0904],[-79.2481,34.0795],[-79.2396,34.0768],[-79.2478,34.0571],[-79.3076,34.0277],[-79.3072,34.0059],[-79.3151,33.9965],[-79.3285,34.0002],[-79.3388,33.9705],[-79.3301,33.9616],[-79.3334,33.9527],[-79.3116,33.9442],[-79.317,33.9341],[-79.3069,33.9348],[-79.3067,33.9239],[-79.3123,33.9182],[-79.2999,33.9038],[-79.2636,33.8925],[-79.256,33.8654],[-79.2641,33.8425],[-79.2488,33.8312],[-79.2603,33.8149],[-79.2355,33.7644],[-79.1959,33.7279],[-79.1903,33.7058],[-79.1994,33.7101],[-79.1962,33.7013],[-79.2128,33.7001],[-79.218,33.7058],[-79.2389,33.6944],[-79.2493,33.697],[-79.2424,33.7059],[-79.2751,33.7089],[-79.2711,33.7216],[-79.2864,33.7176],[-79.2933,33.7523],[-79.3233,33.7887],[-79.3152,33.8268],[-79.3369,33.8326],[-79.332,33.8366],[-79.3398,33.8415],[-79.3538,33.8341],[-79.3535,33.8412],[-79.3683,33.8429],[-79.3895,33.8732],[-79.4098,33.8853],[-79.4004,33.8922],[-79.429,33.8978],[-79.4522,33.9148],[-79.452,33.9246],[-79.4596,33.9208],[-79.4629,33.9318],[-79.4737,33.93],[-79.4917,33.9465],[-79.4815,33.9647],[-79.4998,33.9713],[-79.5169,33.994],[-79.5089,34.0037],[-79.5114,34.0409],[-79.5359,34.0761],[-79.5291,34.1002],[-79.5153,34.0972],[-79.5246,34.1156],[-79.5172,34.1268],[-79.5325,34.1263],[-79.5326,34.1357],[-79.5719,34.1854]]]}},{"type":"Feature","properties":{"county_fips":"23017","county_name":"Oxford","state":"ME"},"geometry":{"type":"Polygon","coordinates":[[[-71.08,45.307],[-71.0091,45.319],[-71.0024,45.3285],[-71.0113,45.3344],[-71.0108,45.3473],[-70.9856,45.3322],[-70.9524,45.3391],[-70.9392,45.3202],[-70.9179,45.3119],[-70.9121,45.2962],[-70.9217,45.2794],[-70.8986,45.2585],[-70.8969,45.242],[-70.857,45.2292],[-70.8375,45.235],[-70.8493,45.2564],[-70.8351,45.2767],[-70.7798,45.0184],[-70.8236,45.0138],[-70.8045,44.9249],[-70.7964,44.9259],[-70.7739,44.8397],[-70.7692,44.7322],[-70.615,44.7956],[-70.5106,44.6272],[-70.55,44.6107],[-70.2807,44.5696],[-70.3077,44.5379],[-70.2899,44.5402],[-70.2809,44.5051],[-70.2509,44.5034],[-70.2389,44.4589],[-70.2744,44.4406],[-70.2683,44.4164],[-70.2787,44.4152],[-70.2652,44.3629],[-70.3252,44.2084],[-70.3341,44.2108],[-70.4853,44.0604],[-70.4792,44.0557],[-70.4801,44.0321],[-70.509,44.0415],[-70.5441,44.0056],[-70.5639,44.025],[-70.574,44.0156],[-70.5826,44.0187],[-70.6139,44.0618],[-70.603,44.0886],[-70.6062,44.1013],[-70.5872,44.1241],[-70.5987,44.1498],[-70.6243,44.171],[-70.8218,44.0771],[-70.8585,44.0953],[-70.8666,44.0797],[-70.8481,44.0495],[-70.7925,44.0401],[-70.7917,44.0287],[-70.7818,44.0314],[-70.7154,43.9618],[-70.7475,43.9459],[-70.7298,43.9283],[-70.7579,43.9069],[-70.7545,43.8885],[-70.7439,43.8858],[-70.7653,43.8715],[-70.7663,43.8772],[-70.7805,43.8682],[-70.7815,43.8739],[-70.7982,43.8633],[-70.7943,43.8343],[-70.7816,43.8229],[-70.7969,43.8063],[-70.814,43.8114],[-70.8613,43.8047],[-70.8807,43.8109],[-70.9271,43.7903],[-70.9717,43.7851],[-70.989,43.7922],[-71.031,44.6555],[-71.08,45.307]]]}},{"type":"Feature","properties":{"county_fips":"24025","county_name":"Harford","state":"MD"},"geometry":{"type":"MultiPolygon","coordinates":[[[[-76.0903,39.5338],[-76.0901,39.5366],[-76.0882,39.536],[-76.0903,39.5338]]],[[[-76.2723,39.2746],[-76.2664,39.2905],[-76.2604,39.2925],[-76.258,39.2878],[-76.2723,39.2746]]],[[[-76.5694,39.7212],[-76.2333,39.7213],[-76.2127,39.6864],[-76.1618,39.6496],[-76.1475,39.6194],[-76.0762,39.5436],[-76.0961,39.5369],[-76.1281,39.4867],[-76.1187,39.4812],[-76.1121,39.4862],[-76.0979,39.4752],[-76.072,39.475],[-76.0605,39.4483],[-76.0812,39.4367],[-76.0893,39.4451],[-76.1003,39.4432],[-76.1363,39.411],[-76.1621,39.4042],[-76.1801,39.3776],[-76.1867,39.3809],[-76.227,39.3499],[-76.2534,39.3667],[-76.2462,39.3703],[-76.2538,39.3772],[-76.2447,39.3836],[-76.2498,39.3889],[-76.2427,39.4075],[-76.2246,39.4257],[-76.2395,39.4386],[-76.231,39.4564],[-76.2415,39.4613],[-76.2536,39.4426],[-76.2474,39.435],[-76.251,39.4194],[-76.2691,39.4031],[-76.2651,39.3923],[-76.2722,39.3764],[-76.2869,39.369],[-76.2655,39.3592],[-76.2566,39.3389],[-76.2777,39.3221],[-76.2817,39.2997],[-76.2966,39.302],[-76.2896,39.3172],[-76.2988,39.3292],[-76.2944,39.3489],[-76.3225,39.3573],[-76.3059,39.3644],[-76.3071,39.3854],[-76.3534,39.3952],[-76.3588,39.3903],[-76.3803,39.4248],[-76.3789,39.4454],[-76.3867,39.4597],[-76.4331,39.4883],[-76.4322,39.5066],[-76.4593,39.5072],[-76.4946,39.5266],[-76.5085,39.5238],[-76.5322,39.544],[-76.5323,39.5616],[-76.5601,39.5961],[-76.5652,39.6145],[-76.5694,39.7212]]]]}},{"type":"Feature","properties":{"county_fips":"24047","county_name":"Worcester","state":"MD"},"geometry":{"type":"Polygon","coordinates":[[[-75.6606,38.0463],[-75.6543,38.0529],[-75.638,38.0448],[-75.6207,38.0564],[-75.6152,38.074],[-75.5816,38.0683],[-75.5695,38.0871],[-75.5409,38.0895],[-75.5461,38.098],[-75.5401,38.1083],[-75.5767,38.1404],[-75.5696,38.1536],[-75.5494,38.1632],[-75.5459,38.1787],[-75.6058,38.2491],[-75.6128,38.2786],[-75.3646,38.2904],[-75.3555,38.3145],[-75.3232,38.3319],[-75.307,38.3548],[-75.3297,38.3813],[-75.3171,38.4042],[-75.3413,38.452],[-75.0489,38.4513],[-75.0614,38.3895],[-75.0855,38.3243],[-75.1029,38.3115],[-75.1938,38.096],[-75.2425,38.027],[-75.6243,37.9942],[-75.6197,38.0071],[-75.6558,38.0298],[-75.6606,38.0463]]]}},{"type":"Feature","properties":{"county_fips":"24003","county_name":"Anne Arundel","state":"MD"},"geometry":{"type":"Polygon","coordinates":[[[-76.8385,39.1042],[-76.8227,39.1187],[-76.7905,39.1255],[-76.7637,39.1662],[-76.7464,39.1795],[-76.722,39.183],[-76.6928,39.2198],[-76.6617,39.2311],[-76.6315,39.2239],[-76.6186,39.2374],[-76.5833,39.2074],[-76.5501,39.1972],[-76.5331,39.2076],[-76.5258,39.1779],[-76.5037,39.166],[-76.5009,39.1554],[-76.4783,39.1671],[-76.4715,39.1547],[-76.431,39.1321],[-76.4331,39.1112],[-76.4219,39.077],[-76.4389,39.0528],[-76.4051,39.0332],[-76.3945,39.0127],[-76.4219,38.9946],[-76.4227,38.9866],[-76.4239,38.9995],[-76.4313,39.0015],[-76.4497,38.9935],[-76.4546,38.9745],[-76.4585,38.9847],[-76.4802,38.9777],[-76.4713,38.9565],[-76.4503,38.9411],[-76.4636,38.9275],[-76.4603,38.9071],[-76.4895,38.9274],[-76.5091,38.9199],[-76.4945,38.9093],[-76.4907,38.8848],[-76.5194,38.8631],[-76.5385,38.8614],[-76.5376,38.8486],[-76.5149,38.8522],[-76.5033,38.8455],[-76.4966,38.8531],[-76.4899,38.8387],[-76.5101,38.8012],[-76.5247,38.795],[-76.5394,38.7747],[-76.5599,38.7674],[-76.5527,38.7353],[-76.5272,38.7271],[-76.5283,38.7127],[-76.5356,38.7215],[-76.6159,38.7208],[-76.6229,38.7267],[-76.6231,38.7673],[-76.6467,38.7689],[-76.6852,38.7561],[-76.6864,38.7485],[-76.6973,38.7501],[-76.7009,38.7687],[-76.714,38.7769],[-76.7021,38.7885],[-76.7123,38.8129],[-76.697,38.8188],[-76.6983,38.843],[-76.6766,38.876],[-76.6695,38.9044],[-76.6906,38.9235],[-76.6814,38.9313],[-76.6922,38.9363],[-76.7037,38.9715],[-76.6985,38.9838],[-76.7404,39.0129],[-76.7476,39.0334],[-76.7926,39.0462],[-76.8039,39.0624],[-76.8356,39.0679],[-76.8271,39.0898],[-76.8385,39.1042]]]}},{"type":"Feature","properties":{"county_fips":"37029","county_name":"Camden","state":"NC"},"geometry":{"type":"Polygon","coordinates":[[[-76.5415,36.5503],[-76.3133,36.5506],[-76.1585,36.4253],[-76.1575,36.3982],[-76.1144,36.3576],[-76.0741,36.3461],[-76.0536,36.3602],[-76.0364,36.3552],[-76.0286,36.3488],[-76.0312,36.3385],[-76.0175,36.3451],[-76.0205,36.3329],[-76.0017,36.3235],[-75.9997,36.3112],[-75.9711,36.3084],[-75.9666,36.2896],[-75.9484,36.2853],[-75.9495,36.2732],[-75.9689,36.2642],[-75.9479,36.2244],[-75.96,36.1989],[-75.9134,36.1654],[-76.017,36.1864],[-76.0423,36.211],[-76.054,36.2348],[-76.0796,36.2382],[-76.1057,36.2724],[-76.131,36.291],[-76.1544,36.2894],[-76.1728,36.3024],[-76.2158,36.3002],[-76.2007,36.3061],[-76.1992,36.3175],[-76.188,36.3145],[-76.1812,36.321],[-76.216,36.3277],[-76.2142,36.3416],[-76.227,36.3477],[-76.2313,36.3721],[-76.2567,36.3633],[-76.2589,36.3843],[-76.2915,36.3866],[-76.3231,36.4173],[-76.3206,36.4263],[-76.3456,36.4214],[-76.3476,36.4282],[-76.3676,36.4314],[-76.3768,36.4459],[-76.4373,36.4678],[-76.5415,36.5503]]]}},{"type":"Feature","properties":{"county_fips":"42045","county_name":"Delaware","state":"PA"},"geometry":{"type":"Polygon","coordinates":[[[-75.6015,39.8564],[-75.593,39.867],[-75.5979,39.8745],[-75.5712,39.8881],[-75.5734,39.8964],[-75.5613,39.9074],[-75.5464,39.9097],[-75.5505,39.9149],[-75.5427,39.9272],[-75.5235,39.9231],[-75.5305,39.932],[-75.519,39.9342],[-75.5238,39.9441],[-75.4361,39.9849],[-75.4377,39.9939],[-75.4534,39.9935],[-75.4043,40.0274],[-75.415,40.0418],[-75.3601,40.0662],[-75.3207,40.0162],[-75.3114,40.0198],[-75.2775,39.9711],[-75.2481,39.9641],[-75.2501,39.947],[-75.2349,39.9363],[-75.2649,39.8879],[-75.2625,39.8766],[-75.2157,39.8761],[-75.2117,39.867],[-75.2721,39.8491],[-75.3418,39.8461],[-75.4151,39.8019],[-75.4988,39.8333],[-75.5864,39.8443],[-75.5948,39.8373],[-75.592,39.8525],[-75.6015,39.8564]]]}},{"type":"Feature","properties":{"county_fips":"25015","county_name":"Hampshire","state":"MA"},"geometry":{"type":"Polygon","coordinates":[[[-73.0658,42.3891],[-73.0117,42.3797],[-72.9686,42.54],[-72.979,42.5416],[-72.9754,42.556],[-72.8768,42.5412],[-72.8711,42.484],[-72.7638,42.4637],[-72.7583,42.4609],[-72.7659,42.4517],[-72.7571,42.4524],[-72.7578,42.4459],[-72.7009,42.4529],[-72.7044,42.4055],[-72.4899,42.4338],[-72.4837,42.4075],[-72.375,42.4208],[-72.3661,42.3782],[-72.3564,42.3665],[-72.3594,42.3456],[-72.3511,42.3296],[-72.3605,42.3087],[-72.356,42.3033],[-72.3283,42.3186],[-72.3143,42.3437],[-72.2842,42.352],[-72.2746,42.302],[-72.2108,42.3114],[-72.2167,42.2941],[-72.2033,42.2912],[-72.2176,42.2702],[-72.2105,42.2472],[-72.247,42.2421],[-72.2576,42.2299],[-72.2682,42.2293],[-72.2705,42.2371],[-72.3417,42.2192],[-72.3523,42.207],[-72.3647,42.2073],[-72.3582,42.1898],[-72.3955,42.1857],[-72.4039,42.2318],[-72.6038,42.2139],[-72.6237,42.2317],[-72.5992,42.2674],[-72.6012,42.2813],[-72.6131,42.2863],[-72.6346,42.2739],[-72.6565,42.2277],[-72.6905,42.2131],[-72.6869,42.1834],[-72.781,42.1997],[-72.7934,42.2369],[-72.8126,42.235],[-72.8134,42.245],[-72.8576,42.2405],[-72.8722,42.2164],[-72.9123,42.2391],[-72.8806,42.2654],[-72.8852,42.3326],[-72.8948,42.3315],[-72.8956,42.3407],[-72.9538,42.3439],[-73.0054,42.3052],[-73.0294,42.3086],[-73.0629,42.329],[-73.0658,42.3891]]]}},{"type":"Feature","properties":{"county_fips":"51041","county_name":"Chesterfield","state":"VA"},"geometry":{"type":"Polygon","coordinates":[[[-77.8782,37.3835],[-77.8674,37.3938],[-77.8751,37.4171],[-77.8467,37.4151],[-77.8092,37.4261],[-77.7978,37.4589],[-77.6554,37.564],[-77.5955,37.5558],[-77.6012,37.5452],[-77.5924,37.5329],[-77.5545,37.543],[-77.545,37.5281],[-77.5286,37.5319],[-77.5276,37.5094],[-77.5122,37.4725],[-77.4891,37.4556],[-77.4594,37.4643],[-77.4207,37.4475],[-77.4269,37.4261],[-77.3991,37.4213],[-77.3985,37.4054],[-77.3846,37.3975],[-77.3838,37.3844],[-77.3757,37.3817],[-77.369,37.392],[-77.3579,37.3842],[-77.3604,37.3749],[-77.3251,37.3779],[-77.3042,37.4059],[-77.2973,37.3967],[-77.3115,37.3733],[-77.3055,37.358],[-77.2726,37.3533],[-77.2659,37.376],[-77.2497,37.382],[-77.2442,37.3693],[-77.2671,37.3401],[-77.2707,37.3208],[-77.2825,37.3137],[-77.3525,37.3102],[-77.3566,37.2831],[-77.3737,37.2669],[-77.3768,37.2448],[-77.3839,37.2389],[-77.4037,37.2373],[-77.3803,37.2455],[-77.3777,37.271],[-77.3621,37.2839],[-77.3682,37.2985],[-77.3791,37.2841],[-77.4019,37.282],[-77.3997,37.2719],[-77.4123,37.283],[-77.4317,37.2763],[-77.4144,37.2609],[-77.4174,37.2327],[-77.4423,37.2234],[-77.4931,37.2248],[-77.5226,37.2171],[-77.5361,37.2263],[-77.5596,37.225],[-77.5682,37.2393],[-77.5789,37.2379],[-77.6133,37.2709],[-77.6522,37.2658],[-77.6675,37.2925],[-77.6824,37.2918],[-77.6926,37.2814],[-77.7117,37.2998],[-77.7174,37.2849],[-77.7355,37.2842],[-77.7398,37.2687],[-77.7635,37.2707],[-77.7726,37.2876],[-77.8067,37.3045],[-77.809,37.3154],[-77.7963,37.324],[-77.7965,37.3327],[-77.8505,37.3451],[-77.8528,37.3567],[-77.8766,37.3643],[-77.8782,37.3835]]]}},{"type":"Feature","properties":{"county_fips":"34011","county_name":"Cumberland","state":"NJ"},"geometry":{"type":"Polygon","coordinates":[[[-75.4196,39.4133],[-75.4083,39.4251],[-75.4188,39.4323],[-75.4096,39.4367],[-75.4166,39.4385],[-75.4077,39.4588],[-75.3681,39.4568],[-75.3423,39.4906],[-75.318,39.492],[-75.2384,39.559],[-75.0835,39.4575],[-75.0733,39.4851],[-75.0797,39.5014],[-75.0745,39.5446],[-75.0619,39.5687],[-74.857,39.425],[-74.852,39.3766],[-74.8649,39.3385],[-74.8613,39.3238],[-74.8821,39.3084],[-74.8964,39.2351],[-74.9258,39.2188],[-74.9259,39.1968],[-74.9122,39.1786],[-74.9632,39.192],[-75.0289,39.1946],[-75.0213,39.2187],[-75.0298,39.2255],[-75.0485,39.2152],[-75.0941,39.2121],[-75.1074,39.2184],[-75.1297,39.2004],[-75.1278,39.1904],[-75.1369,39.1821],[-75.1674,39.2033],[-75.163,39.2143],[-75.1719,39.2378],[-75.2059,39.2626],[-75.2416,39.2741],[-75.2378,39.284],[-75.2517,39.3003],[-75.283,39.3055],[-75.2883,39.2916],[-75.3152,39.3106],[-75.3337,39.3453],[-75.3501,39.3499],[-75.3603,39.3399],[-75.3902,39.3588],[-75.3982,39.379],[-75.4168,39.3874],[-75.4177,39.3952],[-75.4075,39.396],[-75.4051,39.4055],[-75.4196,39.4133]]]}},{"type":"Feature","properties":{"county_fips":"33009","county_name":"Grafton","state":"NH"},"geometry":{"type":"Polygon","coordinates":[[[-72.3344,43.6193],[-72.3291,43.6356],[-72.3141,43.6428],[-72.2996,43.7063],[-72.2718,43.7334],[-72.2342,43.746],[-72.2051,43.7711],[-72.2055,43.7846],[-72.1848,43.8047],[-72.1879,43.8561],[-72.1828,43.8655],[-72.1679,43.8691],[-72.1727,43.8843],[-72.1204,43.9196],[-72.1186,43.946],[-72.0914,43.9655],[-72.1147,43.9683],[-72.117,43.9945],[-72.1044,44.0022],[-72.1053,44.0131],[-72.0901,44.0099],[-72.0953,44.0219],[-72.0829,44.0216],[-72.0748,44.033],[-72.0783,44.0434],[-72.0625,44.0493],[-72.0676,44.058],[-72.0489,44.069],[-72.0525,44.0767],[-72.0318,44.0785],[-72.0451,44.0879],[-72.0337,44.0901],[-72.0309,44.0997],[-72.04,44.1034],[-72.0483,44.0969],[-72.0551,44.1104],[-72.0334,44.1311],[-72.0419,44.1376],[-72.0389,44.1564],[-72.0662,44.1898],[-72.0479,44.2385],[-72.0598,44.2569],[-72.0586,44.2691],[-72.0684,44.2713],[-72.0327,44.3025],[-72.0328,44.3204],[-72.0039,44.3241],[-71.9811,44.3375],[-71.9354,44.3358],[-71.9094,44.3484],[-71.8725,44.3366],[-71.8526,44.3409],[-71.8129,44.3555],[-71.8144,44.3819],[-71.8003,44.3843],[-71.8035,44.3919],[-71.7939,44.3993],[-71.7657,44.4063],[-71.6969,44.3321],[-71.6869,44.3366],[-71.587,44.3048],[-71.5758,44.2546],[-71.4697,44.2599],[-71.4433,44.2492],[-71.4159,44.2122],[-71.4265,44.2109],[-71.4132,44.1675],[-71.3871,44.1552],[-71.3765,44.1189],[-71.3816,44.0979],[-71.3664,44.0685],[-71.3467,44.0688],[-71.3836,44.0226],[-71.362,43.9159],[-71.5646,43.8932],[-71.5438,43.796],[-71.538,43.7965],[-71.5215,43.698],[-71.6483,43.6845],[-71.6569,43.6303],[-71.6512,43.6211],[-71.6651,43.6136],[-71.6646,43.6044],[-71.6862,43.5956],[-71.7102,43.6011],[-71.7281,43.5949],[-71.7315,43.5885],[-71.7157,43.5779],[-71.7258,43.5644],[-71.761,43.5677],[-71.7775,43.5525],[-71.7826,43.5606],[-71.7975,43.5594],[-71.8179,43.5442],[-71.8492,43.6112],[-71.9353,43.5289],[-72.0672,43.544],[-72.0695,43.5532],[-72.0909,43.5289],[-72.1202,43.5383],[-72.1064,43.5535],[-72.2083,43.5852],[-72.3297,43.6002],[-72.3344,43.6193]]]}},{"type":"Feature","properties":{"county_fips":"36105","county_name":"Sullivan","state":"NY"},"geometry":{"type":"Polygon","coordinates":[[[-75.1447,41.8517],[-74.7807,42.0164],[-74.4537,41.8756],[-74.5751,41.7453],[-74.3951,41.6449],[-74.3761,41.5982],[-74.3645,41.5938],[-74.4184,41.5694],[-74.4657,41.5229],[-74.4756,41.504],[-74.7524,41.4937],[-74.762,41.4881],[-74.7504,41.4643],[-74.7599,41.4607],[-74.7625,41.4495],[-74.7519,41.4325],[-74.7586,41.4233],[-74.7939,41.4227],[-74.8076,41.4428],[-74.8307,41.4305],[-74.8586,41.4444],[-74.8939,41.4389],[-74.8904,41.4553],[-74.9069,41.4611],[-74.9125,41.4756],[-74.9418,41.4835],[-74.9583,41.4764],[-74.9833,41.4809],[-74.9844,41.5066],[-75.0032,41.5081],[-75.0038,41.5241],[-75.0248,41.5351],[-75.0185,41.5518],[-75.0746,41.6057],[-75.0597,41.6108],[-75.0601,41.6175],[-75.0442,41.618],[-75.0499,41.6626],[-75.0593,41.6723],[-75.0527,41.6884],[-75.0688,41.7082],[-75.0499,41.7133],[-75.0534,41.7525],[-75.0759,41.7715],[-75.1043,41.7727],[-75.1015,41.7879],[-75.0769,41.7985],[-75.0722,41.8137],[-75.0895,41.8116],[-75.1133,41.8228],[-75.1144,41.8436],[-75.1447,41.8517]]]}},{"type":"Feature","properties":{"county_fips":"37101","county_name":"Johnston","state":"NC"},"geometry":{"type":"Polygon","coordinates":[[[-78.7089,35.5195],[-78.4677,35.7075],[-78.46,35.7057],[-78.256,35.8181],[-78.2439,35.7919],[-78.2509,35.7739],[-78.2383,35.7671],[-78.2327,35.7513],[-78.2188,35.7549],[-78.2085,35.7303],[-78.1823,35.7289],[-78.1609,35.7119],[-78.1578,35.6856],[-78.1256,35.6031],[-78.0648,35.5853],[-78.1549,35.4178],[-78.1537,35.392],[-78.1443,35.3874],[-78.1624,35.3672],[-78.1532,35.3507],[-78.2155,35.3415],[-78.2156,35.3338],[-78.2421,35.32],[-78.269,35.3228],[-78.2897,35.3151],[-78.3066,35.2876],[-78.4118,35.2547],[-78.4919,35.2633],[-78.5383,35.3164],[-78.5328,35.3423],[-78.5688,35.3693],[-78.5725,35.3865],[-78.5927,35.3986],[-78.6272,35.4583],[-78.6503,35.4724],[-78.6606,35.4962],[-78.6755,35.4964],[-78.6869,35.5019],[-78.6897,35.5159],[-78.7089,35.5195]]]}},{"type":"Feature","properties":{"county_fips":"37079","county_name":"Greene","state":"NC"},"geometry":{"type":"Polygon","coordinates":[[[-77.8267,35.4241],[-77.8225,35.5854],[-77.8062,35.5835],[-77.6948,35.6518],[-77.6828,35.6428],[-77.6816,35.6308],[-77.6102,35.5675],[-77.5914,35.5632],[-77.5579,35.532],[-77.541,35.533],[-77.5252,35.5283],[-77.5217,35.5176],[-77.5034,35.5174],[-77.5116,35.497],[-77.4941,35.4774],[-77.4927,35.4615],[-77.4805,35.4513],[-77.4842,35.4451],[-77.4767,35.4454],[-77.4755,35.4267],[-77.4839,35.4137],[-77.5099,35.4215],[-77.5283,35.4143],[-77.5342,35.3981],[-77.5664,35.383],[-77.5907,35.3736],[-77.6144,35.3776],[-77.6376,35.3543],[-77.6793,35.3475],[-77.6975,35.3771],[-77.8062,35.3688],[-77.7999,35.3823],[-77.8046,35.405],[-77.8267,35.4241]]]}},{"type":"Feature","properties":{"county_fips":"23023","county_name":"Sagadahoc","state":"ME"},"geometry":{"type":"MultiPolygon","coordinates":[[[[-69.76,43.7056],[-69.7543,43.71],[-69.7572,43.7033],[-69.76,43.7056]]],[[[-70.0511,43.9923],[-70.0323,44.0032],[-70.0364,44.0271],[-70.0251,44.0364],[-70.0055,44.1245],[-69.8978,44.1077],[-69.8796,44.1517],[-69.855,44.1679],[-69.7636,44.1532],[-69.7613,44.1255],[-69.7859,44.0872],[-69.7903,44.0425],[-69.8135,44.026],[-69.7002,44.0066],[-69.7196,43.9713],[-69.725,43.9349],[-69.7074,43.9273],[-69.7435,43.8935],[-69.7229,43.8531],[-69.7018,43.8508],[-69.7216,43.782],[-69.741,43.7693],[-69.7541,43.7439],[-69.766,43.7458],[-69.7707,43.7372],[-69.7828,43.7423],[-69.7914,43.7301],[-69.8266,43.7226],[-69.8368,43.6997],[-69.8551,43.7047],[-69.8503,43.7178],[-69.8579,43.7239],[-69.8487,43.7422],[-69.8627,43.743],[-69.8711,43.7316],[-69.8615,43.7593],[-69.8731,43.7664],[-69.8694,43.7774],[-69.8874,43.7771],[-69.8701,43.8167],[-69.8749,43.8514],[-69.896,43.8662],[-69.857,43.9447],[-69.8747,43.9536],[-69.9313,43.9119],[-69.9567,43.9234],[-69.9762,43.9153],[-70.0202,43.9461],[-70.0326,43.9737],[-70.0511,43.9923]]]]}},{"type":"Feature","properties":{"county_fips":"51001","county_name":"Accomack","state":"VA"},"geometry":{"type":"MultiPolygon","coordinates":[[[[-75.7405,37.8012],[-75.7387,37.809],[-75.7331,37.8028],[-75.7405,37.8012]]],[[[-75.8541,37.7001],[-75.8508,37.7055],[-75.849,37.7018],[-75.8541,37.7001]]],[[[-75.8667,37.6832],[-75.8605,37.6931],[-75.8549,37.6889],[-75.8596,37.6822],[-75.8667,37.6832]]],[[[-75.8964,37.8021],[-75.8942,37.8057],[-75.8918,37.7962],[-75.8964,37.8021]]],[[[-75.9006,37.8938],[-75.901,37.8991],[-75.8987,37.8956],[-75.9006,37.8938]]],[[[-75.9412,37.5638],[-75.932,37.5796],[-75.9176,37.5859],[-75.9254,37.5963],[-75.9054,37.6261],[-75.8928,37.6044],[-75.8773,37.6116],[-75.8924,37.6375],[-75.8905,37.6495],[-75.8704,37.6504],[-75.8771,37.6606],[-75.8685,37.6682],[-75.8459,37.6698],[-75.8533,37.6825],[-75.8364,37.7031],[-75.8377,37.713],[-75.795,37.7267],[-75.8007,37.733],[-75.832,37.7281],[-75.8122,37.7495],[-75.7873,37.7571],[-75.7903,37.7652],[-75.803,37.7625],[-75.7992,37.7712],[-75.8043,37.7814],[-75.8118,37.7787],[-75.8123,37.7947],[-75.7846,37.8068],[-75.7334,37.7859],[-75.7259,37.7964],[-75.7189,37.7933],[-75.7232,37.8201],[-75.7053,37.8289],[-75.7129,37.8367],[-75.7094,37.8458],[-75.6974,37.8488],[-75.6926,37.8379],[-75.6782,37.8375],[-75.6813,37.844],[-75.6723,37.8509],[-75.6929,37.8678],[-75.6801,37.8753],[-75.6789,37.8883],[-75.6982,37.8919],[-75.6884,37.899],[-75.7573,37.8992],[-75.7362,37.9022],[-75.7435,37.9121],[-75.7193,37.9345],[-75.7122,37.9381],[-75.7003,37.929],[-75.6787,37.9427],[-75.643,37.9363],[-75.6369,37.9556],[-75.6482,37.9668],[-75.6382,37.9794],[-75.6295,37.976],[-75.6338,37.9845],[-75.6244,37.9942],[-75.2425,38.027],[-75.3586,37.865],[-75.3848,37.8515],[-75.3946,37.8722],[-75.3841,37.8757],[-75.3625,37.8672],[-75.3462,37.8913],[-75.4064,37.8994],[-75.4893,37.8325],[-75.5209,37.7967],[-75.5894,37.6912],[-75.5993,37.6369],[-75.6145,37.6093],[-75.6129,37.5773],[-75.6001,37.5713],[-75.6624,37.4907],[-75.6729,37.4837],[-75.6848,37.4874],[-75.6911,37.4736],[-75.6807,37.4564],[-75.7091,37.4486],[-75.7309,37.4605],[-75.7639,37.4633],[-75.7766,37.4546],[-75.787,37.4646],[-75.8054,37.4633],[-75.8126,37.4754],[-75.7935,37.4888],[-75.7917,37.5038],[-75.8033,37.5053],[-75.8054,37.5139],[-75.7881,37.5289],[-75.8385,37.5554],[-75.9339,37.5523],[-75.9412,37.5638]]],[[[-75.9991,37.8186],[-75.9969,37.8504],[-75.9735,37.8335],[-75.9935,37.814],[-75.9883,37.8074],[-75.9991,37.8186]]],[[[-76.0023,37.862],[-76.0042,37.8705],[-75.9998,37.8603],[-76.0023,37.862]]],[[[-76.0428,37.947],[-76.0414,37.954],[-75.9939,37.9535],[-75.9977,37.9457],[-76.0168,37.9465],[-76.0164,37.9287],[-76.0284,37.9205],[-76.0289,37.951],[-76.0428,37.947]]]]}},{"type":"Feature","properties":{"county_fips":"45041","county_name":"Florence","state":"SC"},"geometry":{"type":"Polygon","coordinates":[[[-80.0699,34.0862],[-79.809,34.2524],[-79.7494,34.2451],[-79.7526,34.2506],[-79.7296,34.2952],[-79.6856,34.2844],[-79.6624,34.3076],[-79.6239,34.3006],[-79.5767,34.2726],[-79.544,34.2252],[-79.5485,34.2041],[-79.5718,34.1837],[-79.5326,34.1357],[-79.5325,34.1263],[-79.5172,34.1268],[-79.5246,34.1156],[-79.5153,34.0972],[-79.5291,34.1002],[-79.5359,34.0761],[-79.5114,34.0409],[-79.5089,34.0037],[-79.5169,33.994],[-79.4998,33.9713],[-79.4815,33.9647],[-79.4917,33.9465],[-79.4737,33.93],[-79.4629,33.9318],[-79.4596,33.9208],[-79.452,33.9246],[-79.4522,33.9148],[-79.429,33.8978],[-79.4004,33.8922],[-79.4098,33.8853],[-79.3895,33.8732],[-79.3683,33.8429],[-79.3535,33.8412],[-79.3538,33.8341],[-79.3398,33.8415],[-79.332,33.8366],[-79.3369,33.8326],[-79.3152,33.8268],[-79.3173,33.7993],[-79.3404,33.8028],[-79.3522,33.8151],[-79.3826,33.8186],[-79.3972,33.8012],[-79.4187,33.7994],[-79.4415,33.7844],[-79.4965,33.7754],[-79.6349,33.8084],[-79.6358,33.818],[-79.6773,33.8147],[-79.688,33.8049],[-79.6996,33.814],[-79.7249,33.8146],[-79.7434,33.8351],[-79.7984,33.8356],[-79.8349,33.8826],[-79.8549,33.8917],[-79.8664,33.8843],[-79.944,33.8851],[-79.9746,33.9465],[-79.8942,33.9897],[-79.9109,34.0065],[-79.9921,34.0398],[-80.0319,34.0768],[-80.0699,34.0862]]]}},{"type":"Feature","properties":{"county_fips":"51085","county_name":"Hanover","state":"VA"},"geometry":{"type":"Polygon","coordinates":[[[-77.7968,37.7306],[-77.6841,38.0082],[-77.6591,37.9918],[-77.6429,37.9926],[-77.6435,37.9797],[-77.6313,37.9722],[-77.6326,37.9653],[-77.6141,37.9593],[-77.6162,37.949],[-77.5705,37.9549],[-77.5621,37.9364],[-77.5465,37.9286],[-77.5548,37.9207],[-77.5291,37.9208],[-77.4842,37.8834],[-77.4451,37.8947],[-77.4187,37.8606],[-77.4282,37.8565],[-77.4283,37.8296],[-77.4096,37.8197],[-77.4224,37.8088],[-77.3952,37.8024],[-77.3984,37.7908],[-77.3909,37.7867],[-77.4047,37.7799],[-77.3747,37.7764],[-77.3623,37.7977],[-77.3485,37.7888],[-77.3318,37.792],[-77.3218,37.7698],[-77.3374,37.7648],[-77.3355,37.756],[-77.3036,37.7551],[-77.3039,37.7442],[-77.3209,37.7433],[-77.3225,37.7337],[-77.2935,37.7398],[-77.292,37.714],[-77.2695,37.7235],[-77.246,37.7102],[-77.2518,37.7222],[-77.244,37.7303],[-77.2303,37.7139],[-77.2439,37.6992],[-77.2368,37.6923],[-77.2416,37.6868],[-77.2145,37.689],[-77.2066,37.677],[-77.1992,37.6898],[-77.1846,37.687],[-77.1821,37.674],[-77.1919,37.6663],[-77.1867,37.6577],[-77.1664,37.6609],[-77.1627,37.6681],[-77.1473,37.6643],[-77.1476,37.6752],[-77.1417,37.6653],[-77.108,37.6587],[-77.1153,37.636],[-77.1296,37.6356],[-77.1237,37.6269],[-77.1338,37.6264],[-77.1404,37.5922],[-77.1709,37.5965],[-77.241,37.5381],[-77.4036,37.6051],[-77.4054,37.626],[-77.4207,37.6365],[-77.4432,37.6822],[-77.4603,37.6782],[-77.4716,37.6877],[-77.4806,37.6819],[-77.4949,37.7015],[-77.5222,37.7001],[-77.5579,37.6819],[-77.6106,37.7104],[-77.6225,37.7049],[-77.7117,37.7063],[-77.784,37.7216],[-77.7968,37.7306]]]}},{"type":"Feature","properties":{"county_fips":"10001","county_name":"Kent","state":"DE"},"geometry":{"type":"Polygon","coordinates":[[[-75.7601,39.2968],[-75.6545,39.2912],[-75.6196,39.3101],[-75.5843,39.3087],[-75.5562,39.3353],[-75.5605,39.3451],[-75.551,39.3456],[-75.5534,39.353],[-75.5358,39.3506],[-75.5124,39.3657],[-75.4942,39.3546],[-75.4904,39.3428],[-75.439,39.3134],[-75.4348,39.2906],[-75.4062,39.2581],[-75.407,39.2257],[-75.3971,39.2045],[-75.4134,39.1533],[-75.3998,39.0991],[-75.402,39.0669],[-75.3409,39.02],[-75.315,38.9808],[-75.3119,38.9459],[-75.3194,38.9537],[-75.3435,38.9474],[-75.3441,38.9553],[-75.3528,38.9479],[-75.3602,38.9576],[-75.3806,38.9619],[-75.4007,38.9477],[-75.4025,38.9176],[-75.4858,38.9036],[-75.5204,38.8557],[-75.555,38.8356],[-75.7226,38.8299],[-75.7601,39.2968]]]}},{"type":"Feature","properties":{"county_fips":"24045","county_name":"Wicomico","state":"MD"},"geometry":{"type":"Polygon","coordinates":[[[-75.9203,38.2644],[-75.9077,38.2726],[-75.9014,38.286],[-75.9083,38.2923],[-75.8825,38.3291],[-75.8725,38.329],[-75.87,38.3424],[-75.8563,38.3495],[-75.8493,38.365],[-75.8647,38.3797],[-75.8383,38.3859],[-75.851,38.4045],[-75.8456,38.4219],[-75.8213,38.4301],[-75.8213,38.4393],[-75.8367,38.4481],[-75.8149,38.4665],[-75.8237,38.481],[-75.765,38.5065],[-75.7469,38.5362],[-75.7245,38.5412],[-75.7061,38.5605],[-75.6937,38.4601],[-75.3413,38.452],[-75.3171,38.4042],[-75.3297,38.3813],[-75.307,38.3548],[-75.3232,38.3319],[-75.3555,38.3145],[-75.3646,38.2904],[-75.6128,38.2786],[-75.6627,38.2988],[-75.6872,38.2899],[-75.6994,38.2649],[-75.7208,38.2671],[-75.7345,38.283],[-75.7633,38.286],[-75.8014,38.2559],[-75.8219,38.2619],[-75.8696,38.2436],[-75.8767,38.2548],[-75.8894,38.2395],[-75.8838,38.229],[-75.8914,38.2276],[-75.9203,38.2644]]]}},{"type":"Feature","properties":{"county_fips":"45043","county_name":"Georgetown","state":"SC"},"geometry":{"type":"Polygon","coordinates":[[[-79.6809,33.3196],[-79.6772,33.3368],[-79.6338,33.3726],[-79.596,33.4215],[-79.5901,33.4435],[-79.5453,33.4909],[-79.4963,33.5175],[-79.4833,33.5368],[-79.4359,33.5725],[-79.4425,33.596],[-79.4111,33.6858],[-79.3324,33.7771],[-79.317,33.7799],[-79.3088,33.772],[-79.2862,33.7374],[-79.2872,33.7188],[-79.2711,33.7216],[-79.2751,33.7089],[-79.265,33.7103],[-79.2676,33.7034],[-79.2424,33.7059],[-79.2493,33.697],[-79.2347,33.6942],[-79.218,33.7058],[-79.1962,33.7013],[-79.1994,33.7101],[-79.1573,33.6848],[-79.1533,33.6594],[-79.1364,33.6638],[-79.1295,33.6501],[-79.1239,33.6522],[-79.1273,33.6436],[-79.1351,33.6467],[-79.1222,33.6057],[-79.1091,33.6003],[-79.0998,33.609],[-79.1011,33.573],[-79.0018,33.5727],[-79.0286,33.5334],[-79.0388,33.5315],[-79.0846,33.4837],[-79.1354,33.4039],[-79.1585,33.3367],[-79.1721,33.3291],[-79.1638,33.312],[-79.1803,33.2541],[-79.1757,33.2111],[-79.1832,33.1908],[-79.1945,33.1698],[-79.2464,33.126],[-79.2756,33.1168],[-79.2679,33.1327],[-79.2724,33.1397],[-79.3151,33.1457],[-79.3333,33.1558],[-79.3513,33.1535],[-79.404,33.1838],[-79.4275,33.2098],[-79.4551,33.2177],[-79.4587,33.2352],[-79.4739,33.2298],[-79.4707,33.2394],[-79.4829,33.2354],[-79.4793,33.2461],[-79.494,33.236],[-79.5302,33.2475],[-79.5498,33.265],[-79.5611,33.2615],[-79.5623,33.2725],[-79.6643,33.2983],[-79.677,33.3049],[-79.6727,33.3107],[-79.6809,33.3196]]]}},{"type":"Feature","properties":{"county_fips":"37013","county_name":"Beaufort","state":"NC"},"geometry":{"type":"Polygon","coordinates":[[[-77.1958,35.6998],[-77.1857,35.7197],[-77.1709,35.7163],[-77.1751,35.7295],[-77.1638,35.7395],[-76.9858,35.6588],[-76.8473,35.72],[-76.8446,35.7057],[-76.6375,35.7052],[-76.602,35.6701],[-76.6062,35.6469],[-76.5776,35.6112],[-76.5343,35.5956],[-76.5384,35.5826],[-76.5016,35.5797],[-76.5014,35.5716],[-76.4689,35.5578],[-76.4872,35.5371],[-76.5199,35.5307],[-76.5568,35.5289],[-76.5704,35.5385],[-76.5992,35.5399],[-76.6379,35.513],[-76.6147,35.4874],[-76.5974,35.4819],[-76.607,35.4555],[-76.5928,35.4367],[-76.5776,35.3876],[-76.6479,35.4034],[-76.6608,35.4129],[-76.6629,35.4255],[-76.6807,35.4159],[-76.7107,35.4286],[-76.7592,35.4189],[-76.8088,35.4406],[-76.8172,35.452],[-76.8309,35.4479],[-76.906,35.4594],[-76.9576,35.483],[-76.9792,35.4834],[-77.0097,35.5137],[-77.043,35.5368],[-77.0532,35.5352],[-77.0213,35.4985],[-77.0451,35.5033],[-77.0047,35.4758],[-76.9864,35.4725],[-76.9662,35.434],[-76.925,35.4488],[-76.8839,35.4262],[-76.8445,35.4237],[-76.8217,35.3999],[-76.8003,35.3908],[-76.7729,35.391],[-76.7691,35.383],[-76.7195,35.3751],[-76.6707,35.3456],[-76.6163,35.3427],[-76.6112,35.3355],[-76.6194,35.3023],[-76.6138,35.2708],[-76.6326,35.2353],[-76.8453,35.2161],[-76.9588,35.301],[-77.1904,35.419],[-77.1912,35.435],[-77.1738,35.4566],[-77.1671,35.4969],[-77.1765,35.5013],[-77.1762,35.5191],[-77.1274,35.5538],[-77.0846,35.5526],[-77.0902,35.5687],[-77.1105,35.5696],[-77.1067,35.5814],[-77.1172,35.5814],[-77.1144,35.5886],[-77.1254,35.5846],[-77.1246,35.5969],[-77.1508,35.6026],[-77.1402,35.6063],[-77.1436,35.6205],[-77.174,35.6353],[-77.1807,35.6645],[-77.1671,35.6726],[-77.1698,35.6843],[-77.1958,35.6998]]]}},{"type":"Feature","properties":{"county_fips":"37147","county_name":"Pitt","state":"NC"},"geometry":{"type":"Polygon","coordinates":[[[-77.7007,35.6523],[-77.5163,35.7613],[-77.4723,35.8011],[-77.4523,35.7999],[-77.4464,35.8086],[-77.4255,35.8054],[-77.4122,35.8253],[-77.3971,35.8252],[-77.3902,35.8331],[-77.2552,35.7864],[-77.2644,35.7752],[-77.2598,35.7652],[-77.2159,35.7601],[-77.2024,35.7464],[-77.1787,35.7394],[-77.1709,35.7163],[-77.1857,35.7197],[-77.1958,35.6998],[-77.1698,35.6843],[-77.1671,35.6726],[-77.1807,35.6645],[-77.174,35.6353],[-77.1436,35.6205],[-77.1402,35.6063],[-77.1508,35.6026],[-77.1246,35.5969],[-77.1254,35.5846],[-77.1144,35.5886],[-77.1172,35.5814],[-77.1067,35.5814],[-77.1105,35.5696],[-77.0902,35.5687],[-77.0846,35.5526],[-77.1274,35.5538],[-77.1762,35.5191],[-77.1765,35.5013],[-77.1671,35.4969],[-77.1738,35.4566],[-77.1912,35.435],[-77.1897,35.4159],[-77.2016,35.3987],[-77.2271,35.3998],[-77.2396,35.3814],[-77.2391,35.3609],[-77.2605,35.3517],[-77.2702,35.3597],[-77.2693,35.3692],[-77.2943,35.3791],[-77.3525,35.3277],[-77.3826,35.3343],[-77.4082,35.3534],[-77.4252,35.3491],[-77.4315,35.367],[-77.4482,35.3715],[-77.4452,35.38],[-77.455,35.3855],[-77.4485,35.3927],[-77.4707,35.4098],[-77.4767,35.4454],[-77.4842,35.4451],[-77.4805,35.4513],[-77.4927,35.4615],[-77.4941,35.4774],[-77.5116,35.497],[-77.5034,35.5174],[-77.5217,35.5176],[-77.5252,35.5283],[-77.541,35.533],[-77.5579,35.532],[-77.5914,35.5632],[-77.6102,35.5675],[-77.6816,35.6308],[-77.6889,35.6494],[-77.7007,35.6523]]]}},{"type":"Feature","properties":{"county_fips":"51149","county_name":"Prince George","state":"VA"},"geometry":{"type":"Polygon","coordinates":[[[-77.3992,37.1709],[-77.3767,37.1805],[-77.3624,37.1707],[-77.3457,37.1741],[-77.3431,37.1897],[-77.3298,37.1975],[-77.3775,37.2516],[-77.3737,37.2669],[-77.3566,37.2831],[-77.3525,37.3102],[-77.3397,37.3151],[-77.3267,37.2932],[-77.3244,37.2678],[-77.331,37.2576],[-77.2606,37.2828],[-77.2536,37.2967],[-77.2734,37.3165],[-77.284,37.313],[-77.2738,37.321],[-77.2515,37.3089],[-77.2205,37.3193],[-77.1251,37.3029],[-77.0882,37.3131],[-77.0796,37.2743],[-77.0694,37.2697],[-77.007,37.3049],[-76.9902,37.2949],[-76.9914,37.278],[-76.9724,37.2485],[-77.0123,37.2329],[-77.0188,37.2196],[-77.0118,37.2124],[-77.0241,37.201],[-77.0434,37.2023],[-77.044,37.1924],[-77.0726,37.1846],[-77.1554,37.112],[-77.3985,36.993],[-77.3992,37.1709]]]}},{"type":"Feature","properties":{"county_fips":"24035","county_name":"Queen Anne's","state":"MD"},"geometry":{"type":"MultiPolygon","coordinates":[[[[-76.2458,38.9051],[-76.2491,38.9133],[-76.2431,38.9121],[-76.2458,38.9051]]],[[[-76.3762,38.8505],[-76.3647,38.8738],[-76.3617,38.9392],[-76.3245,38.9957],[-76.3118,39.0353],[-76.3016,39.0382],[-76.3053,39.0263],[-76.2775,38.9825],[-76.2599,38.9838],[-76.2566,38.9754],[-76.2441,38.9807],[-76.2386,38.9735],[-76.2294,38.9799],[-76.2189,38.9705],[-76.1914,38.9796],[-76.1629,39.0061],[-76.1783,39.0317],[-76.1755,39.0423],[-76.1842,39.0463],[-76.1799,39.0534],[-76.1406,39.0796],[-76.1448,39.093],[-76.1344,39.1044],[-76.1171,39.1071],[-76.075,39.1339],[-76.081,39.1492],[-76.0411,39.1677],[-76.0467,39.1808],[-76.0685,39.1905],[-76.0531,39.2126],[-76.0088,39.2403],[-75.9704,39.2464],[-75.9407,39.2385],[-75.895,39.2471],[-75.8918,39.2541],[-75.8743,39.2497],[-75.8644,39.2615],[-75.8063,39.242],[-75.756,39.2461],[-75.7477,39.1433],[-75.7911,39.1328],[-75.8349,39.1083],[-75.849,39.0714],[-75.8787,39.0469],[-75.8828,39.0279],[-75.8974,39.0143],[-75.9038,39.0168],[-75.9409,38.9763],[-75.9382,38.9589],[-75.9533,38.938],[-75.9493,38.9183],[-76.097,38.9443],[-76.1155,38.9137],[-76.1035,38.8823],[-76.128,38.876],[-76.1625,38.881],[-76.1699,38.8656],[-76.1822,38.8586],[-76.1924,38.8638],[-76.2017,38.8481],[-76.2063,38.8556],[-76.1968,38.8951],[-76.2037,38.8959],[-76.2036,38.9284],[-76.213,38.9336],[-76.2086,38.944],[-76.2348,38.9425],[-76.2486,38.9667],[-76.2511,38.9402],[-76.2609,38.9327],[-76.2497,38.9209],[-76.2622,38.92],[-76.2707,38.9421],[-76.2959,38.9287],[-76.2933,38.9032],[-76.2996,38.9027],[-76.3051,38.9243],[-76.3166,38.923],[-76.318,38.9113],[-76.334,38.9181],[-76.3402,38.9118],[-76.331,38.8643],[-76.3611,38.852],[-76.3682,38.8361],[-76.3762,38.8505]]]]}},{"type":"Feature","properties":{"county_fips":"37095","county_name":"Hyde","state":"NC"},"geometry":{"type":"MultiPolygon","coordinates":[[[[-76.0153,35.0707],[-75.9856,35.0981],[-75.9884,35.1164],[-75.9822,35.1204],[-75.9582,35.1154],[-75.7736,35.1873],[-75.9202,35.1247],[-76.0029,35.0679],[-76.0153,35.0707]]],[[[-76.2815,35.3173],[-76.2742,35.3302],[-76.2624,35.3139],[-76.2712,35.3103],[-76.2815,35.3173]]],[[[-76.6375,35.7052],[-76.2692,35.6908],[-76.2979,35.609],[-76.2155,35.598],[-76.1958,35.6201],[-76.1931,35.646],[-76.1778,35.6549],[-76.1814,35.6667],[-76.1695,35.6725],[-76.1766,35.6862],[-76.1675,35.6908],[-76.1696,35.6986],[-76.1399,35.7021],[-76.1301,35.6908],[-76.1183,35.6919],[-76.1202,35.6806],[-76.0967,35.6696],[-76.0589,35.6748],[-76.0451,35.6656],[-76.0475,35.6529],[-76.038,35.6458],[-76.0188,35.6537],[-76.013,35.6689],[-75.9013,35.669],[-75.8837,35.6289],[-75.8974,35.5981],[-75.8824,35.5761],[-75.9197,35.5615],[-75.9202,35.553],[-75.9085,35.5528],[-75.9128,35.5447],[-75.9437,35.5362],[-75.9617,35.5153],[-75.9784,35.513],[-75.9631,35.4939],[-75.9888,35.4849],[-75.9991,35.4574],[-76.0157,35.4417],[-76.0135,35.4278],[-76.0227,35.4122],[-76.0317,35.4131],[-76.0397,35.4308],[-76.0587,35.4346],[-76.0539,35.4212],[-76.0712,35.4098],[-76.0694,35.3976],[-76.0834,35.391],[-76.0618,35.3832],[-76.0708,35.3706],[-76.0913,35.3695],[-76.1125,35.355],[-76.1369,35.358],[-76.1426,35.3549],[-76.1374,35.3447],[-76.1519,35.3314],[-76.1742,35.347],[-76.2035,35.3377],[-76.2049,35.3458],[-76.2211,35.3404],[-76.2315,35.3588],[-76.2498,35.3677],[-76.26,35.3654],[-76.2531,35.35],[-76.2681,35.34],[-76.3057,35.3549],[-76.3088,35.3697],[-76.3209,35.3701],[-76.3261,35.3863],[-76.3449,35.3925],[-76.3575,35.3836],[-76.3416,35.3423],[-76.376,35.3356],[-76.3772,35.3584],[-76.3893,35.3604],[-76.4119,35.3464],[-76.4114,35.3613],[-76.4243,35.365],[-76.4129,35.3757],[-76.3637,35.3642],[-76.3679,35.3823],[-76.3851,35.3842],[-76.396,35.4011],[-76.3853,35.415],[-76.3955,35.4317],[-76.4176,35.4251],[-76.4373,35.4034],[-76.4383,35.3883],[-76.4435,35.3951],[-76.4549,35.3912],[-76.4609,35.404],[-76.4808,35.4045],[-76.4723,35.3714],[-76.5403,35.4107],[-76.5331,35.4323],[-76.5525,35.4369],[-76.5655,35.4495],[-76.5457,35.4609],[-76.5628,35.475],[-76.5621,35.4913],[-76.5871,35.5089],[-76.4908,35.5044],[-76.4694,35.5193],[-76.467,35.5389],[-76.4523,35.5532],[-76.4993,35.5703],[-76.5016,35.5797],[-76.5384,35.5826],[-76.5343,35.5956],[-76.5776,35.6112],[-76.6062,35.6469],[-76.602,35.6701],[-76.6375,35.7052]]]]}},{"type":"Feature","properties":{"county_fips":"33007","county_name":"Coos","state":"NH"},"geometry":{"type":"Polygon","coordinates":[[[-71.765,44.4066],[-71.746,44.4009],[-71.7366,44.4094],[-71.7022,44.4138],[-71.6597,44.4415],[-71.6526,44.4605],[-71.639,44.4644],[-71.6474,44.4721],[-71.6328,44.4839],[-71.6255,44.4835],[-71.6349,44.4774],[-71.627,44.4743],[-71.6178,44.4858],[-71.5993,44.4863],[-71.5878,44.5067],[-71.5768,44.5026],[-71.5943,44.5217],[-71.5829,44.5234],[-71.572,44.5382],[-71.5971,44.5538],[-71.5961,44.5609],[-71.559,44.5644],[-71.5477,44.5714],[-71.5544,44.5813],[-71.5465,44.5778],[-71.5354,44.5871],[-71.5461,44.5974],[-71.5554,44.5938],[-71.5503,44.6009],[-71.5622,44.6016],[-71.5539,44.6056],[-71.5542,44.6254],[-71.546,44.6231],[-71.5573,44.6284],[-71.5472,44.6304],[-71.5633,44.6366],[-71.5579,44.6412],[-71.5628,44.6524],[-71.5788,44.651],[-71.5745,44.6548],[-71.5874,44.6597],[-71.5815,44.6732],[-71.5961,44.6776],[-71.5941,44.6969],[-71.617,44.7283],[-71.6262,44.729],[-71.6319,44.7525],[-71.6167,44.7563],[-71.5925,44.7827],[-71.5713,44.7933],[-71.5687,44.8075],[-71.5769,44.8152],[-71.5511,44.837],[-71.5557,44.8491],[-71.5497,44.8615],[-71.4949,44.9043],[-71.4934,44.9116],[-71.523,44.9393],[-71.5149,44.9442],[-71.5162,44.9641],[-71.5413,44.9851],[-71.5248,45.0019],[-71.5043,45.0082],[-71.4806,45.0023],[-71.4646,45.0136],[-71.5011,45.0133],[-71.4911,45.0437],[-71.5051,45.0515],[-71.4977,45.0548],[-71.4979,45.0706],[-71.4683,45.0841],[-71.4504,45.11],[-71.4288,45.1239],[-71.4275,45.1334],[-71.4372,45.1423],[-71.3978,45.2036],[-71.4033,45.2153],[-71.4439,45.2371],[-71.4203,45.2327],[-71.4026,45.2426],[-71.3849,45.2334],[-71.3573,45.2533],[-71.3607,45.2698],[-71.3364,45.2731],[-71.2844,45.3024],[-71.2807,45.2952],[-71.2649,45.2934],[-71.2595,45.2724],[-71.2445,45.2681],[-71.2311,45.2497],[-71.1983,45.2543],[-71.1809,45.2399],[-71.1628,45.2503],[-71.1479,45.2393],[-71.132,45.2454],[-71.1073,45.2786],[-71.1052,45.2946],[-71.0839,45.3055],[-71.0375,44.7556],[-71.0103,44.2849],[-71.0444,44.2838],[-71.0423,44.2375],[-71.252,44.2443],[-71.306,44.1373],[-71.3118,44.0918],[-71.3359,44.0858],[-71.3436,44.0921],[-71.3432,44.1235],[-71.3565,44.1658],[-71.3842,44.1788],[-71.3949,44.2147],[-71.4159,44.2122],[-71.4433,44.2492],[-71.4697,44.2599],[-71.5758,44.2546],[-71.587,44.3048],[-71.6869,44.3366],[-71.6969,44.3321],[-71.765,44.4066]]]}},{"type":"Feature","properties":{"county_fips":"36103","county_name":"Suffolk","state":"NY"},"geometry":{"type":"MultiPolygon","coordinates":[[[[-72.0377,41.2513],[-72.0294,41.2631],[-72.0213,41.2624],[-72.0231,41.2748],[-72.0079,41.2709],[-72.013,41.2643],[-72.0069,41.2623],[-71.9911,41.2813],[-71.9423,41.2827],[-71.9394,41.2913],[-71.9226,41.2923],[-72.0025,41.2529],[-72.0377,41.2513]]],[[[-72.1429,41.0978],[-72.1284,41.1081],[-72.126,41.1212],[-72.1145,41.1105],[-72.0779,41.0999],[-72.0859,41.0904],[-72.087,41.059],[-72.0972,41.0549],[-72.0971,41.0758],[-72.1064,41.0889],[-72.1429,41.0978]]],[[[-72.2114,41.1766],[-72.1891,41.1883],[-72.1618,41.1903],[-72.1841,41.185],[-72.1973,41.1655],[-72.2114,41.1766]]],[[[-73.4969,40.9257],[-73.4854,40.9464],[-73.438,40.9347],[-73.4302,40.9287],[-73.434,40.909],[-73.3967,40.9089],[-73.3801,40.9002],[-73.3739,40.9129],[-73.3576,40.893],[-73.3517,40.9227],[-73.3703,40.9303],[-73.3895,40.9236],[-73.4035,40.9313],[-73.4021,40.9544],[-73.3929,40.9553],[-73.366,40.9317],[-73.3449,40.9244],[-73.3314,40.9296],[-73.2951,40.9245],[-73.2284,40.906],[-73.1471,40.9287],[-73.1447,40.9558],[-73.1581,40.9675],[-73.1388,40.9664],[-73.1184,40.9773],[-73.0438,40.9621],[-72.9138,40.9625],[-72.8331,40.9701],[-72.7741,40.9653],[-72.6356,40.982],[-72.5853,40.9976],[-72.518,41.0401],[-72.4773,41.0522],[-72.4452,41.0861],[-72.397,41.0963],[-72.3541,41.14],[-72.3216,41.1387],[-72.2788,41.1587],[-72.2339,41.1589],[-72.2547,41.134],[-72.2941,41.1141],[-72.2845,41.1263],[-72.3128,41.1403],[-72.3392,41.115],[-72.3172,41.0887],[-72.2774,41.0787],[-72.2831,41.0679],[-72.274,41.0524],[-72.2809,41.0477],[-72.2759,41.0366],[-72.2294,41.0444],[-72.1906,41.0326],[-72.1604,41.0538],[-72.1373,41.0397],[-72.1374,41.0239],[-72.1022,40.9915],[-72.083,40.9965],[-72.0801,41.0061],[-72.0546,41.0218],[-72.0169,41.0235],[-71.9926,41.0471],[-71.9635,41.0425],[-71.9552,41.0731],[-71.9043,41.086],[-71.8955,41.0774],[-71.8565,41.071],[-71.8747,41.052],[-71.9026,41.0411],[-71.9588,41.0267],[-72.4741,40.8408],[-72.7682,40.7616],[-73.055,40.6664],[-73.2623,40.622],[-73.3064,40.6208],[-73.3263,40.6331],[-73.3418,40.6327],[-73.424,40.6096],[-73.4235,40.6714],[-73.4554,40.8426],[-73.4753,40.8975],[-73.4969,40.9257]]]]}},{"type":"Feature","properties":{"county_fips":"37031","county_name":"Carteret","state":"NC"},"geometry":{"type":"MultiPolygon","coordinates":[[[[-76.3301,34.8479],[-76.2974,34.8722],[-76.2892,34.8887],[-76.2762,34.8859],[-76.227,34.9257],[-76.1716,34.9805],[-76.1518,34.9868],[-76.1413,35.0057],[-76.0861,35.0481],[-76.0759,35.0699],[-76.054,35.0714],[-76.0378,35.0619],[-76.3226,34.8481],[-76.3301,34.8479]]],[[[-76.5476,34.7106],[-76.5383,34.712],[-76.5195,34.7071],[-76.5228,34.6991],[-76.544,34.7012],[-76.5476,34.7106]]],[[[-76.553,34.6146],[-76.5504,34.6309],[-76.5506,34.616],[-76.5322,34.6105],[-76.4977,34.6668],[-76.502,34.6747],[-76.474,34.7114],[-76.4415,34.7338],[-76.4381,34.7613],[-76.4136,34.7651],[-76.414,34.7792],[-76.4026,34.7914],[-76.3833,34.7949],[-76.3637,34.8234],[-76.3375,34.8388],[-76.4881,34.671],[-76.5355,34.5916],[-76.553,34.6146]]],[[[-76.5863,34.7139],[-76.5606,34.71],[-76.5642,34.7022],[-76.5259,34.6919],[-76.5257,34.6852],[-76.5816,34.6991],[-76.5863,34.7139]]],[[[-76.6655,34.6897],[-76.5893,34.672],[-76.5302,34.6436],[-76.5288,34.6315],[-76.5706,34.6583],[-76.6655,34.6897]]],[[[-77.0985,34.6469],[-77.0679,34.6638],[-77.0146,34.676],[-76.9478,34.6787],[-76.8222,34.7047],[-76.7667,34.7],[-76.7476,34.702],[-76.7421,34.7124],[-76.7306,34.7008],[-76.7026,34.6998],[-76.6989,34.7123],[-76.6757,34.6957],[-76.8474,34.6908],[-77.0985,34.6469]]],[[[-77.1664,34.7914],[-77.1357,34.798],[-77.1162,34.794],[-77.1074,34.8031],[-77.0907,34.7993],[-77.085,34.8111],[-76.9544,34.8091],[-76.9548,34.8245],[-76.8823,34.8367],[-76.8831,34.8449],[-76.758,34.8463],[-76.693,34.8692],[-76.6863,34.8954],[-76.6625,34.9123],[-76.6526,34.9376],[-76.6772,34.9577],[-76.6769,34.9688],[-76.6311,34.9887],[-76.5785,34.9762],[-76.5797,34.9901],[-76.5436,35.002],[-76.5116,35.0051],[-76.498,34.985],[-76.4842,34.9881],[-76.4975,35.0082],[-76.4865,35.0204],[-76.4939,35.0232],[-76.4858,35.0406],[-76.4647,35.0467],[-76.4775,35.0584],[-76.4704,35.0757],[-76.4358,35.0579],[-76.4331,35.0335],[-76.4226,35.0267],[-76.4376,35.0245],[-76.4404,35.0146],[-76.4359,35.001],[-76.4255,35.0015],[-76.4224,34.9772],[-76.43,34.9687],[-76.4228,34.9507],[-76.4031,34.9634],[-76.3984,34.9455],[-76.3874,34.9511],[-76.3815,34.9792],[-76.3634,34.9692],[-76.3618,34.9764],[-76.3404,34.9663],[-76.332,34.9709],[-76.3244,34.9605],[-76.3195,34.9659],[-76.3675,35.0311],[-76.3641,35.0366],[-76.2439,34.9969],[-76.2624,34.9753],[-76.2881,34.9963],[-76.3057,34.9914],[-76.2779,34.9607],[-76.2795,34.9414],[-76.2978,34.9346],[-76.2976,34.9237],[-76.3408,34.9334],[-76.3368,34.9098],[-76.3141,34.9063],[-76.3468,34.8734],[-76.3683,34.8729],[-76.3822,34.857],[-76.3957,34.8609],[-76.3917,34.8786],[-76.4024,34.8866],[-76.4121,34.8322],[-76.4186,34.8267],[-76.4276,34.8314],[-76.4495,34.8148],[-76.4854,34.7549],[-76.498,34.7639],[-76.5141,34.7543],[-76.4984,34.7321],[-76.5158,34.7196],[-76.5757,34.7217],[-76.5821,34.7313],[-76.5752,34.7397],[-76.5859,34.7567],[-76.5757,34.7684],[-76.5937,34.7717],[-76.6044,34.7899],[-76.6173,34.7879],[-76.6272,34.7246],[-76.6156,34.7102],[-76.6194,34.7042],[-76.6727,34.7147],[-76.6807,34.7062],[-76.6905,34.716],[-76.7685,34.7244],[-76.8998,34.7269],[-76.9717,34.7093],[-77.0052,34.6925],[-77.0172,34.6946],[-77.0169,34.6878],[-77.0305,34.6818],[-77.0422,34.6897],[-77.0927,34.6729],[-77.113,34.6814],[-77.106,34.7101],[-77.1218,34.7315],[-77.1256,34.7567],[-77.1578,34.7659],[-77.1508,34.7714],[-77.1603,34.7746],[-77.1593,34.782],[-77.1657,34.7793],[-77.1664,34.7914]]]]}},{"type":"Feature","properties":{"county_fips":"25011","county_name":"Franklin","state":"MA"},"geometry":{"type":"Polygon","coordinates":[[[-73.023,42.7411],[-72.283,42.7216],[-72.272,42.6747],[-72.2295,42.6627],[-72.2253,42.6304],[-72.2299,42.6144],[-72.2547,42.6116],[-72.2533,42.6053],[-72.2671,42.6008],[-72.2613,42.5759],[-72.2764,42.5774],[-72.2691,42.5334],[-72.2449,42.5134],[-72.2913,42.4795],[-72.2833,42.4412],[-72.3136,42.4066],[-72.3151,42.3394],[-72.3283,42.3186],[-72.3515,42.31],[-72.3504,42.3042],[-72.3604,42.3078],[-72.3512,42.3344],[-72.375,42.4208],[-72.4837,42.4075],[-72.4899,42.4338],[-72.7044,42.4055],[-72.7009,42.4529],[-72.7578,42.4459],[-72.7571,42.4524],[-72.7659,42.4517],[-72.7583,42.4609],[-72.7638,42.4637],[-72.8711,42.484],[-72.8768,42.5412],[-72.9754,42.556],[-72.951,42.641],[-72.9547,42.6656],[-72.9752,42.6608],[-72.9955,42.6732],[-72.9758,42.6794],[-72.9735,42.6888],[-72.9544,42.6903],[-72.9487,42.7036],[-73.0237,42.7027],[-73.023,42.7411]]]}},{"type":"Feature","properties":{"county_fips":"51119","county_name":"Middlesex","state":"VA"},"geometry":{"type":"MultiPolygon","coordinates":[[[[-76.4193,37.5926],[-76.4178,37.5983],[-76.4173,37.592],[-76.4193,37.5926]]],[[[-76.7511,37.7286],[-76.7231,37.7567],[-76.7031,37.7557],[-76.6829,37.7705],[-76.677,37.7561],[-76.6167,37.7419],[-76.6232,37.7394],[-76.6192,37.7309],[-76.5972,37.7173],[-76.5979,37.7029],[-76.5794,37.6733],[-76.5897,37.6658],[-76.5427,37.6169],[-76.4334,37.6129],[-76.4307,37.5995],[-76.4374,37.5969],[-76.4234,37.5922],[-76.4251,37.5844],[-76.298,37.5576],[-76.3119,37.5464],[-76.3306,37.5471],[-76.3311,37.5255],[-76.3383,37.5431],[-76.3588,37.5366],[-76.3608,37.5284],[-76.4041,37.5355],[-76.4199,37.5103],[-76.4812,37.5362],[-76.4992,37.5369],[-76.5479,37.5679],[-76.5559,37.5551],[-76.5735,37.5629],[-76.5749,37.5738],[-76.5958,37.5881],[-76.6125,37.5819],[-76.6117,37.5903],[-76.637,37.5908],[-76.6823,37.6172],[-76.7068,37.6528],[-76.7184,37.6584],[-76.7282,37.6756],[-76.7253,37.692],[-76.7321,37.6881],[-76.7472,37.7058],[-76.7511,37.7286]]]]}},{"type":"Feature","properties":{"county_fips":"51199","county_name":"York","state":"VA"},"geometry":{"type":"Polygon","coordinates":[[[-76.7555,37.3542],[-76.7419,37.3706],[-76.68,37.3669],[-76.6587,37.3801],[-76.6007,37.314],[-76.5364,37.2711],[-76.494,37.2254],[-76.4718,37.216],[-76.3866,37.2278],[-76.4021,37.2065],[-76.3911,37.1946],[-76.3925,37.1756],[-76.408,37.175],[-76.4123,37.1615],[-76.4057,37.16],[-76.4129,37.1558],[-76.3984,37.0967],[-76.4237,37.0918],[-76.4591,37.101],[-76.5061,37.1541],[-76.5168,37.1786],[-76.5266,37.1771],[-76.5652,37.2205],[-76.5913,37.2132],[-76.6013,37.2376],[-76.6273,37.2315],[-76.6513,37.2392],[-76.6658,37.2641],[-76.6844,37.2695],[-76.6783,37.2768],[-76.6819,37.2926],[-76.714,37.2793],[-76.7273,37.2989],[-76.7346,37.3314],[-76.7545,37.3402],[-76.7555,37.3542]]]}},{"type":"Feature","properties":{"county_fips":"37103","county_name":"Jones","state":"NC"},"geometry":{"type":"Polygon","coordinates":[[[-77.731,35.0081],[-77.6013,35.0714],[-77.5075,35.1728],[-77.5272,35.243],[-77.4523,35.219],[-77.1877,35.0811],[-77.1894,35.0667],[-77.1739,35.0591],[-77.1806,35.0552],[-77.1684,35.0606],[-77.1645,35.0655],[-77.1483,35.0547],[-77.1305,35.0723],[-77.1136,35.0726],[-77.1079,35.0381],[-77.0989,35.0267],[-77.1089,34.8308],[-77.0472,34.8364],[-77.0897,34.809],[-77.0907,34.7993],[-77.1617,34.7948],[-77.1727,34.7806],[-77.1711,34.7907],[-77.1963,34.811],[-77.1813,34.8362],[-77.202,34.8348],[-77.2224,34.8871],[-77.2342,34.8863],[-77.2374,34.9],[-77.2602,34.9096],[-77.2674,34.9255],[-77.3316,34.9391],[-77.3633,34.9255],[-77.3668,34.9087],[-77.5028,34.9696],[-77.639,34.9845],[-77.6748,34.9739],[-77.731,35.0081]]]}},{"type":"Feature","properties":{"county_fips":"34013","county_name":"Essex","state":"NJ"},"geometry":{"type":"Polygon","coordinates":[[[-74.3773,40.7612],[-74.37,40.7666],[-74.364,40.7993],[-74.3322,40.8217],[-74.3255,40.8437],[-74.3303,40.8489],[-74.3176,40.8635],[-74.3375,40.8678],[-74.3343,40.9055],[-74.2924,40.9058],[-74.2818,40.9008],[-74.2843,40.8948],[-74.2715,40.8971],[-74.259,40.8834],[-74.197,40.8595],[-74.13,40.8199],[-74.166,40.7451],[-74.1553,40.7335],[-74.1176,40.7396],[-74.1207,40.7045],[-74.1437,40.6795],[-74.165,40.6902],[-74.2018,40.6868],[-74.2219,40.7073],[-74.2852,40.7222],[-74.304,40.7133],[-74.3256,40.7171],[-74.3717,40.7396],[-74.3577,40.755],[-74.3773,40.7612]]]}},{"type":"Feature","properties":{"county_fips":"37017","county_name":"Bladen","state":"NC"},"geometry":{"type":"Polygon","coordinates":[[[-78.902,34.8353],[-78.8274,34.8507],[-78.5161,34.8459],[-78.4947,34.8562],[-78.4877,34.8363],[-78.4658,34.8276],[-78.4592,34.8127],[-78.4498,34.8135],[-78.4245,34.7699],[-78.3907,34.7495],[-78.3919,34.7296],[-78.3794,34.7234],[-78.3823,34.7173],[-78.3686,34.7043],[-78.3734,34.6992],[-78.3493,34.6919],[-78.3469,34.6802],[-78.325,34.6688],[-78.3246,34.6497],[-78.3116,34.6416],[-78.3228,34.6297],[-78.3131,34.6259],[-78.305,34.6024],[-78.2912,34.6005],[-78.275,34.5814],[-78.2663,34.584],[-78.2551,34.5689],[-78.2517,34.562],[-78.2601,34.5557],[-78.2544,34.5536],[-78.2726,34.5378],[-78.2639,34.5196],[-78.2541,34.5198],[-78.2553,34.5081],[-78.1765,34.4654],[-78.2561,34.3995],[-78.3351,34.3676],[-78.4453,34.3774],[-78.594,34.4314],[-78.6468,34.4607],[-78.6594,34.4537],[-78.6564,34.4603],[-78.6676,34.4696],[-78.8252,34.4618],[-78.8581,34.4744],[-78.8694,34.4871],[-78.8444,34.5081],[-78.857,34.5151],[-78.853,34.5278],[-78.8627,34.562],[-78.8361,34.5935],[-78.8412,34.5974],[-78.8315,34.6088],[-78.8344,34.6216],[-78.8136,34.6519],[-78.8192,34.6626],[-78.8094,34.6683],[-78.8054,34.6866],[-78.8544,34.7357],[-78.8836,34.8124],[-78.8924,34.8138],[-78.902,34.8353]]]}},{"type":"Feature","properties":{"county_fips":"23007","county_name":"Franklin","state":"ME"},"geometry":{"type":"Polygon","coordinates":[[[-70.8355,45.2938],[-70.8162,45.2981],[-70.8064,45.3206],[-70.8198,45.3401],[-70.8027,45.3666],[-70.8256,45.4003],[-70.795,45.4281],[-70.754,45.4278],[-70.73,45.3994],[-70.7123,45.3906],[-70.678,45.3944],[-70.6612,45.386],[-70.66,45.3779],[-70.6347,45.3836],[-70.636,45.3956],[-70.6215,45.4027],[-70.6353,45.4121],[-70.6275,45.4216],[-70.6507,45.4449],[-70.6812,45.4522],[-70.6921,45.4747],[-70.717,45.4877],[-70.7118,45.5021],[-70.7228,45.5128],[-70.6772,45.5522],[-70.6877,45.5694],[-70.6593,45.5869],[-70.6447,45.6071],[-70.6198,45.612],[-70.5913,45.6306],[-70.5528,45.6678],[-70.5058,45.5138],[-70.5187,45.5121],[-70.4185,45.144],[-70.3125,45.1647],[-70.2938,45.1099],[-70.1594,45.1284],[-70.1104,44.9473],[-70.1521,44.9418],[-70.1448,44.9115],[-70.1526,44.9103],[-70.1491,44.8961],[-70.1416,44.8958],[-70.1299,44.8508],[-70.0333,44.8645],[-70.0271,44.8091],[-70.0207,44.8098],[-70.0156,44.7869],[-70.0032,44.7883],[-70.0007,44.759],[-70.0135,44.7577],[-69.9962,44.6775],[-69.9601,44.6812],[-69.9594,44.6611],[-69.9688,44.6613],[-69.9471,44.648],[-69.9277,44.6041],[-69.9535,44.5747],[-70.0402,44.5887],[-70.0412,44.5713],[-70.0722,44.5293],[-70.0355,44.5081],[-70.0453,44.4948],[-70.0423,44.4852],[-70.1294,44.4872],[-70.1871,44.48],[-70.2389,44.4589],[-70.2509,44.5034],[-70.2809,44.5051],[-70.2899,44.5402],[-70.3077,44.5379],[-70.2807,44.5696],[-70.55,44.6107],[-70.5106,44.6272],[-70.615,44.7956],[-70.7692,44.7322],[-70.7739,44.8397],[-70.7964,44.9259],[-70.8045,44.9249],[-70.8236,45.0138],[-70.7798,45.0184],[-70.8351,45.2767],[-70.8297,45.2904],[-70.8355,45.2938]]]}},{"type":"Feature","properties":{"county_fips":"51053","county_name":"Dinwiddie","state":"VA"},"geometry":{"type":"Polygon","coordinates":[[[-77.9003,37.1439],[-77.8759,37.1479],[-77.8417,37.1698],[-77.8139,37.1697],[-77.7929,37.1958],[-77.7477,37.1927],[-77.7184,37.2156],[-77.6866,37.2229],[-77.6807,37.2289],[-77.6887,37.2282],[-77.6868,37.2351],[-77.6613,37.2407],[-77.6489,37.2554],[-77.6506,37.2651],[-77.6326,37.2697],[-77.6077,37.2678],[-77.6005,37.2537],[-77.5789,37.2379],[-77.5682,37.2393],[-77.5596,37.225],[-77.5361,37.2263],[-77.5226,37.2171],[-77.4931,37.2248],[-77.4474,37.2231],[-77.4415,37.2119],[-77.4546,37.1875],[-77.4281,37.185],[-77.4235,37.1651],[-77.3993,37.1717],[-77.3985,36.993],[-77.619,36.8778],[-77.6376,36.8867],[-77.6321,36.8783],[-77.6403,36.8743],[-77.6483,36.8975],[-77.6639,36.8947],[-77.6946,36.9066],[-77.7009,36.9164],[-77.7152,36.9148],[-77.7278,36.9434],[-77.7456,36.959],[-77.7553,36.9561],[-77.7655,36.9747],[-77.8409,36.9959],[-77.8507,36.9881],[-77.8898,36.9888],[-77.9003,37.1439]]]}},{"type":"Feature","properties":{"county_fips":"51830","county_name":"Williamsburg","state":"VA"},"geometry":{"type":"Polygon","coordinates":[[[-76.7422,37.2762],[-76.7249,37.2808],[-76.7409,37.3016],[-76.731,37.3101],[-76.7101,37.2774],[-76.6819,37.2926],[-76.6809,37.2606],[-76.6642,37.2511],[-76.7263,37.25],[-76.7422,37.2762]]]}},{"type":"Feature","properties":{"county_fips":"33015","county_name":"Rockingham","state":"NH"},"geometry":{"type":"MultiPolygon","coordinates":[[[[-70.614,42.9733],[-70.6146,42.9786],[-70.6106,42.9764],[-70.614,42.9733]]],[[[-70.6261,42.9677],[-70.6225,42.9682],[-70.6225,42.9675],[-70.6261,42.9677]]],[[[-70.6278,42.9754],[-70.6269,42.9782],[-70.6243,42.9767],[-70.6278,42.9754]]],[[[-71.4498,42.9311],[-71.3754,42.9393],[-71.403,43.0411],[-71.3922,43.0393],[-71.2473,43.2752],[-71.0267,43.1379],[-71.0729,43.0817],[-70.9341,43.0901],[-70.8754,43.0804],[-70.8628,43.0886],[-70.8644,43.1217],[-70.8533,43.1271],[-70.8339,43.118],[-70.82,43.1226],[-70.7564,43.08],[-70.7065,43.0753],[-70.7038,43.0596],[-70.7115,43.058],[-70.7189,43.0324],[-70.794,42.9399],[-70.7947,42.9181],[-70.8087,42.9128],[-70.8173,42.8723],[-70.8486,42.8609],[-70.8861,42.8826],[-70.9276,42.8853],[-70.9665,42.869],[-71.0312,42.8591],[-71.0475,42.8441],[-71.0642,42.8063],[-71.1325,42.8214],[-71.1497,42.8155],[-71.1861,42.7907],[-71.1818,42.7376],[-71.2239,42.7467],[-71.2455,42.7426],[-71.2601,42.7557],[-71.351,42.7722],[-71.3531,42.7833],[-71.3644,42.7852],[-71.3607,42.799],[-71.3872,42.8236],[-71.4271,42.8248],[-71.4498,42.9311]]]]}},{"type":"Feature","properties":{"county_fips":"25023","county_name":"Plymouth","state":"MA"},"geometry":{"type":"MultiPolygon","coordinates":[[[[-70.8761,42.3412],[-70.8802,42.3423],[-70.874,42.3436],[-70.8761,42.3412]]],[[[-70.8875,42.3382],[-70.8863,42.3399],[-70.8848,42.3393],[-70.8875,42.3382]]],[[[-70.892,42.3272],[-70.889,42.3289],[-70.8888,42.3285],[-70.892,42.3272]]],[[[-70.8952,42.3389],[-70.8972,42.3433],[-70.8956,42.3439],[-70.8952,42.3389]]],[[[-70.8961,42.3304],[-70.8971,42.334],[-70.8941,42.335],[-70.8961,42.3304]]],[[[-70.9511,42.2897],[-70.9353,42.3021],[-70.9264,42.3014],[-70.9373,42.2849],[-70.9511,42.2897]]],[[[-71.0793,42.096],[-70.9249,42.1576],[-70.9147,42.2251],[-70.9235,42.2259],[-70.9324,42.2526],[-70.9083,42.2647],[-70.8938,42.2623],[-70.8979,42.256],[-70.8843,42.2455],[-70.8755,42.2569],[-70.9032,42.2813],[-70.8783,42.2783],[-70.8873,42.2977],[-70.9239,42.305],[-70.8827,42.3104],[-70.8618,42.276],[-70.8247,42.2659],[-70.8446,42.2604],[-70.8493,42.2473],[-70.8412,42.2433],[-70.8534,42.2396],[-70.827,42.2008],[-70.7848,42.2259],[-70.7887,42.2326],[-70.782,42.2364],[-70.789,42.2402],[-70.7663,42.2547],[-70.7472,42.2218],[-70.713,42.2044],[-70.7143,42.1688],[-70.6402,42.0886],[-70.6482,42.0684],[-70.6432,42.0508],[-70.5979,42.0046],[-70.614,42.0066],[-70.6391,41.9939],[-70.6364,42.0138],[-70.6299,42.0015],[-70.6142,42.0111],[-70.6509,42.0462],[-70.6694,42.0371],[-70.6709,42.0078],[-70.6958,42.0133],[-70.7122,42.0076],[-70.71,41.9995],[-70.7,41.9983],[-70.699,41.9871],[-70.6468,41.9493],[-70.6303,41.947],[-70.6525,41.9789],[-70.6239,41.9431],[-70.6082,41.9407],[-70.5836,41.95],[-70.5392,41.9268],[-70.5474,41.9119],[-70.5321,41.8896],[-70.5256,41.8587],[-70.5421,41.8313],[-70.5373,41.8109],[-70.5654,41.7867],[-70.6326,41.7629],[-70.6208,41.7475],[-70.6741,41.6914],[-70.6566,41.7154],[-70.7187,41.7357],[-70.7263,41.7327],[-70.7209,41.7232],[-70.7285,41.7229],[-70.712,41.707],[-70.7275,41.7024],[-70.7149,41.6919],[-70.7156,41.6753],[-70.7489,41.6974],[-70.7553,41.6943],[-70.7434,41.6747],[-70.7638,41.6769],[-70.7571,41.6529],[-70.7655,41.6416],[-70.809,41.6584],[-70.8233,41.649],[-70.8047,41.6412],[-70.8011,41.6295],[-70.8177,41.6234],[-70.8432,41.6285],[-70.8864,41.7602],[-70.9044,41.758],[-70.9218,41.7912],[-71.0263,41.7789],[-71.0146,41.7996],[-71.0366,41.8165],[-70.9737,41.8609],[-70.9968,41.9274],[-71.0495,41.9631],[-71.0793,42.096]]]]}},{"type":"Feature","properties":{"county_fips":"37139","county_name":"Pasquotank","state":"NC"},"geometry":{"type":"Polygon","coordinates":[[[-76.4913,36.5107],[-76.4373,36.4678],[-76.3768,36.4459],[-76.3632,36.4291],[-76.3476,36.4282],[-76.3456,36.4214],[-76.3226,36.4276],[-76.3231,36.4173],[-76.2915,36.3866],[-76.2589,36.3843],[-76.2567,36.3633],[-76.2313,36.3721],[-76.227,36.3477],[-76.2142,36.3416],[-76.216,36.3277],[-76.1812,36.321],[-76.188,36.3145],[-76.1992,36.3175],[-76.2007,36.3061],[-76.2179,36.2966],[-76.1904,36.286],[-76.1739,36.2636],[-76.1443,36.2589],[-76.1172,36.2135],[-76.0801,36.1994],[-76.0593,36.1493],[-76.0926,36.1358],[-76.1875,36.1254],[-76.2479,36.1751],[-76.2491,36.1849],[-76.2735,36.1908],[-76.2907,36.2235],[-76.3033,36.2217],[-76.3177,36.2404],[-76.3406,36.2414],[-76.3749,36.2587],[-76.3756,36.2736],[-76.4475,36.3636],[-76.4914,36.4686],[-76.4913,36.5107]]]}},{"type":"Feature","properties":{"county_fips":"23021","county_name":"Piscataquis","state":"ME"},"geometry":{"type":"Polygon","coordinates":[[[-69.8312,45.7386],[-69.817,45.7467],[-69.7881,45.7469],[-69.7945,45.7576],[-69.7821,45.7696],[-69.7894,45.7781],[-69.7841,45.7823],[-69.7971,45.7833],[-69.8,45.784],[-69.7986,45.7846],[-69.8019,45.7855],[-69.8017,45.7861],[-69.7846,45.785],[-69.7685,45.7613],[-69.7514,45.7659],[-69.7367,45.7547],[-69.7264,45.7623],[-69.7379,45.7825],[-69.7228,45.7833],[-69.7087,45.8118],[-69.7257,45.8344],[-69.7121,45.8323],[-69.7043,45.8462],[-69.7116,45.8608],[-69.7255,45.8669],[-69.7249,45.874],[-69.7337,45.877],[-69.7377,45.8803],[-69.7378,45.8832],[-69.7321,45.8784],[-69.6977,45.8854],[-69.7013,45.8726],[-69.6834,45.851],[-69.6747,45.8521],[-69.6734,45.8624],[-69.6466,45.864],[-69.6836,45.9836],[-69.7286,45.9769],[-69.7323,46.394],[-69.7192,46.3941],[-69.7211,46.5741],[-68.8214,46.5725],[-68.827,45.6848],[-68.9589,45.6622],[-68.9507,45.6384],[-68.9517,45.5818],[-68.9647,45.5124],[-68.8573,45.5273],[-68.8312,45.4424],[-68.7761,45.2403],[-68.8809,45.2249],[-68.8566,45.1428],[-69.4999,45.0538],[-69.4952,45.0374],[-69.5186,45.0343],[-69.5156,45.025],[-69.621,45.011],[-69.6458,45.1013],[-69.6548,45.1],[-69.7041,45.2731],[-69.7083,45.2914],[-69.7004,45.2925],[-69.7799,45.5428],[-69.7744,45.5539],[-69.7314,45.567],[-69.7145,45.5856],[-69.7193,45.6146],[-69.7099,45.6132],[-69.7017,45.6277],[-69.717,45.6456],[-69.6918,45.6449],[-69.7216,45.6572],[-69.7438,45.652],[-69.7385,45.679],[-69.7824,45.6904],[-69.7902,45.7103],[-69.8147,45.7215],[-69.7915,45.7282],[-69.824,45.7422],[-69.8312,45.7386]]]}},{"type":"Feature","properties":{"county_fips":"45089","county_name":"Williamsburg","state":"SC"},"geometry":{"type":"Polygon","coordinates":[[[-80.1017,33.4969],[-79.9932,33.7045],[-79.9744,33.7216],[-79.9956,33.7679],[-79.9445,33.8102],[-79.9153,33.8186],[-79.8756,33.8852],[-79.8549,33.8917],[-79.8349,33.8826],[-79.7984,33.8356],[-79.7434,33.8351],[-79.7249,33.8146],[-79.6996,33.814],[-79.688,33.8049],[-79.6773,33.8147],[-79.6358,33.818],[-79.6349,33.8084],[-79.4965,33.7754],[-79.4415,33.7844],[-79.4187,33.7994],[-79.3972,33.8012],[-79.3852,33.8175],[-79.3704,33.8186],[-79.3314,33.8048],[-79.3201,33.7913],[-79.317,33.7799],[-79.3378,33.7746],[-79.3466,33.7553],[-79.41,33.6879],[-79.4425,33.596],[-79.4359,33.5725],[-79.4833,33.5368],[-79.4963,33.5175],[-79.5397,33.496],[-79.5901,33.4435],[-79.596,33.4215],[-79.6338,33.3726],[-79.6772,33.3368],[-79.677,33.3049],[-79.7096,33.3212],[-79.7348,33.3202],[-79.7554,33.3295],[-79.7842,33.3761],[-79.807,33.3726],[-79.8548,33.4029],[-79.8613,33.4178],[-79.8787,33.4271],[-79.8682,33.4345],[-79.8941,33.4537],[-79.9031,33.4504],[-79.9646,33.4986],[-79.9898,33.4983],[-79.9988,33.5067],[-80.0019,33.4947],[-80.0121,33.5052],[-80.0186,33.4983],[-80.0239,33.5063],[-80.0425,33.5009],[-80.0735,33.5072],[-80.1017,33.4969]]]}},{"type":"Feature","properties":{"county_fips":"24029","county_name":"Kent","state":"MD"},"geometry":{"type":"Polygon","coordinates":[[[-76.2774,39.1516],[-76.2193,39.262],[-76.1831,39.291],[-76.1689,39.2903],[-76.1856,39.3193],[-76.1597,39.3359],[-76.1407,39.3277],[-76.1335,39.3329],[-76.135,39.3511],[-76.1105,39.3723],[-76.0498,39.3706],[-76.023,39.3619],[-75.9908,39.3746],[-75.9811,39.3666],[-75.957,39.3746],[-75.8851,39.3608],[-75.8455,39.3677],[-75.8188,39.3823],[-75.8061,39.3753],[-75.7842,39.3825],[-75.7667,39.3775],[-75.756,39.2461],[-75.8063,39.242],[-75.8557,39.2618],[-75.8743,39.2497],[-75.8918,39.2541],[-75.895,39.2471],[-75.9407,39.2385],[-75.9704,39.2464],[-76.0088,39.2403],[-76.0566,39.2103],[-76.0675,39.1954],[-76.0644,39.1846],[-76.0395,39.173],[-76.081,39.1492],[-76.075,39.1339],[-76.1229,39.1048],[-76.1513,39.1081],[-76.1682,39.0949],[-76.1658,39.1094],[-76.1814,39.1116],[-76.1931,39.0906],[-76.2078,39.0963],[-76.2046,39.077],[-76.2153,39.0532],[-76.2015,39.0135],[-76.2098,39.0088],[-76.2427,39.0289],[-76.2371,39.0455],[-76.225,39.0502],[-76.2335,39.0914],[-76.2466,39.116],[-76.2449,39.1306],[-76.2774,39.1516]]]}},{"type":"Feature","properties":{"county_fips":"51007","county_name":"Amelia","state":"VA"},"geometry":{"type":"Polygon","coordinates":[[[-78.2399,37.3773],[-78.2203,37.3882],[-78.2017,37.4263],[-78.189,37.4253],[-78.185,37.4446],[-78.1714,37.4425],[-78.1388,37.4597],[-78.1243,37.4454],[-78.1057,37.4493],[-78.0987,37.4406],[-78.0924,37.4557],[-78.0661,37.452],[-78.0493,37.4723],[-78.0172,37.4715],[-78.0154,37.4912],[-77.9987,37.4979],[-77.9852,37.4861],[-77.8982,37.4748],[-77.8945,37.4496],[-77.8666,37.4568],[-77.8551,37.4184],[-77.8751,37.4171],[-77.8674,37.3938],[-77.8782,37.3835],[-77.8766,37.3643],[-77.8609,37.3622],[-77.8373,37.3384],[-77.7965,37.3327],[-77.7963,37.324],[-77.809,37.3154],[-77.8067,37.3045],[-77.7726,37.2876],[-77.7635,37.2707],[-77.7398,37.2687],[-77.7355,37.2842],[-77.72,37.2833],[-77.7088,37.3001],[-77.6926,37.2814],[-77.6824,37.2918],[-77.6675,37.2925],[-77.6489,37.2554],[-77.6613,37.2407],[-77.6868,37.2351],[-77.6887,37.2282],[-77.6807,37.2289],[-77.6866,37.2229],[-77.7184,37.2156],[-77.7477,37.1927],[-77.7959,37.1926],[-78.2312,37.2962],[-78.2337,37.3696],[-78.2399,37.3773]]]}},{"type":"Feature","properties":{"county_fips":"25005","county_name":"Bristol","state":"MA"},"geometry":{"type":"MultiPolygon","coordinates":[[[[-70.8357,41.6023],[-70.824,41.5996],[-70.8221,41.5836],[-70.8351,41.5909],[-70.8357,41.6023]]],[[[-71.3817,41.8938],[-71.3815,41.9851],[-71.3643,41.9853],[-71.0805,42.0955],[-71.0495,41.9631],[-70.9968,41.9274],[-70.9737,41.8609],[-71.0366,41.8165],[-71.0146,41.7996],[-71.0263,41.7789],[-70.9218,41.7912],[-70.9044,41.758],[-70.8864,41.7602],[-70.8452,41.6447],[-70.8432,41.6285],[-70.8597,41.6241],[-70.8432,41.5966],[-70.8567,41.5837],[-70.8696,41.6256],[-70.8888,41.6328],[-70.9132,41.6193],[-70.8986,41.5927],[-70.9091,41.5937],[-70.9224,41.6143],[-70.9305,41.6133],[-70.9338,41.5804],[-70.9502,41.5846],[-70.9285,41.5398],[-70.9463,41.5376],[-70.9549,41.5276],[-70.9533,41.515],[-70.9614,41.5297],[-70.9723,41.5308],[-70.9846,41.5204],[-70.984,41.5089],[-71.0194,41.5089],[-71.0355,41.499],[-71.0384,41.4811],[-71.041,41.4975],[-71.0707,41.5089],[-71.1206,41.4974],[-71.1313,41.5923],[-71.1409,41.6074],[-71.1329,41.6601],[-71.1957,41.6751],[-71.2614,41.7523],[-71.3279,41.7805],[-71.3472,41.8231],[-71.3352,41.8355],[-71.3422,41.8448],[-71.334,41.8623],[-71.3387,41.8984],[-71.3817,41.8938]]]]}},{"type":"Feature","properties":{"county_fips":"33013","county_name":"Merrimack","state":"NH"},"geometry":{"type":"Polygon","coordinates":[[[-72.0901,43.3226],[-72.0497,43.3803],[-72.0468,43.4109],[-72.058,43.4232],[-72.0538,43.4411],[-72.0114,43.4369],[-71.9284,43.5368],[-71.8492,43.6112],[-71.8179,43.5442],[-71.7975,43.5594],[-71.7826,43.5606],[-71.7775,43.5525],[-71.761,43.5677],[-71.7305,43.5677],[-71.7088,43.5397],[-71.6876,43.5281],[-71.6915,43.5161],[-71.6773,43.5005],[-71.6535,43.4876],[-71.6381,43.4917],[-71.6241,43.4699],[-71.6281,43.4586],[-71.6119,43.4378],[-71.6011,43.435],[-71.5554,43.455],[-71.236,43.285],[-71.3922,43.0393],[-71.403,43.0411],[-71.3924,43.0093],[-71.45,43.0201],[-71.4548,43.044],[-71.474,43.0353],[-71.4891,43.0518],[-71.5128,43.0496],[-71.5175,43.0689],[-71.6413,43.0542],[-71.6678,43.1525],[-71.8561,43.1151],[-71.9132,43.2071],[-72.0091,43.1879],[-72.0415,43.2227],[-72.0453,43.2548],[-72.0654,43.2551],[-72.0901,43.3226]]]}},{"type":"Feature","properties":{"county_fips":"36039","county_name":"Greene","state":"NY"},"geometry":{"type":"Polygon","coordinates":[[[-74.5373,42.2014],[-74.4282,42.3491],[-74.4435,42.355],[-74.3791,42.3739],[-74.3461,42.3557],[-74.2766,42.3633],[-74.2589,42.3792],[-74.2447,42.3772],[-74.2543,42.4082],[-73.8368,42.4586],[-73.7837,42.4642],[-73.7755,42.4602],[-73.7745,42.4353],[-73.7943,42.3768],[-73.7806,42.3057],[-73.7882,42.2698],[-73.803,42.2537],[-73.8326,42.2441],[-73.8478,42.2303],[-73.8553,42.1914],[-73.8923,42.1675],[-73.9107,42.1273],[-74.0024,42.177],[-74.0036,42.1634],[-74.0249,42.1621],[-74.0424,42.1704],[-74.0748,42.0966],[-74.3076,42.1143],[-74.5373,42.2014]]]}},{"type":"Feature","properties":{"county_fips":"37183","county_name":"Wake","state":"NC"},"geometry":{"type":"Polygon","coordinates":[[[-78.995,35.6102],[-78.9094,35.843],[-78.9061,35.8681],[-78.83,35.867],[-78.8048,35.9276],[-78.7591,35.9184],[-78.717,35.9613],[-78.6998,36.0114],[-78.7074,36.0111],[-78.72,36.0296],[-78.7402,36.0236],[-78.7536,36.0314],[-78.7513,36.0708],[-78.6832,36.0745],[-78.4269,35.975],[-78.3943,35.9369],[-78.3533,35.9311],[-78.351,35.9101],[-78.3285,35.8967],[-78.3072,35.8966],[-78.278,35.8673],[-78.2538,35.8274],[-78.256,35.8181],[-78.2789,35.8044],[-78.4716,35.7049],[-78.7089,35.5195],[-78.995,35.6102]]]}},{"type":"Feature","properties":{"county_fips":"51183","county_name":"Sussex","state":"VA"},"geometry":{"type":"Polygon","coordinates":[[[-77.6162,36.8792],[-77.1554,37.112],[-77.1484,37.1014],[-77.1109,37.1003],[-77.1023,37.0845],[-77.0796,37.0845],[-77.0747,37.0663],[-77.0496,37.0626],[-77.0358,37.0701],[-77.005,37.052],[-76.9651,37.0543],[-76.966,37.0004],[-76.9535,36.9445],[-77.431,36.7072],[-77.4894,36.7207],[-77.4587,36.863],[-77.5012,36.8451],[-77.5318,36.8532],[-77.5568,36.8455],[-77.6162,36.8792]]]}},{"type":"Feature","properties":{"county_fips":"51730","county_name":"Petersburg","state":"VA"},"geometry":{"type":"Polygon","coordinates":[[[-77.4546,37.1875],[-77.4415,37.2119],[-77.4474,37.2231],[-77.3768,37.2448],[-77.3613,37.2387],[-77.3469,37.211],[-77.3298,37.1975],[-77.3431,37.1897],[-77.3457,37.1741],[-77.3624,37.1707],[-77.3767,37.1805],[-77.4235,37.1651],[-77.4281,37.185],[-77.4546,37.1875]]]}},{"type":"Feature","properties":{"county_fips":"37191","county_name":"Wayne","state":"NC"},"geometry":{"type":"Polygon","coordinates":[[[-78.3044,35.2907],[-78.2897,35.3151],[-78.2584,35.3255],[-78.2421,35.32],[-78.2156,35.3338],[-78.2155,35.3415],[-78.1532,35.3507],[-78.1624,35.3672],[-78.1443,35.3874],[-78.1537,35.392],[-78.1549,35.4178],[-78.058,35.5978],[-77.9984,35.5856],[-77.8225,35.5854],[-77.8267,35.4241],[-77.8055,35.4075],[-77.7999,35.3823],[-77.8242,35.3438],[-77.8342,35.1778],[-77.8889,35.1599],[-77.8917,35.1466],[-77.926,35.173],[-77.9701,35.1659],[-77.984,35.1836],[-78.0202,35.1937],[-78.0445,35.1925],[-78.0774,35.1751],[-78.1634,35.1897],[-78.1618,35.2043],[-78.2462,35.226],[-78.3044,35.2907]]]}},{"type":"Feature","properties":{"county_fips":"51620","county_name":"Franklin","state":"VA"},"geometry":{"type":"Polygon","coordinates":[[[-76.9684,36.7006],[-76.9524,36.7087],[-76.9254,36.7086],[-76.9257,36.6983],[-76.9122,36.6984],[-76.925,36.6822],[-76.912,36.6727],[-76.9177,36.6613],[-76.9101,36.6471],[-76.9623,36.6675],[-76.9474,36.6759],[-76.9665,36.6804],[-76.9684,36.7006]]]}},{"type":"Feature","properties":{"county_fips":"23001","county_name":"Androscoggin","state":"ME"},"geometry":{"type":"Polygon","coordinates":[[[-70.4853,44.0604],[-70.3341,44.2108],[-70.3252,44.2084],[-70.2652,44.3629],[-70.2787,44.4152],[-70.2683,44.4164],[-70.2744,44.4406],[-70.2013,44.478],[-70.1294,44.4872],[-70.1005,44.3839],[-70.1222,44.3811],[-70.1201,44.3727],[-70.1326,44.3714],[-70.1002,44.3345],[-70.0991,44.3195],[-70.0745,44.2985],[-70.0757,44.2062],[-70.0557,44.1991],[-70.0605,44.1918],[-69.9938,44.1806],[-69.9988,44.1668],[-70.0103,44.1687],[-70.0185,44.1579],[-70.0274,44.1306],[-70.0055,44.1245],[-70.0251,44.0364],[-70.0364,44.0271],[-70.0323,44.0032],[-70.0435,44.0023],[-70.0518,43.991],[-70.0342,43.9757],[-70.0808,43.9265],[-70.0923,43.932],[-70.1159,43.9067],[-70.2036,43.9479],[-70.2003,43.952],[-70.3154,44.0378],[-70.3639,43.9864],[-70.3953,44.0031],[-70.402,43.9901],[-70.4796,44.0263],[-70.4792,44.0557],[-70.4853,44.0604]]]}},{"type":"Feature","properties":{"county_fips":"51650","county_name":"Hampton","state":"VA"},"geometry":{"type":"MultiPolygon","coordinates":[[[[-76.3027,36.9818],[-76.3026,36.9872],[-76.2999,36.9869],[-76.3027,36.9818]]],[[[-76.3186,36.9992],[-76.3177,37.0019],[-76.3171,36.9991],[-76.3186,36.9992]]],[[[-76.449,37.0792],[-76.4377,37.094],[-76.408,37.0921],[-76.3984,37.0967],[-76.3978,37.1074],[-76.3675,37.113],[-76.3447,37.0968],[-76.296,37.1098],[-76.2714,37.0876],[-76.3043,37.0014],[-76.3146,37.0015],[-76.3169,37.0127],[-76.3407,37.0152],[-76.3877,36.9897],[-76.405,36.9936],[-76.4247,37.0254],[-76.4424,37.0188],[-76.449,37.0792]]]]}},{"type":"Feature","properties":{"county_fips":"33005","county_name":"Cheshire","state":"NH"},"geometry":{"type":"Polygon","coordinates":[[[-72.5572,42.853],[-72.5528,42.885],[-72.5328,42.8961],[-72.5244,42.9156],[-72.5322,42.9549],[-72.4738,42.972],[-72.4616,42.9829],[-72.4629,42.9969],[-72.4438,43.0062],[-72.4624,43.0256],[-72.4674,43.0526],[-72.4353,43.0835],[-72.4431,43.1008],[-72.433,43.1197],[-72.4569,43.1466],[-72.4521,43.1613],[-72.4321,43.1598],[-72.4316,43.1356],[-72.372,43.1321],[-72.3764,43.1577],[-72.3303,43.1552],[-72.3321,43.1628],[-72.1567,43.182],[-72.1785,43.1319],[-72.0341,43.1287],[-72.0579,43.0189],[-72.0622,42.9448],[-72.0062,42.9438],[-71.9747,42.7894],[-71.9443,42.7884],[-71.929,42.7122],[-72.4585,42.7269],[-72.4911,42.7725],[-72.5161,42.7659],[-72.5089,42.7799],[-72.5396,42.8048],[-72.5572,42.853]]]}},{"type":"Feature","properties":{"county_fips":"34005","county_name":"Burlington","state":"NJ"},"geometry":{"type":"Polygon","coordinates":[[[-75.0596,39.9921],[-75.0471,40.0099],[-75.0122,40.0207],[-74.9326,40.0688],[-74.8621,40.0833],[-74.8351,40.1039],[-74.8225,40.1268],[-74.7851,40.1203],[-74.7406,40.1355],[-74.7063,40.1618],[-74.7128,40.1752],[-74.7083,40.1819],[-74.6747,40.1737],[-74.6777,40.1663],[-74.6232,40.1486],[-74.6218,40.1411],[-74.5878,40.1383],[-74.3897,39.7733],[-74.3904,39.5962],[-74.4008,39.5722],[-74.4188,39.5686],[-74.4174,39.5573],[-74.4384,39.5535],[-74.4375,39.5412],[-74.4457,39.5464],[-74.4456,39.5586],[-74.4573,39.5473],[-74.4622,39.5561],[-74.4934,39.5557],[-74.5153,39.5742],[-74.5256,39.5694],[-74.5406,39.5756],[-74.5543,39.5985],[-74.5757,39.5984],[-74.6206,39.6264],[-74.6302,39.6202],[-74.6348,39.628],[-74.64,39.6225],[-74.655,39.6271],[-74.668,39.6837],[-74.7721,39.7504],[-74.8069,39.7835],[-74.8432,39.7899],[-74.8949,39.7834],[-74.903,39.7911],[-74.9307,39.8859],[-74.9496,39.8983],[-74.963,39.9203],[-74.9839,39.9268],[-74.9757,39.9398],[-75.0151,39.9468],[-75.0199,39.9694],[-75.0104,39.98],[-75.0184,39.989],[-75.0352,39.9959],[-75.0596,39.9921]]]}},{"type":"Feature","properties":{"county_fips":"51740","county_name":"Portsmouth","state":"VA"},"geometry":{"type":"Polygon","coordinates":[[[-76.4193,36.8676],[-76.405,36.8815],[-76.4069,36.8975],[-76.3883,36.8972],[-76.3859,36.9232],[-76.3564,36.9241],[-76.3503,36.8953],[-76.3386,36.889],[-76.3513,36.88],[-76.3411,36.861],[-76.3572,36.8568],[-76.374,36.8366],[-76.3582,36.8362],[-76.3398,36.8545],[-76.3185,36.8578],[-76.3073,36.8475],[-76.3017,36.8509],[-76.29,36.822],[-76.2921,36.7987],[-76.3757,36.7861],[-76.4037,36.814],[-76.3835,36.8375],[-76.3874,36.8522],[-76.3994,36.8572],[-76.3985,36.8659],[-76.4193,36.8676]]]}},{"type":"Feature","properties":{"county_fips":"51735","county_name":"Poquoson","state":"VA"},"geometry":{"type":"Polygon","coordinates":[[[-76.395,37.1063],[-76.4129,37.1558],[-76.4057,37.16],[-76.3707,37.1503],[-76.374,37.1604],[-76.3487,37.1687],[-76.3407,37.1508],[-76.2993,37.1301],[-76.296,37.1098],[-76.3447,37.0968],[-76.3675,37.113],[-76.395,37.1063]]]}},{"type":"Feature","properties":{"county_fips":"36055","county_name":"Monroe","state":"NY"},"geometry":{"type":"Polygon","coordinates":[[[-77.9972,43.1365],[-77.9956,43.3652],[-77.9652,43.3681],[-77.827,43.3428],[-77.7602,43.3412],[-77.7141,43.3236],[-77.7077,43.3108],[-77.6538,43.2795],[-77.551,43.2358],[-77.5301,43.236],[-77.4255,43.2702],[-77.376,43.2762],[-77.3715,43.0347],[-77.4854,43.0346],[-77.4825,42.9432],[-77.7587,42.9405],[-77.7317,42.9461],[-77.7345,42.9548],[-77.7284,42.953],[-77.7246,42.9713],[-77.7178,42.9734],[-77.7329,42.9819],[-77.731,42.9884],[-77.9098,42.9878],[-77.9041,43.0371],[-77.951,43.0395],[-77.9059,43.1336],[-77.9972,43.1365]]]}},{"type":"Feature","properties":{"county_fips":"51810","county_name":"Virginia Beach","state":"VA"},"geometry":{"type":"Polygon","coordinates":[[[-76.2252,36.837],[-76.1973,36.8281],[-76.1795,36.8497],[-76.1769,36.857],[-76.1933,36.8652],[-76.1884,36.8741],[-76.1985,36.8866],[-76.182,36.9067],[-76.1925,36.918],[-76.1768,36.921],[-76.1771,36.9301],[-76.0905,36.9078],[-76.0383,36.9312],[-75.9963,36.922],[-75.9496,36.7612],[-75.8909,36.6308],[-75.8676,36.5504],[-76.1223,36.5505],[-76.122,36.6658],[-76.0692,36.6775],[-76.068,36.6926],[-76.0822,36.7124],[-76.0976,36.7161],[-76.1433,36.757],[-76.2037,36.7697],[-76.2252,36.837]]]}},{"type":"Feature","properties":{"county_fips":"51115","county_name":"Mathews","state":"VA"},"geometry":{"type":"Polygon","coordinates":[[[-76.4502,37.4862],[-76.4376,37.5144],[-76.4136,37.5129],[-76.4041,37.5355],[-76.3608,37.5284],[-76.3564,37.5081],[-76.3336,37.5028],[-76.3233,37.4853],[-76.3109,37.4871],[-76.3155,37.4899],[-76.2977,37.5154],[-76.281,37.5078],[-76.273,37.4848],[-76.2926,37.495],[-76.3103,37.4911],[-76.2561,37.4526],[-76.2479,37.3944],[-76.2491,37.3758],[-76.2747,37.3496],[-76.2762,37.3108],[-76.3086,37.3294],[-76.3138,37.3455],[-76.3206,37.3441],[-76.3378,37.3658],[-76.3853,37.3843],[-76.399,37.4168],[-76.4479,37.4201],[-76.4487,37.4481],[-76.4421,37.4528],[-76.4502,37.4862]]]}},{"type":"Feature","properties":{"county_fips":"51800","county_name":"Suffolk","state":"VA"},"geometry":{"type":"Polygon","coordinates":[[[-76.9277,36.5624],[-76.9203,36.5776],[-76.9095,36.5792],[-76.9123,36.6179],[-76.8939,36.6257],[-76.8976,36.6441],[-76.5335,36.9156],[-76.5211,36.9063],[-76.4952,36.9225],[-76.4824,36.9174],[-76.4834,36.8962],[-76.4931,36.8918],[-76.4834,36.8782],[-76.4547,36.8841],[-76.4416,36.9061],[-76.4044,36.8945],[-76.4071,36.878],[-76.4575,36.8148],[-76.4915,36.5507],[-76.9159,36.5521],[-76.9277,36.5624]]]}},{"type":"Feature","properties":{"county_fips":"51025","county_name":"Brunswick","state":"VA"},"geometry":{"type":"Polygon","coordinates":[[[-78.0462,36.5442],[-78.0036,37.0228],[-77.9961,37.0225],[-77.996,37.0142],[-77.9681,36.9873],[-77.9539,36.9912],[-77.9205,36.9827],[-77.8826,36.9917],[-77.8507,36.9881],[-77.8409,36.9959],[-77.7655,36.9747],[-77.7553,36.9561],[-77.7456,36.959],[-77.7278,36.9434],[-77.7152,36.9148],[-77.7009,36.9164],[-77.6946,36.9066],[-77.6579,36.8945],[-77.6558,36.7135],[-77.7671,36.5454],[-78.0462,36.5442]]]}},{"type":"Feature","properties":{"county_fips":"33003","county_name":"Carroll","state":"NH"},"geometry":{"type":"Polygon","coordinates":[[[-71.5646,43.8932],[-71.362,43.9159],[-71.3836,44.0226],[-71.3467,44.0688],[-71.3664,44.0685],[-71.3816,44.0979],[-71.3765,44.1189],[-71.3871,44.1552],[-71.4132,44.1675],[-71.4265,44.2109],[-71.3949,44.2147],[-71.3842,44.1788],[-71.3565,44.1658],[-71.3432,44.1235],[-71.3436,44.0921],[-71.3359,44.0858],[-71.3118,44.0918],[-71.306,44.1373],[-71.252,44.2443],[-71.0423,44.2375],[-71.0444,44.2838],[-71.0103,44.2849],[-70.9727,43.5703],[-70.9559,43.5598],[-70.9535,43.5406],[-70.9625,43.5413],[-71.0242,43.4829],[-71.0379,43.5298],[-71.0676,43.5272],[-71.0848,43.5067],[-71.0895,43.5127],[-71.1115,43.5067],[-71.1278,43.5728],[-71.1627,43.539],[-71.1995,43.5591],[-71.2089,43.5505],[-71.2277,43.5646],[-71.258,43.5713],[-71.5317,43.761],[-71.5646,43.8932]]]}},{"type":"Feature","properties":{"county_fips":"44001","county_name":"Bristol","state":"RI"},"geometry":{"type":"Polygon","coordinates":[[[-71.3539,41.7513],[-71.3179,41.7762],[-71.2614,41.7523],[-71.2258,41.7117],[-71.2458,41.6972],[-71.2354,41.6721],[-71.2503,41.665],[-71.2596,41.6426],[-71.2855,41.6824],[-71.3014,41.65],[-71.3061,41.6726],[-71.2912,41.7027],[-71.3055,41.7085],[-71.3071,41.7216],[-71.3395,41.7248],[-71.3539,41.7513]]]}},{"type":"Feature","properties":{"county_fips":"45033","county_name":"Dillon","state":"SC"},"geometry":{"type":"Polygon","coordinates":[[[-79.6334,34.298],[-79.45,34.621],[-79.0713,34.2993],[-79.0861,34.295],[-79.0864,34.285],[-79.11,34.2724],[-79.1257,34.2533],[-79.1735,34.2875],[-79.2143,34.2555],[-79.2394,34.2543],[-79.2944,34.277],[-79.3054,34.2693],[-79.3803,34.3006],[-79.411,34.3002],[-79.4807,34.2881],[-79.4791,34.2786],[-79.4963,34.2748],[-79.5124,34.2575],[-79.5543,34.2476],[-79.5479,34.2309],[-79.5616,34.2579],[-79.5872,34.2814],[-79.6239,34.3006],[-79.6334,34.298]]]}},{"type":"Feature","properties":{"county_fips":"25027","county_name":"Worcester","state":"MA"},"geometry":{"type":"Polygon","coordinates":[[[-72.3143,42.3437],[-72.3067,42.4192],[-72.2833,42.4412],[-72.2913,42.4795],[-72.2449,42.5134],[-72.2691,42.5334],[-72.2764,42.5774],[-72.2613,42.5759],[-72.2671,42.6008],[-72.2533,42.6053],[-72.2547,42.6116],[-72.2299,42.6144],[-72.2253,42.6304],[-72.2295,42.6627],[-72.272,42.6747],[-72.283,42.7216],[-71.8988,42.7114],[-71.8578,42.675],[-71.8585,42.6338],[-71.7753,42.6367],[-71.7758,42.6442],[-71.6646,42.6116],[-71.679,42.5304],[-71.6359,42.524],[-71.6359,42.54],[-71.6251,42.5501],[-71.5946,42.5434],[-71.5803,42.5505],[-71.5388,42.543],[-71.5298,42.5198],[-71.5604,42.4744],[-71.5434,42.4665],[-71.5591,42.4119],[-71.6043,42.3977],[-71.5802,42.387],[-71.6258,42.3497],[-71.6041,42.3368],[-71.5852,42.311],[-71.5511,42.3264],[-71.4868,42.3302],[-71.4864,42.3104],[-71.5065,42.2643],[-71.5566,42.2681],[-71.5868,42.2595],[-71.6022,42.2181],[-71.5829,42.1956],[-71.5568,42.1925],[-71.5557,42.1825],[-71.5026,42.1914],[-71.4974,42.1666],[-71.478,42.1659],[-71.4785,42.1314],[-71.5031,42.1103],[-71.4955,42.1],[-71.4983,42.0172],[-71.7992,42.0081],[-71.8007,42.0236],[-72.1357,42.0302],[-72.135,42.1618],[-72.1993,42.1537],[-72.2006,42.1613],[-72.2639,42.1838],[-72.2602,42.2059],[-72.2181,42.2486],[-72.2105,42.2472],[-72.2176,42.2702],[-72.2033,42.2912],[-72.2167,42.2941],[-72.2108,42.3114],[-72.2746,42.302],[-72.2842,42.352],[-72.3143,42.3437]]]}},{"type":"Feature","properties":{"county_fips":"25009","county_name":"Essex","state":"MA"},"geometry":{"type":"MultiPolygon","coordinates":[[[[-70.5756,42.6345],[-70.5751,42.6398],[-70.5734,42.6395],[-70.5756,42.6345]]],[[[-70.588,42.6264],[-70.5882,42.6306],[-70.5868,42.6282],[-70.588,42.6264]]],[[[-70.59,42.659],[-70.5893,42.6627],[-70.5876,42.6619],[-70.59,42.659]]],[[[-70.7217,42.5661],[-70.7212,42.5699],[-70.7206,42.5697],[-70.7217,42.5661]]],[[[-70.7823,42.5518],[-70.7816,42.554],[-70.7807,42.5536],[-70.7823,42.5518]]],[[[-70.7877,42.5306],[-70.787,42.5373],[-70.7823,42.5337],[-70.7877,42.5306]]],[[[-70.8021,42.5472],[-70.795,42.5507],[-70.7944,42.548],[-70.8021,42.5472]]],[[[-70.8141,42.5104],[-70.8121,42.512],[-70.8121,42.5103],[-70.8141,42.5104]]],[[[-70.8354,42.4823],[-70.8337,42.4853],[-70.8335,42.482],[-70.8354,42.4823]]],[[[-71.255,42.6578],[-71.2382,42.6694],[-71.2552,42.7366],[-71.2239,42.7467],[-71.1818,42.7376],[-71.1861,42.7907],[-71.1677,42.8074],[-71.1325,42.8214],[-71.0642,42.8063],[-71.0475,42.8441],[-71.0312,42.8591],[-70.9028,42.8865],[-70.8486,42.8609],[-70.8173,42.8723],[-70.8052,42.7818],[-70.7705,42.7048],[-70.7761,42.6913],[-70.6846,42.6518],[-70.6635,42.6776],[-70.6301,42.6927],[-70.6209,42.6868],[-70.6239,42.6616],[-70.5974,42.6596],[-70.5915,42.6398],[-70.6322,42.6168],[-70.6356,42.6002],[-70.6547,42.5822],[-70.666,42.5841],[-70.6589,42.6035],[-70.6767,42.6075],[-70.6845,42.5889],[-70.7103,42.5726],[-70.737,42.5769],[-70.7721,42.5596],[-70.7944,42.5645],[-70.8238,42.5519],[-70.8752,42.5443],[-70.8826,42.5349],[-70.8642,42.5334],[-70.8864,42.5086],[-70.8747,42.5049],[-70.8571,42.5215],[-70.8421,42.5195],[-70.8533,42.493],[-70.8311,42.5036],[-70.836,42.4905],[-70.8578,42.4903],[-70.8943,42.4609],[-70.922,42.4667],[-70.935,42.4579],[-70.9375,42.4401],[-70.928,42.4372],[-70.9334,42.4334],[-70.9084,42.4252],[-70.9057,42.4162],[-70.9199,42.4236],[-70.9364,42.4181],[-70.939,42.457],[-70.9823,42.4313],[-70.9999,42.4313],[-71.0108,42.4346],[-71.0188,42.4501],[-71.0258,42.4447],[-71.0542,42.4769],[-71.0349,42.5068],[-71.041,42.5263],[-71.0584,42.5236],[-71.0751,42.531],[-71.071,42.5559],[-71.057,42.574],[-71.0283,42.5741],[-71.0588,42.6091],[-71.1355,42.5991],[-71.1544,42.6153],[-71.1649,42.598],[-71.182,42.6084],[-71.1718,42.6165],[-71.255,42.6578]]]]}},{"type":"Feature","properties":{"county_fips":"36073","county_name":"Orleans","state":"NY"},"geometry":{"type":"Polygon","coordinates":[[[-78.4604,43.2162],[-78.4655,43.3712],[-78.4519,43.3727],[-78.3702,43.3765],[-78.2336,43.3691],[-78.1045,43.3756],[-77.9956,43.3652],[-77.9973,43.133],[-78.4655,43.1286],[-78.4604,43.2162]]]}},{"type":"Feature","properties":{"county_fips":"36079","county_name":"Putnam","state":"NY"},"geometry":{"type":"Polygon","coordinates":[[[-73.9814,41.3247],[-73.9613,41.3485],[-73.9474,41.3953],[-73.9624,41.4037],[-73.9815,41.4389],[-73.9338,41.4883],[-73.5301,41.5272],[-73.5447,41.3665],[-73.9814,41.3247]]]}},{"type":"Feature","properties":{"county_fips":"36081","county_name":"Queens","state":"NY"},"geometry":{"type":"Polygon","coordinates":[[[-73.9626,40.739],[-73.9364,40.7769],[-73.9172,40.7842],[-73.9125,40.7961],[-73.8731,40.7859],[-73.863,40.7977],[-73.8174,40.8058],[-73.7941,40.8005],[-73.7939,40.789],[-73.7756,40.7956],[-73.7579,40.7669],[-73.7503,40.7825],[-73.7016,40.7525],[-73.7079,40.7278],[-73.7303,40.7222],[-73.725,40.6527],[-73.7414,40.6469],[-73.74,40.6351],[-73.7688,40.6244],[-73.76,40.6113],[-73.7455,40.6118],[-73.7372,40.593],[-73.8068,40.5846],[-73.9405,40.544],[-73.9354,40.5574],[-73.8824,40.5682],[-73.8499,40.5887],[-73.8345,40.6072],[-73.833,40.6283],[-73.8549,40.6427],[-73.8689,40.6951],[-73.8965,40.6824],[-73.9291,40.7277],[-73.9626,40.739]]]}},{"type":"Feature","properties":{"county_fips":"36083","county_name":"Rensselaer","state":"NY"},"geometry":{"type":"Polygon","coordinates":[[[-73.786,42.4838],[-73.7583,42.5342],[-73.7524,42.5767],[-73.7613,42.6104],[-73.7418,42.6543],[-73.7029,42.6993],[-73.6726,42.7954],[-73.6585,42.8091],[-73.6759,42.8586],[-73.6732,42.8751],[-73.6846,42.8924],[-73.6789,42.9122],[-73.6597,42.9334],[-73.6355,42.9413],[-73.4506,42.9446],[-73.4306,42.9586],[-73.3921,42.9526],[-73.3802,42.9437],[-73.2743,42.9437],[-73.2787,42.8334],[-73.2854,42.8341],[-73.2837,42.8139],[-73.2909,42.8019],[-73.2764,42.746],[-73.265,42.7459],[-73.3525,42.51],[-73.7837,42.4642],[-73.786,42.4838]]]}},{"type":"Feature","properties":{"county_fips":"37073","county_name":"Gates","state":"NC"},"geometry":{"type":"Polygon","coordinates":[[[-76.9505,36.471],[-76.9344,36.4713],[-76.9345,36.4847],[-76.9065,36.5107],[-76.9051,36.5226],[-76.925,36.5307],[-76.9141,36.5422],[-76.9159,36.5521],[-76.5415,36.5503],[-76.4913,36.5107],[-76.4914,36.4686],[-76.4537,36.3781],[-76.5569,36.3552],[-76.5708,36.3343],[-76.5862,36.3335],[-76.5966,36.3233],[-76.64,36.3294],[-76.6516,36.3106],[-76.67,36.3152],[-76.6726,36.3033],[-76.6966,36.2961],[-76.7795,36.3625],[-76.8227,36.3644],[-76.9343,36.4025],[-76.9471,36.4154],[-76.9505,36.471]]]}},{"type":"Feature","properties":{"county_fips":"37185","county_name":"Warren","state":"NC"},"geometry":{"type":"Polygon","coordinates":[[[-78.3239,36.5438],[-77.8998,36.5447],[-77.8995,36.5043],[-77.9118,36.4428],[-77.9201,36.4361],[-77.9121,36.4248],[-77.912,36.3824],[-77.9424,36.2985],[-78.0066,36.2026],[-78.0449,36.2155],[-78.1098,36.2102],[-78.1327,36.2463],[-78.157,36.2444],[-78.1732,36.2555],[-78.1935,36.2468],[-78.307,36.2662],[-78.2772,36.3061],[-78.3239,36.5438]]]}},{"type":"Feature","properties":{"county_fips":"34017","county_name":"Hudson","state":"NJ"},"geometry":{"type":"MultiPolygon","coordinates":[[[[-74.0422,40.7],[-74.039,40.6976],[-74.0417,40.6964],[-74.0422,40.7]]],[[[-74.1661,40.7472],[-74.1475,40.7865],[-74.1272,40.7713],[-74.1009,40.7758],[-74.0903,40.7616],[-74.09,40.778],[-74.0768,40.7956],[-74.0358,40.8081],[-74.0178,40.8233],[-73.9848,40.7977],[-74.014,40.7576],[-74.0232,40.7199],[-74.0553,40.6908],[-74.065,40.696],[-74.0778,40.6746],[-74.0642,40.6689],[-74.0702,40.6608],[-74.0869,40.6668],[-74.095,40.6492],[-74.1463,40.6466],[-74.1025,40.7019],[-74.1082,40.716],[-74.1206,40.7171],[-74.1176,40.7396],[-74.1553,40.7335],[-74.1661,40.7472]]]]}},{"type":"Feature","properties":{"county_fips":"25003","county_name":"Berkshire","state":"MA"},"geometry":{"type":"Polygon","coordinates":[[[-73.5081,42.0863],[-73.265,42.7459],[-73.023,42.7411],[-73.0237,42.7027],[-72.9496,42.7051],[-72.9544,42.6903],[-72.9735,42.6888],[-72.9758,42.6794],[-72.9955,42.6732],[-72.9752,42.6608],[-72.9547,42.6656],[-72.951,42.641],[-72.979,42.5416],[-72.9686,42.54],[-73.0117,42.3797],[-73.0658,42.3891],[-73.0685,42.3807],[-73.0629,42.329],[-73.0294,42.3086],[-73.0066,42.3048],[-73.0003,42.3126],[-73.0019,42.251],[-73.0349,42.1437],[-73.0721,42.1435],[-73.0612,42.1181],[-73.0727,42.1117],[-73.0731,42.0942],[-73.0533,42.0399],[-73.4969,42.0497],[-73.5081,42.0863]]]}},{"type":"Feature","properties":{"county_fips":"37195","county_name":"Wilson","state":"NC"},"geometry":{"type":"Polygon","coordinates":[[[-78.1921,35.7305],[-77.8974,35.8439],[-77.8739,35.8497],[-77.8447,35.8376],[-77.8284,35.8672],[-77.7513,35.8278],[-77.7184,35.7288],[-77.6651,35.6749],[-77.8062,35.5835],[-77.9984,35.5856],[-78.058,35.5978],[-78.0648,35.5853],[-78.1256,35.6031],[-78.1578,35.6856],[-78.1609,35.7119],[-78.1921,35.7305]]]}},{"type":"Feature","properties":{"county_fips":"51670","county_name":"Hopewell","state":"VA"},"geometry":{"type":"Polygon","coordinates":[[[-77.325,37.2806],[-77.3347,37.3144],[-77.3187,37.3083],[-77.2873,37.3169],[-77.2816,37.3099],[-77.277,37.3177],[-77.2524,37.2935],[-77.2606,37.2828],[-77.2786,37.2803],[-77.3053,37.262],[-77.3224,37.2654],[-77.331,37.2576],[-77.325,37.2806]]]}},{"type":"Feature","properties":{"county_fips":"34029","county_name":"Ocean","state":"NJ"},"geometry":{"type":"Polygon","coordinates":[[[-74.5531,40.0791],[-74.4067,40.1724],[-74.2615,40.167],[-74.2598,40.1491],[-74.2418,40.131],[-74.2446,40.1181],[-74.2319,40.1098],[-74.1795,40.1109],[-74.1503,40.0989],[-74.1077,40.137],[-74.0959,40.1287],[-74.0942,40.1075],[-74.0724,40.0894],[-74.0509,40.1037],[-74.0337,40.102],[-74.0774,39.9103],[-74.0991,39.7568],[-74.2406,39.5558],[-74.2895,39.5093],[-74.3808,39.4985],[-74.4033,39.5403],[-74.4162,39.5498],[-74.4188,39.5686],[-74.4008,39.5722],[-74.3904,39.5962],[-74.3897,39.7733],[-74.5531,40.0791]]]}},{"type":"Feature","properties":{"county_fips":"24510","county_name":"Baltimore","state":"MD"},"geometry":{"type":"Polygon","coordinates":[[[-76.7111,39.2779],[-76.7113,39.3719],[-76.5298,39.3721],[-76.5296,39.2403],[-76.5722,39.2647],[-76.5865,39.2613],[-76.5584,39.2337],[-76.5645,39.2246],[-76.5331,39.2076],[-76.5501,39.1972],[-76.5833,39.2074],[-76.6117,39.2344],[-76.7111,39.2779]]]}},{"type":"Feature","properties":{"county_fips":"37041","county_name":"Chowan","state":"NC"},"geometry":{"type":"Polygon","coordinates":[[[-76.7223,36.1602],[-76.7143,36.2153],[-76.6722,36.272],[-76.6938,36.2822],[-76.6966,36.2961],[-76.6726,36.3033],[-76.67,36.3152],[-76.6516,36.3106],[-76.64,36.3294],[-76.5966,36.3233],[-76.5862,36.3335],[-76.5708,36.3343],[-76.5596,36.3511],[-76.5726,36.2581],[-76.5901,36.2389],[-76.5721,36.1095],[-76.5391,36.0946],[-76.5175,36.0974],[-76.4944,36.0846],[-76.4788,36.0936],[-76.4456,36.0759],[-76.4118,36.0753],[-76.4081,36.068],[-76.4514,36.0391],[-76.4603,36.0241],[-76.5141,36.0065],[-76.5804,36.0106],[-76.6032,36.0354],[-76.6068,36.0542],[-76.6398,36.0359],[-76.6765,36.0436],[-76.6919,36.0663],[-76.6886,36.107],[-76.705,36.1099],[-76.7223,36.1602]]]}},{"type":"Feature","properties":{"county_fips":"37143","county_name":"Perquimans","state":"NC"},"geometry":{"type":"Polygon","coordinates":[[[-76.5882,36.2418],[-76.5726,36.2581],[-76.5569,36.3552],[-76.4537,36.3781],[-76.3756,36.2736],[-76.3749,36.2587],[-76.3406,36.2414],[-76.3177,36.2404],[-76.3033,36.2217],[-76.2907,36.2235],[-76.2728,36.1941],[-76.2771,36.1807],[-76.246,36.1586],[-76.2275,36.1253],[-76.1917,36.1072],[-76.2137,36.0961],[-76.2387,36.0986],[-76.3233,36.1348],[-76.3736,36.1382],[-76.3903,36.1625],[-76.4499,36.1934],[-76.458,36.1853],[-76.382,36.1229],[-76.3464,36.121],[-76.3397,36.1091],[-76.3026,36.1003],[-76.304,36.0945],[-76.3235,36.0849],[-76.347,36.0888],[-76.4303,36.075],[-76.4788,36.0936],[-76.4944,36.0846],[-76.5175,36.0974],[-76.5598,36.1011],[-76.5731,36.1118],[-76.5882,36.2418]]]}},{"type":"Feature","properties":{"county_fips":"23005","county_name":"Cumberland","state":"ME"},"geometry":{"type":"MultiPolygon","coordinates":[[[[-69.939,43.7238],[-69.9373,43.7308],[-69.9312,43.7241],[-69.939,43.7238]]],[[[-69.9975,43.8329],[-69.9903,43.8425],[-69.9865,43.8436],[-69.9903,43.8319],[-69.9975,43.8329]]],[[[-70.0179,43.817],[-69.9998,43.8295],[-69.9968,43.8247],[-70.0094,43.8113],[-70.0179,43.817]]],[[[-70.0376,43.7149],[-70.0288,43.7264],[-70.021,43.7246],[-70.0312,43.7147],[-70.0376,43.7149]]],[[[-70.0488,43.793],[-70.0338,43.8093],[-70.027,43.8091],[-70.0424,43.7825],[-70.0488,43.793]]],[[[-70.0467,43.7202],[-70.0429,43.7283],[-70.04,43.7288],[-70.0467,43.7202]]],[[[-70.0613,43.7421],[-70.05,43.761],[-70.0448,43.7648],[-70.0613,43.7421]]],[[[-70.0533,43.7652],[-70.0602,43.7672],[-70.055,43.7707],[-70.0533,43.7652]]],[[[-70.0745,43.7799],[-70.0716,43.7875],[-70.0631,43.7876],[-70.0745,43.7799]]],[[[-70.0788,43.7967],[-70.0709,43.8033],[-70.0666,43.8043],[-70.07,43.7967],[-70.0788,43.7967]]],[[[-70.0793,43.707],[-70.0788,43.7152],[-70.0721,43.719],[-70.0793,43.707]]],[[[-70.0897,43.715],[-70.0837,43.7205],[-70.0797,43.7209],[-70.0842,43.7142],[-70.0897,43.715]]],[[[-70.0961,43.7241],[-70.0904,43.7313],[-70.0864,43.7324],[-70.0895,43.7264],[-70.0961,43.7241]]],[[[-70.1012,43.6755],[-70.0928,43.6878],[-70.0873,43.691],[-70.096,43.6723],[-70.1012,43.6755]]],[[[-70.1146,43.7806],[-70.096,43.7884],[-70.0897,43.7852],[-70.102,43.7768],[-70.1146,43.7806]]],[[[-70.1182,43.6864],[-70.1007,43.706],[-70.0931,43.7105],[-70.0972,43.7009],[-70.0876,43.6999],[-70.0937,43.6918],[-70.1044,43.6946],[-70.1182,43.6864]]],[[[-70.1223,43.7001],[-70.1158,43.7097],[-70.1118,43.71],[-70.1223,43.7001]]],[[[-70.1314,43.7916],[-70.1234,43.7939],[-70.1222,43.7938],[-70.1249,43.7908],[-70.1314,43.7916]]],[[[-70.1372,43.7209],[-70.1258,43.7455],[-70.0961,43.7572],[-70.1111,43.7307],[-70.1073,43.7254],[-70.1207,43.7126],[-70.1281,43.7086],[-70.1238,43.7188],[-70.1372,43.7209]]],[[[-70.1467,43.7089],[-70.149,43.7146],[-70.1445,43.7135],[-70.1467,43.7089]]],[[[-70.1603,43.7497],[-70.1455,43.7612],[-70.1455,43.7758],[-70.1265,43.7796],[-70.1204,43.7727],[-70.1339,43.764],[-70.1154,43.7647],[-70.1415,43.7495],[-70.1603,43.7497]]],[[[-70.1736,43.6837],[-70.1406,43.7076],[-70.1337,43.7023],[-70.1517,43.6817],[-70.1682,43.6751],[-70.1736,43.6837]]],[[[-70.1798,43.7392],[-70.1843,43.7425],[-70.1767,43.7454],[-70.1798,43.7392]]],[[[-70.1971,43.7112],[-70.1905,43.7222],[-70.1867,43.7233],[-70.1971,43.7112]]],[[[-70.2012,43.6519],[-70.2007,43.663],[-70.1831,43.6752],[-70.1796,43.6554],[-70.2012,43.6519]]],[[[-70.2097,43.6415],[-70.2034,43.6472],[-70.1907,43.6456],[-70.2059,43.6336],[-70.2097,43.6415]]],[[[-70.2108,43.6617],[-70.2019,43.6855],[-70.1821,43.6949],[-70.1931,43.6734],[-70.2108,43.6617]]],[[[-70.2455,43.5396],[-70.2244,43.5472],[-70.2278,43.5383],[-70.2455,43.5396]]],[[[-70.8666,44.0797],[-70.8585,44.0953],[-70.8218,44.0771],[-70.6243,44.171],[-70.5987,44.1498],[-70.5872,44.1241],[-70.6062,44.1013],[-70.603,44.0886],[-70.6139,44.0618],[-70.5826,44.0187],[-70.574,44.0156],[-70.5639,44.025],[-70.5441,44.0056],[-70.5024,44.0426],[-70.402,43.9901],[-70.3953,44.0031],[-70.3639,43.9864],[-70.3154,44.0378],[-70.2003,43.952],[-70.2036,43.9479],[-70.1159,43.9067],[-70.0923,43.932],[-70.0808,43.9265],[-70.0342,43.9757],[-70.0202,43.9461],[-69.9762,43.9153],[-69.9567,43.9234],[-69.9313,43.9119],[-69.8747,43.9536],[-69.857,43.9447],[-69.896,43.8662],[-69.8749,43.8514],[-69.8701,43.8167],[-69.8874,43.7771],[-69.9018,43.7716],[-69.9319,43.7837],[-69.9435,43.7652],[-69.9563,43.7724],[-69.9799,43.7538],[-70.0013,43.7104],[-70.0072,43.7176],[-69.9946,43.7435],[-70.0115,43.7434],[-70.0265,43.7289],[-70.021,43.7465],[-70.045,43.7367],[-70.0433,43.748],[-70.0203,43.7658],[-69.9937,43.8091],[-69.9813,43.8122],[-69.9472,43.8645],[-69.9927,43.8484],[-70.0262,43.8226],[-69.9877,43.8629],[-70.0192,43.8587],[-70.0666,43.8105],[-70.0636,43.8256],[-70.0805,43.8276],[-70.0807,43.8199],[-70.1134,43.8009],[-70.1449,43.7968],[-70.1422,43.7893],[-70.1533,43.7756],[-70.176,43.7608],[-70.1754,43.7771],[-70.1869,43.7734],[-70.1943,43.7686],[-70.1938,43.7416],[-70.218,43.72],[-70.2147,43.6973],[-70.232,43.7048],[-70.2356,43.6989],[-70.2261,43.6887],[-70.2346,43.6856],[-70.2425,43.6933],[-70.253,43.675],[-70.2404,43.6705],[-70.241,43.6591],[-70.2252,43.6502],[-70.2188,43.6289],[-70.2075,43.6235],[-70.2175,43.5971],[-70.2031,43.5863],[-70.2078,43.5782],[-70.1969,43.5651],[-70.2168,43.5569],[-70.2279,43.5635],[-70.2443,43.5518],[-70.2642,43.5532],[-70.2725,43.5626],[-70.3078,43.5443],[-70.3131,43.527],[-70.3233,43.5292],[-70.3181,43.5348],[-70.3288,43.5407],[-70.3534,43.5354],[-70.492,43.6068],[-70.4577,43.6424],[-70.55,43.7158],[-70.5774,43.6872],[-70.5953,43.6972],[-70.6121,43.6871],[-70.6145,43.6983],[-70.628,43.7041],[-70.6574,43.7015],[-70.643,43.7522],[-70.6563,43.7643],[-70.6498,43.7684],[-70.653,43.7875],[-70.6699,43.7942],[-70.6738,43.7884],[-70.6952,43.8052],[-70.7453,43.788],[-70.7803,43.8035],[-70.7816,43.8236],[-70.7943,43.8343],[-70.7927,43.8479],[-70.8016,43.8561],[-70.7815,43.8739],[-70.7805,43.8682],[-70.7663,43.8772],[-70.7653,43.8715],[-70.7439,43.8858],[-70.7545,43.8885],[-70.7579,43.9069],[-70.7298,43.9283],[-70.7475,43.9459],[-70.7154,43.9618],[-70.7818,44.0314],[-70.7917,44.0287],[-70.7925,44.0401],[-70.8481,44.0495],[-70.8666,44.0797]]]]}},{"type":"Feature","properties":{"county_fips":"42075","county_name":"Lebanon","state":"PA"},"geometry":{"type":"Polygon","coordinates":[[[-76.678,40.4747],[-76.5354,40.5552],[-76.2319,40.3663],[-76.2055,40.3607],[-76.1512,40.316],[-76.3077,40.255],[-76.4354,40.2382],[-76.5694,40.1955],[-76.678,40.4747]]]}},{"type":"Feature","properties":{"county_fips":"23011","county_name":"Kennebec","state":"ME"},"geometry":{"type":"Polygon","coordinates":[[[-70.1326,44.3714],[-70.1201,44.3727],[-70.1222,44.3811],[-70.1005,44.3839],[-70.1294,44.4872],[-70.0423,44.4852],[-70.0453,44.4948],[-70.0355,44.5081],[-70.0722,44.5293],[-70.0412,44.5713],[-70.0402,44.5887],[-69.9535,44.5747],[-69.9277,44.6041],[-69.9305,44.6109],[-69.8533,44.6215],[-69.8224,44.6076],[-69.8185,44.5813],[-69.7928,44.5773],[-69.7763,44.6082],[-69.6057,44.5773],[-69.59,44.5871],[-69.593,44.6019],[-69.5791,44.627],[-69.617,44.6563],[-69.6287,44.6724],[-69.6331,44.7004],[-69.4834,44.7203],[-69.4704,44.7182],[-69.4732,44.7087],[-69.4675,44.708],[-69.4773,44.6921],[-69.4756,44.6767],[-69.4429,44.6724],[-69.4606,44.6471],[-69.3931,44.6404],[-69.4168,44.5511],[-69.3724,44.5446],[-69.396,44.4571],[-69.4455,44.4638],[-69.5064,44.3429],[-69.5214,44.2806],[-69.5348,44.2674],[-69.5474,44.261],[-69.6502,44.2796],[-69.6654,44.2276],[-69.6567,44.1224],[-69.7582,44.1393],[-69.7636,44.1532],[-69.855,44.1679],[-69.8796,44.1517],[-69.8978,44.1077],[-70.0274,44.1306],[-70.0185,44.1579],[-70.0103,44.1687],[-69.9988,44.1668],[-69.9938,44.1806],[-70.0605,44.1918],[-70.0557,44.1991],[-70.0757,44.2062],[-70.0745,44.2985],[-70.0991,44.3195],[-70.1002,44.3345],[-70.1326,44.3714]]]}},{"type":"Feature","properties":{"county_fips":"51036","county_name":"Charles City","state":"VA"},"geometry":{"type":"Polygon","coordinates":[[[-77.2716,37.3266],[-77.2442,37.3693],[-77.2539,37.3876],[-77.2487,37.3947],[-77.2346,37.3816],[-77.2151,37.3859],[-77.226,37.4054],[-77.1773,37.4906],[-77.1688,37.4809],[-77.1578,37.486],[-77.1608,37.4753],[-77.1269,37.4716],[-77.1191,37.4558],[-77.0959,37.4403],[-77.0701,37.4399],[-77.06,37.4293],[-77.0267,37.429],[-77.0161,37.414],[-76.982,37.4209],[-76.9696,37.4167],[-76.9688,37.4065],[-76.9408,37.4099],[-76.937,37.4012],[-76.9449,37.3839],[-76.9276,37.3996],[-76.9167,37.3954],[-76.9049,37.4049],[-76.9064,37.3926],[-76.9188,37.3855],[-76.8978,37.3738],[-76.9159,37.3526],[-76.908,37.349],[-76.8848,37.3686],[-76.8735,37.3634],[-76.8806,37.3502],[-76.8736,37.3426],[-76.88,37.3099],[-76.8717,37.2956],[-76.8831,37.2759],[-76.8752,37.2608],[-76.9004,37.2437],[-76.9165,37.2423],[-76.9178,37.2343],[-76.9439,37.2347],[-76.9742,37.2501],[-76.9914,37.278],[-76.9902,37.2949],[-77.0019,37.3036],[-77.0327,37.2945],[-77.0694,37.2697],[-77.0796,37.2743],[-77.0882,37.3131],[-77.1251,37.3029],[-77.224,37.3194],[-77.2497,37.3087],[-77.2716,37.3266]]]}},{"type":"Feature","properties":{"county_fips":"51595","county_name":"Emporia","state":"VA"},"geometry":{"type":"Polygon","coordinates":[[[-77.5633,36.7033],[-77.5565,36.714],[-77.5218,36.7128],[-77.5149,36.7206],[-77.5094,36.7164],[-77.5191,36.6992],[-77.5122,36.7015],[-77.5073,36.6892],[-77.5203,36.6875],[-77.5261,36.6727],[-77.551,36.6725],[-77.5633,36.7033]]]}},{"type":"Feature","properties":{"county_fips":"36085","county_name":"Richmond","state":"NY"},"geometry":{"type":"MultiPolygon","coordinates":[[[[-74.1613,40.6418],[-74.1588,40.6446],[-74.1572,40.643],[-74.1613,40.6418]]],[[[-74.2556,40.5079],[-74.2407,40.5193],[-74.2478,40.5434],[-74.2122,40.5572],[-74.1954,40.6018],[-74.2006,40.6314],[-74.1877,40.6426],[-74.1544,40.6372],[-74.0865,40.6486],[-74.0715,40.6428],[-74.0719,40.624],[-74.0536,40.5995],[-74.1354,40.5304],[-74.1403,40.5333],[-74.1281,40.5412],[-74.1322,40.5462],[-74.1948,40.5101],[-74.2467,40.4961],[-74.2556,40.5079]]]]}},{"type":"Feature","properties":{"county_fips":"51710","county_name":"Norfolk","state":"VA"},"geometry":{"type":"Polygon","coordinates":[[[-76.326,36.9037],[-76.3257,36.9632],[-76.3005,36.9564],[-76.2961,36.969],[-76.2799,36.9684],[-76.2286,36.9419],[-76.1771,36.9301],[-76.1768,36.921],[-76.1925,36.918],[-76.182,36.9067],[-76.1985,36.8866],[-76.1884,36.8741],[-76.1933,36.8652],[-76.1769,36.857],[-76.1795,36.8497],[-76.1973,36.8281],[-76.2261,36.8399],[-76.2438,36.8369],[-76.2575,36.8208],[-76.2747,36.828],[-76.29,36.822],[-76.3019,36.853],[-76.3279,36.8761],[-76.3157,36.8882],[-76.3141,36.9025],[-76.2879,36.9034],[-76.3179,36.9115],[-76.326,36.9037]]]}},{"type":"Feature","properties":{"county_fips":"37107","county_name":"Lenoir","state":"NC"},"geometry":{"type":"Polygon","coordinates":[[[-77.8342,35.1778],[-77.8242,35.3438],[-77.8062,35.3688],[-77.6975,35.3771],[-77.6823,35.3497],[-77.6732,35.3479],[-77.6376,35.3543],[-77.6144,35.3776],[-77.5907,35.3736],[-77.5664,35.383],[-77.5342,35.3981],[-77.5283,35.4143],[-77.5099,35.4215],[-77.4839,35.4137],[-77.4744,35.4268],[-77.4634,35.3996],[-77.4485,35.3927],[-77.455,35.3855],[-77.4452,35.38],[-77.4482,35.3715],[-77.4315,35.367],[-77.4264,35.3498],[-77.4082,35.3534],[-77.3918,35.3456],[-77.3916,35.3392],[-77.4313,35.3298],[-77.4311,35.313],[-77.4491,35.3018],[-77.4262,35.2624],[-77.4326,35.2502],[-77.4737,35.229],[-77.5272,35.243],[-77.5075,35.1728],[-77.6013,35.0714],[-77.731,35.0081],[-77.746,35.0223],[-77.7496,35.1086],[-77.7692,35.1456],[-77.8342,35.1778]]]}},{"type":"Feature","properties":{"county_fips":"36087","county_name":"Rockland","state":"NY"},"geometry":{"type":"Polygon","coordinates":[[[-74.2343,41.1431],[-73.9808,41.3254],[-73.981,41.3142],[-73.9458,41.2876],[-73.9697,41.2632],[-73.9708,41.2479],[-73.9315,41.205],[-73.8875,41.1383],[-73.894,40.9972],[-74.2343,41.1431]]]}},{"type":"Feature","properties":{"county_fips":"37061","county_name":"Duplin","state":"NC"},"geometry":{"type":"Polygon","coordinates":[[[-78.1985,34.742],[-78.1471,34.9025],[-78.1598,35.0798],[-78.1718,35.0935],[-78.1634,35.1897],[-78.0774,35.1751],[-78.0445,35.1925],[-78.0202,35.1937],[-77.984,35.1836],[-77.9701,35.1659],[-77.926,35.173],[-77.8917,35.1466],[-77.8889,35.1599],[-77.8342,35.1778],[-77.7692,35.1456],[-77.7496,35.1086],[-77.746,35.0223],[-77.6748,34.9739],[-77.6801,34.9711],[-77.6534,34.9405],[-77.6511,34.9235],[-77.6772,34.7981],[-77.6801,34.7206],[-77.938,34.7232],[-77.952,34.7147],[-77.9614,34.7199],[-77.9812,34.714],[-78.0127,34.7326],[-78.0307,34.7248],[-78.1024,34.7254],[-78.1352,34.7102],[-78.1985,34.742]]]}},{"type":"Feature","properties":{"county_fips":"42107","county_name":"Schuylkill","state":"PA"},"geometry":{"type":"Polygon","coordinates":[[[-76.7005,40.6631],[-76.3072,40.8018],[-76.2846,40.8836],[-76.2078,40.9497],[-76.028,40.9023],[-75.9976,40.9133],[-75.886,40.8163],[-75.7578,40.7354],[-75.8083,40.7073],[-75.9932,40.6397],[-76.0186,40.5738],[-76.045,40.5838],[-76.0509,40.5752],[-76.0653,40.5797],[-76.0796,40.5661],[-76.1347,40.5535],[-76.1716,40.5349],[-76.256,40.5171],[-76.3382,40.5155],[-76.4186,40.4956],[-76.4402,40.496],[-76.7005,40.6631]]]}},{"type":"Feature","properties":{"county_fips":"34039","county_name":"Union","state":"NJ"},"geometry":{"type":"Polygon","coordinates":[[[-74.4599,40.6],[-74.4244,40.6196],[-74.4018,40.6643],[-74.4198,40.6577],[-74.4329,40.6645],[-74.4508,40.6541],[-74.461,40.6735],[-74.4023,40.718],[-74.3907,40.7184],[-74.3717,40.7396],[-74.3256,40.7171],[-74.304,40.7133],[-74.2852,40.7222],[-74.2219,40.7073],[-74.2018,40.6868],[-74.165,40.6902],[-74.1388,40.6739],[-74.1493,40.66],[-74.1568,40.6628],[-74.2027,40.6338],[-74.2052,40.5939],[-74.214,40.6041],[-74.2577,40.6023],[-74.2908,40.5919],[-74.3053,40.6006],[-74.3029,40.6087],[-74.4585,40.5948],[-74.4599,40.6]]]}},{"type":"Feature","properties":{"county_fips":"23019","county_name":"Penobscot","state":"ME"},"geometry":{"type":"Polygon","coordinates":[[[-69.3557,45.0735],[-68.8566,45.1428],[-68.8809,45.2249],[-68.7761,45.2403],[-68.8573,45.5273],[-68.9647,45.5124],[-68.9517,45.5818],[-68.9507,45.6384],[-68.9589,45.6622],[-68.827,45.6848],[-68.8194,46.3958],[-68.6949,46.3955],[-68.6949,46.3826],[-68.4364,46.3821],[-68.4369,46.0429],[-68.4266,45.8534],[-68.433,45.5785],[-68.4144,45.5728],[-68.3008,45.5905],[-68.2575,45.5979],[-68.2601,45.6045],[-68.048,45.6399],[-67.9579,45.3532],[-67.9669,45.3519],[-67.9398,45.2678],[-68.3037,45.2215],[-68.2705,45.1001],[-68.3969,45.0833],[-68.3759,44.9974],[-68.5011,44.9807],[-68.4452,44.763],[-68.6167,44.741],[-68.6471,44.7036],[-68.6909,44.7217],[-68.7269,44.6961],[-68.744,44.6606],[-68.7719,44.6644],[-68.7663,44.6757],[-68.7851,44.6784],[-68.786,44.6867],[-68.8158,44.6838],[-68.8356,44.6913],[-68.8375,44.7021],[-69.1837,44.644],[-69.2052,44.7296],[-69.2668,44.7219],[-69.2863,44.808],[-69.2813,44.8087],[-69.3557,45.0735]]]}},{"type":"Feature","properties":{"county_fips":"36019","county_name":"Clinton","state":"NY"},"geometry":{"type":"Polygon","coordinates":[[[-74.0274,44.9958],[-73.3431,45.0108],[-73.3546,44.9874],[-73.3382,44.9648],[-73.339,44.9177],[-73.3581,44.9013],[-73.3814,44.845],[-73.3354,44.8046],[-73.3332,44.7888],[-73.3656,44.7418],[-73.3613,44.6945],[-73.3902,44.6184],[-73.3768,44.5996],[-73.3818,44.5893],[-73.3744,44.5755],[-73.3386,44.5468],[-73.4638,44.5377],[-73.4593,44.5208],[-73.4966,44.4861],[-73.5244,44.4932],[-73.555,44.4825],[-73.5731,44.4646],[-73.6145,44.4544],[-73.629,44.4584],[-73.6693,44.4414],[-73.7011,44.4455],[-73.9097,44.4297],[-73.9329,44.5762],[-73.9459,44.5749],[-73.9661,44.7091],[-73.9864,44.7078],[-74.0067,44.8369],[-74.0079,44.8956],[-74.0274,44.9958]]]}},{"type":"Feature","properties":{"county_fips":"51700","county_name":"Newport News","state":"VA"},"geometry":{"type":"Polygon","coordinates":[[[-76.6256,37.129],[-76.6044,37.1601],[-76.6074,37.1688],[-76.578,37.1871],[-76.5913,37.2132],[-76.5652,37.2205],[-76.5266,37.1771],[-76.5168,37.1786],[-76.5061,37.1541],[-76.4591,37.101],[-76.4377,37.094],[-76.4513,37.077],[-76.4424,37.0188],[-76.4247,37.0254],[-76.405,36.9936],[-76.3877,36.9897],[-76.411,36.963],[-76.4253,36.9664],[-76.4521,36.9982],[-76.4482,37.0077],[-76.4613,37.0245],[-76.5186,37.0557],[-76.5266,37.0785],[-76.5603,37.1113],[-76.57,37.1084],[-76.5505,37.0815],[-76.5589,37.082],[-76.5571,37.0762],[-76.6256,37.129]]]}},{"type":"Feature","properties":{"county_fips":"51550","county_name":"Chesapeake","state":"VA"},"geometry":{"type":"Polygon","coordinates":[[[-76.4915,36.5507],[-76.4575,36.8148],[-76.4204,36.8663],[-76.4015,36.8665],[-76.3835,36.8375],[-76.4037,36.814],[-76.3757,36.7861],[-76.2921,36.7987],[-76.29,36.822],[-76.2747,36.828],[-76.2575,36.8208],[-76.2438,36.8369],[-76.2261,36.8399],[-76.2037,36.7697],[-76.1433,36.757],[-76.0976,36.7161],[-76.0822,36.7124],[-76.0656,36.6855],[-76.0692,36.6775],[-76.122,36.6658],[-76.1223,36.5505],[-76.4915,36.5507]]]}},{"type":"Feature","properties":{"county_fips":"33011","county_name":"Hillsborough","state":"NH"},"geometry":{"type":"Polygon","coordinates":[[[-72.0622,42.9448],[-72.0381,43.1288],[-72.0235,43.1601],[-72.0368,43.1825],[-71.9132,43.2071],[-71.8561,43.1151],[-71.6678,43.1525],[-71.6413,43.0542],[-71.5175,43.0689],[-71.5128,43.0496],[-71.4891,43.0518],[-71.474,43.0353],[-71.4548,43.044],[-71.45,43.0201],[-71.3924,43.0093],[-71.3754,42.9393],[-71.4512,42.9304],[-71.4271,42.8248],[-71.3872,42.8236],[-71.3607,42.799],[-71.3644,42.7852],[-71.3531,42.7833],[-71.351,42.7722],[-71.2601,42.7557],[-71.2455,42.7426],[-71.2942,42.697],[-71.929,42.7122],[-71.9443,42.7884],[-71.9747,42.7894],[-72.0062,42.9438],[-72.0622,42.9448]]]}},{"type":"Feature","properties":{"county_fips":"51760","county_name":"Richmond","state":"VA"},"geometry":{"type":"Polygon","coordinates":[[[-77.6012,37.5452],[-77.5848,37.5585],[-77.5298,37.5592],[-77.5259,37.5682],[-77.5475,37.5725],[-77.5439,37.5813],[-77.532,37.5826],[-77.5326,37.5918],[-77.4824,37.5731],[-77.4725,37.5787],[-77.4781,37.5989],[-77.4476,37.6028],[-77.4376,37.5987],[-77.4393,37.5855],[-77.4133,37.58],[-77.4117,37.5523],[-77.3951,37.5494],[-77.3932,37.5373],[-77.3855,37.5352],[-77.3939,37.5261],[-77.3874,37.5171],[-77.3943,37.5149],[-77.3939,37.505],[-77.4165,37.5171],[-77.4228,37.4961],[-77.4189,37.4466],[-77.4594,37.4643],[-77.4913,37.4564],[-77.5141,37.4759],[-77.5286,37.5319],[-77.545,37.5281],[-77.5545,37.543],[-77.5924,37.5329],[-77.6012,37.5452]]]}},{"type":"Feature","properties":{"county_fips":"51570","county_name":"Colonial Heights","state":"VA"},"geometry":{"type":"Polygon","coordinates":[[[-77.4317,37.2763],[-77.4123,37.283],[-77.3997,37.2719],[-77.4019,37.282],[-77.3791,37.2841],[-77.3682,37.2985],[-77.3621,37.2839],[-77.3777,37.271],[-77.3816,37.2438],[-77.4099,37.2337],[-77.4165,37.2332],[-77.4156,37.2639],[-77.4224,37.2625],[-77.4317,37.2763]]]}},{"type":"Feature","properties":{"county_fips":"36027","county_name":"Dutchess","state":"NY"},"geometry":{"type":"Polygon","coordinates":[[[-73.9999,41.4597],[-73.9965,41.5226],[-73.9541,41.5833],[-73.9425,41.6841],[-73.9408,41.7543],[-73.9524,41.788],[-73.9489,41.8486],[-73.9396,41.87],[-73.9644,41.9131],[-73.9334,42.0157],[-73.9296,42.0788],[-73.9078,42.0796],[-73.7109,42.0055],[-73.5271,41.978],[-73.5214,42.05],[-73.4873,42.0496],[-73.5301,41.5272],[-73.9338,41.4883],[-73.9815,41.4389],[-73.9999,41.4597]]]}},{"type":"Feature","properties":{"county_fips":"37069","county_name":"Franklin","state":"NC"},"geometry":{"type":"Polygon","coordinates":[[[-78.5464,36.0218],[-78.5448,36.0807],[-78.4928,36.1839],[-78.4576,36.1637],[-78.4497,36.1691],[-78.4214,36.1645],[-78.4121,36.1696],[-78.3781,36.2351],[-78.3381,36.2344],[-78.307,36.2662],[-78.1935,36.2468],[-78.1732,36.2555],[-78.157,36.2444],[-78.1327,36.2463],[-78.1098,36.2102],[-78.0449,36.2155],[-78.0066,36.2026],[-78.256,35.8181],[-78.2544,35.8291],[-78.278,35.8673],[-78.3072,35.8966],[-78.3285,35.8967],[-78.351,35.9101],[-78.3533,35.9311],[-78.3943,35.9369],[-78.4269,35.975],[-78.5464,36.0218]]]}},{"type":"Feature","properties":{"county_fips":"51081","county_name":"Greensville","state":"VA"},"geometry":{"type":"Polygon","coordinates":[[[-77.7671,36.5454],[-77.6558,36.7135],[-77.6579,36.8945],[-77.6499,36.8983],[-77.6403,36.8743],[-77.6311,36.8878],[-77.5568,36.8455],[-77.5318,36.8532],[-77.5012,36.8451],[-77.4587,36.863],[-77.4894,36.7207],[-77.431,36.7072],[-77.5019,36.6705],[-77.4776,36.6691],[-77.4633,36.6521],[-77.415,36.654],[-77.3865,36.6418],[-77.386,36.6296],[-77.3735,36.6296],[-77.3714,36.6072],[-77.3577,36.6008],[-77.3559,36.5806],[-77.3624,36.5733],[-77.3552,36.5543],[-77.3361,36.5508],[-77.3317,36.5578],[-77.2968,36.5447],[-77.7671,36.5454]],[[-77.5641,36.703],[-77.551,36.6725],[-77.5261,36.6727],[-77.5203,36.6875],[-77.5073,36.6892],[-77.5122,36.7015],[-77.5191,36.6992],[-77.5094,36.7164],[-77.5149,36.7206],[-77.5218,36.7128],[-77.5565,36.714],[-77.5641,36.703]]]}},{"type":"Feature","properties":{"county_fips":"23009","county_name":"Hancock","state":"ME"},"geometry":{"type":"MultiPolygon","coordinates":[[[[-68.0344,44.3278],[-68.0291,44.336],[-68.0315,44.3251],[-68.0344,44.3278]]],[[[-68.1038,44.3644],[-68.0971,44.362],[-68.0947,44.3514],[-68.1033,44.3582],[-68.1038,44.3644]]],[[[-68.1382,44.4174],[-68.1261,44.4185],[-68.1178,44.4095],[-68.128,44.4067],[-68.1382,44.4174]]],[[[-68.1401,44.4255],[-68.1347,44.4501],[-68.1249,44.4454],[-68.1339,44.4274],[-68.1401,44.4255]]],[[[-68.1405,44.3768],[-68.1478,44.3924],[-68.1294,44.4048],[-68.1256,44.3871],[-68.1339,44.3793],[-68.1405,44.3768]]],[[[-68.1603,44.4671],[-68.1541,44.465],[-68.1456,44.4574],[-68.1518,44.4583],[-68.1603,44.4671]]],[[[-68.1658,44.4004],[-68.1594,44.4121],[-68.1546,44.4134],[-68.1658,44.4004]]],[[[-68.1765,44.4026],[-68.1784,44.4073],[-68.1758,44.4056],[-68.1765,44.4026]]],[[[-68.182,44.3853],[-68.1787,44.3884],[-68.1779,44.3864],[-68.182,44.3853]]],[[[-68.1917,44.4674],[-68.1739,44.4672],[-68.1663,44.463],[-68.1917,44.4674]]],[[[-68.1917,44.3988],[-68.1948,44.4016],[-68.1909,44.4012],[-68.1917,44.3988]]],[[[-68.2036,44.2428],[-68.1977,44.2463],[-68.1931,44.239],[-68.199,44.2367],[-68.2036,44.2428]]],[[[-68.2064,44.493],[-68.201,44.494],[-68.1998,44.4917],[-68.2064,44.493]]],[[[-68.2098,44.4739],[-68.2045,44.4774],[-68.2038,44.475],[-68.2098,44.4739]]],[[[-68.211,44.3968],[-68.2026,44.4004],[-68.2022,44.3974],[-68.211,44.3968]]],[[[-68.241,44.2528],[-68.2353,44.2663],[-68.2114,44.2569],[-68.2314,44.2561],[-68.241,44.2528]]],[[[-68.2489,44.1758],[-68.242,44.1767],[-68.2392,44.1746],[-68.2455,44.1702],[-68.2489,44.1758]]],[[[-68.253,44.1551],[-68.2423,44.1574],[-68.2436,44.1428],[-68.2498,44.144],[-68.253,44.1551]]],[[[-68.2701,44.2758],[-68.2483,44.277],[-68.2457,44.2742],[-68.2632,44.2703],[-68.2701,44.2758]]],[[[-68.2706,44.2833],[-68.2656,44.285],[-68.2661,44.2827],[-68.2706,44.2833]]],[[[-68.2747,44.2587],[-68.2506,44.2576],[-68.2431,44.241],[-68.2744,44.2371],[-68.2747,44.2587]]],[[[-68.3041,44.2838],[-68.2934,44.2787],[-68.291,44.2759],[-68.3029,44.277],[-68.3041,44.2838]]],[[[-68.3424,44.1937],[-68.3334,44.2087],[-68.3143,44.1976],[-68.3364,44.1903],[-68.3424,44.1937]]],[[[-68.3452,44.4364],[-68.3372,44.4357],[-68.3345,44.4326],[-68.3417,44.4286],[-68.3452,44.4364]]],[[[-68.354,44.1802],[-68.3483,44.1864],[-68.3348,44.1768],[-68.3488,44.1674],[-68.354,44.1802]]],[[[-68.3642,44.1242],[-68.3634,44.1275],[-68.3615,44.1274],[-68.3642,44.1242]]],[[[-68.3719,44.1379],[-68.3697,44.1454],[-68.3685,44.1391],[-68.3719,44.1379]]],[[[-68.3754,44.1163],[-68.3504,44.1284],[-68.3384,44.1183],[-68.3425,44.1114],[-68.3305,44.1092],[-68.3371,44.1015],[-68.3609,44.1058],[-68.3667,44.0974],[-68.3754,44.1163]]],[[[-68.376,44.1874],[-68.3603,44.1988],[-68.3498,44.1954],[-68.3704,44.1802],[-68.376,44.1874]]],[[[-68.3834,44.1418],[-68.3771,44.1448],[-68.3809,44.1391],[-68.3834,44.1418]]],[[[-68.3906,44.4033],[-68.3892,44.4133],[-68.3842,44.4063],[-68.3906,44.4033]]],[[[-68.4037,44.1077],[-68.4046,44.1114],[-68.4013,44.1113],[-68.4037,44.1077]]],[[[-68.4366,44.2919],[-68.4301,44.2882],[-68.4321,44.2859],[-68.4366,44.2919]]],[[[-68.4562,44.3118],[-68.4482,44.312],[-68.4489,44.2975],[-68.4558,44.2998],[-68.4562,44.3118]]],[[[-68.4569,44.3443],[-68.4501,44.3573],[-68.4208,44.3752],[-68.4146,44.3572],[-68.4272,44.3506],[-68.4318,44.3242],[-68.4457,44.3249],[-68.4422,44.3367],[-68.4521,44.3362],[-68.4569,44.3443]]],[[[-68.4612,44.2601],[-68.455,44.2589],[-68.4534,44.2562],[-68.4584,44.2542],[-68.4612,44.2601]]],[[[-68.4698,44.2131],[-68.4679,44.2162],[-68.465,44.2099],[-68.4698,44.2131]]],[[[-68.4701,44.2016],[-68.4648,44.207],[-68.4538,44.2017],[-68.4592,44.1977],[-68.4701,44.2016]]],[[[-68.4778,44.102],[-68.4727,44.103],[-68.4698,44.1014],[-68.473,44.0982],[-68.4778,44.102]]],[[[-68.4826,44.2278],[-68.476,44.2312],[-68.4676,44.2247],[-68.4795,44.2198],[-68.4826,44.2278]]],[[[-68.4907,44.2027],[-68.4814,44.2169],[-68.4712,44.2073],[-68.4783,44.1981],[-68.4907,44.2027]]],[[[-68.4933,44.2826],[-68.4693,44.2705],[-68.4688,44.2635],[-68.4866,44.2691],[-68.4933,44.2826]]],[[[-68.5038,44.1456],[-68.4978,44.1431],[-68.501,44.1416],[-68.5038,44.1456]]],[[[-68.5012,44.154],[-68.487,44.1707],[-68.4779,44.1608],[-68.4802,44.1808],[-68.4515,44.1916],[-68.4482,44.1729],[-68.4358,44.1681],[-68.4218,44.1749],[-68.4244,44.1908],[-68.3833,44.1558],[-68.3929,44.1542],[-68.3939,44.141],[-68.4385,44.1162],[-68.4579,44.1396],[-68.4558,44.1603],[-68.476,44.1546],[-68.484,44.1426],[-68.5012,44.154]]],[[[-68.5177,44.1047],[-68.507,44.1272],[-68.4909,44.1234],[-68.4905,44.112],[-68.5036,44.0966],[-68.5177,44.1047]]],[[[-68.5304,44.3336],[-68.5186,44.381],[-68.5014,44.3823],[-68.4788,44.3196],[-68.4914,44.3118],[-68.5002,44.3232],[-68.5251,44.324],[-68.5304,44.3336]]],[[[-68.5449,44.2203],[-68.5499,44.2284],[-68.5283,44.2252],[-68.5449,44.2203]]],[[[-68.5646,44.2119],[-68.5679,44.2177],[-68.5596,44.2131],[-68.5646,44.2119]]],[[[-68.5851,44.1425],[-68.5825,44.1495],[-68.5787,44.1482],[-68.5851,44.1425]]],[[[-68.5872,44.2264],[-68.5815,44.2324],[-68.576,44.2293],[-68.5872,44.2264]]],[[[-68.595,44.1423],[-68.5953,44.1464],[-68.5934,44.1452],[-68.595,44.1423]]],[[[-68.6069,44.176],[-68.5967,44.1776],[-68.5968,44.1756],[-68.6069,44.176]]],[[[-68.6103,44.1431],[-68.6024,44.1421],[-68.6015,44.1387],[-68.6055,44.1355],[-68.6103,44.1431]]],[[[-68.6212,44.1506],[-68.6133,44.1576],[-68.6096,44.1482],[-68.6176,44.1454],[-68.6212,44.1506]]],[[[-68.6236,44.1406],[-68.6176,44.1423],[-68.6171,44.1367],[-68.6236,44.1406]]],[[[-68.6274,44.1252],[-68.6188,44.1303],[-68.6081,44.1286],[-68.619,44.1195],[-68.6274,44.1252]]],[[[-68.6345,44.1361],[-68.6269,44.1353],[-68.6269,44.1338],[-68.6345,44.1361]]],[[[-68.6338,44.145],[-68.6309,44.1529],[-68.6238,44.1479],[-68.6338,44.145]]],[[[-68.6398,44.1236],[-68.6338,44.13],[-68.6297,44.1288],[-68.6398,44.1236]]],[[[-68.6445,44.131],[-68.6447,44.136],[-68.6412,44.1355],[-68.6445,44.131]]],[[[-68.644,44.1486],[-68.6478,44.152],[-68.6407,44.1527],[-68.644,44.1486]]],[[[-68.6554,44.1459],[-68.6485,44.1455],[-68.649,44.143],[-68.6526,44.1411],[-68.6554,44.1459]]],[[[-68.6579,44.1289],[-68.6514,44.1297],[-68.6504,44.1281],[-68.6516,44.1264],[-68.6579,44.1289]]],[[[-68.686,44.2859],[-68.6834,44.2877],[-68.6834,44.2858],[-68.686,44.2859]]],[[[-68.6863,44.2721],[-68.6857,44.2771],[-68.6845,44.2724],[-68.6863,44.2721]]],[[[-68.7316,44.2227],[-68.6951,44.2356],[-68.6973,44.2471],[-68.6787,44.2647],[-68.6797,44.2778],[-68.6706,44.2799],[-68.6547,44.263],[-68.6248,44.2587],[-68.6092,44.2445],[-68.6026,44.223],[-68.5824,44.2199],[-68.5649,44.2056],[-68.5634,44.1942],[-68.5794,44.1853],[-68.601,44.192],[-68.5886,44.1978],[-68.6024,44.2104],[-68.6205,44.2002],[-68.6145,44.1809],[-68.6279,44.1697],[-68.6433,44.1734],[-68.6414,44.1579],[-68.668,44.1523],[-68.6662,44.135],[-68.6819,44.1382],[-68.6982,44.1581],[-68.7091,44.1574],[-68.7046,44.1642],[-68.7103,44.1681],[-68.7206,44.1668],[-68.7129,44.1965],[-68.7317,44.2022],[-68.7172,44.2128],[-68.7316,44.2227]]],[[[-68.7432,44.3015],[-68.7338,44.3086],[-68.6864,44.2839],[-68.702,44.271],[-68.7432,44.3015]]],[[[-68.7485,44.299],[-68.7475,44.3007],[-68.7477,44.2991],[-68.7485,44.299]]],[[[-68.7575,44.2706],[-68.7393,44.269],[-68.7305,44.2627],[-68.754,44.2626],[-68.7575,44.2706]]],[[[-68.7607,44.2398],[-68.76,44.2477],[-68.7498,44.2429],[-68.7607,44.2398]]],[[[-68.7873,44.2114],[-68.7744,44.2194],[-68.7676,44.2173],[-68.78,44.201],[-68.7873,44.2114]]],[[[-68.7952,44.2805],[-68.7937,44.287],[-68.7852,44.2841],[-68.7952,44.2805]]],[[[-68.7994,44.2359],[-68.788,44.2348],[-68.7812,44.2263],[-68.7971,44.2238],[-68.7994,44.2359]]],[[[-68.8135,44.2947],[-68.8044,44.2935],[-68.8004,44.2887],[-68.8135,44.2947]]],[[[-68.8192,44.2904],[-68.8228,44.2931],[-68.8175,44.2933],[-68.8192,44.2904]]],[[[-68.8294,44.261],[-68.8244,44.2622],[-68.8163,44.2584],[-68.8239,44.2571],[-68.8294,44.261]]],[[[-68.8304,44.2168],[-68.826,44.2202],[-68.8249,44.2261],[-68.8223,44.2182],[-68.8304,44.2168]]],[[[-68.8314,44.2337],[-68.8234,44.2423],[-68.8156,44.2378],[-68.8187,44.2264],[-68.8314,44.2337]]],[[[-68.8475,44.6215],[-68.8316,44.6516],[-68.8121,44.6693],[-68.8158,44.6838],[-68.786,44.6867],[-68.7851,44.6784],[-68.7663,44.6757],[-68.7719,44.6644],[-68.744,44.6606],[-68.7269,44.6961],[-68.6909,44.7217],[-68.6471,44.7036],[-68.6167,44.741],[-68.4452,44.763],[-68.5011,44.9807],[-68.3759,44.9974],[-68.3969,45.0833],[-68.2705,45.1001],[-68.3037,45.2215],[-68.055,45.2526],[-67.9819,44.9559],[-68.105,44.9391],[-68.0346,44.6741],[-68.0161,44.6767],[-67.9936,44.5922],[-68.0172,44.5891],[-67.9914,44.5028],[-67.973,44.4886],[-67.9928,44.4608],[-68.0094,44.4654],[-68.0241,44.4825],[-68.0275,44.4681],[-68.0146,44.454],[-68.0041,44.4552],[-67.9906,44.4443],[-67.9816,44.4491],[-67.9716,44.4109],[-67.9588,44.3988],[-67.9837,44.3844],[-68.0075,44.4131],[-68.0115,44.4033],[-68.0232,44.4082],[-68.0142,44.3859],[-68.0256,44.3759],[-68.0255,44.3566],[-68.0434,44.3598],[-68.0448,44.3346],[-68.0604,44.332],[-68.0761,44.3479],[-68.0776,44.3885],[-68.0933,44.3902],[-68.0878,44.3768],[-68.093,44.3709],[-68.1038,44.3851],[-68.1014,44.3951],[-68.1123,44.4016],[-68.1213,44.4789],[-68.1394,44.4785],[-68.1451,44.482],[-68.1415,44.492],[-68.1618,44.5012],[-68.1672,44.4839],[-68.1544,44.4788],[-68.171,44.4702],[-68.1946,44.4719],[-68.1805,44.475],[-68.1969,44.4934],[-68.1988,44.5171],[-68.2114,44.5201],[-68.23,44.4791],[-68.2238,44.4655],[-68.2644,44.4873],[-68.268,44.4715],[-68.2941,44.4717],[-68.2839,44.4589],[-68.268,44.4613],[-68.2806,44.4516],[-68.2982,44.4498],[-68.3231,44.4623],[-68.3293,44.4498],[-68.355,44.4581],[-68.3545,44.444],[-68.3673,44.4311],[-68.3379,44.4219],[-68.3189,44.4443],[-68.2943,44.433],[-68.2685,44.4398],[-68.2474,44.4333],[-68.243,44.4201],[-68.25,44.4148],[-68.2155,44.3905],[-68.2035,44.3924],[-68.1845,44.3691],[-68.1736,44.3284],[-68.1827,44.3287],[-68.1889,44.3073],[-68.1955,44.311],[-68.2309,44.2878],[-68.2392,44.2958],[-68.2423,44.2882],[-68.2767,44.2911],[-68.2813,44.3022],[-68.2863,44.2964],[-68.2802,44.2865],[-68.3172,44.2943],[-68.32,44.288],[-68.3096,44.2778],[-68.3136,44.2703],[-68.2986,44.2666],[-68.291,44.2461],[-68.3176,44.2251],[-68.3395,44.2229],[-68.3517,44.2371],[-68.3646,44.2264],[-68.3698,44.2433],[-68.4073,44.2567],[-68.4197,44.2746],[-68.4082,44.2816],[-68.4237,44.2839],[-68.4309,44.3126],[-68.409,44.3256],[-68.4097,44.3406],[-68.4169,44.3334],[-68.4215,44.3378],[-68.3966,44.3639],[-68.398,44.3762],[-68.3862,44.3849],[-68.3773,44.3822],[-68.373,44.3931],[-68.3603,44.3897],[-68.3543,44.4005],[-68.3685,44.4206],[-68.3928,44.4353],[-68.3926,44.4181],[-68.4132,44.3995],[-68.4308,44.397],[-68.4294,44.4644],[-68.4218,44.4708],[-68.4253,44.4983],[-68.4372,44.4827],[-68.4669,44.4903],[-68.4731,44.4867],[-68.4584,44.4538],[-68.4712,44.4403],[-68.4584,44.4201],[-68.4622,44.3794],[-68.4787,44.3789],[-68.4833,44.3882],[-68.4728,44.4041],[-68.4805,44.4306],[-68.4733,44.4459],[-68.4798,44.4542],[-68.4997,44.4142],[-68.5166,44.4126],[-68.5278,44.3985],[-68.5551,44.4037],[-68.5664,44.3945],[-68.5454,44.355],[-68.5632,44.333],[-68.5662,44.313],[-68.5501,44.2919],[-68.5363,44.2913],[-68.5386,44.2999],[-68.5309,44.3004],[-68.5323,44.2863],[-68.519,44.2652],[-68.5192,44.2591],[-68.5392,44.2623],[-68.5553,44.2739],[-68.5532,44.2589],[-68.533,44.2543],[-68.5225,44.237],[-68.5228,44.2281],[-68.5346,44.2293],[-68.552,44.2364],[-68.5508,44.2461],[-68.6246,44.2792],[-68.619,44.2936],[-68.6243,44.3021],[-68.6323,44.2864],[-68.6795,44.3031],[-68.6894,44.2967],[-68.697,44.3088],[-68.7393,44.3332],[-68.7878,44.3182],[-68.7951,44.3079],[-68.8272,44.3122],[-68.8196,44.3267],[-68.8254,44.3345],[-68.8216,44.352],[-68.8097,44.374],[-68.821,44.3838],[-68.8213,44.3937],[-68.8118,44.3993],[-68.8218,44.4089],[-68.7975,44.451],[-68.7833,44.4471],[-68.7868,44.4634],[-68.7778,44.4948],[-68.8035,44.5289],[-68.8061,44.5536],[-68.7983,44.5681],[-68.8116,44.5737],[-68.8475,44.6215]]],[[[-68.8523,44.2287],[-68.8492,44.2361],[-68.8482,44.2293],[-68.8523,44.2287]]],[[[-68.8601,44.2559],[-68.8602,44.2609],[-68.8589,44.2606],[-68.8601,44.2559]]]]}},{"type":"Feature","properties":{"county_fips":"37187","county_name":"Washington","state":"NC"},"geometry":{"type":"Polygon","coordinates":[[[-76.8473,35.72],[-76.8174,35.7481],[-76.8035,35.7839],[-76.793,35.7899],[-76.8026,35.8052],[-76.7827,35.8242],[-76.7892,35.8376],[-76.7806,35.8539],[-76.7391,35.8766],[-76.72,35.9173],[-76.7014,35.923],[-76.693,35.9424],[-76.6624,35.9321],[-76.5538,35.9402],[-76.3996,35.9821],[-76.3749,35.9554],[-76.3822,35.9482],[-76.3662,35.9348],[-76.38,35.9147],[-76.3536,35.8613],[-76.4056,35.7863],[-76.406,35.6976],[-76.8446,35.7057],[-76.8473,35.72]]]}},{"type":"Feature","properties":{"county_fips":"50025","county_name":"Windham","state":"VT"},"geometry":{"type":"Polygon","coordinates":[[[-73.0081,42.9306],[-72.9971,43.1175],[-72.8682,43.1139],[-72.8621,43.2052],[-72.8516,43.2048],[-72.8481,43.2628],[-72.6854,43.2226],[-72.5491,43.2359],[-72.4338,43.233],[-72.4377,43.2028],[-72.4503,43.1925],[-72.4434,43.1797],[-72.4526,43.1721],[-72.4571,43.1485],[-72.433,43.1197],[-72.4431,43.1008],[-72.4353,43.0835],[-72.4674,43.0526],[-72.4624,43.0256],[-72.4438,43.0062],[-72.4629,42.9969],[-72.4616,42.9829],[-72.4738,42.972],[-72.5322,42.9549],[-72.5244,42.9156],[-72.5328,42.8961],[-72.5528,42.885],[-72.5572,42.853],[-72.5396,42.8048],[-72.5089,42.7799],[-72.5161,42.7659],[-72.4911,42.7725],[-72.4585,42.7269],[-72.9301,42.7392],[-72.9238,42.9274],[-73.0081,42.9306]]]}},{"type":"Feature","properties":{"county_fips":"33001","county_name":"Belknap","state":"NH"},"geometry":{"type":"Polygon","coordinates":[[[-71.7315,43.5907],[-71.7133,43.6005],[-71.6881,43.5949],[-71.6628,43.606],[-71.6651,43.6136],[-71.6512,43.6211],[-71.6569,43.6303],[-71.6483,43.6845],[-71.5215,43.698],[-71.5317,43.761],[-71.258,43.5713],[-71.2277,43.5646],[-71.2089,43.5505],[-71.1995,43.5591],[-71.1627,43.539],[-71.1908,43.515],[-71.1594,43.3551],[-71.236,43.285],[-71.5554,43.455],[-71.6011,43.435],[-71.6119,43.4378],[-71.6281,43.4586],[-71.6241,43.4699],[-71.6381,43.4917],[-71.6535,43.4876],[-71.6773,43.5005],[-71.6915,43.5161],[-71.6876,43.5281],[-71.728,43.5589],[-71.7157,43.5779],[-71.7315,43.5907]]]}},{"type":"Feature","properties":{"county_fips":"50003","county_name":"Bennington","state":"VT"},"geometry":{"type":"Polygon","coordinates":[[[-73.2893,42.8041],[-73.2854,42.8341],[-73.2787,42.8334],[-73.2545,43.3145],[-72.9876,43.305],[-72.9923,43.2907],[-72.9759,43.2906],[-72.9753,43.3042],[-72.8199,43.2994],[-72.8196,43.256],[-72.8481,43.2628],[-72.8516,43.2048],[-72.8621,43.2052],[-72.8682,43.1139],[-72.9971,43.1175],[-73.0081,42.9306],[-72.9238,42.9274],[-72.9301,42.7392],[-73.2764,42.746],[-73.2893,42.8041]]]}},{"type":"Feature","properties":{"county_fips":"44003","county_name":"Kent","state":"RI"},"geometry":{"type":"Polygon","coordinates":[[[-71.7897,41.7252],[-71.4553,41.7324],[-71.4447,41.7402],[-71.4406,41.7579],[-71.3996,41.7683],[-71.3811,41.7557],[-71.3765,41.7216],[-71.3573,41.7166],[-71.3657,41.7116],[-71.3627,41.6919],[-71.3779,41.6666],[-71.3899,41.6719],[-71.3906,41.6841],[-71.4459,41.6911],[-71.4448,41.6638],[-71.4243,41.6703],[-71.4086,41.6632],[-71.4089,41.6538],[-71.4393,41.648],[-71.4514,41.6295],[-71.4591,41.6379],[-71.4697,41.6345],[-71.488,41.616],[-71.4844,41.6026],[-71.7894,41.5969],[-71.7897,41.7252]]]}},{"type":"Feature","properties":{"county_fips":"42011","county_name":"Berks","state":"PA"},"geometry":{"type":"Polygon","coordinates":[[[-76.4366,40.4962],[-76.3382,40.5155],[-76.256,40.5171],[-76.1716,40.5349],[-76.1347,40.5535],[-76.0796,40.5661],[-76.0653,40.5797],[-76.0509,40.5752],[-76.045,40.5838],[-76.0186,40.5738],[-75.9932,40.6397],[-75.8915,40.6773],[-75.5298,40.4471],[-75.6959,40.2424],[-75.8734,40.1371],[-76.1498,40.3147],[-76.2055,40.3607],[-76.2319,40.3663],[-76.4366,40.4962]]]}}]}