{"type":"FeatureCollection","features":[{"type":"Feature","properties":{"county_fips":"10005","county_name":"Sussex","state":"DE"},"geometry":{"type":"Polygon","coordinates":[[[-75.7226,38.8299],[-75.555,38.8356],[-75.5204,38.8557],[-75.4858,38.9036],[-75.4014,38.9184],[-75.4007,38.9477],[-75.3932,38.9557],[-75.3721,38.9614],[-75.3528,38.9479],[-75.3441,38.9553],[-75.3387,38.9463],[-75.3167,38.9529],[-75.3115,38.9446],[-75.3171,38.9334],[-75.3041,38.9132],[-75.1906,38.8069],[-75.134,38.7822],[-75.0971,38.7887],[-75.0991,38.8035],[-75.092,38.8039],[-75.0655,38.661],[-75.0489,38.4513],[-75.6937,38.4601],[-75.7226,38.8299]]]}},{"type":"Feature","properties":{"county_fips":"12007","county_name":"Bradford","state":"FL"},"geometry":{"type":"Polygon","coordinates":[[[-82.4187,29.9231],[-82.358,29.9336],[-82.3423,29.9613],[-82.3074,29.9562],[-82.2793,29.9886],[-82.26,30.0281],[-82.2256,30.0343],[-82.1797,30.0712],[-82.1699,30.0992],[-82.1424,30.1163],[-82.1426,30.1431],[-82.0494,30.1431],[-82.0492,29.7187],[-82.0556,29.7182],[-82.0603,29.7504],[-82.0882,29.7609],[-82.0793,29.776],[-82.1176,29.7906],[-82.1331,29.8359],[-82.1732,29.837],[-82.1945,29.8485],[-82.2335,29.8453],[-82.2441,29.8524],[-82.2818,29.8444],[-82.305,29.8532],[-82.3142,29.8676],[-82.335,29.8787],[-82.3975,29.8861],[-82.4066,29.9141],[-82.4187,29.9231]]]}},{"type":"Feature","properties":{"county_fips":"12009","county_name":"Brevard","state":"FL"},"geometry":{"type":"Polygon","coordinates":[[[-80.9873,28.613],[-80.9645,28.613],[-80.9679,28.7902],[-80.7329,28.7912],[-80.5742,28.5853],[-80.561,28.5307],[-80.5252,28.455],[-80.5781,28.4231],[-80.5975,28.3855],[-80.6068,28.2964],[-80.5942,28.1959],[-80.5579,28.0718],[-80.447,27.862],[-80.454,27.8548],[-80.4911,27.8546],[-80.5091,27.8221],[-80.8689,27.8225],[-80.8628,28.3472],[-80.8884,28.3855],[-80.883,28.4082],[-80.9012,28.4332],[-80.8902,28.4453],[-80.8983,28.4551],[-80.8945,28.467],[-80.8708,28.4714],[-80.8857,28.5103],[-80.9066,28.5116],[-80.9114,28.5246],[-80.9393,28.535],[-80.93,28.5632],[-80.9471,28.585],[-80.9433,28.5937],[-80.9522,28.6042],[-80.9873,28.613]]]}},{"type":"Feature","properties":{"county_fips":"12053","county_name":"Hernando","state":"FL"},"geometry":{"type":"Polygon","coordinates":[[[-82.6812,28.4642],[-82.6667,28.4756],[-82.6664,28.4973],[-82.6782,28.4993],[-82.6689,28.5077],[-82.668,28.5282],[-82.6528,28.5378],[-82.6631,28.5508],[-82.6523,28.5522],[-82.6562,28.5754],[-82.6443,28.5842],[-82.6554,28.5923],[-82.6554,28.6044],[-82.6637,28.6054],[-82.6533,28.6163],[-82.671,28.6287],[-82.668,28.6475],[-82.6777,28.6548],[-82.6551,28.6805],[-82.668,28.6833],[-82.6673,28.6917],[-82.6746,28.6941],[-82.4184,28.6949],[-82.4178,28.6659],[-82.2631,28.6676],[-82.2736,28.6538],[-82.2568,28.6488],[-82.2602,28.635],[-82.2461,28.6269],[-82.2137,28.5754],[-82.1668,28.564],[-82.1562,28.5734],[-82.138,28.5655],[-82.1286,28.5449],[-82.1094,28.5438],[-82.095,28.5236],[-82.0703,28.5319],[-82.0545,28.5214],[-82.0547,28.4784],[-82.2533,28.4785],[-82.2534,28.4348],[-82.6699,28.4336],[-82.6646,28.452],[-82.6812,28.4642]]]}},{"type":"Feature","properties":{"county_fips":"12031","county_name":"Duval","state":"FL"},"geometry":{"type":"Polygon","coordinates":[[[-82.0493,30.2733],[-81.8095,30.4845],[-81.7949,30.5054],[-81.7816,30.5033],[-81.7653,30.5187],[-81.7637,30.5349],[-81.7384,30.5346],[-81.7363,30.5571],[-81.7268,30.5594],[-81.7219,30.5719],[-81.7046,30.5636],[-81.6976,30.5696],[-81.6955,30.5632],[-81.6739,30.5662],[-81.6637,30.5508],[-81.6499,30.5766],[-81.6245,30.5862],[-81.6043,30.584],[-81.611,30.5759],[-81.6015,30.5677],[-81.6142,30.5631],[-81.6096,30.554],[-81.5844,30.566],[-81.5854,30.5442],[-81.5678,30.5366],[-81.5509,30.543],[-81.543,30.5239],[-81.5263,30.5312],[-81.5199,30.5436],[-81.5238,30.5563],[-81.514,30.5673],[-81.4996,30.5638],[-81.4844,30.5374],[-81.4555,30.522],[-81.4559,30.5134],[-81.4324,30.4872],[-81.4132,30.4829],[-81.4125,30.4229],[-81.4037,30.4091],[-81.4116,30.4022],[-81.3935,30.3956],[-81.3962,30.3311],[-81.3799,30.2529],[-81.4369,30.2523],[-81.4338,30.1055],[-81.5387,30.1037],[-81.539,30.1199],[-81.5678,30.1178],[-81.6123,30.1329],[-81.6802,30.1212],[-81.6921,30.1447],[-81.6905,30.1719],[-81.6796,30.1905],[-82.0494,30.1869],[-82.0493,30.2733]]]}},{"type":"Feature","properties":{"county_fips":"17105","county_name":"Livingston","state":"IL"},"geometry":{"type":"Polygon","coordinates":[[[-88.9293,40.7533],[-88.9309,41.1059],[-88.2515,41.1142],[-88.2349,40.6182],[-88.5745,40.6165],[-88.5843,40.7576],[-88.9293,40.7533]]]}},{"type":"Feature","properties":{"county_fips":"18089","county_name":"Lake","state":"IN"},"geometry":{"type":"Polygon","coordinates":[[[-87.5266,41.1661],[-87.5242,41.7083],[-87.4707,41.6728],[-87.4468,41.6832],[-87.438,41.6646],[-87.4393,41.6801],[-87.4158,41.6882],[-87.4087,41.6703],[-87.437,41.6552],[-87.4208,41.641],[-87.3044,41.6195],[-87.2226,41.6242],[-87.2189,41.242],[-87.2857,41.2152],[-87.3315,41.183],[-87.381,41.1725],[-87.3938,41.1628],[-87.4466,41.1743],[-87.5266,41.1661]]]}},{"type":"Feature","properties":{"county_fips":"36053","county_name":"Madison","state":"NY"},"geometry":{"type":"Polygon","coordinates":[[[-75.9924,43.1852],[-75.9795,43.1774],[-75.9594,43.1804],[-75.9525,43.1711],[-75.9328,43.1766],[-75.9275,43.1627],[-75.8676,43.1466],[-75.84,43.1605],[-75.7931,43.1602],[-75.7761,43.1733],[-75.7501,43.158],[-75.7378,43.1647],[-75.7199,43.1611],[-75.7161,43.1506],[-75.7067,43.1512],[-75.7068,43.137],[-75.6943,43.1393],[-75.6787,43.1278],[-75.6851,43.125],[-75.6811,43.121],[-75.653,43.114],[-75.6393,43.097],[-75.6373,43.0765],[-75.5995,43.0614],[-75.608,43.0531],[-75.5969,43.0354],[-75.5528,43.0376],[-75.5428,42.9318],[-75.4442,42.9331],[-75.4372,42.8633],[-75.248,42.8716],[-75.2477,42.8465],[-75.2395,42.8342],[-75.2502,42.8238],[-75.2421,42.8174],[-75.2491,42.8117],[-75.251,42.7851],[-75.2719,42.7735],[-75.2801,42.7545],[-75.2959,42.7441],[-75.428,42.7381],[-75.4287,42.7454],[-75.8898,42.7238],[-75.9172,43.0859],[-75.9756,43.0913],[-75.9762,43.1033],[-75.9656,43.1195],[-75.9544,43.1169],[-75.9605,43.123],[-75.9501,43.1349],[-75.977,43.136],[-75.9715,43.1549],[-75.9827,43.1736],[-75.9926,43.1738],[-75.9924,43.1852]]]}},{"type":"Feature","properties":{"county_fips":"39035","county_name":"Cuyahoga","state":"OH"},"geometry":{"type":"Polygon","coordinates":[[[-81.9713,41.3513],[-81.9683,41.505],[-81.9445,41.4924],[-81.877,41.4832],[-81.7981,41.4973],[-81.7388,41.4885],[-81.6921,41.5093],[-81.6651,41.5316],[-81.6675,41.5227],[-81.6555,41.5288],[-81.6333,41.5482],[-81.6273,41.5441],[-81.535,41.6107],[-81.4886,41.6313],[-81.4878,41.5701],[-81.391,41.5697],[-81.3915,41.4452],[-81.375,41.4453],[-81.3748,41.4244],[-81.3918,41.4243],[-81.3917,41.3483],[-81.5981,41.3512],[-81.5881,41.3427],[-81.5854,41.3089],[-81.5733,41.3033],[-81.5651,41.2778],[-81.8781,41.275],[-81.877,41.3507],[-81.9713,41.3513]]]}},{"type":"Feature","properties":{"county_fips":"24017","county_name":"Charles","state":"MD"},"geometry":{"type":"Polygon","coordinates":[[[-77.2724,38.4899],[-77.2377,38.5519],[-77.2211,38.5552],[-77.1832,38.6004],[-77.1487,38.6056],[-77.1071,38.6307],[-77.1302,38.635],[-77.1325,38.6738],[-77.0863,38.706],[-77.0478,38.6162],[-77.0201,38.6476],[-76.9913,38.6571],[-76.9657,38.6613],[-76.9046,38.6516],[-76.8634,38.6585],[-76.7485,38.6182],[-76.7405,38.5587],[-76.6625,38.5255],[-76.6741,38.4996],[-76.6846,38.495],[-76.7143,38.5104],[-76.7746,38.509],[-76.8227,38.4284],[-76.8503,38.3983],[-76.8715,38.3899],[-76.8737,38.3796],[-76.8474,38.3598],[-76.859,38.3576],[-76.8699,38.3318],[-76.8516,38.316],[-76.853,38.3048],[-76.8337,38.2733],[-76.8421,38.2545],[-76.9074,38.2885],[-76.9239,38.2897],[-76.9222,38.3113],[-76.9303,38.3231],[-76.9783,38.3423],[-76.9883,38.395],[-77.0164,38.4456],[-77.0506,38.4398],[-77.0911,38.4075],[-77.1233,38.4106],[-77.1367,38.3918],[-77.1795,38.3685],[-77.2167,38.3632],[-77.2502,38.3828],[-77.2651,38.4135],[-77.2567,38.4304],[-77.2659,38.4438],[-77.2724,38.4899]]]}},{"type":"Feature","properties":{"county_fips":"25001","county_name":"Barnstable","state":"MA"},"geometry":{"type":"Polygon","coordinates":[[[-70.687,41.5295],[-70.6681,41.5329],[-70.6409,41.5773],[-70.6524,41.6052],[-70.64,41.6246],[-70.6449,41.6402],[-70.6533,41.639],[-70.6507,41.6461],[-70.6205,41.6573],[-70.652,41.663],[-70.6486,41.6703],[-70.6329,41.6704],[-70.6363,41.68],[-70.662,41.6809],[-70.646,41.6938],[-70.6176,41.7011],[-70.6265,41.713],[-70.6431,41.7176],[-70.6208,41.7475],[-70.6326,41.7629],[-70.5654,41.7867],[-70.5373,41.8109],[-70.4716,41.7616],[-70.4,41.7417],[-70.2956,41.7344],[-70.2739,41.7243],[-70.3828,41.7347],[-70.3964,41.7279],[-70.3626,41.7119],[-70.3629,41.7051],[-70.3421,41.7014],[-70.3285,41.7039],[-70.3274,41.7113],[-70.2512,41.7073],[-70.2402,41.7106],[-70.2353,41.7225],[-70.2408,41.7275],[-70.2161,41.743],[-70.0643,41.7728],[-70.0085,41.8008],[-70.009,41.8766],[-70.0002,41.8869],[-70.0242,41.8963],[-70.0134,41.906],[-70.0323,41.9204],[-70.0274,41.9293],[-70.045,41.93],[-70.0616,41.9235],[-70.0542,41.9209],[-70.0657,41.9117],[-70.069,41.8849],[-70.0774,41.9855],[-70.0956,42.0328],[-70.1554,42.0624],[-70.1785,42.0564],[-70.2059,42.0327],[-70.1923,42.0232],[-70.1669,42.0346],[-70.1908,42.02],[-70.2435,42.0606],[-70.2381,42.0729],[-70.1893,42.0823],[-70.0826,42.0547],[-70.0335,42.0177],[-69.9861,41.9496],[-69.9453,41.8452],[-69.9284,41.7084],[-69.9578,41.6204],[-69.9832,41.6083],[-69.9882,41.5547],[-69.9977,41.5423],[-70.0084,41.5414],[-70.0136,41.551],[-69.9939,41.5763],[-69.9922,41.6033],[-69.9705,41.6455],[-69.9964,41.6672],[-70.0142,41.672],[-70.1952,41.6479],[-70.2459,41.6285],[-70.2654,41.6093],[-70.2691,41.6257],[-70.2813,41.6351],[-70.3166,41.6254],[-70.3299,41.6346],[-70.3516,41.6347],[-70.3792,41.6114],[-70.4372,41.6053],[-70.4613,41.5718],[-70.4856,41.5542],[-70.6336,41.5383],[-70.6566,41.5148],[-70.6854,41.5213],[-70.687,41.5295]]]}},{"type":"Feature","properties":{"county_fips":"33017","county_name":"Strafford","state":"NH"},"geometry":{"type":"Polygon","coordinates":[[[-71.247,43.2762],[-71.1594,43.3551],[-71.1908,43.515],[-71.1278,43.5728],[-71.1115,43.5067],[-71.0895,43.5127],[-71.0848,43.5067],[-71.0676,43.5272],[-71.0379,43.5298],[-71.0242,43.4829],[-70.9625,43.5413],[-70.9548,43.5098],[-70.9742,43.4774],[-70.9614,43.4697],[-70.9669,43.4505],[-70.9612,43.4383],[-70.9868,43.4143],[-70.986,43.38],[-70.9672,43.3438],[-70.953,43.3333],[-70.9327,43.3368],[-70.9023,43.3049],[-70.906,43.2917],[-70.8963,43.2921],[-70.8992,43.2875],[-70.8828,43.2732],[-70.8433,43.2543],[-70.8387,43.2429],[-70.8179,43.2379],[-70.8096,43.2254],[-70.8193,43.193],[-70.8279,43.1887],[-70.8235,43.1746],[-70.8338,43.1469],[-70.82,43.1226],[-70.8298,43.1176],[-70.8624,43.1244],[-70.8609,43.0946],[-70.8754,43.0804],[-70.9341,43.0901],[-71.0729,43.0817],[-71.0267,43.1379],[-71.247,43.2762]]]}},{"type":"Feature","properties":{"county_fips":"37047","county_name":"Columbus","state":"NC"},"geometry":{"type":"Polygon","coordinates":[[[-79.0712,34.2993],[-79.0529,34.3146],[-79.0383,34.3135],[-79.0272,34.3529],[-79.009,34.353],[-79.0008,34.3647],[-79.0116,34.3803],[-78.995,34.3926],[-78.9776,34.3903],[-78.9682,34.3973],[-78.9711,34.4277],[-78.9599,34.4428],[-78.9374,34.4551],[-78.9074,34.4557],[-78.869,34.4848],[-78.8252,34.4618],[-78.6676,34.4696],[-78.6564,34.4603],[-78.6594,34.4537],[-78.6468,34.4607],[-78.594,34.4314],[-78.4453,34.3774],[-78.3351,34.3676],[-78.2561,34.3995],[-78.2345,34.3738],[-78.2292,34.379],[-78.2102,34.3684],[-78.2025,34.3533],[-78.1624,34.357],[-78.2546,34.2163],[-78.3743,34.2049],[-78.3668,34.1888],[-78.3916,34.1739],[-78.4227,34.1396],[-78.5029,34.1691],[-78.5452,34.1457],[-78.5388,34.1252],[-78.5551,34.1168],[-78.549,34.1115],[-78.554,34.1041],[-78.5441,34.0999],[-78.5602,34.0921],[-78.5571,34.0618],[-78.5796,34.0516],[-78.5793,34.0369],[-78.5908,34.0272],[-78.6003,34.03],[-78.6406,34.0103],[-78.6241,33.9733],[-78.6484,33.9655],[-78.6422,33.9581],[-78.6504,33.9443],[-79.0712,34.2993]]]}},{"type":"Feature","properties":{"county_fips":"37091","county_name":"Hertford","state":"NC"},"geometry":{"type":"Polygon","coordinates":[[[-77.2086,36.2468],[-77.1313,36.4378],[-77.1368,36.4561],[-77.1124,36.4777],[-77.0838,36.4723],[-77.0664,36.4829],[-77.0665,36.497],[-77.0854,36.5],[-77.0834,36.5132],[-77.1484,36.525],[-77.151,36.5405],[-77.1644,36.5463],[-76.914,36.5432],[-76.925,36.5307],[-76.9051,36.5226],[-76.9065,36.5107],[-76.9345,36.4847],[-76.9344,36.4713],[-76.9505,36.471],[-76.9432,36.4095],[-76.9079,36.3907],[-76.8227,36.3644],[-76.7795,36.3625],[-76.6975,36.2978],[-76.6938,36.2822],[-76.7014,36.2837],[-76.6978,36.2717],[-76.7222,36.2438],[-76.9714,36.2381],[-77.2086,36.2468]]]}},{"type":"Feature","properties":{"county_fips":"45013","county_name":"Beaufort","state":"SC"},"geometry":{"type":"Polygon","coordinates":[[[-81.0161,32.2443],[-80.9917,32.2675],[-80.9942,32.2906],[-81.0064,32.3065],[-80.9349,32.3001],[-80.9245,32.3503],[-80.8921,32.3537],[-80.8776,32.3459],[-80.8685,32.3637],[-80.8737,32.3691],[-80.8415,32.3851],[-80.8298,32.4105],[-80.8502,32.4163],[-80.8339,32.4569],[-80.8177,32.4657],[-80.8202,32.4908],[-80.8477,32.5301],[-80.836,32.544],[-80.8315,32.5934],[-80.8697,32.6609],[-80.8302,32.7036],[-80.8079,32.6894],[-80.7875,32.6882],[-80.7873,32.6825],[-80.7783,32.6869],[-80.7727,32.6762],[-80.7686,32.6815],[-80.7656,32.6753],[-80.7449,32.6742],[-80.7392,32.6823],[-80.7285,32.6737],[-80.7216,32.6802],[-80.7033,32.6646],[-80.6711,32.6716],[-80.6689,32.6636],[-80.6843,32.659],[-80.6816,32.6471],[-80.664,32.6457],[-80.6581,32.6376],[-80.674,32.6329],[-80.6751,32.6252],[-80.6544,32.6269],[-80.6598,32.6127],[-80.6254,32.5823],[-80.6099,32.59],[-80.5998,32.581],[-80.5798,32.5843],[-80.5762,32.5778],[-80.5842,32.5677],[-80.5652,32.5655],[-80.566,32.5509],[-80.5515,32.5658],[-80.5365,32.5292],[-80.5178,32.5191],[-80.5029,32.4957],[-80.477,32.4854],[-80.4769,32.4679],[-80.4846,32.461],[-80.4615,32.4129],[-80.4356,32.4125],[-80.4292,32.4055],[-80.4442,32.3549],[-80.454,32.3393],[-80.4636,32.3401],[-80.4533,32.3219],[-80.5762,32.2753],[-80.5885,32.2827],[-80.6237,32.2581],[-80.6454,32.2609],[-80.6448,32.2915],[-80.6885,32.3028],[-80.7081,32.3237],[-80.7336,32.3195],[-80.741,32.3038],[-80.7535,32.3068],[-80.766,32.2926],[-80.7613,32.28],[-80.7424,32.2638],[-80.7301,32.2705],[-80.7178,32.267],[-80.6778,32.2364],[-80.6692,32.2168],[-80.7399,32.1461],[-80.8125,32.1097],[-80.8424,32.1178],[-80.8738,32.0823],[-80.9105,32.0799],[-80.8957,32.1077],[-80.9283,32.1214],[-80.9095,32.1347],[-80.9212,32.1301],[-80.9285,32.1386],[-80.9413,32.1373],[-80.9615,32.1262],[-80.958,32.1377],[-80.969,32.1477],[-80.961,32.1519],[-80.953,32.1416],[-80.9505,32.1613],[-80.9576,32.165],[-80.9486,32.1691],[-80.9618,32.1795],[-80.9693,32.1762],[-80.9624,32.185],[-80.9869,32.1934],[-80.9885,32.1897],[-80.9938,32.188],[-81.0124,32.2182],[-81.0161,32.2443]]]}},{"type":"Feature","properties":{"county_fips":"45051","county_name":"Horry","state":"SC"},"geometry":{"type":"Polygon","coordinates":[[[-79.3388,33.9705],[-79.3285,34.0002],[-79.3151,33.9965],[-79.3072,34.0059],[-79.3076,34.0277],[-79.2478,34.0571],[-79.2396,34.0768],[-79.2481,34.0795],[-79.2501,34.0904],[-79.2301,34.1088],[-79.2209,34.1077],[-79.2189,34.1268],[-79.2058,34.133],[-79.2075,34.1548],[-79.1973,34.1587],[-79.1927,34.1754],[-79.1769,34.1848],[-79.1736,34.1795],[-79.1539,34.2072],[-79.1337,34.2157],[-79.1357,34.2291],[-79.1267,34.2361],[-79.1348,34.241],[-79.1264,34.2573],[-79.0937,34.278],[-79.0861,34.295],[-79.0713,34.2993],[-78.5473,33.8565],[-78.6977,33.808],[-78.7958,33.7551],[-78.9141,33.6616],[-79.0018,33.5727],[-79.1011,33.573],[-79.0998,33.609],[-79.1091,33.6003],[-79.1213,33.6048],[-79.1233,33.6232],[-79.1337,33.6357],[-79.1349,33.6485],[-79.1273,33.6436],[-79.1239,33.6522],[-79.1295,33.6501],[-79.1364,33.6638],[-79.1533,33.6594],[-79.1573,33.6848],[-79.1914,33.7065],[-79.1959,33.7279],[-79.2481,33.7844],[-79.2609,33.8189],[-79.2488,33.8312],[-79.2641,33.8425],[-79.256,33.8654],[-79.2636,33.8925],[-79.2999,33.9038],[-79.3123,33.9182],[-79.3067,33.9239],[-79.3069,33.9348],[-79.317,33.9341],[-79.3116,33.9442],[-79.3334,33.9527],[-79.3301,33.9616],[-79.3388,33.9705]]]}},{"type":"Feature","properties":{"county_fips":"45091","county_name":"York","state":"SC"},"geometry":{"type":"Polygon","coordinates":[[[-81.4923,34.9472],[-81.4758,34.983],[-81.4847,34.9974],[-81.4873,35.0347],[-81.4714,35.0481],[-81.4088,35.0471],[-81.4025,35.1369],[-81.3666,35.1649],[-81.0436,35.1499],[-81.051,35.1317],[-81.039,35.1263],[-81.0328,35.108],[-81.0521,35.0963],[-81.058,35.0732],[-81.0576,35.0624],[-81.0415,35.0447],[-80.935,35.1074],[-80.9062,35.0764],[-80.8996,35.0599],[-80.9059,35.0468],[-80.8973,35.0353],[-80.9095,35.0165],[-80.8857,34.9915],[-80.8847,34.9662],[-80.874,34.9654],[-80.8686,34.9507],[-80.8651,34.9239],[-80.8789,34.901],[-80.8801,34.8715],[-80.8666,34.8485],[-80.8982,34.8208],[-81.4766,34.8226],[-81.4533,34.8463],[-81.4684,34.8652],[-81.4787,34.898],[-81.4701,34.9136],[-81.4773,34.9261],[-81.4735,34.9355],[-81.4923,34.9472]]]}},{"type":"Feature","properties":{"county_fips":"51133","county_name":"Northumberland","state":"VA"},"geometry":{"type":"Polygon","coordinates":[[[-76.6345,37.9685],[-76.6178,38.0004],[-76.5882,38.0051],[-76.5726,38.0269],[-76.5366,38.0209],[-76.5162,38.0262],[-76.4632,38.0051],[-76.4631,37.9963],[-76.4754,37.9922],[-76.4728,37.9842],[-76.443,37.9852],[-76.4404,37.9768],[-76.4291,37.9775],[-76.408,37.9628],[-76.3438,37.9473],[-76.237,37.8905],[-76.2505,37.835],[-76.2661,37.8174],[-76.2805,37.8126],[-76.2849,37.8223],[-76.3066,37.8219],[-76.3122,37.8141],[-76.3076,37.8002],[-76.3165,37.7928],[-76.3153,37.782],[-76.2855,37.7841],[-76.2879,37.7775],[-76.3058,37.7801],[-76.3081,37.7642],[-76.316,37.7636],[-76.3072,37.7313],[-76.3221,37.737],[-76.3203,37.7199],[-76.3032,37.7023],[-76.3036,37.6894],[-76.3135,37.6944],[-76.3125,37.6846],[-76.3318,37.6853],[-76.3743,37.7113],[-76.3618,37.7368],[-76.3681,37.7734],[-76.4011,37.7802],[-76.4196,37.8064],[-76.4187,37.8229],[-76.4296,37.829],[-76.4599,37.8204],[-76.4776,37.8374],[-76.4948,37.8412],[-76.5081,37.8333],[-76.5112,37.8497],[-76.5479,37.8676],[-76.5411,37.8903],[-76.556,37.9315],[-76.6049,37.9482],[-76.6345,37.9685]]]}},{"type":"Feature","properties":{"county_fips":"51193","county_name":"Westmoreland","state":"VA"},"geometry":{"type":"Polygon","coordinates":[[[-77.0647,38.1667],[-77.0485,38.1824],[-77.0445,38.2604],[-77.0349,38.2586],[-77.0076,38.2771],[-76.9832,38.2746],[-76.9621,38.2565],[-76.957,38.2368],[-76.9673,38.2272],[-76.9623,38.2141],[-76.9108,38.1971],[-76.8753,38.1722],[-76.8388,38.1635],[-76.7602,38.1666],[-76.741,38.1522],[-76.7328,38.1318],[-76.7086,38.1451],[-76.7021,38.1597],[-76.6897,38.1602],[-76.6397,38.122],[-76.6323,38.1287],[-76.6434,38.1482],[-76.6121,38.1487],[-76.6009,38.1101],[-76.5374,38.0755],[-76.5214,38.0464],[-76.5505,38.0406],[-76.5501,38.0295],[-76.5726,38.0269],[-76.5727,38.0182],[-76.5909,38.0037],[-76.6178,38.0004],[-76.6383,37.9656],[-76.6563,37.9822],[-76.6819,37.9811],[-76.729,37.9992],[-76.7489,37.9949],[-76.766,38.0015],[-76.7573,38.0307],[-76.7972,38.0583],[-76.8228,38.0652],[-76.8769,38.1244],[-76.9394,38.0851],[-76.937,38.0771],[-76.984,38.0875],[-76.989,38.1061],[-76.9997,38.1103],[-77.0147,38.0935],[-77.0324,38.0917],[-77.0517,38.112],[-77.0522,38.1443],[-77.0647,38.1667]]]}},{"type":"Feature","properties":{"county_fips":"51073","county_name":"Gloucester","state":"VA"},"geometry":{"type":"Polygon","coordinates":[[[-76.7123,37.4313],[-76.7021,37.4505],[-76.687,37.4479],[-76.674,37.4613],[-76.6622,37.4578],[-76.6468,37.4812],[-76.648,37.4959],[-76.6693,37.5285],[-76.6541,37.6032],[-76.6235,37.5861],[-76.6117,37.5903],[-76.6125,37.5819],[-76.5958,37.5881],[-76.5749,37.5738],[-76.5735,37.5629],[-76.5559,37.5551],[-76.5479,37.5679],[-76.5237,37.5486],[-76.5073,37.5475],[-76.4992,37.5369],[-76.4812,37.5362],[-76.4376,37.5144],[-76.4518,37.4846],[-76.4421,37.4528],[-76.4484,37.4498],[-76.4499,37.428],[-76.4447,37.4185],[-76.4145,37.4136],[-76.4173,37.3795],[-76.4093,37.3701],[-76.4287,37.3815],[-76.451,37.3813],[-76.4548,37.3882],[-76.4696,37.3706],[-76.4565,37.3593],[-76.4441,37.3665],[-76.4209,37.3434],[-76.4037,37.3387],[-76.4059,37.3299],[-76.4153,37.3317],[-76.4129,37.3226],[-76.4371,37.3241],[-76.4386,37.3138],[-76.4192,37.3077],[-76.3947,37.3129],[-76.3886,37.3085],[-76.3969,37.303],[-76.3863,37.2983],[-76.3829,37.2863],[-76.3526,37.2783],[-76.3546,37.2723],[-76.4172,37.2651],[-76.4291,37.2533],[-76.4828,37.2548],[-76.5063,37.2434],[-76.6007,37.314],[-76.6495,37.3743],[-76.7123,37.4313]]]}},{"type":"Feature","properties":{"county_fips":"53053","county_name":"Pierce","state":"WA"},"geometry":{"type":"MultiPolygon","coordinates":[[[[-122.6406,47.1494],[-122.6359,47.164],[-122.6311,47.1677],[-122.6304,47.1535],[-122.6406,47.1494]]],[[[-122.6696,47.2765],[-122.6281,47.2675],[-122.5889,47.2371],[-122.5905,47.2278],[-122.6025,47.2175],[-122.6142,47.2209],[-122.6696,47.2765]]],[[[-122.7079,47.0789],[-122.6927,47.1013],[-122.6847,47.097],[-122.658,47.1272],[-122.6262,47.1419],[-122.6138,47.1696],[-122.5908,47.1781],[-122.5805,47.2104],[-122.5649,47.2272],[-122.5639,47.2435],[-122.5523,47.2483],[-122.5297,47.2833],[-122.5289,47.2931],[-122.5474,47.3177],[-122.5078,47.3056],[-122.4867,47.2857],[-122.4368,47.2619],[-122.4092,47.2886],[-122.4446,47.3004],[-122.4444,47.3061],[-122.4346,47.3075],[-122.43,47.3197],[-122.4176,47.3204],[-122.3349,47.2576],[-122.144,47.2575],[-122.123,47.2391],[-122.1255,47.2323],[-122.1159,47.2313],[-122.1159,47.2162],[-122.095,47.1952],[-122.0634,47.1859],[-122.0481,47.1714],[-121.9939,47.1726],[-121.9914,47.1632],[-121.9521,47.1545],[-121.9435,47.14],[-121.9337,47.1383],[-121.9282,47.1474],[-121.9017,47.1556],[-121.8395,47.1434],[-121.7958,47.1732],[-121.7431,47.1645],[-121.7191,47.1511],[-121.6845,47.1498],[-121.6622,47.16],[-121.6208,47.1494],[-121.5891,47.1202],[-121.5125,47.123],[-121.4906,47.1168],[-121.4418,47.0844],[-121.3823,47.0882],[-121.3741,47.057],[-121.3998,47.0335],[-121.3947,47.0233],[-121.4062,47.0122],[-121.4091,46.9952],[-121.4458,46.9802],[-121.4429,46.9723],[-121.4576,46.9642],[-121.4495,46.9344],[-121.4568,46.9231],[-121.497,46.9083],[-121.5231,46.8728],[-121.4973,46.8629],[-121.4842,46.8343],[-121.4702,46.8264],[-121.4744,46.8204],[-121.4425,46.793],[-121.4552,46.7838],[-121.7586,46.7838],[-121.7877,46.7698],[-121.8327,46.7296],[-121.8451,46.7284],[-121.93,46.7399],[-121.9542,46.755],[-121.9792,46.7443],[-122.0025,46.7533],[-122.0413,46.7425],[-122.0823,46.7522],[-122.1779,46.7552],[-122.2406,46.7759],[-122.2696,46.7668],[-122.3085,46.7892],[-122.3036,46.8281],[-122.3244,46.8302],[-122.3277,46.8443],[-122.3468,46.837],[-122.3712,46.8454],[-122.3785,46.8394],[-122.4083,46.8425],[-122.4517,46.8526],[-122.4581,46.8636],[-122.4909,46.8675],[-122.4978,46.9088],[-122.5635,46.9356],[-122.5719,46.9611],[-122.5631,46.9653],[-122.5872,46.9668],[-122.5754,46.9716],[-122.5801,46.9775],[-122.611,46.9767],[-122.6116,46.9672],[-122.6374,46.9771],[-122.6303,46.9983],[-122.652,47.0074],[-122.6599,47.0032],[-122.6588,47.0095],[-122.6724,47.0154],[-122.6804,47.0306],[-122.6773,47.0433],[-122.7033,47.065],[-122.7079,47.0789]]],[[[-122.7269,47.2074],[-122.7046,47.231],[-122.6852,47.2324],[-122.6675,47.2234],[-122.6687,47.2158],[-122.6487,47.2156],[-122.6418,47.205],[-122.6573,47.1935],[-122.6777,47.1911],[-122.7269,47.2074]]],[[[-122.7417,47.155],[-122.7272,47.1607],[-122.7239,47.1765],[-122.7067,47.1874],[-122.6958,47.189],[-122.6739,47.1747],[-122.6755,47.142],[-122.6948,47.1438],[-122.6947,47.1259],[-122.712,47.1277],[-122.7417,47.155]]],[[[-122.8309,47.2456],[-122.8153,47.2751],[-122.7871,47.2997],[-122.7949,47.3192],[-122.789,47.3384],[-122.7691,47.3405],[-122.7968,47.3483],[-122.7862,47.358],[-122.8011,47.3586],[-122.8012,47.4036],[-122.5509,47.4034],[-122.5513,47.3896],[-122.5385,47.3759],[-122.576,47.3264],[-122.5475,47.2853],[-122.5782,47.2559],[-122.6001,47.2624],[-122.5924,47.272],[-122.6143,47.2696],[-122.6713,47.2862],[-122.6863,47.2794],[-122.6974,47.284],[-122.678,47.3315],[-122.6585,47.3331],[-122.6713,47.3438],[-122.6381,47.3626],[-122.6278,47.3824],[-122.6839,47.3652],[-122.7296,47.3387],[-122.728,47.3288],[-122.7574,47.274],[-122.7465,47.2725],[-122.7495,47.2596],[-122.735,47.2659],[-122.7339,47.2501],[-122.7184,47.2515],[-122.7248,47.2359],[-122.7189,47.2265],[-122.741,47.2062],[-122.7486,47.2197],[-122.7552,47.2097],[-122.7498,47.1992],[-122.7385,47.1992],[-122.7522,47.1724],[-122.7716,47.1671],[-122.779,47.1853],[-122.7897,47.1876],[-122.8073,47.2222],[-122.8239,47.231],[-122.8309,47.2456]]],[[[-122.8416,47.258],[-122.8401,47.2681],[-122.8253,47.2705],[-122.8341,47.2568],[-122.8416,47.258]]]]}},{"type":"Feature","properties":{"county_fips":"53067","county_name":"Thurston","state":"WA"},"geometry":{"type":"Polygon","coordinates":[[[-123.2031,46.997],[-123.2019,47.0851],[-123.0751,47.0848],[-123.0737,47.1062],[-123.0214,47.1181],[-123.0057,47.1489],[-122.9612,47.1644],[-122.9372,47.1903],[-122.9348,47.182],[-122.9113,47.176],[-122.9035,47.1575],[-122.8584,47.1678],[-122.8418,47.1632],[-122.8384,47.1513],[-122.8478,47.1306],[-122.8323,47.115],[-122.8277,47.161],[-122.8152,47.1791],[-122.7772,47.1213],[-122.7634,47.1199],[-122.7257,47.0939],[-122.6927,47.1013],[-122.7081,47.0776],[-122.6932,47.0533],[-122.6773,47.0433],[-122.6804,47.0306],[-122.6724,47.0154],[-122.6588,47.0095],[-122.6599,47.0032],[-122.652,47.0074],[-122.6303,46.9983],[-122.6386,46.9791],[-122.6291,46.9715],[-122.6116,46.9672],[-122.611,46.9767],[-122.5801,46.9775],[-122.5754,46.9716],[-122.5872,46.9668],[-122.5631,46.9653],[-122.5719,46.9611],[-122.5635,46.9356],[-122.4941,46.9048],[-122.4909,46.8675],[-122.4581,46.8636],[-122.4517,46.8526],[-122.4083,46.8425],[-122.3785,46.8394],[-122.3712,46.8454],[-122.3468,46.837],[-122.3277,46.8443],[-122.3244,46.8302],[-122.3036,46.8281],[-122.3025,46.809],[-122.3125,46.796],[-122.2858,46.7741],[-122.2625,46.7652],[-122.2406,46.7759],[-122.2031,46.7631],[-123.1609,46.7643],[-123.1584,46.9959],[-123.2031,46.997]]]}},{"type":"Feature","properties":{"county_fips":"54099","county_name":"Wayne","state":"WV"},"geometry":{"type":"Polygon","coordinates":[[[-82.6432,38.1691],[-82.6113,38.1715],[-82.5984,38.2174],[-82.6123,38.2361],[-82.6053,38.2473],[-82.584,38.2464],[-82.5747,38.2639],[-82.5831,38.2968],[-82.5718,38.3172],[-82.598,38.3449],[-82.5963,38.4177],[-82.5498,38.4032],[-82.5077,38.4108],[-82.3439,38.3052],[-82.3144,38.3314],[-82.2866,38.3215],[-82.289,38.314],[-82.2762,38.3039],[-82.3028,38.299],[-82.3134,38.2681],[-82.2991,38.2399],[-82.2648,38.2292],[-82.2664,38.2106],[-82.2782,38.2022],[-82.2717,38.1694],[-82.2854,38.1441],[-82.2578,38.1336],[-82.2685,38.115],[-82.2409,38.0972],[-82.228,38.0691],[-82.2058,38.0668],[-82.2078,38.0505],[-82.1923,38.0463],[-82.2039,38.0238],[-82.2432,38.0009],[-82.4037,37.8629],[-82.3911,37.8471],[-82.4006,37.8427],[-82.4247,37.8619],[-82.4075,37.8673],[-82.4182,37.8712],[-82.4199,37.8849],[-82.4629,37.9148],[-82.4744,37.9],[-82.4755,37.9119],[-82.4883,37.9177],[-82.4803,37.9258],[-82.5022,37.9331],[-82.4895,37.9379],[-82.4977,37.9457],[-82.4851,37.946],[-82.4716,37.9591],[-82.484,37.9633],[-82.4843,37.9714],[-82.4694,37.9731],[-82.4643,37.9834],[-82.484,37.9841],[-82.4892,37.999],[-82.5192,38.0011],[-82.5156,38.0067],[-82.5386,38.0374],[-82.5496,38.0686],[-82.584,38.0907],[-82.5878,38.1089],[-82.6195,38.1207],[-82.6221,38.1334],[-82.6365,38.1379],[-82.6432,38.1691]]]}},{"type":"Feature","properties":{"county_fips":"12117","county_name":"Seminole","state":"FL"},"geometry":{"type":"Polygon","coordinates":[[[-81.4597,28.6444],[-81.4595,28.7133],[-81.4414,28.7151],[-81.4165,28.7557],[-81.4168,28.8246],[-81.383,28.852],[-81.3669,28.8792],[-81.3607,28.8725],[-81.3647,28.8657],[-81.3521,28.8623],[-81.358,28.8478],[-81.3205,28.8345],[-81.2257,28.8325],[-81.2137,28.8042],[-81.1974,28.7919],[-81.1819,28.7972],[-81.1789,28.7819],[-81.1362,28.7922],[-81.1404,28.796],[-81.1293,28.7995],[-81.1205,28.8257],[-81.0761,28.8193],[-81.0531,28.7736],[-81.0611,28.75],[-81.0166,28.693],[-81.0213,28.6743],[-81.0072,28.6635],[-81.0012,28.6411],[-81.0071,28.6363],[-80.9942,28.6216],[-80.9891,28.6247],[-80.9873,28.613],[-81.3279,28.6105],[-81.3285,28.6396],[-81.4597,28.6444]]]}},{"type":"Feature","properties":{"county_fips":"36113","county_name":"Warren","state":"NY"},"geometry":{"type":"Polygon","coordinates":[[[-74.2146,43.7287],[-73.4955,43.7993],[-73.4366,43.8014],[-73.4711,43.7753],[-73.4573,43.7651],[-73.4667,43.7581],[-73.4593,43.73],[-73.4965,43.6731],[-73.4943,43.654],[-73.539,43.6257],[-73.5814,43.5734],[-73.6132,43.5629],[-73.6071,43.5517],[-73.6362,43.5001],[-73.5947,43.3059],[-73.6359,43.307],[-73.6428,43.3042],[-73.6419,43.2933],[-73.6712,43.2902],[-73.6732,43.2821],[-73.6618,43.2726],[-73.6721,43.2632],[-73.6886,43.2843],[-73.7328,43.2699],[-73.744,43.2427],[-73.7675,43.2221],[-73.7929,43.2462],[-73.8349,43.251],[-73.8246,43.3043],[-73.8369,43.3066],[-73.8586,43.3281],[-73.8533,43.3377],[-73.8751,43.3619],[-73.871,43.3725],[-73.8833,43.398],[-74.1601,43.3715],[-74.2146,43.7287]]]}},{"type":"Feature","properties":{"county_fips":"37193","county_name":"Wilkes","state":"NC"},"geometry":{"type":"Polygon","coordinates":[[[-81.542,36.1194],[-81.5004,36.1425],[-81.4558,36.2004],[-81.4657,36.2271],[-81.4777,36.2358],[-81.4754,36.2528],[-81.4582,36.2484],[-81.4526,36.2579],[-81.4313,36.2655],[-81.4291,36.2776],[-81.4131,36.2815],[-81.4138,36.2948],[-81.3786,36.2779],[-81.3667,36.2859],[-81.3543,36.3556],[-81.3214,36.3771],[-81.3084,36.3677],[-81.266,36.3611],[-81.2435,36.3661],[-81.1893,36.3994],[-81.163,36.4325],[-81.1382,36.4125],[-81.1284,36.4259],[-81.0948,36.4404],[-81.0778,36.4178],[-81.0443,36.4111],[-81.0438,36.3933],[-81.0267,36.3732],[-80.9814,36.3762],[-80.9842,36.3885],[-80.9672,36.402],[-80.9421,36.3736],[-80.9058,36.3611],[-80.8931,36.3409],[-80.8687,36.3264],[-80.8816,36.0557],[-80.9757,36.0588],[-81.0485,36.0411],[-81.0575,36.0316],[-81.0981,36.0282],[-81.1117,36.0377],[-81.1393,36.0376],[-81.1708,36.0255],[-81.2026,36.0362],[-81.2685,36.025],[-81.3265,35.9948],[-81.3449,36.0256],[-81.3815,36.0446],[-81.3965,36.0409],[-81.3895,36.0501],[-81.3978,36.0664],[-81.4248,36.0778],[-81.4446,36.0723],[-81.4565,36.0915],[-81.4673,36.0857],[-81.477,36.0966],[-81.5162,36.0974],[-81.542,36.1194]]]}},{"type":"Feature","properties":{"county_fips":"37159","county_name":"Rowan","state":"NC"},"geometry":{"type":"Polygon","coordinates":[[[-80.7716,35.6722],[-80.7078,35.853],[-80.6934,35.8536],[-80.6918,35.8635],[-80.6688,35.8563],[-80.6713,35.8465],[-80.632,35.8457],[-80.6095,35.8231],[-80.5947,35.8274],[-80.5904,35.8171],[-80.5871,35.823],[-80.5743,35.818],[-80.5329,35.7852],[-80.5086,35.7746],[-80.4974,35.783],[-80.4869,35.7663],[-80.4848,35.7756],[-80.4783,35.7748],[-80.4534,35.7345],[-80.3728,35.7165],[-80.3338,35.72],[-80.3241,35.7058],[-80.3344,35.6921],[-80.3306,35.6788],[-80.3073,35.6657],[-80.2883,35.6353],[-80.265,35.6296],[-80.2089,35.5813],[-80.2098,35.5523],[-80.1992,35.5456],[-80.1829,35.5033],[-80.7372,35.5058],[-80.7398,35.5441],[-80.7716,35.6722]]]}},{"type":"Feature","properties":{"county_fips":"37089","county_name":"Henderson","state":"NC"},"geometry":{"type":"Polygon","coordinates":[[[-82.7429,35.4241],[-82.7142,35.4486],[-82.6732,35.4595],[-82.622,35.4357],[-82.6087,35.4433],[-82.5708,35.4311],[-82.5612,35.4432],[-82.5488,35.4443],[-82.5423,35.4313],[-82.5469,35.4252],[-82.5332,35.4164],[-82.5339,35.4444],[-82.4706,35.4452],[-82.4178,35.4744],[-82.3631,35.461],[-82.3693,35.4855],[-82.341,35.4889],[-82.3326,35.5002],[-82.2658,35.4678],[-82.2805,35.4434],[-82.2615,35.3884],[-82.3053,35.3326],[-82.3104,35.3147],[-82.3295,35.3076],[-82.3461,35.286],[-82.3497,35.2443],[-82.3592,35.2445],[-82.3593,35.2283],[-82.3509,35.2283],[-82.3537,35.1922],[-82.3732,35.1822],[-82.3822,35.1896],[-82.384,35.2105],[-82.3929,35.2154],[-82.4197,35.1986],[-82.4396,35.1659],[-82.4571,35.1639],[-82.4516,35.1727],[-82.4601,35.1781],[-82.53,35.1556],[-82.5533,35.1617],[-82.5533,35.1535],[-82.5742,35.1437],[-82.5907,35.162],[-82.6043,35.2589],[-82.6161,35.2601],[-82.6102,35.2882],[-82.624,35.2971],[-82.6192,35.3037],[-82.7429,35.4241]]]}},{"type":"Feature","properties":{"county_fips":"37163","county_name":"Sampson","state":"NC"},"geometry":{"type":"Polygon","coordinates":[[[-78.6718,35.087],[-78.6582,35.0945],[-78.6538,35.1114],[-78.639,35.117],[-78.6519,35.1218],[-78.6347,35.1394],[-78.6399,35.1549],[-78.6328,35.1642],[-78.6389,35.167],[-78.6299,35.1723],[-78.64,35.1859],[-78.6357,35.1917],[-78.6464,35.1986],[-78.6244,35.204],[-78.6332,35.2137],[-78.6195,35.2269],[-78.6171,35.2457],[-78.5846,35.2733],[-78.5835,35.2968],[-78.5383,35.3164],[-78.4919,35.2633],[-78.4118,35.2547],[-78.3066,35.2876],[-78.2462,35.226],[-78.1618,35.2043],[-78.1718,35.0935],[-78.1598,35.0798],[-78.1471,34.9025],[-78.1986,34.7416],[-78.1352,34.7102],[-78.114,34.7218],[-78.1135,34.7072],[-78.1565,34.6791],[-78.2544,34.5536],[-78.2601,34.5566],[-78.2517,34.562],[-78.2663,34.584],[-78.275,34.5814],[-78.2912,34.6005],[-78.3032,34.6005],[-78.3131,34.6259],[-78.3221,34.6285],[-78.3116,34.6416],[-78.3246,34.6497],[-78.325,34.6688],[-78.3469,34.6802],[-78.3493,34.6919],[-78.3734,34.6992],[-78.3686,34.7043],[-78.3823,34.7173],[-78.3794,34.7234],[-78.3919,34.7296],[-78.3907,34.7495],[-78.4245,34.7699],[-78.4498,34.8135],[-78.4592,34.8127],[-78.4658,34.8276],[-78.4877,34.8363],[-78.4952,34.8591],[-78.5131,34.8691],[-78.5127,34.8806],[-78.5469,34.9006],[-78.5435,34.9138],[-78.5623,34.918],[-78.5727,34.9374],[-78.6075,34.9536],[-78.647,34.9923],[-78.645,35.0101],[-78.6593,35.0428],[-78.6545,35.0508],[-78.6718,35.087]]]}},{"type":"Feature","properties":{"county_fips":"42051","county_name":"Fayette","state":"PA"},"geometry":{"type":"Polygon","coordinates":[[[-80.0107,39.9711],[-79.9909,39.9866],[-79.9957,40.0051],[-79.9882,40.0119],[-79.9694,40.0131],[-79.9467,39.9943],[-79.9248,40.0161],[-79.88,40.0283],[-79.877,40.0368],[-79.8919,40.0482],[-79.8798,40.0651],[-79.9014,40.0767],[-79.8637,40.0754],[-79.839,40.0906],[-79.8501,40.114],[-79.875,40.1294],[-79.7461,40.1285],[-79.7244,40.1231],[-79.7224,40.1128],[-79.707,40.1076],[-79.6861,40.1139],[-79.6424,40.0836],[-79.622,40.0945],[-79.593,40.0821],[-79.5854,40.1021],[-79.5423,40.1119],[-79.534,40.1286],[-79.527,40.1232],[-79.5052,40.1406],[-79.4615,40.1441],[-79.4377,40.1159],[-79.3555,40.0743],[-79.3412,40.0429],[-79.2939,40.0404],[-79.3916,39.9195],[-79.3876,39.9157],[-79.4176,39.8538],[-79.3673,39.8227],[-79.3683,39.7959],[-79.3513,39.7866],[-79.3568,39.7815],[-79.3801,39.7901],[-79.3831,39.7825],[-79.395,39.7834],[-79.3787,39.7689],[-79.3986,39.7583],[-79.3941,39.7433],[-79.408,39.742],[-79.41,39.735],[-79.3927,39.7327],[-79.3925,39.7214],[-79.9162,39.7209],[-79.9034,39.7431],[-79.9301,39.7571],[-79.9344,39.7813],[-79.9087,39.7938],[-79.9244,39.8382],[-79.9386,39.8455],[-79.9246,39.8551],[-79.9303,39.8693],[-79.9153,39.8803],[-79.9294,39.9057],[-79.9231,39.921],[-79.9592,39.9539],[-79.9988,39.9509],[-80.0093,39.9588],[-80.0107,39.9711]]]}},{"type":"Feature","properties":{"county_fips":"42129","county_name":"Westmoreland","state":"PA"},"geometry":{"type":"Polygon","coordinates":[[[-79.9049,40.1548],[-79.8972,40.164],[-79.8642,40.1618],[-79.8529,40.1694],[-79.8533,40.1892],[-79.8714,40.1974],[-79.7826,40.2276],[-79.8074,40.2369],[-79.7877,40.2618],[-79.7958,40.2811],[-79.7758,40.285],[-79.7886,40.2977],[-79.7711,40.3754],[-79.7621,40.3928],[-79.7513,40.3884],[-79.7224,40.4086],[-79.7268,40.4145],[-79.7069,40.4223],[-79.7021,40.4895],[-79.7016,40.5254],[-79.7357,40.549],[-79.7651,40.5492],[-79.7734,40.5821],[-79.762,40.5943],[-79.7213,40.6082],[-79.6903,40.6409],[-79.6929,40.6697],[-79.6684,40.68],[-79.611,40.642],[-79.6081,40.6255],[-79.5837,40.6366],[-79.5896,40.6169],[-79.5816,40.6029],[-79.5506,40.6039],[-79.5707,40.5841],[-79.5607,40.5635],[-79.5262,40.5424],[-79.5119,40.5427],[-79.4971,40.5253],[-79.4819,40.5369],[-79.4757,40.5295],[-79.4515,40.5319],[-79.4597,40.5167],[-79.4538,40.4843],[-79.4306,40.489],[-79.4213,40.4706],[-79.4066,40.4743],[-79.3908,40.4543],[-79.3712,40.4551],[-79.3621,40.4787],[-79.3579,40.4523],[-79.3472,40.4527],[-79.3421,40.4701],[-79.3286,40.4526],[-79.3004,40.461],[-79.3013,40.4352],[-79.2828,40.4428],[-79.2726,40.4391],[-79.2729,40.4184],[-79.2633,40.4168],[-79.2462,40.4321],[-79.2148,40.4245],[-79.2002,40.4108],[-79.1558,40.4118],[-79.1527,40.3992],[-79.116,40.3935],[-79.1287,40.3851],[-79.1216,40.3706],[-79.0996,40.3689],[-79.083,40.3896],[-79.0603,40.3796],[-79.0284,40.4047],[-79.0343,40.4098],[-79.0293,40.4193],[-78.9879,40.4115],[-78.9738,40.3954],[-79.0566,40.2786],[-79.1022,40.2323],[-79.103,40.2182],[-79.1262,40.2004],[-79.1267,40.1833],[-79.143,40.18],[-79.14,40.1639],[-79.1609,40.1611],[-79.1742,40.1206],[-79.1901,40.1095],[-79.1966,40.1185],[-79.2138,40.118],[-79.2267,40.0983],[-79.256,40.0885],[-79.2784,40.0502],[-79.2934,40.0403],[-79.3412,40.0429],[-79.3555,40.0743],[-79.4377,40.1159],[-79.4615,40.1441],[-79.5052,40.1406],[-79.527,40.1232],[-79.534,40.1286],[-79.5423,40.1119],[-79.5854,40.1021],[-79.593,40.0821],[-79.622,40.0945],[-79.6385,40.0829],[-79.6861,40.1139],[-79.707,40.1076],[-79.7224,40.1128],[-79.7244,40.1231],[-79.7444,40.1282],[-79.8166,40.1328],[-79.8779,40.127],[-79.9049,40.1548]]]}},{"type":"Feature","properties":{"county_fips":"45055","county_name":"Kershaw","state":"SC"},"geometry":{"type":"Polygon","coordinates":[[[-80.8792,34.4578],[-80.7433,34.5399],[-80.7377,34.5395],[-80.7456,34.5126],[-80.74,34.48],[-80.7136,34.4873],[-80.6982,34.516],[-80.6891,34.5153],[-80.6584,34.4786],[-80.6452,34.4837],[-80.6456,34.4915],[-80.6322,34.4914],[-80.6281,34.4824],[-80.6227,34.4915],[-80.6296,34.4912],[-80.6296,34.4987],[-80.6136,34.4999],[-80.6104,34.4888],[-80.5958,34.5021],[-80.5794,34.4846],[-80.5489,34.4933],[-80.544,34.5075],[-80.5303,34.5037],[-80.5239,34.5098],[-80.5507,34.56],[-80.4084,34.6148],[-80.3834,34.5922],[-80.3723,34.5468],[-80.3548,34.5311],[-80.3536,34.5209],[-80.3303,34.5095],[-80.3263,34.4374],[-80.3114,34.4243],[-80.3022,34.3998],[-80.2859,34.3941],[-80.284,34.3777],[-80.2869,34.3646],[-80.3251,34.3393],[-80.3638,34.3395],[-80.3658,34.3282],[-80.353,34.3033],[-80.382,34.3052],[-80.4374,34.2845],[-80.4241,34.2507],[-80.433,34.2489],[-80.4308,34.227],[-80.4452,34.206],[-80.4545,34.208],[-80.4646,34.1786],[-80.5801,34.0999],[-80.6185,34.1092],[-80.6162,34.0996],[-80.7036,34.081],[-80.7193,34.069],[-80.8691,34.1829],[-80.7699,34.3771],[-80.7836,34.3888],[-80.7832,34.4065],[-80.7935,34.4133],[-80.8332,34.4148],[-80.8792,34.4578]]]}},{"type":"Feature","properties":{"county_fips":"45027","county_name":"Clarendon","state":"SC"},"geometry":{"type":"Polygon","coordinates":[[[-80.5405,33.629],[-80.5283,33.6367],[-80.5341,33.6439],[-80.4976,33.6743],[-80.4787,33.7143],[-80.4544,33.7135],[-80.4493,33.7375],[-80.4309,33.7383],[-80.4259,33.7241],[-80.4344,33.7119],[-80.392,33.7156],[-80.3971,33.7678],[-80.2712,33.7863],[-80.2554,33.8041],[-80.1954,33.839],[-79.9746,33.9465],[-79.9459,33.886],[-79.8756,33.8852],[-79.9153,33.8186],[-79.9445,33.8102],[-79.9956,33.7679],[-79.9744,33.7216],[-79.9932,33.7045],[-80.1017,33.4969],[-80.1255,33.5024],[-80.1273,33.4933],[-80.1521,33.4854],[-80.1318,33.4634],[-80.1442,33.4641],[-80.1392,33.454],[-80.1522,33.4594],[-80.1507,33.4482],[-80.1615,33.4489],[-80.1627,33.4607],[-80.1734,33.4487],[-80.181,33.4546],[-80.1975,33.4436],[-80.1981,33.4516],[-80.2074,33.4526],[-80.204,33.4419],[-80.2224,33.4478],[-80.2359,33.4396],[-80.2399,33.4547],[-80.2679,33.4379],[-80.282,33.4484],[-80.3236,33.4312],[-80.3489,33.4302],[-80.3902,33.444],[-80.437,33.478],[-80.4391,33.502],[-80.46,33.5029],[-80.4564,33.5122],[-80.4677,33.5162],[-80.468,33.525],[-80.4473,33.5245],[-80.4475,33.5405],[-80.4554,33.5471],[-80.4684,33.5411],[-80.485,33.56],[-80.5045,33.5627],[-80.5161,33.5791],[-80.5022,33.5904],[-80.5198,33.5974],[-80.52,33.6142],[-80.5405,33.629]]]}},{"type":"Feature","properties":{"county_fips":"45017","county_name":"Calhoun","state":"SC"},"geometry":{"type":"Polygon","coordinates":[[[-81.0593,33.7654],[-81.0475,33.7894],[-81.0379,33.8709],[-81.0123,33.8801],[-80.9982,33.8768],[-81.0021,33.8631],[-80.9862,33.8575],[-80.9883,33.8498],[-80.9537,33.8427],[-80.9362,33.8264],[-80.9131,33.8329],[-80.9156,33.8114],[-80.8748,33.8155],[-80.8658,33.8027],[-80.8375,33.7939],[-80.8335,33.7855],[-80.8225,33.787],[-80.828,33.7762],[-80.8112,33.7797],[-80.783,33.7689],[-80.7849,33.761],[-80.7597,33.774],[-80.7473,33.7617],[-80.7516,33.7706],[-80.745,33.7764],[-80.7363,33.7674],[-80.7385,33.7564],[-80.7268,33.7683],[-80.7154,33.7605],[-80.7123,33.7712],[-80.7054,33.7598],[-80.6866,33.756],[-80.6547,33.7735],[-80.6564,33.7614],[-80.6404,33.7475],[-80.6209,33.745],[-80.6296,33.7389],[-80.6276,33.731],[-80.6153,33.7118],[-80.5931,33.7019],[-80.5903,33.6848],[-80.5624,33.6784],[-80.5655,33.6647],[-80.53,33.6411],[-80.5404,33.628],[-80.52,33.6142],[-80.5198,33.5974],[-80.5014,33.5881],[-80.5162,33.5769],[-80.4963,33.5585],[-80.5056,33.5526],[-80.5033,33.5358],[-80.5401,33.5618],[-80.5514,33.5587],[-80.5523,33.5654],[-80.6036,33.5554],[-80.6103,33.5507],[-80.5882,33.5386],[-80.6247,33.4989],[-80.6113,33.4704],[-80.659,33.471],[-80.694,33.506],[-80.6941,33.5219],[-80.8076,33.6041],[-80.8814,33.6197],[-80.9197,33.6055],[-80.9398,33.6088],[-80.9421,33.6419],[-80.9655,33.6253],[-81.0429,33.7071],[-80.9915,33.7321],[-80.9557,33.7378],[-80.9246,33.7569],[-80.9336,33.7648],[-80.9619,33.779],[-81.014,33.7812],[-81.0235,33.7635],[-81.0329,33.7641],[-81.0361,33.7452],[-81.0585,33.7471],[-81.0593,33.7654]]]}},{"type":"Feature","properties":{"county_fips":"51109","county_name":"Louisa","state":"VA"},"geometry":{"type":"Polygon","coordinates":[[[-78.3068,38.0065],[-78.254,38.0628],[-78.2094,38.1311],[-78.1714,38.1297],[-78.1443,38.143],[-78.1166,38.14],[-78.1017,38.1526],[-78.0479,38.1359],[-78.0022,38.1386],[-77.9803,38.1195],[-77.9167,38.1183],[-77.9018,38.1081],[-77.8884,38.1131],[-77.847,38.0984],[-77.8382,38.1062],[-77.8111,38.0797],[-77.7866,38.076],[-77.7842,38.0631],[-77.7685,38.0517],[-77.7452,38.0508],[-77.7482,38.0421],[-77.7409,38.0377],[-77.7479,38.0376],[-77.7469,38.0236],[-77.7323,38.0316],[-77.7313,38.0212],[-77.6875,38.0078],[-77.7968,37.7306],[-77.8183,37.7462],[-77.8592,37.7541],[-77.858,37.7595],[-77.8818,37.7572],[-77.9091,37.7763],[-77.8974,37.8046],[-77.9057,37.8087],[-77.9072,37.8219],[-77.9462,37.8432],[-77.9469,37.8526],[-77.9908,37.8575],[-77.9876,37.8646],[-77.9991,37.8739],[-78.0556,37.9048],[-78.193,37.9524],[-78.2302,37.9785],[-78.3068,38.0065]]]}},{"type":"Feature","properties":{"county_fips":"51061","county_name":"Fauquier","state":"VA"},"geometry":{"type":"Polygon","coordinates":[[[-78.1313,38.8675],[-78.1122,38.8803],[-78.0618,38.8919],[-78.0618,38.9002],[-78.0757,38.9094],[-78.064,38.9284],[-78.0416,38.9381],[-78.017,38.9712],[-77.9622,39.0137],[-77.6552,38.9427],[-77.6804,38.8932],[-77.6926,38.887],[-77.7027,38.8478],[-77.7157,38.8432],[-77.7157,38.8321],[-77.5313,38.5566],[-77.6328,38.4688],[-77.6282,38.4335],[-77.6349,38.4102],[-77.6904,38.427],[-77.7355,38.4131],[-77.7397,38.4247],[-77.76,38.4358],[-77.7613,38.4584],[-77.7767,38.4656],[-77.7819,38.4888],[-77.8011,38.5031],[-77.8137,38.5303],[-77.8389,38.5399],[-77.8772,38.5849],[-77.8624,38.5985],[-77.873,38.611],[-77.8599,38.6208],[-77.8805,38.6365],[-77.8717,38.6485],[-77.8841,38.6666],[-77.9013,38.6655],[-77.9026,38.6747],[-77.8919,38.6811],[-77.9029,38.6842],[-77.9095,38.6973],[-77.9543,38.6948],[-78.0151,38.7251],[-78.0062,38.7322],[-78.0191,38.7402],[-78.0164,38.754],[-78.0281,38.7575],[-78.0261,38.7766],[-78.0199,38.7783],[-78.0296,38.7867],[-78.0258,38.7958],[-78.0514,38.7992],[-78.055,38.8085],[-78.0997,38.8304],[-78.1313,38.8675]]]}},{"type":"Feature","properties":{"county_fips":"51009","county_name":"Amherst","state":"VA"},"geometry":{"type":"Polygon","coordinates":[[[-79.4369,37.6171],[-79.4018,37.626],[-79.3452,37.6606],[-79.3406,37.6786],[-79.3167,37.7034],[-79.3083,37.7341],[-79.2647,37.7947],[-79.2558,37.7934],[-79.2316,37.8132],[-79.2094,37.7892],[-79.1988,37.788],[-79.138,37.8141],[-79.1201,37.8014],[-79.1143,37.7864],[-79.0864,37.7873],[-79.0698,37.7768],[-79.0669,37.7191],[-79.0309,37.7026],[-78.9864,37.6977],[-78.9833,37.6826],[-78.9672,37.6773],[-78.9717,37.6705],[-78.8979,37.5439],[-78.8834,37.5506],[-78.8676,37.5447],[-78.8815,37.532],[-78.8984,37.5314],[-78.8929,37.5161],[-78.9199,37.499],[-78.9499,37.5031],[-78.9403,37.4843],[-79.0098,37.4459],[-79.017,37.4306],[-79.0431,37.4332],[-79.0464,37.4159],[-79.0709,37.4213],[-79.0607,37.3908],[-79.0679,37.3858],[-79.1062,37.4065],[-79.1143,37.3976],[-79.1268,37.4026],[-79.1436,37.4329],[-79.1466,37.4287],[-79.1751,37.4487],[-79.1895,37.4753],[-79.2095,37.4775],[-79.2236,37.4927],[-79.2195,37.505],[-79.2404,37.5062],[-79.2581,37.4942],[-79.2634,37.5091],[-79.2931,37.4994],[-79.3393,37.5166],[-79.365,37.5462],[-79.3803,37.5906],[-79.4045,37.6075],[-79.4311,37.6018],[-79.4369,37.6171]]]}},{"type":"Feature","properties":{"county_fips":"51161","county_name":"Roanoke","state":"VA"},"geometry":{"type":"Polygon","coordinates":[[[-80.2622,37.3415],[-80.2003,37.3784],[-80.1476,37.3825],[-80.0741,37.4225],[-80.0626,37.4083],[-79.8651,37.3284],[-79.8396,37.3004],[-79.8504,37.2951],[-79.8478,37.2785],[-79.8584,37.2672],[-79.8425,37.2303],[-79.852,37.2151],[-79.8826,37.2097],[-79.8939,37.1993],[-79.8951,37.1818],[-79.9118,37.177],[-79.9139,37.1652],[-79.9538,37.1395],[-79.9896,37.1434],[-79.9913,37.1528],[-80.0053,37.1575],[-80.0016,37.1673],[-80.0306,37.1748],[-80.0747,37.1572],[-80.086,37.162],[-80.1332,37.1193],[-80.1735,37.1091],[-80.1899,37.2334],[-80.2583,37.3084],[-80.2622,37.3415]],[[-80.1205,37.2871],[-80.105,37.2781],[-80.0885,37.2823],[-80.0745,37.2571],[-80.0648,37.2603],[-80.0512,37.2522],[-80.0335,37.2629],[-80.0371,37.2508],[-80.0288,37.2437],[-79.9982,37.2522],[-79.9944,37.2412],[-79.9826,37.2404],[-79.9814,37.2297],[-79.976,37.2368],[-79.955,37.212],[-79.9377,37.227],[-79.9264,37.223],[-79.9204,37.2403],[-79.9051,37.2446],[-79.9005,37.2576],[-79.9092,37.2608],[-79.9011,37.2648],[-79.9179,37.2804],[-79.8833,37.2938],[-79.8899,37.2843],[-79.8842,37.2837],[-79.8786,37.2919],[-79.8793,37.304],[-79.9055,37.3218],[-79.9192,37.3209],[-79.9181,37.3284],[-79.9293,37.32],[-79.9497,37.3263],[-79.959,37.3201],[-79.9669,37.3374],[-80.0222,37.3083],[-80.0336,37.3243],[-80.1205,37.2871]]]}},{"type":"Feature","properties":{"county_fips":"51175","county_name":"Southampton","state":"VA"},"geometry":{"type":"Polygon","coordinates":[[[-77.5019,36.6705],[-77.3448,36.7526],[-76.8491,36.9956],[-76.859,36.956],[-76.8448,36.9326],[-76.8314,36.9296],[-76.8357,36.9194],[-76.8156,36.9143],[-76.8149,36.9005],[-76.8273,36.8875],[-76.818,36.8806],[-76.8387,36.8668],[-76.8339,36.8629],[-76.8408,36.8558],[-76.8519,36.8537],[-76.8493,36.8463],[-76.8597,36.8357],[-76.8556,36.8272],[-76.8689,36.8084],[-76.8617,36.8006],[-76.8656,36.7896],[-76.885,36.7802],[-76.8846,36.7644],[-76.8983,36.762],[-76.8948,36.747],[-76.9154,36.7365],[-76.9226,36.7096],[-76.9524,36.7087],[-76.9694,36.6961],[-76.9665,36.6804],[-76.9474,36.6759],[-76.9623,36.6675],[-76.9004,36.6457],[-76.8913,36.6304],[-76.9123,36.6179],[-76.9095,36.5792],[-76.9203,36.5776],[-76.9309,36.5596],[-76.9157,36.5533],[-76.916,36.5438],[-77.2968,36.5447],[-77.3317,36.5578],[-77.3484,36.5506],[-77.3611,36.5651],[-77.3577,36.6008],[-77.3714,36.6072],[-77.3735,36.6296],[-77.386,36.6296],[-77.3865,36.6418],[-77.415,36.654],[-77.4633,36.6521],[-77.4776,36.6691],[-77.5019,36.6705]]]}},{"type":"Feature","properties":{"county_fips":"51113","county_name":"Madison","state":"VA"},"geometry":{"type":"Polygon","coordinates":[[[-78.45,38.4808],[-78.4414,38.4905],[-78.4468,38.4993],[-78.4363,38.5221],[-78.4428,38.5278],[-78.4302,38.5269],[-78.4074,38.5517],[-78.3808,38.5615],[-78.3832,38.5883],[-78.3382,38.6273],[-78.123,38.4403],[-78.119,38.4348],[-78.1265,38.4257],[-78.0961,38.4043],[-78.0918,38.3905],[-78.115,38.3832],[-78.1164,38.3591],[-78.1078,38.3438],[-78.0827,38.3278],[-78.1004,38.3188],[-78.1052,38.3121],[-78.0945,38.3112],[-78.0961,38.3017],[-78.1237,38.2788],[-78.1461,38.2762],[-78.1486,38.284],[-78.1585,38.2743],[-78.1525,38.2657],[-78.183,38.2677],[-78.1779,38.2542],[-78.2177,38.2422],[-78.2211,38.2301],[-78.2528,38.2345],[-78.2725,38.2515],[-78.2677,38.2637],[-78.2953,38.2769],[-78.3195,38.2688],[-78.3503,38.278],[-78.3485,38.2885],[-78.3665,38.2958],[-78.3576,38.3006],[-78.3658,38.3174],[-78.3831,38.3187],[-78.4276,38.3636],[-78.4236,38.3827],[-78.4408,38.4097],[-78.4351,38.4518],[-78.45,38.4808]]]}},{"type":"Feature","properties":{"county_fips":"54039","county_name":"Kanawha","state":"WV"},"geometry":{"type":"Polygon","coordinates":[[[-81.9152,38.3256],[-81.9002,38.3986],[-81.7233,38.468],[-81.7317,38.5036],[-81.7541,38.5241],[-81.7472,38.5536],[-81.7557,38.5818],[-81.6963,38.6264],[-81.6328,38.5544],[-81.5782,38.5771],[-81.5222,38.6127],[-81.5075,38.5827],[-81.4717,38.5463],[-81.3493,38.5413],[-81.3035,38.5348],[-81.2743,38.5218],[-81.2206,38.5318],[-81.1941,38.5276],[-81.2839,38.472],[-81.2315,38.2634],[-81.3149,38.1806],[-81.3293,38.1824],[-81.3808,37.9691],[-81.3866,37.9672],[-81.4114,37.9743],[-81.4385,37.968],[-81.4591,37.9791],[-81.4537,37.9927],[-81.4684,38.0157],[-81.4604,38.0301],[-81.4762,38.0475],[-81.4744,38.0556],[-81.4915,38.0679],[-81.516,38.0637],[-81.5396,38.079],[-81.5341,38.0968],[-81.5215,38.1005],[-81.5159,38.1126],[-81.5464,38.1198],[-81.5391,38.131],[-81.5452,38.1379],[-81.5813,38.1437],[-81.5993,38.1618],[-81.5958,38.1671],[-81.6067,38.1701],[-81.602,38.1762],[-81.6419,38.1763],[-81.6525,38.2035],[-81.6431,38.2107],[-81.6439,38.2208],[-81.687,38.2181],[-81.7058,38.2271],[-81.7258,38.2212],[-81.7244,38.2056],[-81.737,38.1982],[-81.7533,38.2029],[-81.7646,38.2275],[-81.7839,38.2306],[-81.7896,38.2097],[-81.8113,38.208],[-81.8145,38.1942],[-81.802,38.1784],[-81.8185,38.1847],[-81.8364,38.2186],[-81.8183,38.2175],[-81.8216,38.2289],[-81.8015,38.2225],[-81.8208,38.2427],[-81.803,38.2492],[-81.8105,38.257],[-81.8021,38.2617],[-81.8128,38.3114],[-81.8306,38.3225],[-81.8466,38.3133],[-81.8858,38.3147],[-81.9152,38.3256]]]}},{"type":"Feature","properties":{"county_fips":"54025","county_name":"Greenbrier","state":"WV"},"geometry":{"type":"Polygon","coordinates":[[[-80.8934,38.082],[-80.8834,38.0841],[-80.8822,38.1035],[-80.712,38.0791],[-80.4365,38.2673],[-80.36,38.2258],[-80.3633,38.1144],[-80.2647,38.0466],[-80.1692,38.0361],[-80.1069,38.0558],[-79.9598,38.0637],[-80.0025,37.9928],[-80.1029,37.9189],[-80.1177,37.8977],[-80.1622,37.8751],[-80.1831,37.8506],[-80.1794,37.8398],[-80.2271,37.7989],[-80.2295,37.7923],[-80.2157,37.7775],[-80.2305,37.7783],[-80.2504,37.7658],[-80.2628,37.7383],[-80.2522,37.7273],[-80.2871,37.6964],[-80.3363,37.6876],[-80.3479,37.694],[-80.3398,37.7043],[-80.3517,37.7088],[-80.3617,37.6896],[-80.3778,37.686],[-80.3853,37.6928],[-80.3808,37.7073],[-80.3934,37.7022],[-80.3946,37.7169],[-80.4507,37.6839],[-80.4741,37.6969],[-80.5067,37.6912],[-80.6633,37.7317],[-80.6682,37.763],[-80.7514,37.8358],[-80.8063,37.8689],[-80.7489,37.8651],[-80.8109,37.9491],[-80.7699,37.9853],[-80.7889,37.9924],[-80.786,38.0062],[-80.7984,38.0263],[-80.8283,38.0317],[-80.8295,38.0435],[-80.8125,38.0471],[-80.8143,38.0554],[-80.7998,38.063],[-80.8281,38.0629],[-80.8374,38.0531],[-80.8618,38.0568],[-80.8934,38.082]]]}},{"type":"Feature","properties":{"county_fips":"12075","county_name":"Levy","state":"FL"},"geometry":{"type":"MultiPolygon","coordinates":[[[[-83.0345,29.1218],[-83.0278,29.127],[-83.024,29.1193],[-83.0345,29.1218]]],[[[-83.034,29.0955],[-83.0307,29.099],[-83.0259,29.0963],[-83.034,29.0955]]],[[[-83.076,29.1016],[-83.0618,29.1025],[-83.0599,29.0997],[-83.0654,29.0956],[-83.076,29.1016]]],[[[-83.0934,29.1318],[-83.0826,29.1289],[-83.0857,29.1202],[-83.0903,29.1187],[-83.0934,29.1318]]],[[[-83.1648,29.2892],[-83.142,29.3226],[-83.1129,29.3181],[-83.0988,29.3369],[-83.0904,29.3328],[-83.0617,29.3484],[-83.0721,29.3539],[-83.0622,29.3642],[-83.0647,29.374],[-83.0233,29.3986],[-83.0269,29.4189],[-83.0161,29.4227],[-83.0212,29.4312],[-82.9998,29.4633],[-82.9849,29.4691],[-82.9829,29.5154],[-82.9694,29.5223],[-82.9773,29.5399],[-82.9479,29.5575],[-82.9373,29.5912],[-82.7729,29.5849],[-82.773,29.5776],[-82.7569,29.5777],[-82.7565,29.5625],[-82.6563,29.5648],[-82.6563,29.5356],[-82.5571,29.5375],[-82.5568,29.4801],[-82.4066,29.485],[-82.4032,29.2156],[-82.5349,29.2147],[-82.5356,29.0449],[-82.577,29.0281],[-82.5966,29.0292],[-82.6075,29.0104],[-82.7028,29.0328],[-82.7606,28.9931],[-82.7535,29.0265],[-82.7616,29.0516],[-82.8049,29.0543],[-82.7835,29.0693],[-82.8169,29.0762],[-82.8146,29.0871],[-82.8237,29.0989],[-82.8018,29.1166],[-82.8139,29.1625],[-82.8342,29.1549],[-82.9948,29.1752],[-83.0032,29.1573],[-83.0166,29.1505],[-83.0164,29.1386],[-83.0414,29.1376],[-83.0532,29.1267],[-83.0569,29.1463],[-83.0647,29.1424],[-83.0682,29.1531],[-83.0677,29.1789],[-83.0878,29.2164],[-83.0773,29.2553],[-83.0972,29.2723],[-83.1515,29.292],[-83.1648,29.2892]]]]}},{"type":"Feature","properties":{"county_fips":"12086","county_name":"Miami-Dade","state":"FL"},"geometry":{"type":"MultiPolygon","coordinates":[[[[-80.1771,25.5217],[-80.174,25.5254],[-80.1727,25.5221],[-80.1771,25.5217]]],[[[-80.2586,25.3596],[-80.2554,25.3807],[-80.2366,25.3893],[-80.2495,25.395],[-80.2348,25.394],[-80.2353,25.4013],[-80.2092,25.4144],[-80.212,25.4281],[-80.1814,25.4906],[-80.1897,25.5041],[-80.1757,25.5177],[-80.1767,25.4859],[-80.2038,25.4145],[-80.2314,25.3874],[-80.2393,25.3506],[-80.2503,25.3448],[-80.2586,25.3596]]],[[[-80.3035,25.3801],[-80.2982,25.3822],[-80.2937,25.3855],[-80.295,25.3767],[-80.3035,25.3801]]],[[[-80.302,25.403],[-80.3002,25.4067],[-80.2997,25.4054],[-80.302,25.403]]],[[[-80.6144,25.1758],[-80.6215,25.1837],[-80.6098,25.1824],[-80.6144,25.1758]]],[[[-80.8732,25.364],[-80.8729,25.9794],[-80.68,25.9787],[-80.68,25.9569],[-80.295,25.9568],[-80.2951,25.9706],[-80.1179,25.9752],[-80.121,25.8132],[-80.1308,25.7644],[-80.1594,25.733],[-80.1476,25.7235],[-80.1559,25.6985],[-80.1529,25.6716],[-80.1594,25.6662],[-80.1773,25.6866],[-80.1669,25.7011],[-80.1724,25.7096],[-80.1543,25.7232],[-80.1751,25.7445],[-80.2026,25.7482],[-80.2331,25.7317],[-80.2491,25.7134],[-80.2451,25.6984],[-80.272,25.6392],[-80.2863,25.6201],[-80.3054,25.6159],[-80.3027,25.5695],[-80.3134,25.5374],[-80.3304,25.5307],[-80.3405,25.4922],[-80.3369,25.4562],[-80.3204,25.4372],[-80.3279,25.3968],[-80.3054,25.3877],[-80.3423,25.3233],[-80.3706,25.3232],[-80.3791,25.2883],[-80.3859,25.2911],[-80.3981,25.2768],[-80.3979,25.2535],[-80.411,25.2535],[-80.4189,25.2363],[-80.436,25.2358],[-80.4431,25.2443],[-80.4828,25.2248],[-80.4936,25.2273],[-80.4949,25.216],[-80.487,25.2123],[-80.5008,25.2116],[-80.498,25.1999],[-80.5193,25.2226],[-80.5392,25.2149],[-80.5391,25.2044],[-80.5489,25.2144],[-80.5628,25.2123],[-80.559,25.1996],[-80.5655,25.1929],[-80.5776,25.2012],[-80.5703,25.1987],[-80.5633,25.2074],[-80.5796,25.2121],[-80.5834,25.2011],[-80.6092,25.1837],[-80.605,25.2035],[-80.6389,25.1907],[-80.6522,25.1928],[-80.664,25.1767],[-80.6373,25.1783],[-80.6341,25.1765],[-80.6469,25.1728],[-80.6526,25.1459],[-80.6737,25.1383],[-80.6533,25.1645],[-80.6698,25.1672],[-80.671,25.1745],[-80.6778,25.1643],[-80.6783,25.1747],[-80.6981,25.1634],[-80.7042,25.1408],[-80.7179,25.156],[-80.7267,25.1529],[-80.7231,25.1625],[-80.7323,25.1676],[-80.7303,25.1598],[-80.7459,25.1657],[-80.7474,25.158],[-80.7227,25.1454],[-80.7423,25.1425],[-80.7574,25.161],[-80.7689,25.1623],[-80.7695,25.145],[-80.7768,25.1381],[-80.772,25.1486],[-80.7832,25.1659],[-80.7972,25.1594],[-80.8005,25.143],[-80.798,25.1818],[-80.8146,25.1827],[-80.8099,25.1689],[-80.8264,25.1606],[-80.8389,25.1759],[-80.8579,25.1766],[-80.8622,25.3642],[-80.8732,25.364]]]]}},{"type":"Feature","properties":{"county_fips":"13051","county_name":"Chatham","state":"GA"},"geometry":{"type":"Polygon","coordinates":[[[-81.3917,32.0959],[-81.1957,32.2375],[-81.1452,32.2266],[-81.1522,32.2223],[-81.1384,32.2193],[-81.1221,32.1955],[-81.114,32.1954],[-81.1216,32.1922],[-81.1205,32.1783],[-81.1111,32.1727],[-81.1212,32.1749],[-81.1297,32.1659],[-81.1122,32.1508],[-81.1199,32.134],[-81.1154,32.1147],[-81.0912,32.1109],[-81.0883,32.0999],[-81.0381,32.0837],[-81.0043,32.1024],[-80.9835,32.0795],[-80.9539,32.0701],[-80.9251,32.0419],[-80.8907,32.0307],[-80.876,32.0168],[-80.8527,32.0288],[-80.8435,32.0236],[-80.8404,32.003],[-80.8628,31.9693],[-80.8977,31.9491],[-80.928,31.9385],[-80.9325,31.9619],[-80.9427,31.9637],[-80.9843,31.9401],[-80.9685,31.9158],[-80.9301,31.9081],[-80.9927,31.8576],[-81.0415,31.8762],[-81.0653,31.8771],[-81.0591,31.8501],[-81.0758,31.829],[-81.0523,31.819],[-81.0398,31.823],[-81.0359,31.8104],[-81.0792,31.7627],[-81.1384,31.7209],[-81.1547,31.7262],[-81.1564,31.7423],[-81.1733,31.7572],[-81.161,31.7855],[-81.1812,31.7956],[-81.177,31.8161],[-81.1616,31.8211],[-81.1383,31.8552],[-81.1551,31.8643],[-81.1612,31.8876],[-81.1734,31.8998],[-81.2223,31.8904],[-81.1937,31.9089],[-81.1938,31.9214],[-81.2111,31.9193],[-81.2356,31.8877],[-81.2431,31.8923],[-81.2353,31.9101],[-81.2635,31.9081],[-81.258,31.9267],[-81.273,31.925],[-81.2731,31.9413],[-81.288,31.9441],[-81.2886,31.9772],[-81.3089,31.9823],[-81.3044,32.0007],[-81.3149,32.0114],[-81.3219,32.0074],[-81.3183,32.0155],[-81.3357,32.022],[-81.3383,32.0329],[-81.368,32.0485],[-81.3752,32.0667],[-81.3689,32.069],[-81.3847,32.0795],[-81.3917,32.0959]]]}},{"type":"Feature","properties":{"county_fips":"13245","county_name":"Richmond","state":"GA"},"geometry":{"type":"Polygon","coordinates":[[[-82.3503,33.3148],[-82.0282,33.5449],[-82.0013,33.5201],[-81.9859,33.4865],[-81.9294,33.4658],[-81.9135,33.4413],[-81.9323,33.4266],[-81.9108,33.415],[-81.9124,33.4081],[-81.9248,33.4124],[-81.9456,33.4058],[-81.9248,33.3741],[-81.9463,33.3706],[-81.9353,33.3568],[-81.9397,33.3449],[-81.9193,33.3403],[-81.9089,33.3463],[-81.9189,33.335],[-81.9081,33.3271],[-81.9137,33.32],[-81.9061,33.3216],[-81.902,33.3359],[-81.8986,33.3229],[-81.8892,33.3211],[-81.8925,33.3153],[-81.8825,33.317],[-81.8812,33.3025],[-81.8692,33.3138],[-81.8639,33.302],[-81.8561,33.3099],[-81.8476,33.3071],[-81.8487,33.2967],[-81.86,33.2991],[-81.8633,33.2892],[-81.8325,33.2756],[-81.836,33.2635],[-81.8283,33.263],[-81.8344,33.2584],[-81.8469,33.2666],[-81.84,33.2546],[-81.8561,33.2458],[-81.886,33.2619],[-81.9244,33.2569],[-81.9789,33.2272],[-82.06,33.2426],[-82.0926,33.2301],[-82.1253,33.2497],[-82.1337,33.2759],[-82.1651,33.296],[-82.2735,33.2676],[-82.296,33.2766],[-82.3115,33.2971],[-82.3503,33.3148]]]}},{"type":"Feature","properties":{"county_fips":"37167","county_name":"Stanly","state":"NC"},"geometry":{"type":"Polygon","coordinates":[[[-80.5059,35.1933],[-80.4829,35.2133],[-80.2954,35.5029],[-80.1826,35.5042],[-80.177,35.4868],[-80.1617,35.4752],[-80.1399,35.4751],[-80.1099,35.461],[-80.1087,35.4451],[-80.0975,35.4381],[-80.1005,35.4299],[-80.0901,35.4156],[-80.0937,35.402],[-80.0661,35.3895],[-80.0512,35.3715],[-80.0654,35.3605],[-80.0663,35.3406],[-80.0819,35.3215],[-80.0984,35.2581],[-80.0908,35.236],[-80.0698,35.2183],[-80.0533,35.1786],[-80.0754,35.1431],[-80.1073,35.1733],[-80.1148,35.1943],[-80.1291,35.1876],[-80.1242,35.1753],[-80.1362,35.1675],[-80.1578,35.1728],[-80.1676,35.1622],[-80.1609,35.1487],[-80.1906,35.1555],[-80.197,35.1665],[-80.2085,35.1558],[-80.225,35.1562],[-80.2531,35.2109],[-80.284,35.1924],[-80.2967,35.1934],[-80.3217,35.1731],[-80.3404,35.1741],[-80.3576,35.1649],[-80.371,35.1797],[-80.3883,35.1659],[-80.4115,35.1633],[-80.4193,35.1729],[-80.4399,35.161],[-80.4704,35.1673],[-80.4811,35.1801],[-80.4884,35.1755],[-80.5036,35.1817],[-80.5059,35.1933]]]}},{"type":"Feature","properties":{"county_fips":"37007","county_name":"Anson","state":"NC"},"geometry":{"type":"Polygon","coordinates":[[[-80.3208,34.8141],[-80.2768,35.1957],[-80.2559,35.2111],[-80.225,35.1562],[-80.2085,35.1558],[-80.197,35.1665],[-80.1728,35.1478],[-80.1599,35.1497],[-80.1676,35.1622],[-80.1559,35.1745],[-80.1362,35.1675],[-80.1242,35.1753],[-80.1278,35.189],[-80.1116,35.1933],[-80.1073,35.1733],[-80.0777,35.1476],[-80.0682,35.112],[-80.0244,35.0904],[-79.9929,35.0856],[-79.9585,35.1137],[-79.9252,35.1165],[-79.9125,35.0961],[-79.9102,35.069],[-79.8767,35.0445],[-79.9006,35.0057],[-79.8648,34.98],[-79.8723,34.9504],[-79.8485,34.9043],[-79.8658,34.8794],[-79.903,34.8545],[-79.9138,34.8189],[-79.9274,34.8066],[-80.3208,34.8141]]]}},{"type":"Feature","properties":{"county_fips":"37155","county_name":"Robeson","state":"NC"},"geometry":{"type":"Polygon","coordinates":[[[-79.4615,34.6304],[-79.3317,34.773],[-79.3576,34.8203],[-79.3488,34.8389],[-79.1914,34.8337],[-79.0387,34.9527],[-78.9408,34.9034],[-78.9223,34.8755],[-78.927,34.864],[-78.8924,34.8138],[-78.8836,34.8124],[-78.8544,34.7357],[-78.8054,34.6866],[-78.8094,34.6683],[-78.8192,34.6626],[-78.8136,34.6519],[-78.8344,34.6216],[-78.8315,34.6088],[-78.8412,34.5974],[-78.8361,34.5935],[-78.8627,34.562],[-78.853,34.5278],[-78.857,34.5151],[-78.8444,34.5081],[-78.8464,34.5002],[-78.8634,34.498],[-78.8697,34.4824],[-78.9074,34.4557],[-78.9374,34.4551],[-78.9599,34.4428],[-78.9711,34.4277],[-78.9682,34.3973],[-78.9776,34.3903],[-78.995,34.3926],[-79.0116,34.3803],[-79.0008,34.3647],[-79.009,34.353],[-79.0272,34.3529],[-79.0383,34.3135],[-79.0529,34.3146],[-79.0712,34.2993],[-79.4615,34.6304]]]}},{"type":"Feature","properties":{"county_fips":"23031","county_name":"York","state":"ME"},"geometry":{"type":"MultiPolygon","coordinates":[[[[-70.6078,42.9778],[-70.6124,42.9918],[-70.6013,42.9811],[-70.6078,42.9778]]],[[[-70.989,43.7922],[-70.9575,43.7851],[-70.8807,43.8109],[-70.8613,43.8047],[-70.814,43.8114],[-70.7969,43.8063],[-70.7878,43.8143],[-70.7661,43.7924],[-70.7453,43.788],[-70.6952,43.8052],[-70.6738,43.7884],[-70.6699,43.7942],[-70.653,43.7875],[-70.6498,43.7684],[-70.6563,43.7643],[-70.643,43.7522],[-70.6574,43.7015],[-70.628,43.7041],[-70.6145,43.6983],[-70.6121,43.6871],[-70.5953,43.6972],[-70.5774,43.6872],[-70.55,43.7158],[-70.4577,43.6424],[-70.492,43.6068],[-70.3534,43.5354],[-70.3849,43.496],[-70.3829,43.4697],[-70.3674,43.4523],[-70.3273,43.4585],[-70.3328,43.4464],[-70.3705,43.4341],[-70.3979,43.3942],[-70.4076,43.4009],[-70.4277,43.3893],[-70.4163,43.3611],[-70.4658,43.3408],[-70.4743,43.3471],[-70.5177,43.344],[-70.5539,43.3219],[-70.5939,43.2493],[-70.5758,43.2219],[-70.6088,43.1756],[-70.5904,43.1652],[-70.619,43.1636],[-70.6225,43.1346],[-70.6321,43.1332],[-70.6384,43.1142],[-70.6731,43.0703],[-70.7038,43.0598],[-70.7065,43.0753],[-70.7564,43.08],[-70.8268,43.1271],[-70.8338,43.1469],[-70.8235,43.1746],[-70.8283,43.1867],[-70.8193,43.193],[-70.8096,43.2254],[-70.8179,43.2379],[-70.8387,43.2429],[-70.8433,43.2543],[-70.8828,43.2732],[-70.8992,43.2875],[-70.8963,43.2921],[-70.906,43.2917],[-70.9023,43.3049],[-70.9327,43.3368],[-70.953,43.3333],[-70.9672,43.3438],[-70.9843,43.3761],[-70.9868,43.4143],[-70.9612,43.4383],[-70.9669,43.4505],[-70.9614,43.4697],[-70.9742,43.4774],[-70.9548,43.5098],[-70.9635,43.5368],[-70.9508,43.551],[-70.9727,43.5703],[-70.989,43.7922]]]]}},{"type":"Feature","properties":{"county_fips":"24041","county_name":"Talbot","state":"MD"},"geometry":{"type":"MultiPolygon","coordinates":[[[[-76.3465,38.692],[-76.3385,38.7223],[-76.3424,38.7509],[-76.3287,38.7664],[-76.3346,38.7729],[-76.3243,38.7751],[-76.3101,38.7968],[-76.3022,38.8252],[-76.2774,38.8314],[-76.2794,38.8412],[-76.255,38.8623],[-76.2513,38.8576],[-76.2658,38.8475],[-76.2492,38.8239],[-76.2421,38.8174],[-76.2294,38.8214],[-76.2115,38.8055],[-76.2164,38.7867],[-76.182,38.7565],[-76.1657,38.7586],[-76.1553,38.7723],[-76.173,38.7703],[-76.2003,38.803],[-76.1911,38.8297],[-76.2017,38.8481],[-76.1924,38.8638],[-76.1822,38.8586],[-76.1699,38.8656],[-76.1625,38.881],[-76.128,38.876],[-76.1035,38.8823],[-76.1155,38.9137],[-76.097,38.9443],[-75.9443,38.9165],[-75.9486,38.8922],[-75.9405,38.8846],[-75.9515,38.8802],[-75.9376,38.8798],[-75.9431,38.8705],[-75.9243,38.8604],[-75.9304,38.8509],[-75.919,38.8461],[-75.9278,38.8389],[-75.9013,38.8247],[-75.9065,38.8197],[-75.8963,38.8125],[-75.928,38.7992],[-75.9495,38.7784],[-75.9671,38.7793],[-75.9764,38.7655],[-75.9989,38.7556],[-75.9954,38.7367],[-76.0132,38.7333],[-76.0144,38.7265],[-75.9942,38.7092],[-75.993,38.6967],[-75.9768,38.6978],[-75.9704,38.6831],[-75.9452,38.6741],[-75.9579,38.648],[-75.9835,38.6251],[-75.9809,38.6101],[-75.9906,38.5933],[-76.0277,38.5724],[-76.0529,38.5941],[-76.0534,38.6038],[-76.0837,38.6166],[-76.0831,38.6235],[-76.1063,38.623],[-76.1108,38.6127],[-76.131,38.6379],[-76.1472,38.6368],[-76.1556,38.6581],[-76.1773,38.676],[-76.1772,38.693],[-76.1871,38.6935],[-76.1977,38.6711],[-76.2128,38.6819],[-76.2134,38.6924],[-76.2387,38.7128],[-76.2293,38.7279],[-76.2382,38.7369],[-76.2293,38.7392],[-76.2153,38.7285],[-76.2055,38.7392],[-76.2246,38.7513],[-76.2246,38.7604],[-76.2361,38.7634],[-76.2443,38.7495],[-76.2548,38.7492],[-76.2719,38.7102],[-76.2842,38.7207],[-76.2992,38.7193],[-76.2966,38.7459],[-76.3134,38.7491],[-76.3249,38.7401],[-76.3128,38.7307],[-76.334,38.7031],[-76.3219,38.6895],[-76.3232,38.6797],[-76.3382,38.6776],[-76.3397,38.6706],[-76.3465,38.692]]],[[[-76.3907,38.7663],[-76.3752,38.7826],[-76.3633,38.7466],[-76.3836,38.7455],[-76.3907,38.7663]]]]}},{"type":"Feature","properties":{"county_fips":"24037","county_name":"St. Mary's","state":"MD"},"geometry":{"type":"MultiPolygon","coordinates":[[[[-76.7475,38.2121],[-76.7423,38.209],[-76.745,38.2072],[-76.7475,38.2121]]],[[[-76.7931,38.2352],[-76.7941,38.2392],[-76.7898,38.2384],[-76.7931,38.2352]]],[[[-76.81,38.2504],[-76.8109,38.2529],[-76.8089,38.2509],[-76.81,38.2504]]],[[[-76.8737,38.3852],[-76.8503,38.3983],[-76.8227,38.4284],[-76.7683,38.5129],[-76.7143,38.5104],[-76.6936,38.4962],[-76.6741,38.4996],[-76.6521,38.4738],[-76.6539,38.4634],[-76.6084,38.4244],[-76.5656,38.4071],[-76.5584,38.3959],[-76.5341,38.3978],[-76.5004,38.3716],[-76.4841,38.3481],[-76.489,38.3272],[-76.472,38.325],[-76.4763,38.3135],[-76.4592,38.2944],[-76.4351,38.2927],[-76.4227,38.3048],[-76.4001,38.3095],[-76.375,38.2994],[-76.3942,38.2782],[-76.3993,38.2593],[-76.3852,38.2178],[-76.3201,38.1383],[-76.3413,38.1193],[-76.3222,38.0379],[-76.3302,38.0512],[-76.3612,38.0595],[-76.3923,38.1029],[-76.4212,38.106],[-76.4376,38.1361],[-76.4389,38.1608],[-76.4697,38.1534],[-76.461,38.1354],[-76.4698,38.1193],[-76.4655,38.1066],[-76.4733,38.103],[-76.5021,38.1389],[-76.5299,38.1341],[-76.553,38.1872],[-76.5943,38.2158],[-76.686,38.2328],[-76.6871,38.2413],[-76.7199,38.2332],[-76.7321,38.246],[-76.7523,38.2221],[-76.7786,38.2285],[-76.7778,38.2429],[-76.8059,38.2523],[-76.809,38.269],[-76.8023,38.2807],[-76.8249,38.3012],[-76.8327,38.3301],[-76.8416,38.3368],[-76.8271,38.3474],[-76.8479,38.3554],[-76.8499,38.3658],[-76.8737,38.3852]]]]}},{"type":"Feature","properties":{"county_fips":"37129","county_name":"New Hanover","state":"NC"},"geometry":{"type":"Polygon","coordinates":[[[-78.0299,34.3318],[-77.9932,34.3368],[-77.978,34.3574],[-77.9881,34.3639],[-77.987,34.3721],[-77.9628,34.3826],[-77.9578,34.3686],[-77.9404,34.37],[-77.9354,34.358],[-77.9345,34.3666],[-77.9288,34.3615],[-77.9178,34.3755],[-77.9006,34.378],[-77.8979,34.3647],[-77.8884,34.3641],[-77.823,34.3894],[-77.8047,34.3767],[-77.8151,34.367],[-77.8127,34.359],[-77.752,34.3033],[-77.7414,34.3015],[-77.7398,34.2932],[-77.7106,34.2977],[-77.7753,34.2333],[-77.839,34.1479],[-77.871,34.0838],[-77.8795,34.0806],[-77.8804,34.0607],[-77.9372,33.9292],[-77.9485,33.9713],[-77.9362,34.0046],[-77.9311,34.0589],[-77.9369,34.1228],[-77.9586,34.1738],[-77.9566,34.2345],[-77.9685,34.2423],[-77.9678,34.2521],[-77.9731,34.2472],[-77.9875,34.2683],[-78.002,34.2731],[-77.9902,34.2817],[-78.0048,34.2805],[-78.0059,34.2889],[-78.0159,34.2903],[-78.0062,34.3195],[-78.0262,34.3181],[-78.0299,34.3318]]]}},{"type":"Feature","properties":{"county_fips":"37141","county_name":"Pender","state":"NC"},"geometry":{"type":"Polygon","coordinates":[[[-78.2722,34.5384],[-78.1565,34.6791],[-78.1135,34.7072],[-78.114,34.7218],[-78.1024,34.7254],[-78.0307,34.7248],[-78.0127,34.7326],[-77.9812,34.714],[-77.9614,34.7199],[-77.952,34.7147],[-77.938,34.7232],[-77.6801,34.7206],[-77.5759,34.4764],[-77.5412,34.465],[-77.5184,34.4409],[-77.7248,34.2929],[-77.7398,34.2932],[-77.7414,34.3015],[-77.752,34.3033],[-77.8127,34.359],[-77.8151,34.367],[-77.8047,34.3767],[-77.823,34.3894],[-77.8884,34.3641],[-77.8979,34.3647],[-77.9006,34.378],[-77.9178,34.3755],[-77.9288,34.3615],[-77.9345,34.3666],[-77.9354,34.358],[-77.9404,34.37],[-77.9578,34.3686],[-77.9628,34.3826],[-77.987,34.3721],[-77.9881,34.3639],[-77.978,34.3574],[-77.9932,34.3368],[-78.0467,34.3304],[-78.0582,34.344],[-78.0593,34.3379],[-78.0783,34.3389],[-78.0788,34.3539],[-78.1028,34.355],[-78.1221,34.3684],[-78.1373,34.3717],[-78.1738,34.3519],[-78.1962,34.3525],[-78.2102,34.358],[-78.2116,34.3694],[-78.2292,34.379],[-78.2357,34.3747],[-78.2561,34.3995],[-78.1765,34.4654],[-78.2029,34.4756],[-78.207,34.4874],[-78.2356,34.4925],[-78.2524,34.5047],[-78.2541,34.5198],[-78.2639,34.5196],[-78.2722,34.5384]]]}},{"type":"Feature","properties":{"county_fips":"37133","county_name":"Onslow","state":"NC"},"geometry":{"type":"MultiPolygon","coordinates":[[[[-77.1692,34.6224],[-77.1212,34.648],[-77.1104,34.6451],[-77.1692,34.6224]]],[[[-77.2269,34.5967],[-77.2024,34.6128],[-77.1795,34.6204],[-77.2269,34.5967]]],[[[-77.6801,34.7206],[-77.677,34.7996],[-77.6511,34.9235],[-77.6534,34.9405],[-77.6801,34.9711],[-77.639,34.9845],[-77.5028,34.9696],[-77.3668,34.9087],[-77.3633,34.9255],[-77.3316,34.9391],[-77.2674,34.9255],[-77.2602,34.9096],[-77.2374,34.9],[-77.2342,34.8863],[-77.2224,34.8871],[-77.202,34.8348],[-77.1813,34.8362],[-77.1958,34.8094],[-77.1711,34.7907],[-77.1727,34.7806],[-77.166,34.785],[-77.1657,34.7793],[-77.1574,34.7808],[-77.1603,34.7746],[-77.1533,34.7762],[-77.1578,34.7659],[-77.1256,34.7567],[-77.1052,34.6947],[-77.1133,34.683],[-77.1259,34.6852],[-77.1362,34.6783],[-77.1336,34.6728],[-77.1546,34.6679],[-77.1634,34.6537],[-77.2047,34.6343],[-77.2424,34.6],[-77.2337,34.593],[-77.307,34.5451],[-77.5184,34.4409],[-77.5412,34.465],[-77.5759,34.4764],[-77.6801,34.7206]]]]}},{"type":"Feature","properties":{"county_fips":"37049","county_name":"Craven","state":"NC"},"geometry":{"type":"Polygon","coordinates":[[[-77.4733,35.2311],[-77.427,35.2559],[-77.4496,35.2995],[-77.4311,35.313],[-77.4313,35.3298],[-77.4105,35.3319],[-77.4109,35.3378],[-77.3952,35.343],[-77.3504,35.3284],[-77.2943,35.3791],[-77.2693,35.3692],[-77.2661,35.3536],[-77.2487,35.3543],[-77.2382,35.3618],[-77.2396,35.3814],[-77.2271,35.3998],[-77.2016,35.3987],[-77.1891,35.4184],[-76.9588,35.301],[-76.8959,35.2539],[-76.9062,35.2359],[-76.9326,35.2303],[-76.9446,35.2108],[-76.9595,35.2028],[-76.9705,35.1619],[-76.9875,35.1543],[-76.9759,35.1337],[-76.942,35.1155],[-76.9311,35.1172],[-76.9402,35.103],[-76.9333,35.0802],[-76.9429,35.0514],[-76.9876,35.0656],[-77.0104,35.1012],[-77.0189,35.1027],[-77.0304,35.1331],[-77.0539,35.1474],[-77.0615,35.1441],[-77.0346,35.1112],[-77.0339,35.0922],[-76.9893,35.0438],[-76.9705,34.9973],[-76.8892,34.9482],[-76.8683,34.9476],[-76.8478,34.9363],[-76.8112,34.9392],[-76.7608,34.9159],[-76.7454,34.9223],[-76.7456,34.9303],[-76.7266,34.9279],[-76.7076,34.9542],[-76.6772,34.9577],[-76.6526,34.9376],[-76.6606,34.9156],[-76.6863,34.8954],[-76.693,34.8692],[-76.758,34.8463],[-76.8831,34.8449],[-76.8823,34.8367],[-76.9548,34.8245],[-76.9544,34.8091],[-77.0783,34.8113],[-77.0472,34.8364],[-77.1089,34.8308],[-77.0989,35.0267],[-77.1102,35.0455],[-77.1096,35.0685],[-77.1305,35.0723],[-77.1483,35.0547],[-77.1645,35.0655],[-77.1684,35.0606],[-77.1806,35.0552],[-77.1739,35.0591],[-77.1894,35.0667],[-77.1877,35.0811],[-77.4733,35.2311]]]}},{"type":"Feature","properties":{"county_fips":"37177","county_name":"Tyrrell","state":"NC"},"geometry":{"type":"Polygon","coordinates":[[[-76.4056,35.7863],[-76.3536,35.8613],[-76.38,35.9147],[-76.3534,35.9407],[-76.3254,35.9386],[-76.2717,35.9723],[-76.1705,35.9945],[-76.0625,35.9907],[-76.0114,35.9542],[-76.0205,35.9325],[-76.0128,35.9219],[-76.0285,35.9107],[-76.0454,35.8845],[-76.046,35.8703],[-76.0632,35.8534],[-76.0635,35.824],[-76.0505,35.8067],[-76.0559,35.7602],[-76.0483,35.7371],[-76.0601,35.7087],[-76.0364,35.6884],[-76.0451,35.6656],[-76.0611,35.6752],[-76.0967,35.6696],[-76.1202,35.6806],[-76.1183,35.6919],[-76.1301,35.6908],[-76.142,35.7029],[-76.1696,35.6986],[-76.1675,35.6908],[-76.1766,35.6862],[-76.1695,35.6725],[-76.1814,35.6667],[-76.1778,35.6549],[-76.1931,35.646],[-76.1958,35.6201],[-76.2143,35.5984],[-76.2928,35.6064],[-76.2979,35.609],[-76.2692,35.6908],[-76.406,35.6976],[-76.4056,35.7863]]]}},{"type":"Feature","properties":{"county_fips":"37053","county_name":"Currituck","state":"NC"},"geometry":{"type":"Polygon","coordinates":[[[-76.3133,36.5506],[-75.8676,36.5504],[-75.8187,36.3576],[-75.7733,36.2315],[-75.7954,36.2271],[-75.8119,36.2477],[-75.8039,36.2677],[-75.8068,36.2849],[-75.8337,36.2936],[-75.8453,36.3056],[-75.8518,36.3242],[-75.8459,36.3326],[-75.8231,36.3225],[-75.8221,36.328],[-75.8289,36.3657],[-75.8486,36.3802],[-75.8409,36.3916],[-75.8497,36.4002],[-75.8433,36.42],[-75.865,36.4377],[-75.8883,36.4416],[-75.8999,36.4821],[-75.9611,36.4948],[-75.9769,36.4876],[-75.9891,36.4951],[-75.981,36.5113],[-75.9862,36.5257],[-76.0026,36.5371],[-76.0307,36.5388],[-76.0264,36.5165],[-76.0426,36.5106],[-76.0123,36.4475],[-75.972,36.4372],[-75.9563,36.4008],[-75.9407,36.3987],[-75.9443,36.4106],[-75.9341,36.4274],[-75.9245,36.4254],[-75.9164,36.389],[-75.9233,36.3619],[-75.8953,36.3196],[-75.8834,36.2847],[-75.8568,36.2807],[-75.8723,36.2548],[-75.8639,36.2293],[-75.8412,36.2165],[-75.8301,36.1965],[-75.8291,36.1892],[-75.8388,36.2004],[-75.8452,36.1918],[-75.8343,36.1676],[-75.8247,36.1628],[-75.8256,36.1462],[-75.7994,36.1177],[-75.803,36.0987],[-75.7907,36.078],[-75.7982,36.0722],[-75.8493,36.1048],[-75.8667,36.1275],[-75.8629,36.1596],[-75.875,36.1841],[-75.9001,36.203],[-75.8978,36.2095],[-75.9098,36.2126],[-75.9233,36.2459],[-75.9586,36.2597],[-75.9625,36.2668],[-75.9495,36.2732],[-75.9484,36.2853],[-75.9666,36.2896],[-75.9711,36.3084],[-75.9997,36.3112],[-76.0017,36.3235],[-76.0205,36.3329],[-76.0175,36.3451],[-76.0312,36.3385],[-76.0286,36.3488],[-76.0364,36.3552],[-76.0536,36.3602],[-76.0741,36.3461],[-76.1144,36.3576],[-76.1575,36.3982],[-76.1585,36.4253],[-76.3133,36.5506]]]}},{"type":"Feature","properties":{"county_fips":"37131","county_name":"Northampton","state":"NC"},"geometry":{"type":"Polygon","coordinates":[[[-77.8998,36.5447],[-77.1697,36.5473],[-77.151,36.5405],[-77.1484,36.525],[-77.0834,36.5132],[-77.0854,36.5],[-77.0665,36.497],[-77.0664,36.4829],[-77.0838,36.4723],[-77.1124,36.4777],[-77.1368,36.4561],[-77.1313,36.4378],[-77.2085,36.2466],[-77.2286,36.2144],[-77.2549,36.2185],[-77.2982,36.2077],[-77.2933,36.1974],[-77.2997,36.1814],[-77.2915,36.1683],[-77.2996,36.1649],[-77.3131,36.1722],[-77.309,36.1807],[-77.3284,36.1919],[-77.351,36.1915],[-77.386,36.2112],[-77.3769,36.245],[-77.4094,36.2635],[-77.4144,36.2935],[-77.4417,36.3244],[-77.5411,36.3033],[-77.5711,36.3138],[-77.5856,36.3373],[-77.5765,36.3544],[-77.5479,36.372],[-77.5505,36.414],[-77.5864,36.422],[-77.5919,36.4314],[-77.626,36.4457],[-77.6444,36.4802],[-77.7265,36.4875],[-77.7679,36.48],[-77.819,36.5007],[-77.8928,36.512],[-77.8995,36.5043],[-77.8998,36.5447]]]}},{"type":"Feature","properties":{"county_fips":"42127","county_name":"Wayne","state":"PA"},"geometry":{"type":"Polygon","coordinates":[[[-75.5055,41.2331],[-75.4961,41.2429],[-75.4708,41.2433],[-75.4404,41.2581],[-75.4831,41.9993],[-75.3596,41.9994],[-75.3411,41.9928],[-75.3422,41.9729],[-75.3128,41.9502],[-75.2937,41.9546],[-75.2791,41.9389],[-75.2676,41.9071],[-75.2713,41.8874],[-75.2576,41.8771],[-75.2605,41.8638],[-75.2411,41.8671],[-75.2237,41.8575],[-75.204,41.8699],[-75.1853,41.8599],[-75.1706,41.8716],[-75.1615,41.8498],[-75.1156,41.8446],[-75.1133,41.8228],[-75.0895,41.8116],[-75.0722,41.8137],[-75.0769,41.7985],[-75.1015,41.7879],[-75.1046,41.7742],[-75.0759,41.7715],[-75.0534,41.7525],[-75.0499,41.7133],[-75.0688,41.7082],[-75.0527,41.6884],[-75.0593,41.6723],[-75.0499,41.6626],[-75.0442,41.618],[-75.0746,41.6079],[-75.0697,41.6017],[-75.1885,41.4569],[-75.1862,41.4428],[-75.2183,41.4241],[-75.2502,41.4184],[-75.2468,41.4024],[-75.2549,41.3991],[-75.2621,41.375],[-75.2983,41.3674],[-75.3091,41.3747],[-75.3237,41.366],[-75.3378,41.3763],[-75.3485,41.3706],[-75.3513,41.3637],[-75.3366,41.3451],[-75.3443,41.3374],[-75.3225,41.34],[-75.3106,41.3264],[-75.314,41.3106],[-75.3278,41.2987],[-75.3247,41.2888],[-75.3346,41.2697],[-75.3477,41.2653],[-75.3414,41.2544],[-75.3459,41.2478],[-75.3599,41.2387],[-75.5055,41.2331]]]}},{"type":"Feature","properties":{"county_fips":"42089","county_name":"Monroe","state":"PA"},"geometry":{"type":"Polygon","coordinates":[[[-75.649,41.1251],[-75.6281,41.1283],[-75.6156,41.1507],[-75.6033,41.1519],[-75.5985,41.1719],[-75.5767,41.1779],[-75.5697,41.1987],[-75.5398,41.2255],[-75.5165,41.2194],[-75.5083,41.2329],[-75.1297,41.2521],[-75.1565,41.1503],[-75.0772,41.1412],[-75.028,41.0799],[-74.9937,41.0939],[-74.9883,41.0882],[-74.9668,41.0934],[-75.0131,41.0665],[-75.0271,41.0395],[-75.1272,40.994],[-75.1355,40.9738],[-75.1202,40.9687],[-75.1292,40.9589],[-75.2182,40.9279],[-75.2411,40.9094],[-75.2325,40.8998],[-75.284,40.866],[-75.3833,40.831],[-75.4742,40.8147],[-75.5746,40.9513],[-75.496,40.9872],[-75.5698,41.05],[-75.5765,41.0676],[-75.6053,41.0847],[-75.6041,41.0934],[-75.6127,41.0942],[-75.62,41.109],[-75.6464,41.1133],[-75.649,41.1251]]]}},{"type":"Feature","properties":{"county_fips":"45045","county_name":"Greenville","state":"SC"},"geometry":{"type":"Polygon","coordinates":[[[-82.7641,35.0682],[-82.7542,35.0696],[-82.7518,35.0799],[-82.7384,35.0795],[-82.727,35.0941],[-82.7005,35.1008],[-82.6977,35.0957],[-82.6865,35.1082],[-82.6936,35.1169],[-82.6814,35.1279],[-82.6733,35.1175],[-82.6624,35.1181],[-82.641,35.1323],[-82.629,35.1262],[-82.6124,35.1382],[-82.5699,35.1453],[-82.5464,35.1637],[-82.53,35.1556],[-82.4601,35.1781],[-82.4516,35.1727],[-82.4571,35.1639],[-82.4396,35.1659],[-82.4197,35.1986],[-82.3929,35.2154],[-82.3713,35.1814],[-82.3615,35.1908],[-82.3234,35.1848],[-82.2825,35.1999],[-82.2159,35.196],[-82.2261,34.8502],[-82.2194,34.8534],[-82.1734,34.806],[-82.1652,34.8069],[-82.1688,34.7971],[-82.1535,34.782],[-82.1456,34.7852],[-82.2348,34.5888],[-82.2361,34.5353],[-82.3139,34.4843],[-82.3438,34.5],[-82.344,34.5122],[-82.3642,34.5154],[-82.3863,34.5393],[-82.4196,34.5571],[-82.4283,34.5989],[-82.4438,34.6073],[-82.4382,34.6107],[-82.4529,34.6238],[-82.4559,34.6573],[-82.4631,34.6558],[-82.4677,34.6671],[-82.4567,34.6803],[-82.4639,34.6856],[-82.4569,34.6995],[-82.4654,34.706],[-82.4574,34.7142],[-82.4655,34.7212],[-82.4521,34.7764],[-82.4609,34.7967],[-82.4766,34.8022],[-82.4751,34.8104],[-82.487,34.819],[-82.4764,34.8279],[-82.487,34.8306],[-82.4808,34.8425],[-82.4891,34.8411],[-82.483,34.8579],[-82.489,34.8614],[-82.4877,34.8858],[-82.4965,34.8876],[-82.501,34.9104],[-82.5182,34.9204],[-82.5274,34.9659],[-82.5481,34.9787],[-82.5341,34.9838],[-82.5432,35.0046],[-82.5379,35.0155],[-82.5956,35.0101],[-82.5857,35.0324],[-82.5903,35.0442],[-82.5982,35.0385],[-82.5977,35.0543],[-82.5905,35.0637],[-82.5743,35.0646],[-82.5716,35.0746],[-82.6114,35.0723],[-82.6416,35.0602],[-82.6597,35.067],[-82.7082,35.0621],[-82.7379,35.0472],[-82.7497,35.0476],[-82.7641,35.0682]]]}},{"type":"Feature","properties":{"county_fips":"45025","county_name":"Chesterfield","state":"SC"},"geometry":{"type":"Polygon","coordinates":[[[-80.5641,34.8148],[-79.9307,34.8066],[-79.9281,34.7699],[-79.893,34.742],[-79.8594,34.6778],[-79.8305,34.6572],[-79.8169,34.6587],[-79.7956,34.6476],[-79.8006,34.6377],[-79.7776,34.6122],[-79.8031,34.6097],[-79.83,34.5319],[-79.8392,34.5346],[-79.862,34.521],[-79.8636,34.5087],[-79.8796,34.4935],[-79.9021,34.4892],[-79.9198,34.4958],[-79.9625,34.487],[-79.9834,34.5017],[-80.0265,34.4865],[-80.0455,34.4926],[-80.2886,34.3662],[-80.2859,34.3941],[-80.3022,34.3998],[-80.3114,34.4243],[-80.3263,34.4374],[-80.3303,34.5095],[-80.3536,34.5209],[-80.3548,34.5311],[-80.3723,34.5468],[-80.3862,34.5966],[-80.4073,34.6086],[-80.4192,34.62],[-80.4139,34.6278],[-80.4328,34.6388],[-80.4318,34.66],[-80.4402,34.658],[-80.4503,34.6758],[-80.4608,34.677],[-80.4752,34.6992],[-80.4885,34.7046],[-80.4856,34.7174],[-80.5162,34.7589],[-80.5147,34.7666],[-80.5445,34.784],[-80.5641,34.8148]]]}},{"type":"Feature","properties":{"county_fips":"36075","county_name":"Oswego","state":"NY"},"geometry":{"type":"Polygon","coordinates":[[[-76.6169,43.418],[-76.565,43.4489],[-76.487,43.4753],[-76.4697,43.4955],[-76.4176,43.5213],[-76.3688,43.5258],[-76.3455,43.5134],[-76.2971,43.5129],[-76.2287,43.533],[-76.2035,43.575],[-76.1997,43.6802],[-76.022,43.6681],[-76.0251,43.707],[-75.7738,43.6888],[-75.7564,43.4704],[-75.8146,43.4836],[-75.8868,43.325],[-75.8629,43.3192],[-75.8843,43.1556],[-75.9275,43.1627],[-75.9328,43.1766],[-75.9525,43.1711],[-75.9594,43.1804],[-75.9795,43.1774],[-75.9924,43.1852],[-76.0036,43.1768],[-76.0461,43.2022],[-76.0789,43.1995],[-76.0853,43.2129],[-76.0694,43.2147],[-76.169,43.2467],[-76.2026,43.2715],[-76.2117,43.2677],[-76.2134,43.24],[-76.205,43.2374],[-76.1942,43.2171],[-76.1987,43.2126],[-76.2062,43.2166],[-76.2083,43.208],[-76.2244,43.205],[-76.2446,43.2146],[-76.2581,43.2374],[-76.2729,43.2402],[-76.2621,43.2185],[-76.281,43.2011],[-76.2895,43.219],[-76.3075,43.2308],[-76.4792,43.2275],[-76.4811,43.2566],[-76.605,43.2536],[-76.6169,43.418]]]}},{"type":"Feature","properties":{"county_fips":"51131","county_name":"Northampton","state":"VA"},"geometry":{"type":"MultiPolygon","coordinates":[[[[-75.981,37.0971],[-75.962,37.1075],[-75.9429,37.098],[-75.9449,37.088],[-75.9672,37.0846],[-75.981,37.0971]]],[[[-76.0248,37.2627],[-76.013,37.2794],[-76.0118,37.2974],[-76.0216,37.3005],[-76.0149,37.3282],[-75.984,37.3699],[-75.9862,37.3821],[-75.9683,37.3955],[-75.9803,37.4027],[-75.9796,37.4383],[-75.9584,37.4695],[-75.959,37.5001],[-75.9331,37.5539],[-75.9004,37.5573],[-75.8831,37.5493],[-75.8385,37.5554],[-75.7881,37.5289],[-75.8054,37.5139],[-75.8033,37.5053],[-75.7917,37.5038],[-75.7935,37.4888],[-75.8126,37.4754],[-75.8054,37.4633],[-75.787,37.4646],[-75.7766,37.4546],[-75.7639,37.4633],[-75.7309,37.4605],[-75.7091,37.4486],[-75.6633,37.4611],[-75.6621,37.4434],[-75.7226,37.3687],[-75.7436,37.3285],[-75.7759,37.2987],[-75.7976,37.2961],[-75.792,37.282],[-75.7972,37.2544],[-75.8185,37.2442],[-75.8137,37.2366],[-75.8037,37.2386],[-75.8014,37.2205],[-75.8293,37.2071],[-75.8189,37.2018],[-75.8206,37.193],[-75.8984,37.1186],[-75.921,37.1118],[-75.9115,37.1229],[-75.9278,37.1303],[-75.9701,37.1172],[-75.9782,37.1588],[-76.0131,37.206],[-76.0091,37.2322],[-76.0248,37.2627]]]]}},{"type":"Feature","properties":{"county_fips":"51179","county_name":"Stafford","state":"VA"},"geometry":{"type":"Polygon","coordinates":[[[-77.6331,38.3937],[-77.6282,38.4335],[-77.6341,38.4422],[-77.6315,38.4703],[-77.4918,38.5906],[-77.4768,38.5923],[-77.4641,38.5787],[-77.4476,38.5809],[-77.4031,38.5517],[-77.371,38.5202],[-77.3346,38.5142],[-77.3115,38.5015],[-77.2964,38.5092],[-77.3226,38.4671],[-77.3263,38.4436],[-77.3111,38.4005],[-77.3173,38.3836],[-77.2961,38.3698],[-77.2871,38.3488],[-77.3209,38.3461],[-77.3301,38.334],[-77.3267,38.319],[-77.3393,38.3031],[-77.3474,38.2722],[-77.3269,38.2444],[-77.3406,38.2526],[-77.3604,38.2424],[-77.3769,38.2499],[-77.3909,38.2456],[-77.4343,38.2713],[-77.4671,38.3187],[-77.5125,38.3254],[-77.5272,38.3207],[-77.5291,38.3086],[-77.5671,38.3353],[-77.5706,38.348],[-77.6032,38.3331],[-77.6026,38.3487],[-77.6187,38.3678],[-77.6218,38.3889],[-77.6331,38.3937]]]}},{"type":"Feature","properties":{"county_fips":"51103","county_name":"Lancaster","state":"VA"},"geometry":{"type":"Polygon","coordinates":[[[-76.6342,37.7905],[-76.6255,37.7962],[-76.6298,37.8052],[-76.5856,37.8118],[-76.5855,37.8237],[-76.5647,37.8373],[-76.5078,37.8388],[-76.5081,37.8333],[-76.4948,37.8412],[-76.4776,37.8374],[-76.4599,37.8204],[-76.4296,37.829],[-76.4187,37.8229],[-76.4196,37.8064],[-76.4011,37.7802],[-76.3819,37.7795],[-76.3644,37.7685],[-76.3691,37.7583],[-76.3618,37.7368],[-76.3761,37.7132],[-76.3497,37.7009],[-76.3251,37.6749],[-76.3399,37.656],[-76.3318,37.6298],[-76.3198,37.627],[-76.3109,37.6329],[-76.3143,37.6409],[-76.3059,37.6411],[-76.2925,37.6361],[-76.2801,37.6151],[-76.3086,37.6246],[-76.3437,37.6238],[-76.3619,37.609],[-76.3857,37.6291],[-76.4033,37.6274],[-76.4398,37.6524],[-76.4555,37.6511],[-76.4724,37.6658],[-76.4543,37.6772],[-76.4687,37.6957],[-76.4871,37.6854],[-76.4779,37.6778],[-76.5019,37.6582],[-76.4976,37.6471],[-76.5102,37.6423],[-76.5342,37.6609],[-76.5372,37.6989],[-76.5696,37.7344],[-76.5843,37.7709],[-76.6342,37.7905]]]}},{"type":"Feature","properties":{"county_fips":"51159","county_name":"Richmond","state":"VA"},"geometry":{"type":"Polygon","coordinates":[[[-76.938,38.0854],[-76.8769,38.1244],[-76.8228,38.0652],[-76.7972,38.0583],[-76.7573,38.0307],[-76.766,38.0015],[-76.7489,37.9949],[-76.729,37.9992],[-76.6819,37.9811],[-76.6563,37.9822],[-76.648,37.9683],[-76.6281,37.9686],[-76.6049,37.9482],[-76.556,37.9315],[-76.5411,37.8903],[-76.5479,37.8676],[-76.5112,37.8497],[-76.5078,37.8388],[-76.5647,37.8373],[-76.5855,37.8237],[-76.5856,37.8118],[-76.6263,37.8068],[-76.6295,37.8005],[-76.6424,37.8055],[-76.6514,37.7962],[-76.6802,37.8257],[-76.7016,37.8227],[-76.7261,37.8362],[-76.7476,37.8759],[-76.7657,37.8793],[-76.766,37.8932],[-76.7792,37.9115],[-76.7985,37.9252],[-76.8354,37.9321],[-76.8501,37.9512],[-76.853,37.9746],[-76.8957,37.9891],[-76.9123,38.0517],[-76.938,38.0854]]]}},{"type":"Feature","properties":{"county_fips":"51181","county_name":"Surry","state":"VA"},"geometry":{"type":"Polygon","coordinates":[[[-77.156,37.1139],[-77.079,37.1726],[-77.0726,37.1846],[-77.044,37.1924],[-77.0434,37.2023],[-77.0241,37.201],[-77.0118,37.2124],[-77.0188,37.2196],[-77.0123,37.2329],[-76.9724,37.2485],[-76.9025,37.1998],[-76.8657,37.209],[-76.801,37.206],[-76.7969,37.1894],[-76.7373,37.1462],[-76.7153,37.148],[-76.6866,37.1973],[-76.6638,37.1739],[-76.6727,37.1328],[-76.6803,37.1263],[-76.6752,37.1086],[-76.6842,37.1039],[-76.6845,37.0882],[-76.6956,37.0833],[-76.6993,37.0584],[-76.8376,37.0022],[-76.9535,36.9445],[-76.966,37.0004],[-76.9657,37.0548],[-77.005,37.052],[-77.0358,37.0701],[-77.0496,37.0626],[-77.0747,37.0663],[-77.0796,37.0845],[-77.1023,37.0845],[-77.1123,37.1008],[-77.1484,37.1014],[-77.156,37.1139]]]}},{"type":"Feature","properties":{"county_fips":"53057","county_name":"Skagit","state":"WA"},"geometry":{"type":"MultiPolygon","coordinates":[[[[-122.5382,48.3629],[-122.5302,48.3657],[-122.5245,48.3624],[-122.5275,48.3597],[-122.5382,48.3629]]],[[[-122.5518,48.5272],[-122.5449,48.5259],[-122.5454,48.5206],[-122.5507,48.5215],[-122.5518,48.5272]]],[[[-122.555,48.5347],[-122.5581,48.5371],[-122.5544,48.5369],[-122.555,48.5347]]],[[[-122.5702,48.5358],[-122.5686,48.538],[-122.5668,48.5361],[-122.5702,48.5358]]],[[[-122.5789,48.3958],[-122.5753,48.401],[-122.5601,48.4027],[-122.5623,48.3979],[-122.5789,48.3958]]],[[[-122.5795,48.4118],[-122.5779,48.4152],[-122.5769,48.4149],[-122.5795,48.4118]]],[[[-122.6145,48.6131],[-122.6017,48.614],[-122.5985,48.6077],[-122.6061,48.6059],[-122.6145,48.6131]]],[[[-122.6134,48.5791],[-122.6129,48.5827],[-122.6093,48.5809],[-122.6134,48.5791]]],[[[-122.6536,48.549],[-122.6452,48.5609],[-122.6524,48.5834],[-122.6426,48.5883],[-122.6293,48.5722],[-122.5789,48.5481],[-122.573,48.529],[-122.5999,48.5369],[-122.6404,48.5259],[-122.652,48.5313],[-122.6536,48.549]]],[[[-122.6993,48.6211],[-122.6742,48.6299],[-122.657,48.6099],[-122.6768,48.6101],[-122.6993,48.6211]]],[[[-122.7023,48.4944],[-122.6845,48.5091],[-122.6714,48.504],[-122.607,48.5222],[-122.5978,48.5145],[-122.6062,48.5069],[-122.6006,48.4925],[-122.5806,48.4637],[-122.5718,48.4663],[-122.579,48.4924],[-122.5587,48.4998],[-122.525,48.4583],[-122.5148,48.4582],[-122.5147,48.4656],[-122.5093,48.4577],[-122.4897,48.4572],[-122.4903,48.4628],[-122.4702,48.4688],[-122.4835,48.4924],[-122.4881,48.5362],[-122.4978,48.5428],[-122.5044,48.5648],[-122.5591,48.5744],[-122.5608,48.5816],[-122.5546,48.5884],[-122.54,48.5763],[-122.4959,48.5759],[-122.4746,48.5568],[-122.4457,48.5697],[-122.4253,48.5995],[-122.4487,48.6226],[-122.4888,48.6454],[-120.9084,48.6409],[-120.9084,48.657],[-120.7519,48.657],[-120.7576,48.6446],[-120.7717,48.6426],[-120.7883,48.6251],[-120.7837,48.6019],[-120.7441,48.5788],[-120.7192,48.5964],[-120.6885,48.5757],[-120.6861,48.5665],[-120.7005,48.559],[-120.7087,48.5418],[-120.7036,48.5264],[-120.7656,48.5089],[-120.8018,48.5105],[-120.8168,48.5196],[-120.8093,48.5286],[-120.8239,48.545],[-120.8447,48.5506],[-120.8607,48.5442],[-120.8632,48.5301],[-120.8854,48.5382],[-120.904,48.5334],[-120.9046,48.5237],[-120.9505,48.5296],[-120.9519,48.4992],[-121.0362,48.4953],[-121.0497,48.4854],[-121.0629,48.4602],[-121.041,48.4457],[-121.0371,48.433],[-121.0462,48.4189],[-121.0416,48.4113],[-121.0555,48.4126],[-121.0664,48.3935],[-121.0435,48.364],[-121.0406,48.3479],[-121.0692,48.339],[-121.0715,48.318],[-121.0017,48.296],[-122.3729,48.2977],[-122.4087,48.3264],[-122.4727,48.3528],[-122.4889,48.3669],[-122.5079,48.3605],[-122.4913,48.3698],[-122.4955,48.3741],[-122.534,48.3758],[-122.5555,48.4201],[-122.5715,48.4188],[-122.5579,48.422],[-122.5504,48.4484],[-122.5758,48.4451],[-122.5858,48.4257],[-122.6055,48.4234],[-122.6146,48.4138],[-122.6561,48.4078],[-122.6512,48.4156],[-122.6653,48.4165],[-122.6789,48.4395],[-122.6548,48.4541],[-122.6578,48.4729],[-122.6683,48.4863],[-122.7023,48.4944]]],[[[-122.7128,48.4673],[-122.6996,48.4697],[-122.6949,48.4624],[-122.7057,48.4592],[-122.7128,48.4673]]],[[[-122.7137,48.4784],[-122.7092,48.4841],[-122.6861,48.4869],[-122.6909,48.4728],[-122.7137,48.4784]]],[[[-122.7405,48.585],[-122.7111,48.6093],[-122.6682,48.5664],[-122.6961,48.5543],[-122.682,48.5522],[-122.6859,48.5431],[-122.7224,48.5406],[-122.7189,48.5618],[-122.7362,48.569],[-122.7405,48.585]]]]}},{"type":"Feature","properties":{"county_fips":"53033","county_name":"King","state":"WA"},"geometry":{"type":"MultiPolygon","coordinates":[[[[-122.4369,47.6617],[-122.4092,47.6717],[-122.4034,47.6977],[-122.3764,47.7165],[-122.3802,47.7585],[-122.3952,47.7779],[-121.1192,47.7799],[-121.1077,47.7667],[-121.1109,47.7584],[-121.094,47.7582],[-121.079,47.7392],[-121.0874,47.7285],[-121.0836,47.7227],[-121.066,47.7136],[-121.0671,47.7063],[-121.0903,47.7028],[-121.1288,47.6762],[-121.1232,47.6633],[-121.1337,47.6456],[-121.1131,47.6188],[-121.1201,47.6116],[-121.1111,47.5998],[-121.1193,47.5919],[-121.1723,47.5901],[-121.1708,47.576],[-121.1801,47.5649],[-121.2289,47.5656],[-121.2429,47.5359],[-121.2919,47.5136],[-121.2906,47.5049],[-121.3115,47.4796],[-121.364,47.4647],[-121.3791,47.4544],[-121.3851,47.4345],[-121.4274,47.4206],[-121.4221,47.4088],[-121.4336,47.399],[-121.4262,47.3896],[-121.4412,47.3844],[-121.4378,47.372],[-121.466,47.368],[-121.4629,47.3531],[-121.4304,47.3341],[-121.4453,47.3098],[-121.433,47.3051],[-121.4275,47.2891],[-121.415,47.2932],[-121.3732,47.285],[-121.3616,47.2919],[-121.3412,47.2813],[-121.332,47.2575],[-121.3607,47.2405],[-121.3651,47.2246],[-121.3113,47.2077],[-121.3063,47.1877],[-121.3178,47.173],[-121.2978,47.1489],[-121.3155,47.1338],[-121.3647,47.1418],[-121.394,47.1328],[-121.4081,47.1181],[-121.399,47.104],[-121.4029,47.0986],[-121.3768,47.0887],[-121.4418,47.0844],[-121.5091,47.1223],[-121.5823,47.1187],[-121.629,47.1531],[-121.6622,47.16],[-121.6845,47.1498],[-121.7191,47.1511],[-121.7781,47.1734],[-121.7958,47.1732],[-121.8395,47.1434],[-121.9017,47.1556],[-121.9349,47.1382],[-121.9478,47.1428],[-121.9521,47.1545],[-121.9914,47.1632],[-121.9939,47.1726],[-122.0481,47.1714],[-122.0634,47.1859],[-122.095,47.1952],[-122.1159,47.2162],[-122.1159,47.2313],[-122.1255,47.2323],[-122.123,47.2391],[-122.144,47.2575],[-122.3349,47.2576],[-122.4176,47.3204],[-122.3274,47.3457],[-122.3239,47.3706],[-122.3273,47.3956],[-122.348,47.4159],[-122.3551,47.4419],[-122.3831,47.4505],[-122.368,47.4592],[-122.3616,47.4853],[-122.394,47.5097],[-122.3983,47.5501],[-122.4211,47.576],[-122.3871,47.5957],[-122.3702,47.5831],[-122.3429,47.5912],[-122.3395,47.5991],[-122.3702,47.6252],[-122.4146,47.6398],[-122.4369,47.6617]]],[[[-122.5281,47.3455],[-122.5163,47.3773],[-122.5267,47.3986],[-122.5147,47.414],[-122.509,47.4611],[-122.4827,47.4831],[-122.4766,47.5111],[-122.4572,47.5058],[-122.4524,47.5035],[-122.46,47.4869],[-122.4334,47.4664],[-122.4431,47.4535],[-122.4299,47.4237],[-122.4399,47.417],[-122.4377,47.4074],[-122.3736,47.3887],[-122.4378,47.3656],[-122.4575,47.3426],[-122.4757,47.3471],[-122.4745,47.3591],[-122.4638,47.3751],[-122.4531,47.3725],[-122.4331,47.3881],[-122.4396,47.4042],[-122.46,47.4016],[-122.4645,47.3907],[-122.4522,47.3952],[-122.445,47.3894],[-122.4842,47.3801],[-122.4931,47.3303],[-122.5189,47.3333],[-122.5281,47.3455]]]]}},{"type":"Feature","properties":{"county_fips":"53029","county_name":"Island","state":"WA"},"geometry":{"type":"MultiPolygon","coordinates":[[[[-122.5389,48.2097],[-122.5269,48.2518],[-122.5038,48.257],[-122.4809,48.2517],[-122.464,48.2705],[-122.4055,48.252],[-122.3947,48.2299],[-122.4496,48.2326],[-122.4536,48.2268],[-122.4421,48.2094],[-122.4785,48.1881],[-122.479,48.1757],[-122.4424,48.1308],[-122.3795,48.0874],[-122.3568,48.0568],[-122.3884,48.0636],[-122.4007,48.0853],[-122.4237,48.1029],[-122.4468,48.1092],[-122.4675,48.1304],[-122.49,48.1206],[-122.5106,48.1322],[-122.5372,48.1837],[-122.5319,48.1906],[-122.5389,48.2097]]],[[[-122.7699,48.2275],[-122.7526,48.2601],[-122.732,48.2794],[-122.7226,48.3043],[-122.6737,48.3547],[-122.6647,48.4015],[-122.6243,48.4005],[-122.6097,48.4116],[-122.5967,48.4056],[-122.5954,48.3972],[-122.585,48.3952],[-122.5802,48.3748],[-122.5971,48.3557],[-122.5513,48.3421],[-122.516,48.3204],[-122.5058,48.2977],[-122.531,48.2824],[-122.5577,48.2793],[-122.5584,48.2722],[-122.5583,48.2821],[-122.5749,48.2949],[-122.6185,48.2942],[-122.6268,48.289],[-122.6207,48.283],[-122.6238,48.2694],[-122.6311,48.2671],[-122.6437,48.2762],[-122.6325,48.2856],[-122.643,48.2888],[-122.6627,48.2776],[-122.6526,48.2651],[-122.6587,48.2445],[-122.716,48.2361],[-122.7324,48.2261],[-122.7212,48.2138],[-122.6483,48.2269],[-122.6064,48.2083],[-122.5679,48.1486],[-122.5577,48.1179],[-122.5719,48.1021],[-122.5463,48.076],[-122.5489,48.0537],[-122.537,48.0423],[-122.5415,48.0177],[-122.518,48.0224],[-122.5097,48.0398],[-122.5178,48.0635],[-122.5111,48.0753],[-122.5254,48.0965],[-122.4918,48.0971],[-122.4451,48.0517],[-122.3763,48.0345],[-122.3716,48.0003],[-122.3543,47.9845],[-122.3496,47.9588],[-122.3588,47.9374],[-122.3768,47.9237],[-122.3773,47.9059],[-122.3904,47.9057],[-122.3954,47.9221],[-122.4124,47.913],[-122.431,47.9147],[-122.4455,47.9302],[-122.4408,47.9518],[-122.4467,47.9632],[-122.4727,47.9884],[-122.5013,47.9871],[-122.5468,47.9672],[-122.5521,47.9736],[-122.5429,47.9964],[-122.5818,48.0104],[-122.6073,48.031],[-122.5936,48.0472],[-122.614,48.0728],[-122.5983,48.1106],[-122.6127,48.1559],[-122.6461,48.164],[-122.6796,48.1551],[-122.6931,48.1815],[-122.763,48.2153],[-122.7699,48.2275]]],[[[-122.842,48.3169],[-122.8425,48.3213],[-122.8382,48.3197],[-122.842,48.3169]]]]}},{"type":"Feature","properties":{"county_fips":"54057","county_name":"Mineral","state":"WV"},"geometry":{"type":"Polygon","coordinates":[[[-79.2718,39.3283],[-79.2676,39.3363],[-79.2539,39.3372],[-79.2563,39.3572],[-79.2143,39.3635],[-79.1971,39.3886],[-79.177,39.389],[-79.1786,39.3966],[-79.1621,39.3883],[-79.1665,39.4009],[-79.1601,39.4164],[-79.1512,39.417],[-79.1438,39.4052],[-79.1423,39.4167],[-79.1284,39.4175],[-79.129,39.4295],[-79.1122,39.4309],[-79.1164,39.4405],[-79.1025,39.4512],[-79.1072,39.462],[-79.0945,39.4652],[-79.1053,39.4721],[-79.1005,39.477],[-79.0833,39.4714],[-79.0662,39.4799],[-79.0581,39.4708],[-79.047,39.4834],[-79.0303,39.4654],[-79.0171,39.467],[-78.9655,39.4385],[-78.9568,39.4403],[-78.9592,39.4619],[-78.9409,39.4705],[-78.9388,39.4837],[-78.9165,39.4865],[-78.9055,39.5115],[-78.8929,39.5128],[-78.8933,39.5238],[-78.8747,39.5226],[-78.8707,39.5388],[-78.8386,39.5673],[-78.8168,39.5617],[-78.8135,39.5677],[-78.8264,39.5773],[-78.826,39.5888],[-78.8093,39.6081],[-78.7959,39.6069],[-78.8017,39.6275],[-78.7752,39.6457],[-78.765,39.6461],[-78.7775,39.6217],[-78.7632,39.6189],[-78.7485,39.6263],[-78.7336,39.6155],[-78.7471,39.6057],[-78.7605,39.61],[-78.7769,39.604],[-78.7675,39.5875],[-78.7464,39.5795],[-78.734,39.5866],[-78.725,39.564],[-78.6574,39.5351],[-78.7036,39.4975],[-78.7298,39.4632],[-78.7497,39.4553],[-78.7566,39.4442],[-78.7735,39.4429],[-78.8107,39.3766],[-78.8413,39.3516],[-78.8507,39.3311],[-78.8836,39.3285],[-78.9173,39.2988],[-78.9266,39.2789],[-78.9551,39.2639],[-78.9799,39.2376],[-79.1345,39.3125],[-79.2718,39.3283]]]}},{"type":"Feature","properties":{"county_fips":"12069","county_name":"Lake","state":"FL"},"geometry":{"type":"Polygon","coordinates":[[[-81.9576,28.3452],[-81.9542,28.9601],[-81.6587,28.9603],[-81.6592,29.0478],[-81.6387,29.0478],[-81.6419,29.2768],[-81.6123,29.2028],[-81.5609,29.2002],[-81.554,29.1846],[-81.5315,29.1769],[-81.5045,29.1237],[-81.5021,29.0978],[-81.4592,29.0942],[-81.4553,29.0631],[-81.4029,29.0325],[-81.3728,28.9992],[-81.3757,28.994],[-81.3559,28.987],[-81.3709,28.9583],[-81.3589,28.9559],[-81.354,28.9496],[-81.3593,28.9446],[-81.3497,28.9396],[-81.3602,28.9066],[-81.3528,28.8967],[-81.3572,28.8871],[-81.3645,28.8903],[-81.3631,28.8797],[-81.383,28.852],[-81.4168,28.8246],[-81.4147,28.7856],[-81.6465,28.7859],[-81.6465,28.7698],[-81.6586,28.7664],[-81.6572,28.5926],[-81.6481,28.5845],[-81.6572,28.5698],[-81.6573,28.3471],[-81.7907,28.3464],[-81.7909,28.3618],[-81.8576,28.3619],[-81.8575,28.346],[-81.9576,28.3452]]]}},{"type":"Feature","properties":{"county_fips":"12083","county_name":"Marion","state":"FL"},"geometry":{"type":"Polygon","coordinates":[[[-82.5349,29.0409],[-82.5349,29.2147],[-82.4032,29.2156],[-82.4066,29.485],[-82.2119,29.4841],[-82.2082,29.4668],[-82.2036,29.472],[-82.1881,29.4569],[-82.1916,29.4525],[-82.199,29.4558],[-82.1935,29.4614],[-82.2127,29.4656],[-82.2177,29.4571],[-82.2102,29.4285],[-82.1936,29.4209],[-82.1507,29.4265],[-82.1485,29.4172],[-82.1345,29.435],[-82.1193,29.4282],[-82.1011,29.4383],[-82.0992,29.4188],[-82.0809,29.4404],[-82.0705,29.4342],[-82.0713,29.4433],[-82.0567,29.44],[-82.0559,29.4712],[-82.0263,29.4947],[-81.9642,29.5038],[-81.9318,29.5164],[-81.9118,29.504],[-81.9017,29.516],[-81.8879,29.5092],[-81.8449,29.5217],[-81.8428,29.4865],[-81.7762,29.4874],[-81.7749,29.4292],[-81.7418,29.4299],[-81.7414,29.371],[-81.6685,29.3717],[-81.6563,29.3382],[-81.6754,29.3386],[-81.6809,29.3244],[-81.6733,29.3066],[-81.6557,29.2999],[-81.6419,29.2768],[-81.6387,29.0478],[-81.6592,29.0478],[-81.6587,28.9603],[-82.3117,28.9604],[-82.3158,28.9733],[-82.3616,28.9936],[-82.3639,29.0018],[-82.3935,29.008],[-82.4016,29.019],[-82.4182,29.013],[-82.4589,29.0477],[-82.4821,29.0525],[-82.5081,29.0375],[-82.5169,29.0442],[-82.5349,29.0409]]]}},{"type":"Feature","properties":{"county_fips":"12023","county_name":"Columbia","state":"FL"},"geometry":{"type":"Polygon","coordinates":[[[-82.7989,29.9336],[-82.7858,29.9549],[-82.7622,29.9644],[-82.7586,29.9757],[-82.7604,29.9862],[-82.794,29.9862],[-82.7946,30.337],[-82.7885,30.324],[-82.7633,30.3309],[-82.7454,30.3174],[-82.7246,30.3338],[-82.7164,30.3212],[-82.6899,30.3331],[-82.6815,30.3428],[-82.6869,30.3533],[-82.6623,30.3704],[-82.6654,30.3792],[-82.647,30.3951],[-82.6456,30.4064],[-82.6591,30.4407],[-82.6729,30.4486],[-82.6633,30.4521],[-82.6805,30.4615],[-82.6773,30.4719],[-82.7018,30.4777],[-82.6967,30.4894],[-82.7061,30.4924],[-82.706,30.5042],[-82.715,30.5055],[-82.7184,30.521],[-82.723,30.5174],[-82.7286,30.5257],[-82.7145,30.5318],[-82.7239,30.5649],[-82.7169,30.5644],[-82.6895,30.5977],[-82.4598,30.5843],[-82.4583,30.129],[-82.4526,30.1221],[-82.4593,30.1016],[-82.499,30.0888],[-82.5319,30.0612],[-82.5366,30.0253],[-82.5731,30.0107],[-82.5693,29.975],[-82.5333,29.9584],[-82.5294,29.9343],[-82.5783,29.9158],[-82.5759,29.8949],[-82.5926,29.8875],[-82.5865,29.8667],[-82.6063,29.8529],[-82.6197,29.8591],[-82.6178,29.8473],[-82.6313,29.8491],[-82.6358,29.8324],[-82.6521,29.8256],[-82.6937,29.8342],[-82.7329,29.8565],[-82.7529,29.8802],[-82.7536,29.8935],[-82.7694,29.8982],[-82.7699,29.9278],[-82.7989,29.9336]]]}},{"type":"Feature","properties":{"county_fips":"12119","county_name":"Sumter","state":"FL"},"geometry":{"type":"Polygon","coordinates":[[[-82.3117,28.9604],[-81.9542,28.9601],[-81.958,28.3089],[-81.9858,28.3053],[-81.9957,28.3188],[-82.0206,28.3238],[-82.0558,28.3128],[-82.0545,28.5214],[-82.0703,28.5319],[-82.095,28.5236],[-82.1094,28.5438],[-82.1286,28.5449],[-82.138,28.5655],[-82.1562,28.5734],[-82.1668,28.564],[-82.192,28.5748],[-82.2097,28.5728],[-82.2484,28.6299],[-82.2602,28.635],[-82.2568,28.6488],[-82.2736,28.6538],[-82.2485,28.7019],[-82.2491,28.7178],[-82.2073,28.7569],[-82.1863,28.7605],[-82.1869,28.7795],[-82.1691,28.793],[-82.1836,28.8236],[-82.232,28.8566],[-82.2425,28.8768],[-82.2736,28.8972],[-82.2971,28.9484],[-82.3117,28.9604]]]}},{"type":"Feature","properties":{"county_fips":"12097","county_name":"Osceola","state":"FL"},"geometry":{"type":"Polygon","coordinates":[[[-81.6573,28.3471],[-80.8629,28.3475],[-80.8689,27.8225],[-80.8816,27.8225],[-80.8731,27.6423],[-81.1422,27.6432],[-81.1325,27.6475],[-81.131,27.6593],[-81.1441,27.6693],[-81.1458,27.7102],[-81.1687,27.726],[-81.165,27.7422],[-81.1785,27.7519],[-81.1729,27.7605],[-81.1877,27.7755],[-81.2081,27.8211],[-81.2333,27.8437],[-81.3016,27.8619],[-81.3149,27.9012],[-81.3086,27.9216],[-81.3471,27.9373],[-81.3384,27.9392],[-81.3367,27.9496],[-81.3765,27.9783],[-81.387,28.0036],[-81.4156,27.9982],[-81.4403,28.0339],[-81.4588,28.0401],[-81.4574,28.0551],[-81.4407,28.0586],[-81.428,28.0393],[-81.394,28.028],[-81.3787,28.0117],[-81.3756,28.0297],[-81.3626,28.0405],[-81.365,28.0682],[-81.3463,28.0697],[-81.3464,28.0847],[-81.4558,28.0849],[-81.4562,28.1432],[-81.5242,28.1428],[-81.5241,28.201],[-81.5575,28.2594],[-81.6572,28.2592],[-81.6573,28.3471]]]}},{"type":"Feature","properties":{"county_fips":"13001","county_name":"Appling","state":"GA"},"geometry":{"type":"Polygon","coordinates":[[[-82.5507,31.7491],[-82.5202,31.7492],[-82.5203,31.8384],[-82.4314,31.838],[-82.4315,31.9662],[-82.4072,31.9495],[-82.4001,31.9602],[-82.3871,31.9482],[-82.3845,31.96],[-82.3715,31.9535],[-82.3771,31.9417],[-82.3145,31.9308],[-82.3078,31.9375],[-82.3151,31.9466],[-82.3011,31.9333],[-82.2864,31.9424],[-82.2672,31.9286],[-82.256,31.9321],[-82.2468,31.9151],[-82.2369,31.9205],[-82.2296,31.9118],[-82.1931,31.9068],[-82.1913,31.9005],[-82.1592,31.9039],[-82.1451,31.8981],[-82.1342,31.908],[-82.1355,31.8917],[-82.1195,31.886],[-82.1118,31.9005],[-82.1078,31.8837],[-82.1155,31.8628],[-82.0486,31.8271],[-82.0771,31.8291],[-82.0874,31.8216],[-82.0872,31.7995],[-82.1065,31.7998],[-82.107,31.7861],[-82.0893,31.7859],[-82.0894,31.7729],[-82.133,31.7734],[-82.1329,31.5693],[-82.1479,31.5691],[-82.1479,31.5573],[-82.1329,31.5575],[-82.1328,31.4713],[-82.141,31.4694],[-82.1639,31.4759],[-82.2162,31.5162],[-82.2443,31.558],[-82.3072,31.5877],[-82.367,31.6302],[-82.4075,31.6392],[-82.4357,31.6607],[-82.4509,31.6614],[-82.4959,31.7106],[-82.5214,31.7108],[-82.5206,31.7362],[-82.5507,31.7363],[-82.5507,31.7491]]]}},{"type":"Feature","properties":{"county_fips":"13305","county_name":"Wayne","state":"GA"},"geometry":{"type":"Polygon","coordinates":[[[-82.1479,31.5691],[-82.1329,31.5693],[-82.133,31.7734],[-82.0894,31.7729],[-82.0893,31.7859],[-82.107,31.7861],[-82.1065,31.7998],[-82.0872,31.7995],[-82.0874,31.8216],[-82.0771,31.8291],[-82.0486,31.8271],[-82.0261,31.8151],[-82.0182,31.8241],[-82.0068,31.8],[-81.9961,31.7998],[-81.9986,31.7941],[-81.9765,31.7826],[-81.954,31.7893],[-81.9445,31.7604],[-81.9114,31.7535],[-81.9067,31.7258],[-81.8765,31.7131],[-81.8671,31.6911],[-81.8476,31.6773],[-81.8506,31.6677],[-81.8289,31.664],[-81.8309,31.6573],[-81.821,31.6511],[-81.8116,31.6545],[-81.8136,31.6645],[-81.7875,31.6432],[-81.7891,31.6317],[-81.7653,31.6246],[-81.7688,31.6143],[-81.7596,31.6205],[-81.7439,31.6117],[-81.7472,31.6015],[-81.7368,31.6084],[-81.7232,31.5916],[-81.7018,31.5849],[-81.6968,31.554],[-81.6824,31.5518],[-81.6813,31.5417],[-81.6718,31.548],[-81.6641,31.5418],[-81.6677,31.5335],[-81.6522,31.5278],[-81.6574,31.5084],[-81.6408,31.4886],[-81.6231,31.4848],[-81.6123,31.4683],[-81.665,31.3999],[-81.692,31.4005],[-81.7048,31.3749],[-81.699,31.363],[-81.7252,31.3272],[-81.8011,31.3637],[-81.9232,31.3459],[-81.9517,31.3511],[-82.0426,31.3742],[-82.044,31.3951],[-82.0575,31.4091],[-82.0528,31.4546],[-82.0634,31.4664],[-82.0979,31.4812],[-82.1328,31.4713],[-82.1329,31.5575],[-82.1479,31.5573],[-82.1479,31.5691]]]}},{"type":"Feature","properties":{"county_fips":"37085","county_name":"Harnett","state":"NC"},"geometry":{"type":"Polygon","coordinates":[[[-79.2219,35.2694],[-78.9688,35.5225],[-78.9161,35.5841],[-78.6897,35.5159],[-78.6869,35.5019],[-78.6606,35.4962],[-78.6503,35.4724],[-78.6272,35.4583],[-78.6072,35.4321],[-78.5927,35.3986],[-78.5745,35.3885],[-78.5688,35.3693],[-78.5299,35.3349],[-78.5387,35.3158],[-78.5835,35.2968],[-78.5846,35.2733],[-78.6171,35.2457],[-78.7122,35.2576],[-78.7259,35.2669],[-78.7647,35.2584],[-78.7957,35.2657],[-78.8047,35.2572],[-78.8475,35.2528],[-78.8761,35.2415],[-78.8804,35.2304],[-78.9207,35.2202],[-78.9977,35.2141],[-79.0958,35.1921],[-79.1506,35.2133],[-79.1651,35.2409],[-79.2219,35.2694]]]}},{"type":"Feature","properties":{"county_fips":"37125","county_name":"Moore","state":"NC"},"geometry":{"type":"Polygon","coordinates":[[[-79.768,35.5115],[-79.3501,35.518],[-79.3359,35.4978],[-79.3519,35.4775],[-79.3599,35.4775],[-79.3598,35.4697],[-79.3296,35.4398],[-79.3289,35.4231],[-79.2896,35.4004],[-79.2733,35.3523],[-79.1836,35.3072],[-79.223,35.2681],[-79.1651,35.2409],[-79.1506,35.2133],[-79.1004,35.1962],[-79.0976,35.1742],[-79.1251,35.1665],[-79.133,35.1777],[-79.1421,35.169],[-79.1543,35.1804],[-79.1683,35.1814],[-79.1755,35.1931],[-79.2113,35.194],[-79.2298,35.2106],[-79.2467,35.2131],[-79.2926,35.1884],[-79.3123,35.1685],[-79.3354,35.1616],[-79.4588,35.0436],[-79.499,35.0638],[-79.5683,35.0648],[-79.5828,35.084],[-79.5733,35.1225],[-79.6094,35.149],[-79.6161,35.1685],[-79.6571,35.1913],[-79.6725,35.245],[-79.698,35.2515],[-79.712,35.2759],[-79.7099,35.3013],[-79.7642,35.4757],[-79.768,35.5115]]]}},{"type":"Feature","properties":{"county_fips":"37117","county_name":"Martin","state":"NC"},"geometry":{"type":"Polygon","coordinates":[[[-77.4092,35.9987],[-77.3276,36.0714],[-77.3187,36.0554],[-77.2063,36.0068],[-77.2133,35.9925],[-77.1959,35.992],[-77.1908,35.9608],[-77.1976,35.9619],[-77.1889,35.9567],[-77.1979,35.9576],[-77.1942,35.9497],[-77.2023,35.9474],[-77.1858,35.9309],[-77.1309,35.9408],[-77.1249,35.9267],[-77.1029,35.9333],[-77.094,35.9248],[-77.0805,35.9376],[-77.068,35.9361],[-77.0708,35.9438],[-77.0609,35.9386],[-77.045,35.9439],[-77.038,35.9302],[-77.0275,35.9297],[-77.0306,35.9054],[-77.0222,35.8911],[-77.0375,35.8906],[-77.0313,35.8807],[-77.0455,35.8748],[-77.0446,35.8621],[-77.0356,35.8575],[-77.0053,35.8584],[-76.9866,35.8768],[-76.9811,35.8728],[-76.9409,35.9011],[-76.9287,35.9],[-76.893,35.864],[-76.9035,35.8374],[-76.8939,35.8307],[-76.9041,35.8241],[-76.893,35.8187],[-76.8973,35.8139],[-76.8826,35.8119],[-76.8331,35.8522],[-76.832,35.885],[-76.8069,35.8839],[-76.781,35.8639],[-76.7606,35.8649],[-76.7835,35.8492],[-76.7892,35.8376],[-76.7827,35.8242],[-76.8026,35.8052],[-76.793,35.7899],[-76.8035,35.7839],[-76.8033,35.773],[-76.8313,35.7307],[-76.9858,35.6588],[-77.1568,35.7368],[-77.174,35.7328],[-77.2159,35.7601],[-77.2598,35.7652],[-77.2644,35.7752],[-77.2552,35.7864],[-77.3504,35.8192],[-77.3424,35.9053],[-77.4092,35.9987]]]}},{"type":"Feature","properties":{"county_fips":"37051","county_name":"Cumberland","state":"NC"},"geometry":{"type":"Polygon","coordinates":[[[-79.1129,35.1259],[-79.0958,35.1921],[-78.9977,35.2141],[-78.9207,35.2202],[-78.8804,35.2304],[-78.8761,35.2415],[-78.8249,35.2596],[-78.8047,35.2572],[-78.7934,35.266],[-78.7647,35.2584],[-78.7259,35.2669],[-78.7122,35.2576],[-78.6171,35.2457],[-78.6195,35.2269],[-78.6337,35.2125],[-78.6244,35.204],[-78.6468,35.1974],[-78.6357,35.1917],[-78.64,35.1859],[-78.6299,35.1723],[-78.6389,35.167],[-78.6328,35.1642],[-78.6399,35.1549],[-78.6347,35.1394],[-78.6519,35.1218],[-78.6393,35.1159],[-78.6538,35.1114],[-78.6582,35.0945],[-78.6707,35.0925],[-78.6723,35.0853],[-78.6545,35.0508],[-78.6593,35.0428],[-78.645,35.0101],[-78.647,34.9923],[-78.6075,34.9536],[-78.5727,34.9374],[-78.5623,34.918],[-78.5435,34.9138],[-78.5469,34.9006],[-78.5139,34.8817],[-78.5131,34.8691],[-78.4947,34.8562],[-78.5161,34.8459],[-78.8274,34.8507],[-78.9042,34.8349],[-78.927,34.864],[-78.9223,34.8755],[-78.9408,34.9034],[-79.0387,34.9527],[-79.0348,34.963],[-79.0497,34.992],[-79.0903,35.042],[-79.0932,35.0902],[-79.1129,35.1259]]]}},{"type":"Feature","properties":{"county_fips":"37083","county_name":"Halifax","state":"NC"},"geometry":{"type":"Polygon","coordinates":[[[-78.0066,36.2026],[-77.9424,36.2985],[-77.912,36.3824],[-77.9121,36.4248],[-77.9201,36.4361],[-77.9118,36.4428],[-77.9056,36.4909],[-77.891,36.5119],[-77.8093,36.4983],[-77.7679,36.48],[-77.7265,36.4875],[-77.6444,36.4802],[-77.626,36.4457],[-77.5919,36.4314],[-77.5864,36.422],[-77.5505,36.414],[-77.5479,36.372],[-77.5765,36.3544],[-77.5856,36.3373],[-77.5711,36.3138],[-77.5411,36.3033],[-77.4417,36.3244],[-77.4144,36.2935],[-77.4094,36.2635],[-77.3769,36.245],[-77.386,36.2112],[-77.351,36.1915],[-77.3284,36.1919],[-77.309,36.1807],[-77.309,36.1682],[-77.2883,36.1693],[-77.2772,36.1578],[-77.2634,36.1589],[-77.2661,36.141],[-77.2515,36.1355],[-77.2546,36.1228],[-77.2397,36.1203],[-77.2515,36.1151],[-77.2302,36.107],[-77.2421,36.0973],[-77.2708,36.0998],[-77.3132,36.0892],[-77.4026,36.005],[-77.4245,36.0039],[-77.4415,36.0149],[-77.4393,36.0212],[-77.4749,36.0378],[-77.5267,36.0376],[-77.5226,36.0451],[-77.5401,36.0608],[-77.5256,36.0694],[-77.5353,36.0776],[-77.5334,36.0911],[-77.6265,36.1114],[-77.644,36.1381],[-77.6701,36.1371],[-77.6785,36.1544],[-77.7168,36.1458],[-77.7213,36.1338],[-77.7315,36.1393],[-77.7293,36.1487],[-77.7501,36.1575],[-77.774,36.1426],[-77.8039,36.1497],[-77.8088,36.1382],[-77.8619,36.1491],[-77.8879,36.144],[-77.9007,36.1627],[-77.923,36.1669],[-77.9178,36.1796],[-77.9238,36.1888],[-77.9318,36.1826],[-77.9438,36.1926],[-77.9511,36.1806],[-77.9733,36.1942],[-77.969,36.1838],[-77.9777,36.1753],[-78.0066,36.2026]]]}},{"type":"Feature","properties":{"county_fips":"37027","county_name":"Caldwell","state":"NC"},"geometry":{"type":"Polygon","coordinates":[[[-81.8105,36.1115],[-81.6748,36.1226],[-81.5455,36.1175],[-81.5162,36.0974],[-81.477,36.0966],[-81.4673,36.0857],[-81.4539,36.0904],[-81.4446,36.0723],[-81.4248,36.0778],[-81.3978,36.0664],[-81.3895,36.0501],[-81.3965,36.0409],[-81.3815,36.0446],[-81.3449,36.0256],[-81.3283,35.9966],[-81.3429,35.9233],[-81.3334,35.8789],[-81.344,35.8247],[-81.3343,35.7963],[-81.3472,35.793],[-81.3539,35.7689],[-81.3712,35.7664],[-81.3788,35.7573],[-81.4393,35.7731],[-81.446,35.7852],[-81.5541,35.7769],[-81.6008,35.8251],[-81.6104,35.8196],[-81.6301,35.8304],[-81.6392,35.8483],[-81.7098,35.875],[-81.7525,35.9244],[-81.7756,35.9269],[-81.7774,35.947],[-81.8091,35.9588],[-81.7357,36.0676],[-81.7537,36.0727],[-81.7608,36.0898],[-81.7755,36.0993],[-81.8105,36.1115]]]}},{"type":"Feature","properties":{"county_fips":"37127","county_name":"Nash","state":"NC"},"geometry":{"type":"Polygon","coordinates":[[[-78.2556,35.8161],[-78.0066,36.2026],[-77.9777,36.1753],[-77.969,36.1838],[-77.9733,36.1942],[-77.9511,36.1806],[-77.9438,36.1926],[-77.9318,36.1826],[-77.9238,36.1888],[-77.9178,36.1796],[-77.923,36.1669],[-77.9007,36.1627],[-77.8879,36.144],[-77.8619,36.1491],[-77.8088,36.1382],[-77.8039,36.1497],[-77.774,36.1426],[-77.7501,36.1575],[-77.7293,36.1487],[-77.7315,36.1393],[-77.7213,36.1338],[-77.7168,36.1458],[-77.698,36.1531],[-77.7085,36.1121],[-77.7718,36.0067],[-77.8447,35.8376],[-77.8739,35.8497],[-77.8974,35.8439],[-78.1973,35.7279],[-78.2155,35.7358],[-78.2188,35.7549],[-78.2327,35.7513],[-78.2383,35.7671],[-78.2506,35.7733],[-78.2439,35.7919],[-78.2556,35.8161]]]}},{"type":"Feature","properties":{"county_fips":"37015","county_name":"Bertie","state":"NC"},"geometry":{"type":"Polygon","coordinates":[[[-77.3276,36.0762],[-77.3132,36.0892],[-77.2306,36.1043],[-77.2515,36.1151],[-77.2397,36.1203],[-77.2546,36.1228],[-77.2515,36.1355],[-77.2661,36.141],[-77.2634,36.1589],[-77.2772,36.1578],[-77.2981,36.1722],[-77.2982,36.2077],[-77.2549,36.2185],[-77.2286,36.2144],[-77.2085,36.2466],[-76.9714,36.2381],[-76.7222,36.2438],[-76.725,36.2311],[-76.7371,36.2348],[-76.7499,36.2114],[-76.7542,36.1475],[-76.726,36.0962],[-76.7309,36.0747],[-76.7254,36.059],[-76.7056,36.0426],[-76.7038,36.0106],[-76.686,36.0063],[-76.6819,35.9896],[-76.7257,35.9552],[-76.7283,35.9336],[-76.7067,35.9449],[-76.6932,35.9382],[-76.7014,35.923],[-76.72,35.9173],[-76.7454,35.8708],[-76.7755,35.8627],[-76.8069,35.8839],[-76.8294,35.8861],[-76.8363,35.8801],[-76.8351,35.8496],[-76.8752,35.8137],[-76.8955,35.8132],[-76.893,35.8187],[-76.9041,35.8241],[-76.8942,35.8323],[-76.9035,35.8374],[-76.893,35.864],[-76.9213,35.8975],[-76.9409,35.9011],[-76.9589,35.8834],[-76.9811,35.8728],[-76.9866,35.8768],[-77.0053,35.8584],[-77.0356,35.8575],[-77.0446,35.8621],[-77.0455,35.8748],[-77.0313,35.8807],[-77.0375,35.8906],[-77.0222,35.8911],[-77.0306,35.9054],[-77.0275,35.9297],[-77.038,35.9302],[-77.045,35.9439],[-77.0609,35.9386],[-77.0708,35.9438],[-77.068,35.9361],[-77.0805,35.9376],[-77.094,35.9248],[-77.1029,35.9333],[-77.1249,35.9267],[-77.1309,35.9408],[-77.1858,35.9309],[-77.2023,35.9474],[-77.1942,35.9497],[-77.1979,35.9576],[-77.1889,35.9567],[-77.1976,35.9619],[-77.1908,35.9608],[-77.1959,35.992],[-77.2133,35.9925],[-77.2063,36.0068],[-77.3187,36.0554],[-77.3276,36.0762]]]}},{"type":"Feature","properties":{"county_fips":"37093","county_name":"Hoke","state":"NC"},"geometry":{"type":"Polygon","coordinates":[[[-79.4579,35.0446],[-79.3354,35.1616],[-79.3123,35.1685],[-79.2926,35.1884],[-79.2429,35.2138],[-79.2113,35.194],[-79.1755,35.1931],[-79.1683,35.1814],[-79.1543,35.1804],[-79.1421,35.169],[-79.133,35.1777],[-79.1251,35.1665],[-79.0976,35.1742],[-79.1129,35.1259],[-79.0932,35.0902],[-79.0903,35.042],[-79.0497,34.992],[-79.0356,34.9552],[-79.1914,34.8337],[-79.3479,34.8386],[-79.3373,34.8537],[-79.3489,34.8874],[-79.3531,34.9442],[-79.3965,34.9941],[-79.4495,35.0271],[-79.4579,35.0446]]]}},{"type":"Feature","properties":{"county_fips":"45079","county_name":"Richland","state":"SC"},"geometry":{"type":"Polygon","coordinates":[[[-81.3453,34.205],[-81.3169,34.2395],[-81.2966,34.2374],[-81.2513,34.2029],[-81.2264,34.2057],[-81.1783,34.1746],[-81.1794,34.1871],[-81.1684,34.1977],[-81.1812,34.2203],[-81.0959,34.2139],[-81.0708,34.2251],[-81.0699,34.2322],[-81.0612,34.228],[-80.9619,34.252],[-80.8259,34.2688],[-80.8685,34.1817],[-80.7193,34.069],[-80.7036,34.081],[-80.6162,34.0996],[-80.6362,34.0802],[-80.6195,34.0823],[-80.6312,34.0682],[-80.6064,34.058],[-80.6126,34.0518],[-80.601,34.0394],[-80.608,34.0293],[-80.6021,34.0254],[-80.6155,34.0245],[-80.628,34.0119],[-80.6253,34.0037],[-80.6373,34.0076],[-80.6354,34.0014],[-80.6466,33.999],[-80.6304,33.9758],[-80.6331,33.9665],[-80.6158,33.9655],[-80.6291,33.9418],[-80.6167,33.9364],[-80.6306,33.9337],[-80.6262,33.9299],[-80.6341,33.9173],[-80.615,33.8919],[-80.6256,33.8935],[-80.623,33.8604],[-80.6335,33.8527],[-80.6161,33.8343],[-80.6157,33.8145],[-80.5983,33.8045],[-80.6054,33.8047],[-80.5962,33.7864],[-80.603,33.7853],[-80.5977,33.7775],[-80.6057,33.7718],[-80.605,33.7585],[-80.6187,33.7436],[-80.6328,33.7437],[-80.6564,33.7614],[-80.6547,33.7735],[-80.6866,33.756],[-80.7054,33.7598],[-80.7123,33.7712],[-80.7154,33.7605],[-80.7268,33.7683],[-80.7385,33.7564],[-80.7363,33.7674],[-80.745,33.7764],[-80.7516,33.7706],[-80.7473,33.7617],[-80.7597,33.774],[-80.7849,33.761],[-80.783,33.7689],[-80.8112,33.7797],[-80.828,33.7762],[-80.8225,33.787],[-80.8335,33.7855],[-80.8375,33.7939],[-80.8658,33.8027],[-80.8748,33.8155],[-80.9156,33.8114],[-80.9153,33.8339],[-80.9362,33.8264],[-80.9537,33.8427],[-80.9883,33.8498],[-80.9862,33.8575],[-81.0021,33.8631],[-80.9982,33.8768],[-81.0207,33.8847],[-81.0088,33.9041],[-81.0301,33.9136],[-81.017,33.9309],[-81.0547,34.0008],[-81.0975,34.0177],[-81.132,34.0623],[-81.1729,34.0905],[-81.2334,34.1018],[-81.2758,34.0974],[-81.315,34.1461],[-81.3023,34.1624],[-81.3145,34.1869],[-81.3453,34.205]]]}},{"type":"Feature","properties":{"county_fips":"45049","county_name":"Hampton","state":"SC"},"geometry":{"type":"Polygon","coordinates":[[[-81.4275,32.7022],[-81.4151,32.7137],[-81.4203,32.7211],[-81.41,32.7219],[-81.4178,32.7251],[-81.4127,32.7391],[-81.3385,32.7685],[-81.3268,32.7909],[-81.2617,32.8391],[-81.2767,32.8921],[-81.2377,32.9067],[-81.237,32.9402],[-81.0823,33.0266],[-81.0135,32.9548],[-80.9872,32.9011],[-80.9588,32.8767],[-80.9455,32.8764],[-80.9001,32.8326],[-80.8958,32.8106],[-80.8662,32.7756],[-80.8456,32.7208],[-80.8263,32.7043],[-80.8372,32.6998],[-80.9024,32.6216],[-80.9587,32.6425],[-80.963,32.6522],[-80.95,32.6615],[-80.9459,32.6873],[-80.9648,32.6951],[-80.9765,32.7209],[-81.0146,32.7531],[-81.2889,32.5512],[-81.2913,32.5627],[-81.2967,32.5534],[-81.298,32.563],[-81.3218,32.5595],[-81.3548,32.5711],[-81.3577,32.5821],[-81.367,32.577],[-81.3698,32.5912],[-81.381,32.5897],[-81.4112,32.6177],[-81.4184,32.6347],[-81.4082,32.6313],[-81.4027,32.637],[-81.4126,32.6415],[-81.393,32.6515],[-81.4072,32.6605],[-81.3975,32.6626],[-81.4096,32.697],[-81.4124,32.6921],[-81.4275,32.7022]]]}},{"type":"Feature","properties":{"county_fips":"45005","county_name":"Allendale","state":"SC"},"geometry":{"type":"Polygon","coordinates":[[[-81.6136,33.0957],[-81.5419,33.1583],[-81.3649,33.1081],[-81.1931,33.1187],[-81.1244,33.0532],[-81.1012,33.0491],[-81.0823,33.0266],[-81.237,32.9402],[-81.2377,32.9067],[-81.2767,32.8921],[-81.2617,32.8391],[-81.3268,32.7909],[-81.3385,32.7685],[-81.4051,32.745],[-81.4198,32.7498],[-81.4084,32.7547],[-81.4118,32.7631],[-81.4319,32.7689],[-81.4145,32.7781],[-81.4312,32.7841],[-81.4222,32.784],[-81.4274,32.7883],[-81.4197,32.7932],[-81.4283,32.8008],[-81.418,32.8182],[-81.4271,32.8169],[-81.422,32.8215],[-81.4299,32.8282],[-81.4216,32.8352],[-81.4399,32.8404],[-81.4449,32.851],[-81.4517,32.8448],[-81.4607,32.846],[-81.4534,32.8739],[-81.4794,32.8811],[-81.4641,32.8978],[-81.4808,32.8986],[-81.4832,32.9218],[-81.5024,32.9354],[-81.4994,32.945],[-81.5086,32.9526],[-81.5108,32.9685],[-81.4998,32.9638],[-81.4915,32.9954],[-81.5002,33.0035],[-81.4914,33.0081],[-81.5041,33.0163],[-81.5107,33.0103],[-81.5103,33.0212],[-81.5191,33.0232],[-81.5112,33.0278],[-81.5291,33.0408],[-81.5388,33.0392],[-81.5438,33.0486],[-81.5619,33.0458],[-81.5589,33.0529],[-81.564,33.0608],[-81.5719,33.054],[-81.5772,33.0659],[-81.6032,33.0744],[-81.5965,33.0799],[-81.6013,33.087],[-81.6129,33.081],[-81.6136,33.0957]]]}},{"type":"Feature","properties":{"county_fips":"37019","county_name":"Brunswick","state":"NC"},"geometry":{"type":"Polygon","coordinates":[[[-78.6504,33.9457],[-78.6422,33.9581],[-78.6484,33.9655],[-78.6241,33.9733],[-78.6406,34.0103],[-78.6003,34.03],[-78.5908,34.0272],[-78.5793,34.0369],[-78.5796,34.0516],[-78.5571,34.0618],[-78.5602,34.0921],[-78.5441,34.0999],[-78.554,34.1041],[-78.549,34.1115],[-78.5551,34.1168],[-78.5388,34.1252],[-78.5452,34.1457],[-78.5029,34.1691],[-78.4227,34.1396],[-78.3916,34.1739],[-78.3668,34.1888],[-78.3743,34.2049],[-78.2546,34.2163],[-78.1545,34.365],[-78.1395,34.3655],[-78.1373,34.3717],[-78.1207,34.368],[-78.1028,34.355],[-78.0788,34.3539],[-78.0783,34.3389],[-78.0593,34.3379],[-78.0598,34.3448],[-78.0467,34.3304],[-78.0263,34.3293],[-78.0262,34.3181],[-78.0087,34.3226],[-78.0159,34.2903],[-78.0059,34.2889],[-78.0048,34.2805],[-77.9902,34.2817],[-78.002,34.2731],[-77.9875,34.2683],[-77.9731,34.2472],[-77.9678,34.2521],[-77.9685,34.2423],[-77.9566,34.2345],[-77.9586,34.1738],[-77.9369,34.1228],[-77.931,34.0503],[-77.9485,33.9713],[-77.9372,33.9292],[-77.9534,33.8956],[-77.9605,33.8432],[-78.0083,33.8642],[-77.9898,33.888],[-77.989,33.9025],[-77.9959,33.9056],[-78.017,33.9023],[-78.0207,33.8883],[-78.1203,33.9103],[-78.2392,33.9175],[-78.3871,33.902],[-78.5405,33.8527],[-78.6504,33.9457]]]}},{"type":"Feature","properties":{"county_fips":"37119","county_name":"Mecklenburg","state":"NC"},"geometry":{"type":"Polygon","coordinates":[[[-81.0576,35.0624],[-81.0521,35.0963],[-81.0325,35.11],[-81.039,35.1263],[-81.051,35.1317],[-81.0471,35.1452],[-81.0058,35.157],[-81.0024,35.1808],[-81.0141,35.222],[-81.0083,35.2481],[-81.0151,35.2687],[-81.0009,35.3054],[-80.9817,35.3272],[-80.9849,35.3401],[-80.9694,35.3514],[-80.9621,35.347],[-80.923,35.3599],[-80.9613,35.3755],[-80.9764,35.3642],[-80.9868,35.379],[-80.9552,35.3932],[-80.9587,35.4326],[-80.9425,35.4577],[-80.9515,35.4671],[-80.9473,35.4885],[-80.9067,35.5148],[-80.7842,35.506],[-80.7868,35.493],[-80.7522,35.4141],[-80.7635,35.4121],[-80.7664,35.4015],[-80.6931,35.3464],[-80.6671,35.2688],[-80.5503,35.2084],[-80.7676,35.0363],[-80.8045,35.0277],[-80.8404,35.0016],[-80.935,35.1074],[-81.0415,35.0447],[-81.0576,35.0624]]]}},{"type":"Feature","properties":{"county_fips":"37145","county_name":"Person","state":"NC"},"geometry":{"type":"Polygon","coordinates":[[[-79.154,36.2419],[-79.1383,36.5417],[-78.7963,36.5417],[-78.8023,36.2358],[-79.154,36.2419]]]}},{"type":"Feature","properties":{"county_fips":"44005","county_name":"Newport","state":"RI"},"geometry":{"type":"MultiPolygon","coordinates":[[[[-71.288,41.6456],[-71.2782,41.6473],[-71.2721,41.6371],[-71.2853,41.6369],[-71.288,41.6456]]],[[[-71.3008,41.5806],[-71.2986,41.5849],[-71.2972,41.5798],[-71.3008,41.5806]]],[[[-71.3256,41.4521],[-71.3263,41.4547],[-71.3243,41.4539],[-71.3256,41.4521]]],[[[-71.3288,41.4923],[-71.3254,41.4876],[-71.3278,41.483],[-71.329,41.4871],[-71.3288,41.4923]]],[[[-71.3431,41.4949],[-71.3413,41.5005],[-71.3387,41.4949],[-71.3431,41.4949]]],[[[-71.3459,41.5296],[-71.345,41.5379],[-71.3426,41.529],[-71.3459,41.5296]]],[[[-71.3538,41.6475],[-71.3433,41.6538],[-71.3516,41.6586],[-71.3448,41.667],[-71.3324,41.6438],[-71.3437,41.6399],[-71.3081,41.6262],[-71.3026,41.6055],[-71.3167,41.5831],[-71.3261,41.5786],[-71.3359,41.5859],[-71.3256,41.6241],[-71.3507,41.6339],[-71.3538,41.6475]]],[[[-71.3629,41.4617],[-71.3364,41.482],[-71.336,41.4696],[-71.3165,41.4776],[-71.3307,41.5077],[-71.328,41.5188],[-71.3113,41.5226],[-71.3105,41.5469],[-71.2851,41.5771],[-71.2891,41.5827],[-71.2734,41.607],[-71.2719,41.624],[-71.2511,41.6388],[-71.2332,41.6402],[-71.2203,41.6556],[-71.2118,41.6391],[-71.1956,41.6751],[-71.1329,41.6601],[-71.1409,41.6074],[-71.1313,41.5923],[-71.1206,41.4974],[-71.1673,41.4714],[-71.1686,41.4615],[-71.194,41.4564],[-71.1902,41.4843],[-71.2064,41.4992],[-71.2008,41.5144],[-71.2083,41.5289],[-71.2049,41.5408],[-71.221,41.5609],[-71.2098,41.5587],[-71.2084,41.5812],[-71.2147,41.586],[-71.2037,41.5961],[-71.2118,41.6235],[-71.2193,41.6255],[-71.2407,41.6192],[-71.2366,41.5359],[-71.228,41.5283],[-71.248,41.4903],[-71.2374,41.4857],[-71.2404,41.4761],[-71.2474,41.473],[-71.2459,41.4816],[-71.2582,41.4879],[-71.2749,41.4798],[-71.2855,41.489],[-71.2969,41.4855],[-71.2969,41.4691],[-71.3102,41.4511],[-71.3238,41.4601],[-71.3348,41.4495],[-71.3536,41.4498],[-71.3629,41.4617]]],[[[-71.367,41.6607],[-71.3607,41.6611],[-71.3534,41.6579],[-71.36,41.6499],[-71.367,41.6607]]],[[[-71.3722,41.5999],[-71.3673,41.606],[-71.3634,41.6067],[-71.3648,41.6014],[-71.3722,41.5999]]],[[[-71.3996,41.4486],[-71.3944,41.4672],[-71.3994,41.493],[-71.384,41.4938],[-71.3789,41.5049],[-71.3921,41.5245],[-71.3845,41.5567],[-71.3702,41.574],[-71.3599,41.5563],[-71.3656,41.514],[-71.3576,41.5087],[-71.3665,41.4948],[-71.3543,41.4789],[-71.3751,41.4738],[-71.3807,41.4888],[-71.3862,41.4877],[-71.3816,41.4681],[-71.3996,41.4486]]],[[[-71.4051,41.4982],[-71.4036,41.5046],[-71.3974,41.5062],[-71.3963,41.5037],[-71.4051,41.4982]]]]}},{"type":"Feature","properties":{"county_fips":"45083","county_name":"Spartanburg","state":"SC"},"geometry":{"type":"Polygon","coordinates":[[[-82.2263,34.8525],[-82.2159,35.196],[-81.8747,35.1841],[-81.8061,35.0572],[-81.8076,35.0356],[-81.7943,35.0354],[-81.7857,35.0193],[-81.7552,34.9306],[-81.7347,34.9328],[-81.7141,34.9129],[-81.7828,34.8372],[-81.8204,34.6865],[-81.8519,34.5948],[-81.8636,34.5802],[-81.8712,34.5929],[-81.8802,34.5967],[-81.8903,34.5901],[-81.8938,34.6017],[-81.9103,34.603],[-81.9519,34.6495],[-82.0046,34.6623],[-82.0587,34.7017],[-82.0694,34.7023],[-82.0666,34.7152],[-82.0788,34.7194],[-82.0839,34.7448],[-82.1011,34.744],[-82.1094,34.7563],[-82.1152,34.7489],[-82.1354,34.7731],[-82.1319,34.7788],[-82.1535,34.782],[-82.1688,34.7971],[-82.1652,34.8069],[-82.1734,34.806],[-82.1958,34.835],[-82.2263,34.8525]]]}},{"type":"Feature","properties":{"county_fips":"51141","county_name":"Patrick","state":"VA"},"geometry":{"type":"Polygon","coordinates":[[[-80.6256,36.6062],[-80.5949,36.6614],[-80.5781,36.6621],[-80.539,36.641],[-80.5012,36.6566],[-80.4887,36.6504],[-80.4893,36.6619],[-80.466,36.6731],[-80.4538,36.7004],[-80.4642,36.7087],[-80.4526,36.7325],[-80.4578,36.7392],[-80.4438,36.7479],[-80.3948,36.7444],[-80.3974,36.7643],[-80.3877,36.77],[-80.3869,36.7977],[-80.35,36.809],[-80.3416,36.8202],[-80.3443,36.8323],[-80.3287,36.8306],[-80.3173,36.8437],[-80.3052,36.8423],[-80.2884,36.8588],[-80.2552,36.8647],[-80.2533,36.8707],[-80.0744,36.8466],[-80.0664,36.8411],[-80.0789,36.8352],[-80.0707,36.8305],[-80.0727,36.8233],[-80.0417,36.7979],[-80.0951,36.7782],[-80.0889,36.7599],[-80.0947,36.7463],[-80.0847,36.7401],[-80.0936,36.7215],[-80.0585,36.6607],[-80.0605,36.6345],[-80.0502,36.6093],[-80.0535,36.5425],[-80.2952,36.544],[-80.6121,36.5579],[-80.615,36.5884],[-80.6256,36.6062]]]}},{"type":"Feature","properties":{"county_fips":"51093","county_name":"Isle of Wight","state":"VA"},"geometry":{"type":"Polygon","coordinates":[[[-76.9283,36.7047],[-76.9142,36.7221],[-76.9154,36.7365],[-76.8948,36.747],[-76.8983,36.762],[-76.8846,36.7644],[-76.885,36.7802],[-76.8656,36.7896],[-76.8617,36.8006],[-76.8689,36.8084],[-76.8556,36.8272],[-76.8597,36.8357],[-76.8493,36.8463],[-76.8519,36.8537],[-76.8408,36.8558],[-76.8339,36.8629],[-76.8387,36.8668],[-76.818,36.8806],[-76.8273,36.8875],[-76.8149,36.9005],[-76.8156,36.9143],[-76.8357,36.9194],[-76.8314,36.9296],[-76.8448,36.9326],[-76.859,36.956],[-76.8497,36.9962],[-76.6976,37.0598],[-76.6956,37.0833],[-76.6845,37.0882],[-76.6842,37.1039],[-76.6752,37.1086],[-76.6803,37.1263],[-76.6738,37.141],[-76.6671,37.1405],[-76.6569,37.1098],[-76.6698,37.0643],[-76.6626,37.0457],[-76.646,37.0362],[-76.5865,37.0287],[-76.5761,37.0154],[-76.5848,37.0061],[-76.5802,36.997],[-76.5569,37.002],[-76.4865,36.9565],[-76.4855,36.9386],[-76.4992,36.9375],[-76.5004,36.9146],[-76.5211,36.9063],[-76.5335,36.9156],[-76.8976,36.6441],[-76.9126,36.6507],[-76.9177,36.6624],[-76.912,36.6727],[-76.925,36.6822],[-76.9122,36.6984],[-76.9283,36.7047]]]}},{"type":"Feature","properties":{"county_fips":"51095","county_name":"James City","state":"VA"},"geometry":{"type":"Polygon","coordinates":[[[-76.9142,37.3568],[-76.8978,37.3738],[-76.9045,37.3777],[-76.9002,37.3858],[-76.8922,37.3834],[-76.9005,37.3959],[-76.8942,37.4002],[-76.8921,37.4324],[-76.8563,37.4481],[-76.8241,37.4507],[-76.7924,37.4354],[-76.7703,37.435],[-76.758,37.4455],[-76.7657,37.4515],[-76.7603,37.4587],[-76.742,37.4671],[-76.7276,37.4442],[-76.6587,37.3801],[-76.68,37.3669],[-76.7419,37.3706],[-76.7555,37.3542],[-76.7545,37.3402],[-76.7346,37.3314],[-76.7279,37.3059],[-76.7405,37.3057],[-76.7249,37.2808],[-76.7422,37.2762],[-76.7386,37.2613],[-76.7263,37.25],[-76.6731,37.2477],[-76.6642,37.2511],[-76.6803,37.2657],[-76.6693,37.266],[-76.6513,37.2392],[-76.6273,37.2315],[-76.6013,37.2376],[-76.578,37.1871],[-76.6111,37.1699],[-76.6299,37.2067],[-76.6598,37.2232],[-76.693,37.2237],[-76.7315,37.2122],[-76.7582,37.2155],[-76.735,37.2032],[-76.7505,37.1901],[-76.7805,37.2093],[-76.7989,37.2347],[-76.8222,37.2436],[-76.8695,37.2422],[-76.8736,37.2501],[-76.8663,37.2585],[-76.8831,37.2759],[-76.8717,37.2956],[-76.88,37.3099],[-76.8736,37.3426],[-76.8806,37.3502],[-76.8735,37.3634],[-76.8848,37.3686],[-76.9096,37.3486],[-76.9142,37.3568]]]}},{"type":"Feature","properties":{"county_fips":"51177","county_name":"Spotsylvania","state":"VA"},"geometry":{"type":"Polygon","coordinates":[[[-77.9471,38.12],[-77.9203,38.1547],[-77.9015,38.1586],[-77.8977,38.1711],[-77.8715,38.191],[-77.8774,38.2022],[-77.8566,38.2032],[-77.8348,38.2313],[-77.8277,38.23],[-77.8074,38.2556],[-77.7708,38.2801],[-77.7714,38.2881],[-77.743,38.3094],[-77.7393,38.321],[-77.7152,38.3356],[-77.7186,38.3419],[-77.708,38.3587],[-77.6795,38.3599],[-77.6724,38.3699],[-77.6477,38.3778],[-77.6371,38.3719],[-77.6442,38.3666],[-77.6395,38.359],[-77.6266,38.3689],[-77.6131,38.3647],[-77.6026,38.3487],[-77.6032,38.3331],[-77.5847,38.3468],[-77.5675,38.346],[-77.5691,38.3373],[-77.5455,38.3251],[-77.5405,38.3138],[-77.5148,38.3053],[-77.5166,38.295],[-77.5078,38.2923],[-77.5117,38.28],[-77.4969,38.283],[-77.4946,38.2739],[-77.4738,38.2702],[-77.4665,38.28],[-77.4575,38.2714],[-77.4502,38.2748],[-77.4544,38.2836],[-77.4471,38.2846],[-77.4174,38.2563],[-77.3909,38.2456],[-77.3703,38.2466],[-77.6425,37.9907],[-77.7313,38.0212],[-77.7323,38.0316],[-77.7469,38.0236],[-77.7479,38.0376],[-77.7409,38.0377],[-77.7482,38.0421],[-77.7452,38.0508],[-77.7685,38.0517],[-77.7842,38.0631],[-77.7866,38.076],[-77.8111,38.0797],[-77.8382,38.1062],[-77.847,38.0984],[-77.8884,38.1131],[-77.9018,38.1081],[-77.9167,38.1183],[-77.9297,38.1137],[-77.9471,38.12]]]}},{"type":"Feature","properties":{"county_fips":"51087","county_name":"Henrico","state":"VA"},"geometry":{"type":"Polygon","coordinates":[[[-77.6528,37.5654],[-77.6347,37.566],[-77.6306,37.5767],[-77.6164,37.5776],[-77.6264,37.5988],[-77.6518,37.6167],[-77.6545,37.6407],[-77.6302,37.7073],[-77.6071,37.7097],[-77.5954,37.697],[-77.5579,37.6819],[-77.5222,37.7001],[-77.4949,37.7015],[-77.4806,37.6819],[-77.4716,37.6877],[-77.4603,37.6782],[-77.4432,37.6822],[-77.4207,37.6365],[-77.4054,37.626],[-77.4036,37.6051],[-77.3059,37.561],[-77.2318,37.5396],[-77.1773,37.4906],[-77.226,37.4054],[-77.2151,37.3859],[-77.2346,37.3816],[-77.2487,37.3947],[-77.2539,37.3876],[-77.2484,37.3826],[-77.2675,37.3735],[-77.2697,37.3562],[-77.2865,37.352],[-77.3107,37.3658],[-77.2982,37.3921],[-77.3003,37.4053],[-77.3086,37.404],[-77.3187,37.3802],[-77.3604,37.3749],[-77.3579,37.3842],[-77.3652,37.3909],[-77.3757,37.3817],[-77.3863,37.3866],[-77.3846,37.3975],[-77.3985,37.4054],[-77.3991,37.4213],[-77.4269,37.4261],[-77.4175,37.4518],[-77.4228,37.4961],[-77.4165,37.5171],[-77.3939,37.505],[-77.3943,37.5149],[-77.3874,37.5171],[-77.3939,37.5261],[-77.3855,37.5352],[-77.3932,37.5373],[-77.3951,37.5494],[-77.4117,37.5523],[-77.4133,37.58],[-77.4393,37.5855],[-77.4376,37.5987],[-77.4781,37.5989],[-77.4725,37.5787],[-77.4824,37.5731],[-77.5326,37.5918],[-77.532,37.5826],[-77.5439,37.5813],[-77.5475,37.5725],[-77.5259,37.5682],[-77.5298,37.5592],[-77.606,37.5555],[-77.6528,37.5654]]]}},{"type":"Feature","properties":{"county_fips":"51101","county_name":"King William","state":"VA"},"geometry":{"type":"Polygon","coordinates":[[[-77.3456,37.7922],[-77.2503,37.8724],[-77.2414,37.9097],[-77.2265,37.8987],[-77.2115,37.9012],[-77.2163,37.8913],[-77.2083,37.8856],[-77.2055,37.8919],[-77.1788,37.8891],[-77.169,37.897],[-77.1647,37.8839],[-77.1486,37.8803],[-77.1636,37.8658],[-77.1332,37.8654],[-77.1413,37.8561],[-77.1215,37.8369],[-77.1265,37.8266],[-77.1159,37.8148],[-77.1208,37.8076],[-77.093,37.8094],[-77.0925,37.8022],[-77.1068,37.7943],[-77.0992,37.7834],[-77.0737,37.7732],[-77.0895,37.7552],[-77.0822,37.7471],[-77.0594,37.7495],[-77.0352,37.7209],[-77.0125,37.7228],[-77.0006,37.7085],[-76.9751,37.7084],[-76.9669,37.6898],[-76.9167,37.6953],[-76.906,37.6705],[-76.9124,37.6568],[-76.8805,37.6571],[-76.8558,37.6362],[-76.8682,37.6178],[-76.8388,37.6168],[-76.8334,37.607],[-76.8147,37.6042],[-76.8258,37.5973],[-76.823,37.5916],[-76.7957,37.5893],[-76.7996,37.5736],[-76.7852,37.5691],[-76.7771,37.5507],[-76.7887,37.5372],[-76.7866,37.5224],[-76.7962,37.5199],[-76.8241,37.5524],[-76.8574,37.5229],[-76.8778,37.5304],[-76.854,37.5697],[-76.8562,37.5782],[-76.8685,37.5814],[-76.882,37.5765],[-76.8759,37.5518],[-76.902,37.5467],[-76.9031,37.5658],[-76.917,37.5696],[-76.9427,37.5596],[-76.9471,37.5355],[-76.974,37.5413],[-76.9551,37.5638],[-76.9653,37.585],[-76.9927,37.5809],[-76.9812,37.5671],[-77.0001,37.5618],[-77.0258,37.5734],[-77.019,37.5835],[-77.054,37.5988],[-77.0672,37.6039],[-77.0842,37.5984],[-77.0922,37.6078],[-77.0896,37.6182],[-77.1203,37.6248],[-77.1296,37.6356],[-77.1153,37.636],[-77.1104,37.6637],[-77.1417,37.6653],[-77.1476,37.6752],[-77.1473,37.6643],[-77.1627,37.6681],[-77.1664,37.6609],[-77.1867,37.6577],[-77.1919,37.6663],[-77.1821,37.674],[-77.1846,37.687],[-77.1992,37.6898],[-77.2066,37.677],[-77.2145,37.689],[-77.2416,37.6868],[-77.2368,37.6923],[-77.2439,37.6992],[-77.2303,37.7139],[-77.244,37.7303],[-77.2518,37.7222],[-77.246,37.7102],[-77.2695,37.7235],[-77.292,37.714],[-77.2935,37.7398],[-77.3225,37.7337],[-77.3209,37.7433],[-77.308,37.7413],[-77.3012,37.7513],[-77.3344,37.7546],[-77.3374,37.7648],[-77.3218,37.7698],[-77.3318,37.792],[-77.3456,37.7922]]]}},{"type":"Feature","properties":{"county_fips":"51137","county_name":"Orange","state":"VA"},"geometry":{"type":"Polygon","coordinates":[[[-78.369,38.1841],[-78.2888,38.2727],[-78.2677,38.2637],[-78.2725,38.2515],[-78.2528,38.2345],[-78.2211,38.2301],[-78.2177,38.2422],[-78.1779,38.2542],[-78.183,38.2677],[-78.1525,38.2657],[-78.1585,38.2743],[-78.1486,38.284],[-78.1461,38.2762],[-78.1237,38.2788],[-78.0961,38.3017],[-78.0959,38.3109],[-78.0778,38.3163],[-78.0691,38.3084],[-78.0538,38.3177],[-78.037,38.3119],[-78.0308,38.3278],[-77.9939,38.3493],[-77.9757,38.3471],[-77.9729,38.3589],[-77.9587,38.3537],[-77.9196,38.3656],[-77.9075,38.3829],[-77.8927,38.3887],[-77.8816,38.3785],[-77.8119,38.3791],[-77.7817,38.3641],[-77.7745,38.3684],[-77.7878,38.3766],[-77.7712,38.393],[-77.7451,38.3833],[-77.751,38.3778],[-77.746,38.3754],[-77.703,38.3609],[-77.7186,38.3419],[-77.7152,38.3356],[-77.7393,38.321],[-77.743,38.3094],[-77.7714,38.2881],[-77.7708,38.2801],[-77.7911,38.268],[-77.7879,38.2637],[-77.8074,38.2556],[-77.8599,38.2006],[-77.8774,38.2022],[-77.8715,38.191],[-77.8977,38.1711],[-77.9015,38.1586],[-77.9203,38.1547],[-77.9484,38.118],[-77.984,38.1209],[-78.0022,38.1386],[-78.0479,38.1359],[-78.1017,38.1526],[-78.1166,38.14],[-78.1443,38.143],[-78.1714,38.1297],[-78.2094,38.1311],[-78.369,38.1841]]]}},{"type":"Feature","properties":{"county_fips":"51127","county_name":"New Kent","state":"VA"},"geometry":{"type":"Polygon","coordinates":[[[-77.241,37.5381],[-77.1709,37.5965],[-77.1404,37.5922],[-77.1338,37.6264],[-77.1237,37.6269],[-77.0896,37.6182],[-77.0922,37.6078],[-77.0842,37.5984],[-77.0672,37.6039],[-77.019,37.5835],[-77.0258,37.5734],[-77.0107,37.5638],[-76.984,37.5651],[-76.9808,37.5713],[-76.9927,37.5809],[-76.9653,37.585],[-76.9568,37.557],[-76.9763,37.5448],[-76.953,37.5358],[-76.9453,37.5366],[-76.9373,37.5631],[-76.9072,37.5686],[-76.9053,37.549],[-76.8939,37.5457],[-76.8731,37.5551],[-76.882,37.5765],[-76.8584,37.5795],[-76.854,37.5697],[-76.8778,37.5304],[-76.8574,37.5229],[-76.8211,37.552],[-76.7922,37.5176],[-76.7895,37.5039],[-76.7568,37.4883],[-76.742,37.4671],[-76.7603,37.4587],[-76.7657,37.4515],[-76.758,37.4455],[-76.7703,37.435],[-76.7924,37.4354],[-76.8241,37.4507],[-76.8563,37.4481],[-76.8921,37.4324],[-76.8942,37.4002],[-76.9005,37.3959],[-76.8922,37.3834],[-76.9002,37.3858],[-76.9045,37.3777],[-76.9188,37.3855],[-76.9064,37.3926],[-76.9049,37.4049],[-76.9167,37.3954],[-76.9276,37.3996],[-76.9425,37.3832],[-76.9408,37.4099],[-76.9688,37.4065],[-76.9696,37.4167],[-76.982,37.4209],[-77.0161,37.414],[-77.0267,37.429],[-77.06,37.4293],[-77.0701,37.4399],[-77.0959,37.4403],[-77.1191,37.4558],[-77.1269,37.4716],[-77.1608,37.4753],[-77.1578,37.486],[-77.1704,37.4814],[-77.2212,37.5332],[-77.241,37.5381]]]}},{"type":"Feature","properties":{"county_fips":"51125","county_name":"Nelson","state":"VA"},"geometry":{"type":"Polygon","coordinates":[[[-79.171,37.8055],[-79.1445,37.8559],[-79.1574,37.891],[-79.0623,37.9175],[-79.0523,37.9128],[-79.0443,37.8909],[-79.0173,37.8932],[-79.0051,37.8817],[-78.9811,37.906],[-78.9552,37.9167],[-78.9569,37.9259],[-78.9421,37.9402],[-78.8991,37.9489],[-78.9023,37.9582],[-78.8926,37.975],[-78.9077,37.9762],[-78.9069,37.9875],[-78.8879,37.9966],[-78.8737,38.0286],[-78.8598,38.0285],[-78.8389,38.0474],[-78.6824,37.7811],[-78.6933,37.7712],[-78.6843,37.7738],[-78.6675,37.7594],[-78.6834,37.7597],[-78.6861,37.7375],[-78.6623,37.7227],[-78.6439,37.7331],[-78.6559,37.7039],[-78.6408,37.6861],[-78.6604,37.6778],[-78.6771,37.6962],[-78.6913,37.6984],[-78.6957,37.6929],[-78.6883,37.6781],[-78.7104,37.6724],[-78.719,37.6615],[-78.7158,37.6366],[-78.7394,37.6315],[-78.7949,37.6426],[-78.8212,37.6318],[-78.8235,37.6217],[-78.8099,37.6044],[-78.8328,37.5905],[-78.8132,37.5672],[-78.8247,37.5592],[-78.8249,37.5373],[-78.8692,37.5421],[-78.8834,37.5506],[-78.8954,37.5431],[-78.9717,37.6705],[-78.9672,37.6773],[-78.9833,37.6826],[-78.9864,37.6977],[-79.0309,37.7026],[-79.0669,37.7191],[-79.0722,37.7622],[-79.067,37.7701],[-79.0744,37.7812],[-79.1143,37.7864],[-79.1201,37.8014],[-79.138,37.8141],[-79.171,37.8055]]]}},{"type":"Feature","properties":{"county_fips":"51145","county_name":"Powhatan","state":"VA"},"geometry":{"type":"Polygon","coordinates":[[[-78.132,37.4547],[-78.0895,37.6394],[-78.075,37.6574],[-78.0477,37.6434],[-78.0175,37.6426],[-77.9833,37.6246],[-77.9567,37.6251],[-77.9437,37.6386],[-77.956,37.6608],[-77.9498,37.6744],[-77.9157,37.6914],[-77.8973,37.6682],[-77.8306,37.6331],[-77.8179,37.6078],[-77.7653,37.6126],[-77.7321,37.5897],[-77.7056,37.5892],[-77.6554,37.564],[-77.7978,37.4589],[-77.8083,37.4268],[-77.8467,37.4151],[-77.8589,37.4226],[-77.8666,37.4568],[-77.8945,37.4496],[-77.8982,37.4748],[-77.9852,37.4861],[-77.9987,37.4979],[-78.0154,37.4912],[-78.0172,37.4715],[-78.0493,37.4723],[-78.0661,37.452],[-78.0924,37.4557],[-78.0987,37.4406],[-78.1008,37.4481],[-78.1243,37.4454],[-78.132,37.4547]]]}},{"type":"Feature","properties":{"county_fips":"51075","county_name":"Goochland","state":"VA"},"geometry":{"type":"Polygon","coordinates":[[[-78.159,37.7493],[-78.0633,37.9051],[-78.0556,37.9048],[-77.9991,37.8739],[-77.9876,37.8646],[-77.9908,37.8575],[-77.9469,37.8526],[-77.9403,37.838],[-77.9072,37.8219],[-77.8972,37.8033],[-77.9077,37.792],[-77.9091,37.7763],[-77.8818,37.7572],[-77.858,37.7595],[-77.8592,37.7541],[-77.8445,37.7491],[-77.8183,37.7462],[-77.784,37.7216],[-77.7117,37.7063],[-77.6308,37.7057],[-77.6545,37.6407],[-77.6518,37.6167],[-77.6264,37.5988],[-77.6164,37.5776],[-77.6554,37.564],[-77.7056,37.5892],[-77.7321,37.5897],[-77.7653,37.6126],[-77.815,37.6066],[-77.8237,37.6114],[-77.8306,37.6331],[-77.8973,37.6682],[-77.9157,37.6914],[-77.9498,37.6744],[-77.956,37.6608],[-77.9437,37.6386],[-77.9567,37.6251],[-77.9796,37.6238],[-78.0175,37.6426],[-78.0477,37.6434],[-78.0843,37.6684],[-78.1074,37.6717],[-78.1096,37.6808],[-78.0908,37.6966],[-78.0927,37.7082],[-78.159,37.7493]]]}},{"type":"Feature","properties":{"county_fips":"51037","county_name":"Charlotte","state":"VA"},"geometry":{"type":"Polygon","coordinates":[[[-78.9046,37.0223],[-78.8242,37.2054],[-78.8046,37.2035],[-78.7773,37.2291],[-78.7349,37.2203],[-78.7204,37.2371],[-78.6816,37.2488],[-78.6925,37.2048],[-78.6861,37.194],[-78.6398,37.1924],[-78.6349,37.1701],[-78.5841,37.1408],[-78.5469,37.1503],[-78.5427,37.141],[-78.5155,37.1329],[-78.5035,37.1063],[-78.4809,37.0852],[-78.4436,37.0794],[-78.493,36.8912],[-78.6485,36.6979],[-78.6658,36.7068],[-78.6915,36.7411],[-78.6661,36.7644],[-78.683,36.7924],[-78.667,36.8118],[-78.6873,36.8252],[-78.6658,36.8418],[-78.6715,36.858],[-78.6871,36.8638],[-78.713,36.896],[-78.7517,36.9237],[-78.7273,36.9384],[-78.7418,37.0037],[-78.7582,37.0058],[-78.7484,36.9871],[-78.7717,36.985],[-78.7738,36.9576],[-78.7883,36.9528],[-78.8188,36.9845],[-78.8719,36.9858],[-78.8971,36.9777],[-78.902,36.9873],[-78.8918,37.0027],[-78.9046,37.0223]]]}},{"type":"Feature","properties":{"county_fips":"51063","county_name":"Floyd","state":"VA"},"geometry":{"type":"Polygon","coordinates":[[[-80.6338,36.9327],[-80.5972,36.9432],[-80.553,36.9701],[-80.5484,36.9825],[-80.5213,36.9966],[-80.5183,37.0117],[-80.4918,36.9818],[-80.486,36.9991],[-80.4727,36.9927],[-80.4731,37.0035],[-80.4616,37.0032],[-80.4516,37.0215],[-80.4424,37.0071],[-80.4342,37.0167],[-80.4171,37.0017],[-80.4136,37.0222],[-80.4048,37.0145],[-80.3895,37.0217],[-80.3479,37.0216],[-80.2837,37.0788],[-80.1781,37.1134],[-80.1605,37.1095],[-80.1266,37.1231],[-80.113,37.0981],[-80.1077,37.0733],[-80.1228,37.0556],[-80.1044,37.0264],[-80.1171,37.0251],[-80.1135,37.0092],[-80.1359,37.0041],[-80.1354,36.9962],[-80.1212,36.9917],[-80.1437,36.9803],[-80.1345,36.9651],[-80.1451,36.9494],[-80.1738,36.9524],[-80.1978,36.9207],[-80.1989,36.9015],[-80.2355,36.8721],[-80.2884,36.8588],[-80.2942,36.8478],[-80.3173,36.8437],[-80.3287,36.8306],[-80.3443,36.8323],[-80.3444,36.8135],[-80.3909,36.7926],[-80.3853,36.7851],[-80.3917,36.7797],[-80.3877,36.77],[-80.3974,36.7643],[-80.3948,36.7444],[-80.4493,36.7451],[-80.4586,36.7384],[-80.4526,36.7325],[-80.4642,36.7087],[-80.6338,36.9327]]]}},{"type":"Feature","properties":{"county_fips":"51097","county_name":"King and Queen","state":"VA"},"geometry":{"type":"Polygon","coordinates":[[[-77.187,37.901],[-77.1748,37.9032],[-77.1864,37.9112],[-77.1788,37.929],[-77.184,37.9414],[-77.167,37.9641],[-77.1486,37.972],[-77.1065,37.9716],[-77.0968,37.9639],[-77.0723,37.9683],[-77.0643,37.9584],[-77.0728,37.9464],[-77.0597,37.9431],[-77.0552,37.9309],[-77.034,37.9255],[-77.0241,37.9049],[-77.0317,37.8912],[-77.0202,37.8853],[-77.0229,37.8796],[-77.0396,37.8767],[-77.0412,37.869],[-77.0202,37.861],[-77.019,37.8449],[-77.0062,37.8371],[-76.9828,37.8394],[-76.9699,37.8287],[-76.9452,37.8282],[-76.9432,37.783],[-76.9064,37.7962],[-76.8777,37.7821],[-76.8426,37.798],[-76.7946,37.7898],[-76.7895,37.7712],[-76.7555,37.7439],[-76.7472,37.7058],[-76.7321,37.6881],[-76.7253,37.692],[-76.7282,37.6756],[-76.718,37.6577],[-76.7068,37.6528],[-76.6823,37.6172],[-76.6541,37.6032],[-76.6693,37.5285],[-76.6456,37.4863],[-76.6622,37.4578],[-76.674,37.4613],[-76.687,37.4479],[-76.7021,37.4505],[-76.7123,37.4313],[-76.7276,37.4442],[-76.7517,37.4839],[-76.7909,37.5058],[-76.7887,37.5372],[-76.7771,37.5507],[-76.7852,37.5691],[-76.7996,37.5736],[-76.7957,37.5893],[-76.823,37.5916],[-76.8258,37.5973],[-76.8147,37.6042],[-76.8334,37.607],[-76.8388,37.6168],[-76.8682,37.6178],[-76.8558,37.6362],[-76.8805,37.6571],[-76.9124,37.6568],[-76.906,37.6705],[-76.9167,37.6953],[-76.9669,37.6898],[-76.9751,37.7084],[-77.0006,37.7085],[-77.0125,37.7228],[-77.0352,37.7209],[-77.0594,37.7495],[-77.0822,37.7471],[-77.0895,37.7552],[-77.0737,37.7732],[-77.0992,37.7834],[-77.1068,37.7943],[-77.0925,37.8022],[-77.0935,37.8101],[-77.1208,37.8076],[-77.1159,37.8148],[-77.1265,37.8266],[-77.1215,37.8369],[-77.1413,37.8561],[-77.1332,37.8654],[-77.1636,37.8658],[-77.1495,37.8821],[-77.1636,37.883],[-77.169,37.897],[-77.1808,37.8899],[-77.187,37.901]]]}},{"type":"Feature","properties":{"county_fips":"12089","county_name":"Nassau","state":"FL"},"geometry":{"type":"Polygon","coordinates":[[[-82.0504,30.6763],[-82.0364,30.7066],[-82.0448,30.7285],[-82.0387,30.7511],[-82.0114,30.7626],[-82.022,30.7882],[-82.0048,30.7914],[-81.9777,30.7766],[-81.9629,30.7958],[-81.9639,30.8181],[-81.9388,30.8288],[-81.927,30.8176],[-81.9109,30.8161],[-81.9014,30.8299],[-81.8815,30.7999],[-81.8683,30.7929],[-81.8074,30.7901],[-81.7985,30.7823],[-81.7944,30.787],[-81.7822,30.7613],[-81.7719,30.7638],[-81.7696,30.7771],[-81.7408,30.765],[-81.742,30.7591],[-81.7199,30.7446],[-81.6948,30.7484],[-81.6728,30.7389],[-81.6725,30.7484],[-81.6831,30.7485],[-81.6633,30.7544],[-81.6627,30.743],[-81.6523,30.7431],[-81.6531,30.7298],[-81.6307,30.7281],[-81.6244,30.7363],[-81.6235,30.7247],[-81.6107,30.7162],[-81.6009,30.7294],[-81.5971,30.7193],[-81.5737,30.7223],[-81.5607,30.7117],[-81.5493,30.7183],[-81.5384,30.7087],[-81.5312,30.7242],[-81.4873,30.7261],[-81.4726,30.7133],[-81.4258,30.7005],[-81.4419,30.6014],[-81.4376,30.5187],[-81.4799,30.5335],[-81.4996,30.5638],[-81.514,30.5673],[-81.5238,30.5563],[-81.5199,30.5436],[-81.5263,30.5312],[-81.543,30.5239],[-81.5509,30.543],[-81.5678,30.5366],[-81.5854,30.5442],[-81.5844,30.566],[-81.6096,30.554],[-81.6142,30.5631],[-81.6015,30.5677],[-81.611,30.5759],[-81.606,30.5855],[-81.6499,30.5766],[-81.6637,30.5508],[-81.6739,30.5662],[-81.6955,30.5632],[-81.6976,30.5696],[-81.7046,30.5636],[-81.7219,30.5719],[-81.7268,30.5594],[-81.7363,30.5571],[-81.7384,30.5346],[-81.7637,30.5349],[-81.7653,30.5187],[-81.7816,30.5033],[-81.7949,30.5054],[-81.8095,30.4845],[-82.0492,30.2734],[-82.05,30.3624],[-82.0368,30.3779],[-82.0372,30.4345],[-82.0178,30.4751],[-82.0184,30.5312],[-82.0055,30.5635],[-82.0157,30.6017],[-82.0273,30.6067],[-82.0285,30.6218],[-82.0495,30.6555],[-82.0504,30.6763]]]}},{"type":"Feature","properties":{"county_fips":"13039","county_name":"Camden","state":"GA"},"geometry":{"type":"Polygon","coordinates":[[[-81.9367,31.0608],[-81.9263,31.0609],[-81.9274,31.0789],[-81.9159,31.0953],[-81.8407,31.0977],[-81.8191,31.1365],[-81.8016,31.1513],[-81.7907,31.146],[-81.7662,31.1697],[-81.7624,31.1533],[-81.7242,31.1496],[-81.6862,31.1224],[-81.6621,31.1256],[-81.6328,31.1078],[-81.623,31.1166],[-81.5821,31.115],[-81.5704,31.1292],[-81.5603,31.1288],[-81.5616,31.1107],[-81.5727,31.0956],[-81.5567,31.0808],[-81.5398,31.0838],[-81.5266,31.0632],[-81.4929,31.0548],[-81.4827,31.0326],[-81.4547,31.0371],[-81.4449,31.029],[-81.4431,31.0167],[-81.4578,31.0103],[-81.461,30.9991],[-81.4906,30.985],[-81.487,30.9696],[-81.4668,30.9709],[-81.448,30.9655],[-81.4474,30.9567],[-81.4269,30.9566],[-81.4201,30.9741],[-81.4085,30.9777],[-81.4041,30.9037],[-81.4601,30.7699],[-81.4595,30.742],[-81.4441,30.7097],[-81.4726,30.7133],[-81.4873,30.7261],[-81.5312,30.7242],[-81.5384,30.7087],[-81.5493,30.7183],[-81.5607,30.7117],[-81.5737,30.7223],[-81.5971,30.7193],[-81.6009,30.7294],[-81.6107,30.7162],[-81.6235,30.7247],[-81.6244,30.7363],[-81.6307,30.7281],[-81.6531,30.7298],[-81.6523,30.7431],[-81.6627,30.743],[-81.6633,30.7544],[-81.6831,30.7485],[-81.6725,30.7484],[-81.6728,30.7389],[-81.6948,30.7484],[-81.7199,30.7446],[-81.7617,30.7757],[-81.7713,30.7763],[-81.7719,30.7638],[-81.7822,30.7613],[-81.7944,30.787],[-81.8392,30.7866],[-81.8815,30.7999],[-81.8929,30.8255],[-81.9049,30.8283],[-81.8921,30.9099],[-81.8952,30.9048],[-81.9062,30.9092],[-81.9026,30.9152],[-81.9155,30.9131],[-81.8925,30.9512],[-81.8919,30.9602],[-81.9174,30.9849],[-81.9146,30.9957],[-81.9079,30.9948],[-81.9114,31.0107],[-81.9028,31.0294],[-81.9115,31.0432],[-81.936,31.048],[-81.9367,31.0608]]]}},{"type":"Feature","properties":{"county_fips":"32003","county_name":"Clark","state":"NV"},"geometry":{"type":"Polygon","coordinates":[[[-115.8969,36.8421],[-115.7407,36.8419],[-115.7408,36.8531],[-114.7625,36.8535],[-114.7623,36.8439],[-114.0506,36.8431],[-114.0439,36.1934],[-114.0682,36.1777],[-114.097,36.1208],[-114.1213,36.1095],[-114.1119,36.0958],[-114.1459,36.0272],[-114.2421,36.0152],[-114.265,36.0288],[-114.2709,36.0455],[-114.3136,36.059],[-114.3069,36.0825],[-114.3702,36.1426],[-114.4091,36.147],[-114.4437,36.1256],[-114.4636,36.1397],[-114.5047,36.1272],[-114.5092,36.1332],[-114.5002,36.1432],[-114.5143,36.1508],[-114.5711,36.1511],[-114.6155,36.1297],[-114.6305,36.1422],[-114.6798,36.1099],[-114.7362,36.1044],[-114.7548,36.0847],[-114.7363,36.0585],[-114.7421,36.0398],[-114.7221,36.029],[-114.7428,36.01],[-114.7406,35.9757],[-114.7075,35.9281],[-114.7085,35.9123],[-114.6616,35.8711],[-114.7065,35.849],[-114.6952,35.8323],[-114.7121,35.8062],[-114.6989,35.7902],[-114.6957,35.756],[-114.7054,35.7083],[-114.6806,35.684],[-114.689,35.6503],[-114.6534,35.6108],[-114.6592,35.5875],[-114.6758,35.5795],[-114.6632,35.5652],[-114.6572,35.5323],[-114.6772,35.5129],[-114.6787,35.4988],[-114.6635,35.4478],[-114.6268,35.4096],[-114.6057,35.3585],[-114.58,35.2096],[-114.5692,35.1835],[-114.5783,35.1288],[-114.6323,35.1171],[-114.6468,35.1019],[-114.6131,35.0831],[-114.6029,35.0686],[-114.6369,35.0284],[-114.6335,35.0019],[-115.846,35.9642],[-115.8458,36.1708],[-115.8958,36.1722],[-115.8969,36.8421]]]}},{"type":"Feature","properties":{"county_fips":"12105","county_name":"Polk","state":"FL"},"geometry":{"type":"Polygon","coordinates":[[[-82.1062,28.2592],[-82.0555,28.2589],[-82.0558,28.3128],[-82.0399,28.3203],[-82.0076,28.3232],[-81.9858,28.3053],[-81.958,28.3089],[-81.9576,28.3452],[-81.8575,28.346],[-81.8576,28.3619],[-81.7909,28.3618],[-81.7907,28.3464],[-81.6573,28.3471],[-81.6572,28.2592],[-81.5575,28.2594],[-81.5241,28.201],[-81.5242,28.1428],[-81.4562,28.1432],[-81.4558,28.0849],[-81.3464,28.0847],[-81.3463,28.0697],[-81.365,28.0682],[-81.3626,28.0405],[-81.3756,28.0297],[-81.3787,28.0117],[-81.394,28.028],[-81.428,28.0393],[-81.4407,28.0586],[-81.4574,28.0551],[-81.4588,28.0401],[-81.4403,28.0339],[-81.4156,27.9982],[-81.387,28.0036],[-81.3765,27.9783],[-81.3367,27.9496],[-81.3384,27.9392],[-81.3471,27.9373],[-81.3086,27.9216],[-81.3149,27.9012],[-81.3016,27.8619],[-81.2333,27.8437],[-81.2081,27.8211],[-81.1877,27.7755],[-81.1729,27.7605],[-81.1785,27.7519],[-81.165,27.7422],[-81.1687,27.726],[-81.1458,27.7102],[-81.149,27.692],[-81.1441,27.6693],[-81.1318,27.6615],[-81.1325,27.6475],[-82.0543,27.6464],[-82.0563,28.1716],[-82.1059,28.1716],[-82.1062,28.2592]]]}},{"type":"Feature","properties":{"county_fips":"23015","county_name":"Lincoln","state":"ME"},"geometry":{"type":"MultiPolygon","coordinates":[[[[-69.3236,43.759],[-69.3136,43.7728],[-69.3004,43.7721],[-69.3143,43.7567],[-69.3236,43.759]]],[[[-69.3915,43.9577],[-69.3948,43.9649],[-69.3873,43.9672],[-69.3915,43.9577]]],[[[-69.4289,43.9165],[-69.422,43.923],[-69.4273,43.9123],[-69.4289,43.9165]]],[[[-69.4381,43.9095],[-69.4394,43.9391],[-69.433,43.9521],[-69.4201,43.9359],[-69.4381,43.9095]]],[[[-69.5882,43.7705],[-69.5829,43.7791],[-69.5815,43.7719],[-69.5882,43.7705]]],[[[-69.5996,43.7907],[-69.5996,43.8033],[-69.5939,43.8041],[-69.5996,43.7907]]],[[[-69.6188,43.7574],[-69.6108,43.7789],[-69.6053,43.7803],[-69.614,43.7511],[-69.6188,43.7574]]],[[[-69.6357,43.8054],[-69.633,43.8126],[-69.6288,43.8137],[-69.6267,43.8052],[-69.6357,43.8054]]],[[[-69.8135,44.0268],[-69.7903,44.0425],[-69.7859,44.0872],[-69.7582,44.1393],[-69.6567,44.1224],[-69.6654,44.2276],[-69.6502,44.2796],[-69.5428,44.2625],[-69.5214,44.2806],[-69.5064,44.3429],[-69.4096,44.328],[-69.4164,44.3213],[-69.437,44.3245],[-69.4513,44.3139],[-69.4407,44.2844],[-69.4495,44.2623],[-69.4328,44.2267],[-69.4036,44.2191],[-69.406,44.2107],[-69.3377,44.2094],[-69.3037,44.1327],[-69.3115,44.0955],[-69.3038,44.0965],[-69.282,44.0645],[-69.2823,44.0526],[-69.298,44.059],[-69.2982,44.0473],[-69.3186,44.0372],[-69.3278,44.0062],[-69.3347,44.0047],[-69.3458,44.0188],[-69.364,44.0129],[-69.3683,43.9951],[-69.379,43.9954],[-69.3892,43.9708],[-69.3983,43.9707],[-69.4061,43.9858],[-69.4282,43.9573],[-69.4268,43.9783],[-69.4377,43.9758],[-69.4596,43.9033],[-69.4835,43.8803],[-69.5069,43.8348],[-69.5149,43.8313],[-69.5193,43.8712],[-69.5439,43.8816],[-69.5509,43.878],[-69.545,43.8612],[-69.5517,43.8346],[-69.5727,43.844],[-69.5796,43.8216],[-69.5929,43.8114],[-69.6059,43.8149],[-69.6063,43.8234],[-69.5924,43.8309],[-69.5947,43.8589],[-69.6177,43.8453],[-69.6131,43.8375],[-69.6211,43.8268],[-69.6303,43.837],[-69.6272,43.8489],[-69.6388,43.8478],[-69.6498,43.8363],[-69.6457,43.8194],[-69.6531,43.8172],[-69.6556,43.781],[-69.6687,43.8014],[-69.6859,43.8101],[-69.6904,43.8254],[-69.6802,43.8565],[-69.6875,43.8677],[-69.6851,43.897],[-69.6714,43.9236],[-69.6916,43.9172],[-69.7028,43.8547],[-69.7229,43.8531],[-69.7435,43.8935],[-69.7074,43.9273],[-69.725,43.9349],[-69.7196,43.9713],[-69.7002,44.0066],[-69.8135,44.0268]]]]}},{"type":"Feature","properties":{"county_fips":"24009","county_name":"Calvert","state":"MD"},"geometry":{"type":"Polygon","coordinates":[[[-76.7012,38.7128],[-76.695,38.7351],[-76.684,38.7383],[-76.6852,38.7561],[-76.6431,38.7693],[-76.6231,38.7673],[-76.6229,38.7267],[-76.6159,38.7208],[-76.5356,38.7215],[-76.5283,38.7127],[-76.5324,38.6784],[-76.5113,38.6157],[-76.5175,38.5357],[-76.506,38.5046],[-76.4927,38.4828],[-76.4154,38.4147],[-76.4025,38.3944],[-76.3815,38.3853],[-76.3909,38.3751],[-76.387,38.3613],[-76.4214,38.3189],[-76.4381,38.3253],[-76.4558,38.3165],[-76.4682,38.3289],[-76.4876,38.3263],[-76.4841,38.3481],[-76.5015,38.3725],[-76.5341,38.3978],[-76.5584,38.3959],[-76.5656,38.4071],[-76.6084,38.4244],[-76.6539,38.4634],[-76.6521,38.4738],[-76.6741,38.4996],[-76.6625,38.5255],[-76.6757,38.5365],[-76.6723,38.5528],[-76.6807,38.5805],[-76.6723,38.6175],[-76.6929,38.6364],[-76.6833,38.6612],[-76.701,38.6684],[-76.687,38.6806],[-76.6974,38.6878],[-76.7012,38.7128]]]}},{"type":"Feature","properties":{"county_fips":"29095","county_name":"Jackson","state":"MO"},"geometry":{"type":"Polygon","coordinates":[[[-94.608,38.8472],[-94.6074,39.1134],[-94.5957,39.11],[-94.555,39.1274],[-94.5341,39.1459],[-94.5064,39.1509],[-94.4846,39.1455],[-94.4616,39.1204],[-94.4023,39.1648],[-94.4072,39.1953],[-94.3897,39.1935],[-94.3785,39.1704],[-94.3636,39.1637],[-94.3377,39.1807],[-94.314,39.2213],[-94.2951,39.2355],[-94.25,39.2348],[-94.2125,39.2071],[-94.1735,39.2138],[-94.1702,39.2045],[-94.1858,39.181],[-94.1337,39.1712],[-94.1048,39.1435],[-94.1188,38.8332],[-94.608,38.8472]]]}},{"type":"Feature","properties":{"county_fips":"37021","county_name":"Buncombe","state":"NC"},"geometry":{"type":"Polygon","coordinates":[[[-82.8881,35.673],[-82.8492,35.7015],[-82.8047,35.6862],[-82.7928,35.6967],[-82.754,35.7035],[-82.7492,35.7125],[-82.7334,35.7139],[-82.7311,35.7222],[-82.7138,35.7178],[-82.7119,35.733],[-82.6698,35.7258],[-82.677,35.7349],[-82.5147,35.8032],[-82.4758,35.7983],[-82.4641,35.8093],[-82.4358,35.8086],[-82.382,35.824],[-82.3621,35.8213],[-82.3383,35.8017],[-82.3463,35.7872],[-82.3347,35.7488],[-82.3131,35.7336],[-82.2913,35.7299],[-82.2759,35.7144],[-82.2754,35.7044],[-82.2949,35.6839],[-82.2811,35.6702],[-82.2854,35.6479],[-82.2645,35.6175],[-82.291,35.5913],[-82.2513,35.5599],[-82.22,35.5531],[-82.169,35.5278],[-82.2332,35.5194],[-82.2243,35.4983],[-82.2514,35.4607],[-82.3326,35.5002],[-82.341,35.4889],[-82.3693,35.4855],[-82.3631,35.461],[-82.4178,35.4744],[-82.4706,35.4452],[-82.5339,35.4444],[-82.5332,35.4164],[-82.5469,35.4252],[-82.5423,35.4313],[-82.5488,35.4443],[-82.5612,35.4432],[-82.5708,35.4311],[-82.6087,35.4433],[-82.622,35.4357],[-82.6732,35.4595],[-82.7057,35.4526],[-82.7429,35.4241],[-82.7556,35.4251],[-82.7817,35.4395],[-82.7995,35.4712],[-82.7824,35.5043],[-82.7802,35.5257],[-82.7659,35.539],[-82.7775,35.5556],[-82.7659,35.5676],[-82.781,35.5888],[-82.7993,35.5981],[-82.8121,35.6275],[-82.8517,35.6173],[-82.8517,35.6353],[-82.8649,35.6347],[-82.8782,35.6678],[-82.8881,35.673]]]}},{"type":"Feature","properties":{"county_fips":"37065","county_name":"Edgecombe","state":"NC"},"geometry":{"type":"Polygon","coordinates":[[[-77.8284,35.8672],[-77.7718,36.0067],[-77.707,36.1155],[-77.698,36.1531],[-77.6785,36.1544],[-77.6701,36.1371],[-77.644,36.1381],[-77.6265,36.1114],[-77.5334,36.0911],[-77.5353,36.0776],[-77.5256,36.0694],[-77.5401,36.0608],[-77.5226,36.0451],[-77.5267,36.0376],[-77.4749,36.0378],[-77.4393,36.0212],[-77.4415,36.0149],[-77.4279,36.0053],[-77.4026,36.005],[-77.4092,35.9987],[-77.3424,35.9053],[-77.3504,35.8192],[-77.3902,35.8331],[-77.3971,35.8252],[-77.4122,35.8253],[-77.4255,35.8054],[-77.4464,35.8086],[-77.4523,35.7999],[-77.4723,35.8011],[-77.5163,35.7613],[-77.6651,35.6749],[-77.7184,35.7288],[-77.7513,35.8278],[-77.8284,35.8672]]]}},{"type":"Feature","properties":{"county_fips":"41005","county_name":"Clackamas","state":"OR"},"geometry":{"type":"Polygon","coordinates":[[[-122.8679,45.3173],[-122.8465,45.3172],[-122.8465,45.346],[-122.8072,45.3463],[-122.8055,45.3318],[-122.7437,45.3321],[-122.7437,45.4333],[-122.6487,45.4327],[-122.6462,45.4414],[-122.661,45.4578],[-122.6416,45.4615],[-121.8196,45.4617],[-121.8068,45.4546],[-121.807,45.4354],[-121.7763,45.4028],[-121.7242,45.3936],[-121.6969,45.3736],[-121.7033,45.3313],[-121.6791,45.2972],[-121.6964,45.2554],[-121.6809,45.2506],[-121.6826,45.229],[-121.6977,45.2274],[-121.7145,45.2113],[-121.7469,45.206],[-121.7486,45.1918],[-121.7253,45.1593],[-121.7116,45.1528],[-121.6997,45.1218],[-121.6664,45.1203],[-121.6514,45.0888],[-121.6587,45.0664],[-121.6912,45.0657],[-121.7226,45.0454],[-121.7177,45.0376],[-121.7787,45.0373],[-121.782,45.0152],[-121.8053,45.0115],[-121.8033,44.9771],[-121.7856,44.9504],[-121.7961,44.9374],[-121.7641,44.942],[-121.7454,44.923],[-121.7473,44.9146],[-121.7146,44.9061],[-121.7342,44.8857],[-122.401,44.8857],[-122.3932,44.8917],[-122.3996,44.9041],[-122.4415,44.904],[-122.4862,44.9227],[-122.5053,44.9183],[-122.5175,44.9328],[-122.5355,44.9367],[-122.5674,44.9826],[-122.595,44.9909],[-122.5955,45.0196],[-122.6493,45.0325],[-122.7052,45.0593],[-122.7498,45.1077],[-122.7828,45.1245],[-122.7885,45.1304],[-122.77,45.1594],[-122.7748,45.1618],[-122.7519,45.1822],[-122.7601,45.1826],[-122.7532,45.1875],[-122.7599,45.1947],[-122.7498,45.195],[-122.7595,45.2033],[-122.7454,45.216],[-122.7519,45.2425],[-122.739,45.2595],[-122.7848,45.2596],[-122.7849,45.2741],[-122.8346,45.2741],[-122.8499,45.2597],[-122.8681,45.2597],[-122.8679,45.3173]]]}},{"type":"Feature","properties":{"county_fips":"45075","county_name":"Orangeburg","state":"SC"},"geometry":{"type":"Polygon","coordinates":[[[-81.3735,33.4905],[-81.1873,33.6529],[-81.0429,33.7071],[-80.9655,33.6253],[-80.9421,33.6419],[-80.9398,33.6088],[-80.9197,33.6055],[-80.8814,33.6197],[-80.8076,33.6041],[-80.6941,33.5219],[-80.694,33.506],[-80.659,33.471],[-80.6113,33.4704],[-80.6247,33.4989],[-80.5882,33.5386],[-80.6103,33.5507],[-80.6036,33.5554],[-80.5523,33.5654],[-80.5514,33.5587],[-80.5401,33.5618],[-80.5033,33.5358],[-80.5056,33.5526],[-80.485,33.56],[-80.4684,33.5411],[-80.4554,33.5471],[-80.4475,33.5405],[-80.4473,33.5245],[-80.468,33.525],[-80.4677,33.5162],[-80.4564,33.5122],[-80.4611,33.5043],[-80.4391,33.502],[-80.437,33.478],[-80.3938,33.4458],[-80.3545,33.4304],[-80.3236,33.4312],[-80.282,33.4484],[-80.2679,33.4379],[-80.2399,33.4547],[-80.2391,33.44],[-80.2223,33.4437],[-80.2226,33.3913],[-80.2299,33.3916],[-80.2302,33.3841],[-80.2385,33.3912],[-80.2416,33.3831],[-80.2396,33.3522],[-80.2538,33.2993],[-80.3019,33.2675],[-80.3172,33.2641],[-80.3489,33.278],[-80.3591,33.272],[-80.3619,33.2574],[-80.3942,33.2647],[-80.4362,33.26],[-80.4846,33.28],[-80.5028,33.3345],[-80.7979,33.1769],[-80.817,33.1875],[-80.8247,33.2016],[-80.8375,33.2037],[-80.8462,33.2383],[-80.8876,33.2579],[-80.8852,33.2629],[-80.9487,33.3093],[-80.9619,33.3081],[-80.9683,33.3188],[-80.9797,33.3181],[-81.0048,33.3363],[-81.0478,33.3492],[-81.0886,33.3796],[-81.1113,33.3809],[-81.164,33.4093],[-81.1895,33.4117],[-81.2061,33.4373],[-81.2537,33.4462],[-81.2969,33.4799],[-81.3442,33.4809],[-81.3735,33.4905]]]}},{"type":"Feature","properties":{"county_fips":"45067","county_name":"Marion","state":"SC"},"geometry":{"type":"Polygon","coordinates":[[[-79.5719,34.1854],[-79.5457,34.2108],[-79.5543,34.2476],[-79.5124,34.2575],[-79.4963,34.2748],[-79.4791,34.2786],[-79.4807,34.2881],[-79.411,34.3002],[-79.3803,34.3006],[-79.3054,34.2693],[-79.2944,34.277],[-79.2394,34.2543],[-79.2143,34.2555],[-79.1735,34.2875],[-79.1266,34.2517],[-79.1348,34.241],[-79.1267,34.2361],[-79.1357,34.2291],[-79.1337,34.2157],[-79.1539,34.2072],[-79.1736,34.1795],[-79.1769,34.1848],[-79.1927,34.1754],[-79.1973,34.1587],[-79.2075,34.1548],[-79.2058,34.133],[-79.2189,34.1268],[-79.2209,34.1077],[-79.2301,34.1088],[-79.2501,34.0904],[-79.2481,34.0795],[-79.2396,34.0768],[-79.2478,34.0571],[-79.3076,34.0277],[-79.3072,34.0059],[-79.3151,33.9965],[-79.3285,34.0002],[-79.3388,33.9705],[-79.3301,33.9616],[-79.3334,33.9527],[-79.3116,33.9442],[-79.317,33.9341],[-79.3069,33.9348],[-79.3067,33.9239],[-79.3123,33.9182],[-79.2999,33.9038],[-79.2636,33.8925],[-79.256,33.8654],[-79.2641,33.8425],[-79.2488,33.8312],[-79.2603,33.8149],[-79.2355,33.7644],[-79.1959,33.7279],[-79.1903,33.7058],[-79.1994,33.7101],[-79.1962,33.7013],[-79.2128,33.7001],[-79.218,33.7058],[-79.2389,33.6944],[-79.2493,33.697],[-79.2424,33.7059],[-79.2751,33.7089],[-79.2711,33.7216],[-79.2864,33.7176],[-79.2933,33.7523],[-79.3233,33.7887],[-79.3152,33.8268],[-79.3369,33.8326],[-79.332,33.8366],[-79.3398,33.8415],[-79.3538,33.8341],[-79.3535,33.8412],[-79.3683,33.8429],[-79.3895,33.8732],[-79.4098,33.8853],[-79.4004,33.8922],[-79.429,33.8978],[-79.4522,33.9148],[-79.452,33.9246],[-79.4596,33.9208],[-79.4629,33.9318],[-79.4737,33.93],[-79.4917,33.9465],[-79.4815,33.9647],[-79.4998,33.9713],[-79.5169,33.994],[-79.5089,34.0037],[-79.5114,34.0409],[-79.5359,34.0761],[-79.5291,34.1002],[-79.5153,34.0972],[-79.5246,34.1156],[-79.5172,34.1268],[-79.5325,34.1263],[-79.5326,34.1357],[-79.5719,34.1854]]]}},{"type":"Feature","properties":{"county_fips":"45009","county_name":"Bamberg","state":"SC"},"geometry":{"type":"Polygon","coordinates":[[[-81.2278,33.1626],[-81.2179,33.2084],[-81.2132,33.3979],[-81.2227,33.44],[-81.2061,33.4373],[-81.1895,33.4117],[-81.164,33.4093],[-81.1113,33.3809],[-81.0886,33.3796],[-81.0478,33.3492],[-81.0048,33.3363],[-80.9797,33.3181],[-80.9683,33.3188],[-80.9619,33.3081],[-80.9487,33.3093],[-80.8852,33.2629],[-80.8876,33.2579],[-80.8462,33.2383],[-80.8375,33.2037],[-80.8247,33.2016],[-80.817,33.1875],[-80.7979,33.1769],[-80.8954,33.1253],[-80.889,33.1022],[-80.8769,33.0932],[-80.8961,33.0614],[-80.906,33.0602],[-80.9372,33.1026],[-81.0823,33.0266],[-81.0985,33.0472],[-81.1244,33.0532],[-81.1708,33.0957],[-81.2101,33.1337],[-81.2278,33.1626]]]}},{"type":"Feature","properties":{"county_fips":"23027","county_name":"Waldo","state":"ME"},"geometry":{"type":"MultiPolygon","coordinates":[[[[-68.9399,44.2796],[-68.9026,44.3245],[-68.9093,44.3298],[-68.918,44.3245],[-68.9195,44.3376],[-68.9088,44.3454],[-68.9116,44.365],[-68.9035,44.3786],[-68.8822,44.3796],[-68.8801,44.3931],[-68.8604,44.3649],[-68.8724,44.344],[-68.8973,44.3266],[-68.8997,44.3119],[-68.8864,44.3044],[-68.9031,44.2799],[-68.9126,44.2445],[-68.9302,44.231],[-68.9216,44.2723],[-68.9273,44.29],[-68.9399,44.2796]]],[[[-68.9519,44.2196],[-68.9404,44.2449],[-68.9318,44.2486],[-68.9397,44.2265],[-68.9519,44.2196]]],[[[-68.9587,44.1921],[-68.9644,44.2008],[-68.9535,44.2083],[-68.9587,44.1921]]],[[[-68.9656,44.2554],[-68.9481,44.2777],[-68.9333,44.2728],[-68.9451,44.2617],[-68.9363,44.2566],[-68.9459,44.2483],[-68.9553,44.2436],[-68.9656,44.2554]]],[[[-68.9841,44.1721],[-68.9813,44.1769],[-68.9801,44.1726],[-68.9841,44.1721]]],[[[-69.5064,44.3429],[-69.4455,44.4638],[-69.396,44.4571],[-69.3724,44.5446],[-69.4168,44.5511],[-69.3931,44.6404],[-69.4606,44.6471],[-69.4429,44.6724],[-69.4756,44.6767],[-69.4773,44.6921],[-69.4168,44.701],[-69.4146,44.7187],[-69.395,44.7322],[-69.3976,44.7468],[-69.3868,44.7534],[-69.3435,44.7498],[-69.3274,44.7144],[-69.2052,44.7296],[-69.1837,44.644],[-68.8375,44.7021],[-68.837,44.6923],[-68.8165,44.6858],[-68.8121,44.6693],[-68.8316,44.6516],[-68.8475,44.6215],[-68.8116,44.5737],[-68.7983,44.5681],[-68.8061,44.5536],[-68.8078,44.4984],[-68.8351,44.4814],[-68.8254,44.4682],[-68.8111,44.4661],[-68.8292,44.4622],[-68.8803,44.4281],[-68.8971,44.4506],[-68.9216,44.4566],[-68.9437,44.4284],[-68.9984,44.4256],[-68.9815,44.3988],[-68.9877,44.3935],[-68.9827,44.386],[-68.9673,44.3811],[-68.9482,44.3559],[-68.9499,44.34],[-68.9634,44.3083],[-68.9802,44.2948],[-69.0037,44.2946],[-69.0051,44.2741],[-69.0284,44.249],[-69.0431,44.2595],[-69.1216,44.2556],[-69.2689,44.3647],[-69.3466,44.3083],[-69.3944,44.3429],[-69.4091,44.3364],[-69.4096,44.328],[-69.5064,44.3429]]]]}},{"type":"Feature","properties":{"county_fips":"24047","county_name":"Worcester","state":"MD"},"geometry":{"type":"Polygon","coordinates":[[[-75.6606,38.0463],[-75.6543,38.0529],[-75.638,38.0448],[-75.6207,38.0564],[-75.6152,38.074],[-75.5816,38.0683],[-75.5695,38.0871],[-75.5409,38.0895],[-75.5461,38.098],[-75.5401,38.1083],[-75.5767,38.1404],[-75.5696,38.1536],[-75.5494,38.1632],[-75.5459,38.1787],[-75.6058,38.2491],[-75.6128,38.2786],[-75.3646,38.2904],[-75.3555,38.3145],[-75.3232,38.3319],[-75.307,38.3548],[-75.3297,38.3813],[-75.3171,38.4042],[-75.3413,38.452],[-75.0489,38.4513],[-75.0614,38.3895],[-75.0855,38.3243],[-75.1029,38.3115],[-75.1938,38.096],[-75.2425,38.027],[-75.6243,37.9942],[-75.6197,38.0071],[-75.6558,38.0298],[-75.6606,38.0463]]]}},{"type":"Feature","properties":{"county_fips":"45019","county_name":"Charleston","state":"SC"},"geometry":{"type":"MultiPolygon","coordinates":[[[[-79.5079,33.0201],[-79.5024,33.0206],[-79.501,33.0182],[-79.5031,33.0176],[-79.5079,33.0201]]],[[[-79.5522,32.9888],[-79.5487,32.993],[-79.5452,32.9907],[-79.5522,32.9888]]],[[[-80.182,32.5472],[-80.1845,32.5536],[-80.1772,32.5483],[-80.182,32.5472]]],[[[-80.4536,32.7405],[-80.4475,32.7627],[-80.4329,32.7785],[-80.4358,32.7882],[-80.4054,32.815],[-80.3941,32.8445],[-80.4013,32.8585],[-80.3018,32.8519],[-80.1493,32.8182],[-80.1608,32.8409],[-80.1837,32.8471],[-80.1857,32.8608],[-80.1767,32.8671],[-80.1613,32.8559],[-80.1549,32.8651],[-80.1622,32.8746],[-80.1448,32.8876],[-80.1254,32.8896],[-80.1228,32.9018],[-80.1195,32.8936],[-80.0977,32.887],[-80.0798,32.9282],[-80.1413,32.9792],[-80.1105,32.9855],[-80.1355,32.9989],[-80.146,32.9843],[-80.1676,33.0026],[-80.1626,33.0105],[-80.17,33.0043],[-80.1764,33.01],[-80.1607,33.0208],[-80.1492,33.0216],[-80.1134,32.9981],[-80.1027,33.0013],[-80.1051,32.9925],[-80.0982,32.9881],[-80.056,32.9994],[-80.0401,32.9827],[-80.0415,32.955],[-80.0118,32.8999],[-79.9482,32.9083],[-79.9624,32.8911],[-79.9637,32.8754],[-79.9563,32.86],[-79.9312,32.85],[-79.9297,32.8232],[-79.9138,32.8157],[-79.8962,32.8297],[-79.8959,32.8599],[-79.853,32.8761],[-79.8359,32.9198],[-79.826,32.9186],[-79.7814,32.9438],[-79.7716,32.9418],[-79.7634,32.9563],[-79.7693,32.9716],[-79.7621,32.9891],[-79.7303,33.0126],[-79.7164,33.0386],[-79.6605,33.0908],[-79.6423,33.1244],[-79.6123,33.1384],[-79.6029,33.1338],[-79.5623,33.1563],[-79.5339,33.1438],[-79.522,33.1467],[-79.4773,33.2089],[-79.4503,33.2073],[-79.4377,33.2152],[-79.404,33.1838],[-79.3513,33.1535],[-79.3333,33.1558],[-79.2688,33.136],[-79.2756,33.1168],[-79.3282,33.0904],[-79.3623,33.0091],[-79.4231,33.0102],[-79.4011,33.0112],[-79.4044,33.0196],[-79.4833,33.0098],[-79.5069,33.0328],[-79.5252,33.0373],[-79.5711,33.0138],[-79.6176,32.9527],[-79.6075,32.9262],[-79.5741,32.9325],[-79.5811,32.9064],[-79.6311,32.8886],[-79.6981,32.8513],[-79.7264,32.806],[-79.814,32.7748],[-79.824,32.7627],[-79.8488,32.7536],[-79.878,32.7857],[-79.9232,32.7818],[-79.9285,32.7542],[-79.8791,32.7508],[-79.8709,32.7424],[-79.8701,32.73],[-79.8871,32.7019],[-79.8856,32.6849],[-79.9743,32.641],[-79.9922,32.611],[-80.0981,32.5983],[-80.1454,32.5781],[-80.1666,32.5602],[-80.195,32.56],[-80.3182,32.5113],[-80.3229,32.5237],[-80.3483,32.5254],[-80.35,32.5187],[-80.3246,32.5037],[-80.3267,32.4931],[-80.3513,32.4987],[-80.3815,32.5302],[-80.4149,32.5465],[-80.4123,32.5569],[-80.3957,32.5617],[-80.3891,32.5738],[-80.3972,32.5919],[-80.3872,32.6151],[-80.3991,32.6183],[-80.4204,32.6042],[-80.428,32.6225],[-80.4075,32.6271],[-80.389,32.6523],[-80.4049,32.6524],[-80.4209,32.6701],[-80.4227,32.6885],[-80.4159,32.6947],[-80.4228,32.7146],[-80.4354,32.7131],[-80.4296,32.7204],[-80.4471,32.7284],[-80.4536,32.7405]]]]}},{"type":"Feature","properties":{"county_fips":"45003","county_name":"Aiken","state":"SC"},"geometry":{"type":"Polygon","coordinates":[[[-82.0125,33.5321],[-81.5715,33.8773],[-81.5611,33.8628],[-81.5464,33.8586],[-81.515,33.8131],[-81.4606,33.7973],[-81.4357,33.7757],[-81.4267,33.7431],[-81.4152,33.7321],[-81.3645,33.7281],[-81.2905,33.6942],[-81.2701,33.6939],[-81.1873,33.6529],[-81.3729,33.4904],[-81.7571,33.1981],[-81.774,33.2211],[-81.7845,33.2081],[-81.8065,33.2121],[-81.8092,33.2221],[-81.8529,33.2487],[-81.84,33.2546],[-81.8469,33.2666],[-81.8344,33.2584],[-81.8283,33.263],[-81.836,33.2635],[-81.8325,33.2756],[-81.8633,33.2892],[-81.86,33.2991],[-81.8487,33.2967],[-81.8476,33.3071],[-81.8561,33.3099],[-81.8639,33.302],[-81.8692,33.3138],[-81.8812,33.3025],[-81.8825,33.317],[-81.8925,33.3153],[-81.8892,33.3211],[-81.8986,33.3229],[-81.902,33.3359],[-81.9061,33.3216],[-81.9137,33.32],[-81.9081,33.3271],[-81.9189,33.335],[-81.9089,33.3463],[-81.9193,33.3403],[-81.9397,33.3449],[-81.9353,33.3568],[-81.9463,33.3706],[-81.9248,33.3741],[-81.9456,33.4058],[-81.9248,33.4124],[-81.9124,33.4081],[-81.9108,33.415],[-81.9323,33.4266],[-81.9135,33.4413],[-81.9294,33.4658],[-81.9859,33.4865],[-82.0125,33.5321]]]}},{"type":"Feature","properties":{"county_fips":"45057","county_name":"Lancaster","state":"SC"},"geometry":{"type":"Polygon","coordinates":[[[-80.9093,35.0176],[-80.8973,35.0353],[-80.9059,35.0468],[-80.8996,35.0599],[-80.9062,35.0764],[-80.782,34.9358],[-80.7975,34.8198],[-80.5617,34.8175],[-80.5524,34.7919],[-80.5147,34.7666],[-80.5162,34.7589],[-80.4856,34.7174],[-80.4885,34.7046],[-80.4752,34.6992],[-80.4608,34.677],[-80.4503,34.6758],[-80.4402,34.658],[-80.4318,34.66],[-80.435,34.6421],[-80.4139,34.6278],[-80.4192,34.62],[-80.4084,34.6148],[-80.5507,34.56],[-80.5239,34.5098],[-80.5303,34.5037],[-80.544,34.5075],[-80.5489,34.4933],[-80.5794,34.4846],[-80.5958,34.5021],[-80.6104,34.4888],[-80.6136,34.4999],[-80.6296,34.4987],[-80.6296,34.4912],[-80.6227,34.4915],[-80.6281,34.4824],[-80.6322,34.4914],[-80.6456,34.4915],[-80.6452,34.4837],[-80.6584,34.4786],[-80.6891,34.5153],[-80.6982,34.516],[-80.7136,34.4873],[-80.74,34.48],[-80.7456,34.5126],[-80.7377,34.5395],[-80.7433,34.5399],[-80.8792,34.4578],[-80.8987,34.4867],[-80.8817,34.5001],[-80.873,34.553],[-80.8783,34.5811],[-80.8922,34.598],[-80.8893,34.6182],[-80.8965,34.6352],[-80.8886,34.6686],[-80.8599,34.7002],[-80.8777,34.7439],[-80.8764,34.7885],[-80.8989,34.8237],[-80.8669,34.8477],[-80.8801,34.8715],[-80.8789,34.901],[-80.8651,34.9239],[-80.874,34.9654],[-80.8847,34.9662],[-80.8857,34.9915],[-80.894,34.9932],[-80.8993,35.0114],[-80.9093,35.0176]]]}},{"type":"Feature","properties":{"county_fips":"51003","county_name":"Albemarle","state":"VA"},"geometry":{"type":"Polygon","coordinates":[[[-78.837,38.0483],[-78.7928,38.0695],[-78.7939,38.0775],[-78.7789,38.0844],[-78.7881,38.1264],[-78.7795,38.1321],[-78.7718,38.1661],[-78.7452,38.2144],[-78.7066,38.2464],[-78.681,38.2549],[-78.6698,38.2473],[-78.6553,38.2603],[-78.6664,38.2661],[-78.6631,38.2779],[-78.2094,38.1311],[-78.254,38.0628],[-78.4967,37.794],[-78.4995,37.7616],[-78.612,37.7563],[-78.6588,37.7228],[-78.6861,37.7375],[-78.6834,37.7597],[-78.6675,37.7594],[-78.6843,37.7738],[-78.6933,37.7712],[-78.6824,37.7811],[-78.837,38.0483]],[[-78.5202,38.0298],[-78.5192,38.0107],[-78.4914,38.0175],[-78.4695,38.0117],[-78.4547,38.0216],[-78.4522,38.0277],[-78.461,38.0285],[-78.4476,38.0564],[-78.4661,38.0457],[-78.4723,38.0488],[-78.4669,38.0678],[-78.495,38.0653],[-78.5076,38.0563],[-78.5068,38.045],[-78.5174,38.0412],[-78.5081,38.0358],[-78.5046,38.0428],[-78.4978,38.0333],[-78.5202,38.0298]]]}},{"type":"Feature","properties":{"county_fips":"54081","county_name":"Raleigh","state":"WV"},"geometry":{"type":"Polygon","coordinates":[[[-81.5715,37.9278],[-81.5588,37.9362],[-81.5617,37.9441],[-81.542,37.9689],[-81.5265,37.9712],[-81.5076,37.9882],[-81.4896,37.9811],[-81.4591,37.9894],[-81.4591,37.9791],[-81.4385,37.968],[-81.4114,37.9743],[-81.3866,37.9672],[-81.347,37.9767],[-81.3285,37.9667],[-81.3222,37.9523],[-81.2963,37.9437],[-81.3014,37.9272],[-81.2952,37.8894],[-81.0728,37.8737],[-81.0729,37.8606],[-81.1002,37.8547],[-81.0877,37.8498],[-81.0523,37.8584],[-81.049,37.8507],[-81.0591,37.8408],[-81.0542,37.8339],[-80.9665,37.8321],[-80.9356,37.8159],[-80.9214,37.7934],[-80.8946,37.7746],[-80.9019,37.7567],[-80.9236,37.7436],[-80.8969,37.7277],[-80.8777,37.6856],[-80.8947,37.6725],[-80.9083,37.7001],[-80.9452,37.7153],[-80.9771,37.7145],[-80.9746,37.6958],[-81.0217,37.6696],[-81.0276,37.6586],[-81.0682,37.6409],[-81.0667,37.6338],[-81.0741,37.6324],[-81.0643,37.6111],[-81.0937,37.5887],[-81.1081,37.5939],[-81.1194,37.5884],[-81.1354,37.5979],[-81.1989,37.5755],[-81.2,37.5403],[-81.2188,37.5088],[-81.2447,37.5298],[-81.2642,37.5276],[-81.2772,37.5418],[-81.3113,37.5524],[-81.3131,37.5864],[-81.458,37.7842],[-81.4785,37.7806],[-81.4929,37.7915],[-81.5142,37.7912],[-81.5211,37.8001],[-81.5167,37.8184],[-81.542,37.8289],[-81.5518,37.8245],[-81.5676,37.8675],[-81.5538,37.8943],[-81.5642,37.9027],[-81.562,37.9197],[-81.5715,37.9278]]]}},{"type":"Feature","properties":{"county_fips":"12001","county_name":"Alachua","state":"FL"},"geometry":{"type":"Polygon","coordinates":[[[-82.6586,29.8301],[-82.6414,29.8274],[-82.6313,29.8491],[-82.6178,29.8473],[-82.6197,29.8591],[-82.6063,29.8529],[-82.5865,29.8667],[-82.5926,29.8875],[-82.5759,29.8949],[-82.5795,29.9144],[-82.5547,29.9285],[-82.5416,29.9255],[-82.5241,29.9453],[-82.4845,29.9397],[-82.47,29.9258],[-82.4466,29.9318],[-82.4125,29.922],[-82.3975,29.8861],[-82.335,29.8787],[-82.3142,29.8676],[-82.305,29.8532],[-82.2818,29.8444],[-82.2441,29.8524],[-82.2335,29.8453],[-82.1945,29.8485],[-82.1732,29.837],[-82.1331,29.8359],[-82.1176,29.7906],[-82.0793,29.776],[-82.0882,29.7609],[-82.0731,29.7604],[-82.0579,29.7478],[-82.0555,29.7172],[-82.0491,29.7134],[-82.0561,29.6568],[-82.0567,29.44],[-82.0713,29.4433],[-82.0705,29.4342],[-82.0809,29.4404],[-82.0992,29.4188],[-82.1011,29.4383],[-82.1193,29.4282],[-82.1345,29.435],[-82.1458,29.4176],[-82.1507,29.4265],[-82.1936,29.4209],[-82.2132,29.4318],[-82.2127,29.4656],[-82.1935,29.4614],[-82.199,29.4558],[-82.1916,29.4525],[-82.1881,29.4569],[-82.2036,29.472],[-82.2082,29.4668],[-82.2119,29.4841],[-82.5568,29.4801],[-82.5571,29.5375],[-82.6563,29.5356],[-82.6586,29.8301]]]}},{"type":"Feature","properties":{"county_fips":"36067","county_name":"Onondaga","state":"NY"},"geometry":{"type":"Polygon","coordinates":[[[-76.4993,43.0979],[-76.4912,43.1063],[-76.4718,43.105],[-76.4863,43.1432],[-76.4731,43.146],[-76.4792,43.2275],[-76.3075,43.2308],[-76.2895,43.219],[-76.281,43.2011],[-76.2621,43.2185],[-76.2729,43.2402],[-76.2575,43.2369],[-76.2446,43.2146],[-76.2176,43.2048],[-76.2062,43.2166],[-76.1942,43.2171],[-76.2134,43.24],[-76.2117,43.2677],[-76.2026,43.2715],[-76.169,43.2467],[-76.0694,43.2147],[-76.0853,43.2129],[-76.0789,43.1995],[-76.05,43.203],[-76.0036,43.1768],[-75.9914,43.1833],[-75.9926,43.1738],[-75.9827,43.1736],[-75.9715,43.1549],[-75.977,43.136],[-75.9501,43.1349],[-75.9605,43.123],[-75.9544,43.1169],[-75.9656,43.1195],[-75.9762,43.1033],[-75.9756,43.0913],[-75.9172,43.0859],[-75.8961,42.791],[-76.2747,42.7713],[-76.2988,42.8075],[-76.357,42.8494],[-76.4507,42.8458],[-76.463,43.0063],[-76.4919,43.005],[-76.4993,43.0979]]]}},{"type":"Feature","properties":{"county_fips":"51041","county_name":"Chesterfield","state":"VA"},"geometry":{"type":"Polygon","coordinates":[[[-77.8782,37.3835],[-77.8674,37.3938],[-77.8751,37.4171],[-77.8467,37.4151],[-77.8092,37.4261],[-77.7978,37.4589],[-77.6554,37.564],[-77.5955,37.5558],[-77.6012,37.5452],[-77.5924,37.5329],[-77.5545,37.543],[-77.545,37.5281],[-77.5286,37.5319],[-77.5276,37.5094],[-77.5122,37.4725],[-77.4891,37.4556],[-77.4594,37.4643],[-77.4207,37.4475],[-77.4269,37.4261],[-77.3991,37.4213],[-77.3985,37.4054],[-77.3846,37.3975],[-77.3838,37.3844],[-77.3757,37.3817],[-77.369,37.392],[-77.3579,37.3842],[-77.3604,37.3749],[-77.3251,37.3779],[-77.3042,37.4059],[-77.2973,37.3967],[-77.3115,37.3733],[-77.3055,37.358],[-77.2726,37.3533],[-77.2659,37.376],[-77.2497,37.382],[-77.2442,37.3693],[-77.2671,37.3401],[-77.2707,37.3208],[-77.2825,37.3137],[-77.3525,37.3102],[-77.3566,37.2831],[-77.3737,37.2669],[-77.3768,37.2448],[-77.3839,37.2389],[-77.4037,37.2373],[-77.3803,37.2455],[-77.3777,37.271],[-77.3621,37.2839],[-77.3682,37.2985],[-77.3791,37.2841],[-77.4019,37.282],[-77.3997,37.2719],[-77.4123,37.283],[-77.4317,37.2763],[-77.4144,37.2609],[-77.4174,37.2327],[-77.4423,37.2234],[-77.4931,37.2248],[-77.5226,37.2171],[-77.5361,37.2263],[-77.5596,37.225],[-77.5682,37.2393],[-77.5789,37.2379],[-77.6133,37.2709],[-77.6522,37.2658],[-77.6675,37.2925],[-77.6824,37.2918],[-77.6926,37.2814],[-77.7117,37.2998],[-77.7174,37.2849],[-77.7355,37.2842],[-77.7398,37.2687],[-77.7635,37.2707],[-77.7726,37.2876],[-77.8067,37.3045],[-77.809,37.3154],[-77.7963,37.324],[-77.7965,37.3327],[-77.8505,37.3451],[-77.8528,37.3567],[-77.8766,37.3643],[-77.8782,37.3835]]]}},{"type":"Feature","properties":{"county_fips":"53065","county_name":"Stevens","state":"WA"},"geometry":{"type":"Polygon","coordinates":[[[-118.4024,48.0264],[-118.3589,48.0494],[-118.2755,48.0406],[-118.2645,48.0583],[-118.2382,48.0582],[-118.2311,48.0883],[-118.2375,48.1048],[-118.2536,48.113],[-118.2544,48.1285],[-118.1965,48.1453],[-118.1913,48.1586],[-118.1966,48.1906],[-118.1876,48.1991],[-118.1949,48.2125],[-118.1545,48.2379],[-118.1415,48.2602],[-118.1545,48.2959],[-118.1756,48.3195],[-118.1819,48.3729],[-118.2026,48.4068],[-118.2029,48.4422],[-118.2122,48.4577],[-118.1892,48.4816],[-118.1749,48.5213],[-118.1419,48.5267],[-118.1431,48.5482],[-118.1254,48.5845],[-118.127,48.613],[-118.105,48.6535],[-118.1174,48.6747],[-118.1193,48.7189],[-118.1258,48.7247],[-118.118,48.7372],[-118.1288,48.7399],[-118.1223,48.7499],[-118.1336,48.7574],[-118.1254,48.7616],[-118.1346,48.7741],[-118.122,48.7793],[-118.1268,48.7862],[-118.1432,48.7793],[-118.1602,48.7933],[-118.1711,48.828],[-118.1955,48.8407],[-118.1985,48.8673],[-118.2136,48.878],[-118.2103,48.8985],[-118.196,48.9133],[-118.2217,48.9371],[-118.2072,48.9631],[-118.2217,48.9705],[-118.2146,48.986],[-118.2059,48.9874],[-118.22,48.9974],[-117.43,49.0004],[-117.4304,48.9232],[-117.499,48.9232],[-117.4985,48.8369],[-117.5639,48.8367],[-117.5638,48.743],[-117.6294,48.7426],[-117.6292,48.6559],[-117.5,48.6562],[-117.5024,48.1347],[-117.4376,48.1347],[-117.437,48.0472],[-117.5371,48.0479],[-117.5338,47.7952],[-117.5555,47.8017],[-117.5865,47.7949],[-117.62,47.8283],[-117.6519,47.8353],[-117.6637,47.8486],[-117.6665,47.8804],[-117.6752,47.8891],[-117.6944,47.881],[-117.7018,47.8651],[-117.6978,47.8563],[-117.753,47.8268],[-117.7775,47.8282],[-117.7905,47.8114],[-117.806,47.8122],[-117.84,47.838],[-117.8805,47.8477],[-117.8863,47.8383],[-117.9129,47.8352],[-117.9322,47.8236],[-117.9891,47.8347],[-118.0134,47.8056],[-118.036,47.8027],[-118.0482,47.7923],[-118.0782,47.8001],[-118.0971,47.8284],[-118.1192,47.8335],[-118.1229,47.8573],[-118.1438,47.8847],[-118.1606,47.8851],[-118.1602,47.8972],[-118.1785,47.902],[-118.1773,47.9118],[-118.2106,47.9452],[-118.2511,47.9429],[-118.3156,47.91],[-118.3217,47.8963],[-118.3409,47.8943],[-118.3561,47.9293],[-118.3487,47.9718],[-118.3706,47.9856],[-118.3754,47.9999],[-118.4024,48.0264]]]}},{"type":"Feature","properties":{"county_fips":"13127","county_name":"Glynn","state":"GA"},"geometry":{"type":"Polygon","coordinates":[[[-81.7826,31.1725],[-81.7668,31.2018],[-81.7472,31.2815],[-81.7343,31.2958],[-81.7317,31.33],[-81.7252,31.3272],[-81.699,31.363],[-81.7048,31.3749],[-81.6972,31.3924],[-81.692,31.4005],[-81.665,31.3999],[-81.626,31.453],[-81.6113,31.4459],[-81.6046,31.4255],[-81.5874,31.4163],[-81.5776,31.3994],[-81.5457,31.3848],[-81.5515,31.3761],[-81.5381,31.3778],[-81.5343,31.3678],[-81.4735,31.3328],[-81.4702,31.3397],[-81.4537,31.3263],[-81.4376,31.3318],[-81.4359,31.3133],[-81.4044,31.3092],[-81.4086,31.2912],[-81.383,31.3171],[-81.316,31.3089],[-81.2982,31.2925],[-81.2835,31.2934],[-81.2696,31.2587],[-81.2828,31.2443],[-81.2905,31.2177],[-81.3031,31.2169],[-81.3311,31.197],[-81.3658,31.1479],[-81.3997,31.1341],[-81.4095,31.1206],[-81.4013,31.0728],[-81.4247,31.0137],[-81.4431,31.0167],[-81.4525,31.0364],[-81.4863,31.0346],[-81.4919,31.0539],[-81.5266,31.0632],[-81.5346,31.0815],[-81.5567,31.0808],[-81.5727,31.0956],[-81.5578,31.1219],[-81.5636,31.1306],[-81.5788,31.116],[-81.623,31.1166],[-81.6328,31.1078],[-81.6621,31.1256],[-81.6862,31.1224],[-81.7242,31.1496],[-81.7624,31.1533],[-81.7636,31.1681],[-81.7763,31.1645],[-81.7826,31.1725]]]}},{"type":"Feature","properties":{"county_fips":"45069","county_name":"Marlboro","state":"SC"},"geometry":{"type":"Polygon","coordinates":[[[-79.9262,34.7665],[-79.9307,34.8066],[-79.6753,34.8047],[-79.45,34.621],[-79.6334,34.298],[-79.6578,34.3052],[-79.6604,34.3223],[-79.6927,34.3565],[-79.6737,34.3711],[-79.6894,34.3818],[-79.6834,34.3991],[-79.6997,34.4066],[-79.7213,34.3925],[-79.7184,34.4171],[-79.7506,34.4368],[-79.7518,34.4665],[-79.7317,34.4664],[-79.7324,34.4771],[-79.7218,34.4854],[-79.7266,34.4955],[-79.7544,34.5041],[-79.7521,34.5135],[-79.7633,34.5191],[-79.7691,34.4965],[-79.7829,34.4978],[-79.788,34.4843],[-79.7964,34.4916],[-79.8061,34.4846],[-79.8334,34.5103],[-79.8062,34.6058],[-79.7778,34.6143],[-79.8006,34.6377],[-79.7956,34.6476],[-79.8169,34.6587],[-79.8305,34.6572],[-79.8594,34.6778],[-79.893,34.742],[-79.9262,34.7665]]]}},{"type":"Feature","properties":{"county_fips":"32031","county_name":"Washoe","state":"NV"},"geometry":{"type":"Polygon","coordinates":[[[-120.0045,39.1656],[-119.9962,40.2625],[-119.9992,41.9949],[-119.3242,41.9942],[-119.324,41.4145],[-119.3046,41.4147],[-119.3057,41.2345],[-119.3311,41.2351],[-119.3298,40.9604],[-119.3096,40.9604],[-119.3093,40.9549],[-119.313,40.5183],[-119.3385,40.5178],[-119.3393,39.9986],[-119.2252,39.9994],[-119.2261,39.8994],[-119.2086,39.8995],[-119.2085,39.81],[-119.1898,39.81],[-119.1897,39.7882],[-119.1709,39.7883],[-119.1706,39.6805],[-119.1893,39.6805],[-119.1893,39.6514],[-119.2573,39.6513],[-119.2769,39.6223],[-119.2824,39.6289],[-119.314,39.6074],[-119.3395,39.5966],[-119.3579,39.5979],[-119.3706,39.5869],[-119.4568,39.5891],[-119.4678,39.584],[-119.4732,39.5658],[-119.5466,39.5623],[-119.5939,39.5443],[-119.6232,39.511],[-119.6649,39.5085],[-119.6956,39.52],[-119.6961,39.4475],[-119.6551,39.4475],[-119.6571,39.4041],[-119.677,39.4045],[-119.6773,39.3896],[-119.6855,39.3896],[-119.6854,39.3751],[-119.6775,39.3751],[-119.6775,39.3606],[-119.6681,39.3608],[-119.6681,39.3462],[-119.6588,39.3461],[-119.6585,39.3315],[-119.6774,39.3317],[-119.6775,39.2809],[-119.696,39.2809],[-119.6965,39.2591],[-119.7141,39.2592],[-119.7153,39.2443],[-119.7521,39.2444],[-119.7522,39.2299],[-119.7709,39.2298],[-119.7709,39.2153],[-119.7989,39.2152],[-119.7989,39.208],[-119.8439,39.2008],[-119.8439,39.1932],[-119.8625,39.1856],[-119.8621,39.1711],[-119.8808,39.1709],[-119.8808,39.1655],[-120.0045,39.1656]]]}},{"type":"Feature","properties":{"county_fips":"36105","county_name":"Sullivan","state":"NY"},"geometry":{"type":"Polygon","coordinates":[[[-75.1447,41.8517],[-74.7807,42.0164],[-74.4537,41.8756],[-74.5751,41.7453],[-74.3951,41.6449],[-74.3761,41.5982],[-74.3645,41.5938],[-74.4184,41.5694],[-74.4657,41.5229],[-74.4756,41.504],[-74.7524,41.4937],[-74.762,41.4881],[-74.7504,41.4643],[-74.7599,41.4607],[-74.7625,41.4495],[-74.7519,41.4325],[-74.7586,41.4233],[-74.7939,41.4227],[-74.8076,41.4428],[-74.8307,41.4305],[-74.8586,41.4444],[-74.8939,41.4389],[-74.8904,41.4553],[-74.9069,41.4611],[-74.9125,41.4756],[-74.9418,41.4835],[-74.9583,41.4764],[-74.9833,41.4809],[-74.9844,41.5066],[-75.0032,41.5081],[-75.0038,41.5241],[-75.0248,41.5351],[-75.0185,41.5518],[-75.0746,41.6057],[-75.0597,41.6108],[-75.0601,41.6175],[-75.0442,41.618],[-75.0499,41.6626],[-75.0593,41.6723],[-75.0527,41.6884],[-75.0688,41.7082],[-75.0499,41.7133],[-75.0534,41.7525],[-75.0759,41.7715],[-75.1043,41.7727],[-75.1015,41.7879],[-75.0769,41.7985],[-75.0722,41.8137],[-75.0895,41.8116],[-75.1133,41.8228],[-75.1144,41.8436],[-75.1447,41.8517]]]}},{"type":"Feature","properties":{"county_fips":"12095","county_name":"Orange","state":"FL"},"geometry":{"type":"Polygon","coordinates":[[[-81.6572,28.5926],[-81.6586,28.7664],[-81.6465,28.7698],[-81.6465,28.7859],[-81.4147,28.7856],[-81.4228,28.7369],[-81.4414,28.7151],[-81.4595,28.7133],[-81.4597,28.6402],[-81.3285,28.6396],[-81.3279,28.6105],[-80.9954,28.6132],[-80.9522,28.6042],[-80.93,28.5632],[-80.9393,28.535],[-80.9114,28.5246],[-80.9066,28.5116],[-80.8857,28.5103],[-80.8826,28.4915],[-80.8753,28.4887],[-80.8708,28.4714],[-80.8945,28.467],[-80.8983,28.4551],[-80.8902,28.4453],[-80.9012,28.4332],[-80.883,28.4082],[-80.8884,28.3855],[-80.8629,28.3475],[-81.6573,28.3471],[-81.6572,28.5698],[-81.6481,28.5845],[-81.6572,28.5926]]]}},{"type":"Feature","properties":{"county_fips":"36065","county_name":"Oneida","state":"NY"},"geometry":{"type":"Polygon","coordinates":[[[-75.8868,43.325],[-75.8146,43.4836],[-75.5334,43.4198],[-75.1102,43.6152],[-75.0766,43.3307],[-75.0998,43.3252],[-75.1203,43.3042],[-75.1482,43.3048],[-75.1624,43.2585],[-75.1525,43.2578],[-75.151,43.2469],[-75.1427,43.255],[-75.1227,43.241],[-75.0909,43.2305],[-75.073,43.2348],[-75.0692,43.2273],[-75.1855,43.0884],[-75.1779,43.0825],[-75.1823,43.0753],[-75.1957,43.0777],[-75.2191,43.0525],[-75.2014,42.8807],[-75.2427,42.8779],[-75.248,42.8716],[-75.4372,42.8633],[-75.4442,42.9331],[-75.5428,42.9318],[-75.5528,43.0376],[-75.5969,43.0354],[-75.608,43.0531],[-75.5995,43.0614],[-75.6373,43.0765],[-75.6393,43.097],[-75.653,43.114],[-75.6811,43.121],[-75.6851,43.125],[-75.6787,43.1278],[-75.6943,43.1393],[-75.7068,43.137],[-75.7067,43.1512],[-75.7161,43.1506],[-75.7199,43.1611],[-75.7378,43.1647],[-75.7501,43.158],[-75.7761,43.1733],[-75.7931,43.1602],[-75.84,43.1605],[-75.8643,43.1469],[-75.8843,43.1556],[-75.8629,43.3192],[-75.8868,43.325]]]}},{"type":"Feature","properties":{"county_fips":"53035","county_name":"Kitsap","state":"WA"},"geometry":{"type":"MultiPolygon","coordinates":[[[[-122.5049,47.5465],[-122.4914,47.5454],[-122.4795,47.5419],[-122.4891,47.5295],[-122.5049,47.5465]]],[[[-122.5908,47.6633],[-122.5709,47.6747],[-122.5708,47.6637],[-122.5657,47.6659],[-122.5639,47.7101],[-122.5528,47.7208],[-122.5283,47.7],[-122.5254,47.7076],[-122.5112,47.7087],[-122.5038,47.6944],[-122.5087,47.6708],[-122.4978,47.6618],[-122.5183,47.6521],[-122.4891,47.6332],[-122.4938,47.6214],[-122.5045,47.6259],[-122.5259,47.6192],[-122.5004,47.6178],[-122.4985,47.5972],[-122.5161,47.5957],[-122.4803,47.5833],[-122.5184,47.5741],[-122.548,47.6037],[-122.5676,47.5907],[-122.5733,47.5946],[-122.5778,47.6437],[-122.5908,47.6633]]],[[[-123.0237,47.5203],[-122.9753,47.5596],[-122.9651,47.5852],[-122.9228,47.5979],[-122.9171,47.6207],[-122.8684,47.6332],[-122.8408,47.6525],[-122.8273,47.6532],[-122.8364,47.6373],[-122.7525,47.6678],[-122.745,47.6828],[-122.7483,47.7179],[-122.7148,47.7675],[-122.6931,47.7761],[-122.682,47.8009],[-122.6232,47.8362],[-122.6081,47.8567],[-122.5737,47.8576],[-122.5882,47.9129],[-122.6179,47.9253],[-122.617,47.939],[-122.6039,47.9405],[-122.5922,47.9225],[-122.5253,47.9123],[-122.5261,47.8999],[-122.5126,47.8818],[-122.5061,47.8317],[-122.4825,47.8155],[-122.5019,47.7907],[-122.4714,47.766],[-122.4718,47.7498],[-122.4885,47.7436],[-122.5545,47.7457],[-122.5497,47.7309],[-122.5878,47.6912],[-122.6031,47.6962],[-122.6127,47.7119],[-122.6311,47.7073],[-122.6145,47.7016],[-122.6189,47.651],[-122.5911,47.6355],[-122.5981,47.6026],[-122.5917,47.5946],[-122.6075,47.5692],[-122.6213,47.5713],[-122.6264,47.5609],[-122.6723,47.5466],[-122.6984,47.5267],[-122.6063,47.5469],[-122.5697,47.5837],[-122.5504,47.5891],[-122.5444,47.577],[-122.5527,47.5699],[-122.5328,47.5655],[-122.544,47.5556],[-122.5397,47.5438],[-122.5473,47.5236],[-122.5211,47.5233],[-122.4953,47.511],[-122.5323,47.4692],[-122.5319,47.4288],[-122.5509,47.4034],[-122.8012,47.4036],[-122.801,47.5204],[-123.0237,47.5203]]]]}},{"type":"Feature","properties":{"county_fips":"13029","county_name":"Bryan","state":"GA"},"geometry":{"type":"Polygon","coordinates":[[[-81.7815,32.1525],[-81.4358,32.2413],[-81.4261,32.228],[-81.4292,32.2166],[-81.4129,32.2054],[-81.4186,32.1972],[-81.41,32.1848],[-81.4137,32.1602],[-81.4016,32.1499],[-81.406,32.1019],[-81.4029,32.1073],[-81.3913,32.0998],[-81.3867,32.0822],[-81.3689,32.069],[-81.3752,32.0667],[-81.368,32.0485],[-81.3383,32.0329],[-81.3357,32.022],[-81.3183,32.0155],[-81.3219,32.0074],[-81.3149,32.0114],[-81.3044,32.0007],[-81.3089,31.9823],[-81.2886,31.9772],[-81.288,31.9441],[-81.2731,31.9413],[-81.273,31.925],[-81.258,31.9267],[-81.2657,31.9106],[-81.259,31.9054],[-81.2353,31.9101],[-81.2429,31.8941],[-81.2387,31.8871],[-81.2111,31.9193],[-81.1938,31.9214],[-81.1937,31.9089],[-81.2223,31.8904],[-81.1734,31.8998],[-81.1612,31.8876],[-81.1551,31.8643],[-81.1383,31.8552],[-81.1616,31.8211],[-81.177,31.8161],[-81.1812,31.7956],[-81.161,31.7855],[-81.1736,31.7586],[-81.1564,31.7423],[-81.1547,31.7262],[-81.1928,31.7332],[-81.1984,31.7261],[-81.2209,31.7436],[-81.2609,31.7543],[-81.2704,31.7645],[-81.2735,31.7926],[-81.311,31.7899],[-81.32,31.8089],[-81.315,31.8168],[-81.3282,31.823],[-81.3333,31.8405],[-81.3454,31.837],[-81.3325,31.834],[-81.3429,31.8279],[-81.339,31.8188],[-81.3558,31.8149],[-81.3448,31.8248],[-81.3817,31.854],[-81.3829,31.8761],[-81.3964,31.8832],[-81.3916,31.8936],[-81.4075,31.9442],[-81.4241,31.9382],[-81.4638,31.95],[-81.4755,31.9742],[-81.4848,31.964],[-81.5127,31.9693],[-81.5205,31.9593],[-81.5321,31.9642],[-81.5474,31.9573],[-81.5642,31.9595],[-81.5779,31.9726],[-81.5933,31.9712],[-81.5928,31.9893],[-81.6021,31.9944],[-81.6195,32.0322],[-81.6512,32.0584],[-81.6728,32.0639],[-81.6927,32.0883],[-81.7187,32.0894],[-81.7268,32.0988],[-81.7563,32.1046],[-81.7539,32.1114],[-81.7773,32.1319],[-81.7815,32.1525]]]}},{"type":"Feature","properties":{"county_fips":"13107","county_name":"Emanuel","state":"GA"},"geometry":{"type":"Polygon","coordinates":[[[-82.6477,32.5125],[-82.603,32.5215],[-82.6026,32.5095],[-82.5979,32.5329],[-82.5853,32.5252],[-82.5644,32.5324],[-82.5912,32.5577],[-82.5944,32.5792],[-82.512,32.6252],[-82.5177,32.6337],[-82.4989,32.6427],[-82.4929,32.634],[-82.4639,32.6472],[-82.4903,32.662],[-82.4994,32.6863],[-82.4528,32.7193],[-82.4341,32.7623],[-82.3984,32.7772],[-82.4092,32.7845],[-82.4186,32.8113],[-82.3628,32.8159],[-82.3266,32.8412],[-82.3087,32.8285],[-82.2563,32.824],[-82.2137,32.8039],[-82.1464,32.8146],[-82.0829,32.6633],[-82.0012,32.6069],[-82.0302,32.5388],[-82.0798,32.5601],[-82.1483,32.5204],[-82.1811,32.4741],[-82.1879,32.4336],[-82.2546,32.3515],[-82.2381,32.3444],[-82.2328,32.3188],[-82.2798,32.2942],[-82.3545,32.2922],[-82.3587,32.3184],[-82.3789,32.3369],[-82.3926,32.3354],[-82.4091,32.3538],[-82.4112,32.3651],[-82.3943,32.3918],[-82.3943,32.4126],[-82.3819,32.4406],[-82.398,32.4519],[-82.4905,32.4963],[-82.6477,32.5125]]]}},{"type":"Feature","properties":{"county_fips":"37101","county_name":"Johnston","state":"NC"},"geometry":{"type":"Polygon","coordinates":[[[-78.7089,35.5195],[-78.4677,35.7075],[-78.46,35.7057],[-78.256,35.8181],[-78.2439,35.7919],[-78.2509,35.7739],[-78.2383,35.7671],[-78.2327,35.7513],[-78.2188,35.7549],[-78.2085,35.7303],[-78.1823,35.7289],[-78.1609,35.7119],[-78.1578,35.6856],[-78.1256,35.6031],[-78.0648,35.5853],[-78.1549,35.4178],[-78.1537,35.392],[-78.1443,35.3874],[-78.1624,35.3672],[-78.1532,35.3507],[-78.2155,35.3415],[-78.2156,35.3338],[-78.2421,35.32],[-78.269,35.3228],[-78.2897,35.3151],[-78.3066,35.2876],[-78.4118,35.2547],[-78.4919,35.2633],[-78.5383,35.3164],[-78.5328,35.3423],[-78.5688,35.3693],[-78.5725,35.3865],[-78.5927,35.3986],[-78.6272,35.4583],[-78.6503,35.4724],[-78.6606,35.4962],[-78.6755,35.4964],[-78.6869,35.5019],[-78.6897,35.5159],[-78.7089,35.5195]]]}},{"type":"Feature","properties":{"county_fips":"37057","county_name":"Davidson","state":"NC"},"geometry":{"type":"Polygon","coordinates":[[[-80.4874,35.8336],[-80.4768,35.8438],[-80.4626,35.827],[-80.4464,35.8367],[-80.4326,35.8281],[-80.4233,35.852],[-80.3976,35.8412],[-80.3884,35.8455],[-80.3911,35.8694],[-80.4165,35.8805],[-80.4079,35.8915],[-80.3726,35.8845],[-80.3652,35.8934],[-80.3749,35.9113],[-80.3683,35.9276],[-80.3753,35.9566],[-80.3943,35.9728],[-80.33,35.9908],[-80.3303,35.9965],[-80.2138,35.9971],[-80.2137,36.0268],[-80.1498,36.0268],[-80.0432,36.0108],[-80.0668,35.5057],[-80.1833,35.5041],[-80.1992,35.5456],[-80.2098,35.5523],[-80.2089,35.5813],[-80.265,35.6296],[-80.2883,35.6353],[-80.3073,35.6657],[-80.3306,35.6788],[-80.3344,35.6921],[-80.3241,35.7058],[-80.3324,35.7189],[-80.3728,35.7165],[-80.4555,35.7359],[-80.4595,35.746],[-80.4506,35.766],[-80.4767,35.7891],[-80.4644,35.805],[-80.4723,35.8255],[-80.4874,35.8336]]]}},{"type":"Feature","properties":{"county_fips":"37123","county_name":"Montgomery","state":"NC"},"geometry":{"type":"Polygon","coordinates":[[[-80.1826,35.5042],[-79.768,35.5115],[-79.7642,35.4757],[-79.7099,35.3013],[-79.712,35.2759],[-79.698,35.2515],[-79.6725,35.245],[-79.6571,35.1913],[-79.6143,35.1637],[-79.6421,35.1577],[-79.6944,35.1796],[-79.7495,35.173],[-79.8513,35.1839],[-79.8986,35.1617],[-79.9834,35.1585],[-80.0228,35.1372],[-80.0754,35.1431],[-80.0533,35.1786],[-80.0698,35.2183],[-80.0908,35.236],[-80.0984,35.2581],[-80.0819,35.3215],[-80.0663,35.3406],[-80.0654,35.3605],[-80.0512,35.3715],[-80.0661,35.3895],[-80.0937,35.402],[-80.0901,35.4156],[-80.1005,35.4299],[-80.0975,35.4381],[-80.1087,35.4451],[-80.1099,35.461],[-80.1399,35.4751],[-80.1617,35.4752],[-80.177,35.4868],[-80.1826,35.5042]]]}},{"type":"Feature","properties":{"county_fips":"45059","county_name":"Laurens","state":"SC"},"geometry":{"type":"Polygon","coordinates":[[[-82.3147,34.4726],[-82.3139,34.4843],[-82.2361,34.5353],[-82.2348,34.5888],[-82.1456,34.7852],[-82.1319,34.7788],[-82.1354,34.7731],[-82.1152,34.7489],[-82.1094,34.7563],[-82.1011,34.744],[-82.0839,34.7448],[-82.0788,34.7194],[-82.0666,34.7152],[-82.0694,34.7023],[-82.0587,34.7017],[-82.0046,34.6623],[-81.9519,34.6495],[-81.9103,34.603],[-81.8938,34.6017],[-81.8903,34.5901],[-81.8802,34.5967],[-81.8636,34.5802],[-81.8588,34.5922],[-81.8428,34.6006],[-81.8104,34.5781],[-81.7525,34.5636],[-81.7473,34.5683],[-81.7173,34.5515],[-81.7011,34.5594],[-81.6908,34.5527],[-81.6773,34.558],[-81.6776,34.5508],[-81.6585,34.5478],[-81.6436,34.5337],[-81.7032,34.4526],[-81.7225,34.4497],[-81.7345,34.4377],[-81.7826,34.3651],[-81.8369,34.3428],[-81.8498,34.333],[-81.8485,34.3235],[-81.8953,34.3005],[-81.9114,34.2463],[-81.945,34.2031],[-81.9711,34.2222],[-81.9784,34.2381],[-82.0093,34.2425],[-82.0845,34.2998],[-82.1107,34.3081],[-82.1217,34.3034],[-82.134,34.3238],[-82.1687,34.3301],[-82.1849,34.365],[-82.2313,34.3925],[-82.2279,34.4022],[-82.2446,34.4034],[-82.2661,34.4332],[-82.3147,34.4726]]]}},{"type":"Feature","properties":{"county_fips":"45085","county_name":"Sumter","state":"SC"},"geometry":{"type":"Polygon","coordinates":[[[-80.6466,33.999],[-80.6354,34.0014],[-80.6373,34.0076],[-80.6253,34.0037],[-80.628,34.0119],[-80.6155,34.0245],[-80.6021,34.0254],[-80.608,34.0293],[-80.601,34.0394],[-80.6126,34.0518],[-80.6064,34.058],[-80.6312,34.0682],[-80.6195,34.0823],[-80.6362,34.0802],[-80.6157,34.0968],[-80.6203,34.1074],[-80.5801,34.0999],[-80.4799,34.1687],[-80.4813,34.1126],[-80.4055,34.0814],[-80.3956,34.0895],[-80.3787,34.0807],[-80.317,34.0783],[-80.2949,34.0394],[-80.267,34.0331],[-80.2498,33.9922],[-80.1883,34.0049],[-80.1804,33.952],[-80.0704,34.0079],[-80.0268,34.0085],[-80.0006,34.0479],[-79.9598,34.0214],[-79.9469,34.023],[-79.9109,34.0065],[-79.8935,33.988],[-80.1216,33.8696],[-80.1954,33.839],[-80.2554,33.8041],[-80.2712,33.7863],[-80.3971,33.7678],[-80.392,33.7156],[-80.4344,33.7119],[-80.4259,33.7241],[-80.4309,33.7383],[-80.4493,33.7375],[-80.4544,33.7135],[-80.4787,33.7143],[-80.4976,33.6743],[-80.5341,33.6439],[-80.5655,33.6647],[-80.5624,33.6784],[-80.5903,33.6848],[-80.5931,33.7019],[-80.6153,33.7118],[-80.6297,33.7374],[-80.6056,33.7575],[-80.6057,33.7718],[-80.5977,33.7775],[-80.603,33.7853],[-80.5962,33.7864],[-80.6054,33.8047],[-80.5983,33.8045],[-80.6157,33.8145],[-80.6161,33.8343],[-80.6335,33.8527],[-80.623,33.8604],[-80.6256,33.8935],[-80.615,33.8919],[-80.6341,33.9173],[-80.6262,33.9299],[-80.6306,33.9337],[-80.6167,33.9364],[-80.6291,33.9418],[-80.6158,33.9655],[-80.6331,33.9665],[-80.6304,33.9758],[-80.6466,33.999]]]}},{"type":"Feature","properties":{"county_fips":"45061","county_name":"Lee","state":"SC"},"geometry":{"type":"Polygon","coordinates":[[[-80.4813,34.1126],[-80.4799,34.1687],[-80.4609,34.1833],[-80.4545,34.208],[-80.4452,34.206],[-80.4375,34.2167],[-80.4308,34.227],[-80.433,34.2489],[-80.4241,34.2507],[-80.4374,34.2845],[-80.382,34.3052],[-80.353,34.3033],[-80.3658,34.3282],[-80.3638,34.3395],[-80.3251,34.3393],[-80.2887,34.3641],[-80.2756,34.3492],[-80.2529,34.3407],[-80.2436,34.3239],[-80.2063,34.3391],[-80.1851,34.3679],[-80.1772,34.3662],[-80.1702,34.316],[-80.1339,34.2824],[-80.1358,34.2725],[-80.1117,34.2286],[-80.1127,34.197],[-80.1586,34.1616],[-80.1345,34.1285],[-80.1072,34.1152],[-80.0842,34.0911],[-80.0319,34.0768],[-80.0006,34.0479],[-80.0268,34.0085],[-80.0704,34.0079],[-80.1804,33.952],[-80.1883,34.0049],[-80.2498,33.9922],[-80.267,34.0331],[-80.2949,34.0394],[-80.317,34.0783],[-80.3787,34.0807],[-80.3956,34.0895],[-80.4055,34.0814],[-80.4813,34.1126]]]}},{"type":"Feature","properties":{"county_fips":"51001","county_name":"Accomack","state":"VA"},"geometry":{"type":"MultiPolygon","coordinates":[[[[-75.7405,37.8012],[-75.7387,37.809],[-75.7331,37.8028],[-75.7405,37.8012]]],[[[-75.8541,37.7001],[-75.8508,37.7055],[-75.849,37.7018],[-75.8541,37.7001]]],[[[-75.8667,37.6832],[-75.8605,37.6931],[-75.8549,37.6889],[-75.8596,37.6822],[-75.8667,37.6832]]],[[[-75.8964,37.8021],[-75.8942,37.8057],[-75.8918,37.7962],[-75.8964,37.8021]]],[[[-75.9006,37.8938],[-75.901,37.8991],[-75.8987,37.8956],[-75.9006,37.8938]]],[[[-75.9412,37.5638],[-75.932,37.5796],[-75.9176,37.5859],[-75.9254,37.5963],[-75.9054,37.6261],[-75.8928,37.6044],[-75.8773,37.6116],[-75.8924,37.6375],[-75.8905,37.6495],[-75.8704,37.6504],[-75.8771,37.6606],[-75.8685,37.6682],[-75.8459,37.6698],[-75.8533,37.6825],[-75.8364,37.7031],[-75.8377,37.713],[-75.795,37.7267],[-75.8007,37.733],[-75.832,37.7281],[-75.8122,37.7495],[-75.7873,37.7571],[-75.7903,37.7652],[-75.803,37.7625],[-75.7992,37.7712],[-75.8043,37.7814],[-75.8118,37.7787],[-75.8123,37.7947],[-75.7846,37.8068],[-75.7334,37.7859],[-75.7259,37.7964],[-75.7189,37.7933],[-75.7232,37.8201],[-75.7053,37.8289],[-75.7129,37.8367],[-75.7094,37.8458],[-75.6974,37.8488],[-75.6926,37.8379],[-75.6782,37.8375],[-75.6813,37.844],[-75.6723,37.8509],[-75.6929,37.8678],[-75.6801,37.8753],[-75.6789,37.8883],[-75.6982,37.8919],[-75.6884,37.899],[-75.7573,37.8992],[-75.7362,37.9022],[-75.7435,37.9121],[-75.7193,37.9345],[-75.7122,37.9381],[-75.7003,37.929],[-75.6787,37.9427],[-75.643,37.9363],[-75.6369,37.9556],[-75.6482,37.9668],[-75.6382,37.9794],[-75.6295,37.976],[-75.6338,37.9845],[-75.6244,37.9942],[-75.2425,38.027],[-75.3586,37.865],[-75.3848,37.8515],[-75.3946,37.8722],[-75.3841,37.8757],[-75.3625,37.8672],[-75.3462,37.8913],[-75.4064,37.8994],[-75.4893,37.8325],[-75.5209,37.7967],[-75.5894,37.6912],[-75.5993,37.6369],[-75.6145,37.6093],[-75.6129,37.5773],[-75.6001,37.5713],[-75.6624,37.4907],[-75.6729,37.4837],[-75.6848,37.4874],[-75.6911,37.4736],[-75.6807,37.4564],[-75.7091,37.4486],[-75.7309,37.4605],[-75.7639,37.4633],[-75.7766,37.4546],[-75.787,37.4646],[-75.8054,37.4633],[-75.8126,37.4754],[-75.7935,37.4888],[-75.7917,37.5038],[-75.8033,37.5053],[-75.8054,37.5139],[-75.7881,37.5289],[-75.8385,37.5554],[-75.9339,37.5523],[-75.9412,37.5638]]],[[[-75.9991,37.8186],[-75.9969,37.8504],[-75.9735,37.8335],[-75.9935,37.814],[-75.9883,37.8074],[-75.9991,37.8186]]],[[[-76.0023,37.862],[-76.0042,37.8705],[-75.9998,37.8603],[-76.0023,37.862]]],[[[-76.0428,37.947],[-76.0414,37.954],[-75.9939,37.9535],[-75.9977,37.9457],[-76.0168,37.9465],[-76.0164,37.9287],[-76.0284,37.9205],[-76.0289,37.951],[-76.0428,37.947]]]]}},{"type":"Feature","properties":{"county_fips":"12093","county_name":"Okeechobee","state":"FL"},"geometry":{"type":"Polygon","coordinates":[[[-81.2139,27.5295],[-81.2025,27.5394],[-81.206,27.5473],[-81.1566,27.575],[-81.1551,27.5918],[-81.1405,27.6013],[-81.1422,27.6432],[-80.778,27.6432],[-80.7772,27.5587],[-80.6797,27.5587],[-80.6774,27.1216],[-80.8856,26.9589],[-80.8702,27.1523],[-80.8785,27.1688],[-80.9035,27.1691],[-80.91,27.1746],[-80.9064,27.189],[-80.9348,27.1962],[-80.9483,27.2223],[-80.9647,27.2159],[-80.9853,27.2316],[-80.9805,27.246],[-80.9926,27.2503],[-81.0006,27.2676],[-80.9946,27.2973],[-81.0247,27.3018],[-81.0298,27.3232],[-81.0441,27.3297],[-81.0421,27.3476],[-81.0307,27.3515],[-81.0344,27.359],[-81.0511,27.363],[-81.05,27.3707],[-81.0684,27.3823],[-81.0983,27.3791],[-81.1213,27.3898],[-81.1232,27.4029],[-81.1438,27.412],[-81.1391,27.434],[-81.1449,27.445],[-81.1726,27.4629],[-81.1825,27.4837],[-81.2051,27.4897],[-81.1994,27.515],[-81.2139,27.5295]]]}},{"type":"Feature","properties":{"county_fips":"13031","county_name":"Bulloch","state":"GA"},"geometry":{"type":"Polygon","coordinates":[[[-82.0302,32.5388],[-82.0015,32.6069],[-81.8338,32.6534],[-81.8036,32.6442],[-81.799,32.6272],[-81.7542,32.602],[-81.7333,32.5858],[-81.7298,32.574],[-81.708,32.5658],[-81.6893,32.5462],[-81.6568,32.54],[-81.6485,32.5277],[-81.6393,32.5325],[-81.6173,32.5249],[-81.6164,32.5157],[-81.5996,32.5076],[-81.5781,32.5123],[-81.536,32.4814],[-81.543,32.4671],[-81.5314,32.4664],[-81.5258,32.4494],[-81.5425,32.4193],[-81.5326,32.4064],[-81.5349,32.3936],[-81.5233,32.3929],[-81.5077,32.3579],[-81.491,32.3519],[-81.4878,32.3339],[-81.4655,32.3286],[-81.4655,32.3128],[-81.4532,32.3064],[-81.4331,32.2447],[-81.7809,32.1529],[-81.7813,32.1765],[-81.8034,32.1992],[-81.8039,32.2198],[-81.8163,32.2375],[-81.8417,32.2409],[-81.8563,32.2571],[-81.8927,32.2748],[-81.9691,32.2688],[-81.9569,32.2862],[-81.9187,32.4154],[-81.9366,32.4227],[-81.9404,32.4361],[-81.9741,32.47],[-81.9798,32.5011],[-81.971,32.5132],[-82.0302,32.5388]]]}},{"type":"Feature","properties":{"county_fips":"13183","county_name":"Long","state":"GA"},"geometry":{"type":"Polygon","coordinates":[[[-81.9816,31.7999],[-81.9564,31.8087],[-81.9453,31.8353],[-81.9223,31.8515],[-81.9125,31.8867],[-81.8945,31.8924],[-81.882,31.9183],[-81.8895,31.9491],[-81.8244,32.0149],[-81.7939,31.9778],[-81.7764,31.9809],[-81.7469,31.9693],[-81.7454,31.9363],[-81.7663,31.8862],[-81.7523,31.8612],[-81.7356,31.8537],[-81.6954,31.8128],[-81.6565,31.798],[-81.6433,31.7857],[-81.6418,31.7655],[-81.4918,31.6996],[-81.566,31.5765],[-81.6632,31.5387],[-81.6718,31.548],[-81.6813,31.5417],[-81.6809,31.5505],[-81.6986,31.5577],[-81.7018,31.5849],[-81.7232,31.5916],[-81.7368,31.6084],[-81.7472,31.6015],[-81.7439,31.6117],[-81.7596,31.6205],[-81.7688,31.6143],[-81.7653,31.6246],[-81.7891,31.6317],[-81.7875,31.6432],[-81.8136,31.6645],[-81.8116,31.6545],[-81.821,31.6511],[-81.8309,31.6573],[-81.8289,31.664],[-81.8506,31.6677],[-81.8476,31.6773],[-81.8671,31.6911],[-81.8765,31.7131],[-81.9067,31.7258],[-81.9114,31.7535],[-81.9445,31.7604],[-81.9525,31.7883],[-81.9752,31.7879],[-81.9816,31.7999]]]}},{"type":"Feature","properties":{"county_fips":"45041","county_name":"Florence","state":"SC"},"geometry":{"type":"Polygon","coordinates":[[[-80.0699,34.0862],[-79.809,34.2524],[-79.7494,34.2451],[-79.7526,34.2506],[-79.7296,34.2952],[-79.6856,34.2844],[-79.6624,34.3076],[-79.6239,34.3006],[-79.5767,34.2726],[-79.544,34.2252],[-79.5485,34.2041],[-79.5718,34.1837],[-79.5326,34.1357],[-79.5325,34.1263],[-79.5172,34.1268],[-79.5246,34.1156],[-79.5153,34.0972],[-79.5291,34.1002],[-79.5359,34.0761],[-79.5114,34.0409],[-79.5089,34.0037],[-79.5169,33.994],[-79.4998,33.9713],[-79.4815,33.9647],[-79.4917,33.9465],[-79.4737,33.93],[-79.4629,33.9318],[-79.4596,33.9208],[-79.452,33.9246],[-79.4522,33.9148],[-79.429,33.8978],[-79.4004,33.8922],[-79.4098,33.8853],[-79.3895,33.8732],[-79.3683,33.8429],[-79.3535,33.8412],[-79.3538,33.8341],[-79.3398,33.8415],[-79.332,33.8366],[-79.3369,33.8326],[-79.3152,33.8268],[-79.3173,33.7993],[-79.3404,33.8028],[-79.3522,33.8151],[-79.3826,33.8186],[-79.3972,33.8012],[-79.4187,33.7994],[-79.4415,33.7844],[-79.4965,33.7754],[-79.6349,33.8084],[-79.6358,33.818],[-79.6773,33.8147],[-79.688,33.8049],[-79.6996,33.814],[-79.7249,33.8146],[-79.7434,33.8351],[-79.7984,33.8356],[-79.8349,33.8826],[-79.8549,33.8917],[-79.8664,33.8843],[-79.944,33.8851],[-79.9746,33.9465],[-79.8942,33.9897],[-79.9109,34.0065],[-79.9921,34.0398],[-80.0319,34.0768],[-80.0699,34.0862]]]}},{"type":"Feature","properties":{"county_fips":"45015","county_name":"Berkeley","state":"SC"},"geometry":{"type":"Polygon","coordinates":[[[-80.3613,33.2631],[-80.3489,33.278],[-80.3172,33.2641],[-80.3019,33.2675],[-80.2538,33.2993],[-80.2396,33.3522],[-80.2416,33.3831],[-80.2385,33.3912],[-80.2302,33.3841],[-80.2299,33.3916],[-80.2226,33.3913],[-80.2224,33.4478],[-80.204,33.4419],[-80.2082,33.4523],[-80.1981,33.4516],[-80.1975,33.4436],[-80.181,33.4546],[-80.1706,33.4497],[-80.1627,33.4607],[-80.1615,33.4489],[-80.1483,33.4499],[-80.1507,33.4603],[-80.1392,33.454],[-80.1442,33.4641],[-80.1318,33.4634],[-80.1521,33.4854],[-80.1273,33.4933],[-80.1255,33.5024],[-80.0959,33.4954],[-80.0799,33.5069],[-80.0425,33.5009],[-80.0253,33.5064],[-80.0205,33.4984],[-80.0054,33.5025],[-80.0019,33.4947],[-79.9962,33.5068],[-79.9898,33.4983],[-79.9646,33.4986],[-79.9031,33.4504],[-79.8941,33.4537],[-79.8682,33.4345],[-79.8787,33.4271],[-79.8613,33.4178],[-79.8608,33.4085],[-79.8083,33.3733],[-79.7842,33.3761],[-79.7554,33.3295],[-79.7348,33.3202],[-79.7096,33.3212],[-79.6066,33.2793],[-79.5623,33.2725],[-79.5598,33.2605],[-79.5498,33.265],[-79.5458,33.2548],[-79.494,33.236],[-79.4793,33.2461],[-79.4829,33.2354],[-79.4707,33.2394],[-79.4739,33.2298],[-79.4587,33.2352],[-79.462,33.2294],[-79.4537,33.2278],[-79.4551,33.2177],[-79.4466,33.2118],[-79.4837,33.2038],[-79.522,33.1467],[-79.5339,33.1438],[-79.5623,33.1563],[-79.6029,33.1338],[-79.6123,33.1384],[-79.6423,33.1244],[-79.6605,33.0908],[-79.7164,33.0386],[-79.7303,33.0126],[-79.7621,32.9891],[-79.7693,32.9716],[-79.7634,32.9563],[-79.7716,32.9418],[-79.7814,32.9438],[-79.826,32.9186],[-79.8359,32.9198],[-79.853,32.8761],[-79.8959,32.8599],[-79.8975,32.8269],[-79.919,32.8154],[-79.9297,32.8232],[-79.9312,32.85],[-79.9563,32.86],[-79.9637,32.8754],[-79.9624,32.8911],[-79.9482,32.9083],[-80.0118,32.8999],[-80.0415,32.955],[-80.0401,32.9827],[-80.056,32.9994],[-80.0982,32.9881],[-80.1051,32.9925],[-80.1027,33.0013],[-80.1134,32.9981],[-80.3359,33.1455],[-80.311,33.1584],[-80.2964,33.1795],[-80.3308,33.1984],[-80.3354,33.2245],[-80.3613,33.2631]]]}},{"type":"Feature","properties":{"county_fips":"51085","county_name":"Hanover","state":"VA"},"geometry":{"type":"Polygon","coordinates":[[[-77.7968,37.7306],[-77.6841,38.0082],[-77.6591,37.9918],[-77.6429,37.9926],[-77.6435,37.9797],[-77.6313,37.9722],[-77.6326,37.9653],[-77.6141,37.9593],[-77.6162,37.949],[-77.5705,37.9549],[-77.5621,37.9364],[-77.5465,37.9286],[-77.5548,37.9207],[-77.5291,37.9208],[-77.4842,37.8834],[-77.4451,37.8947],[-77.4187,37.8606],[-77.4282,37.8565],[-77.4283,37.8296],[-77.4096,37.8197],[-77.4224,37.8088],[-77.3952,37.8024],[-77.3984,37.7908],[-77.3909,37.7867],[-77.4047,37.7799],[-77.3747,37.7764],[-77.3623,37.7977],[-77.3485,37.7888],[-77.3318,37.792],[-77.3218,37.7698],[-77.3374,37.7648],[-77.3355,37.756],[-77.3036,37.7551],[-77.3039,37.7442],[-77.3209,37.7433],[-77.3225,37.7337],[-77.2935,37.7398],[-77.292,37.714],[-77.2695,37.7235],[-77.246,37.7102],[-77.2518,37.7222],[-77.244,37.7303],[-77.2303,37.7139],[-77.2439,37.6992],[-77.2368,37.6923],[-77.2416,37.6868],[-77.2145,37.689],[-77.2066,37.677],[-77.1992,37.6898],[-77.1846,37.687],[-77.1821,37.674],[-77.1919,37.6663],[-77.1867,37.6577],[-77.1664,37.6609],[-77.1627,37.6681],[-77.1473,37.6643],[-77.1476,37.6752],[-77.1417,37.6653],[-77.108,37.6587],[-77.1153,37.636],[-77.1296,37.6356],[-77.1237,37.6269],[-77.1338,37.6264],[-77.1404,37.5922],[-77.1709,37.5965],[-77.241,37.5381],[-77.4036,37.6051],[-77.4054,37.626],[-77.4207,37.6365],[-77.4432,37.6822],[-77.4603,37.6782],[-77.4716,37.6877],[-77.4806,37.6819],[-77.4949,37.7015],[-77.5222,37.7001],[-77.5579,37.6819],[-77.6106,37.7104],[-77.6225,37.7049],[-77.7117,37.7063],[-77.784,37.7216],[-77.7968,37.7306]]]}},{"type":"Feature","properties":{"county_fips":"51047","county_name":"Culpeper","state":"VA"},"geometry":{"type":"Polygon","coordinates":[[[-78.2292,38.5333],[-78.2149,38.5384],[-78.1911,38.5241],[-78.1718,38.5222],[-78.0901,38.5968],[-77.9314,38.6984],[-77.9095,38.6973],[-77.9029,38.6842],[-77.8919,38.6811],[-77.9026,38.6747],[-77.9013,38.6655],[-77.8841,38.6666],[-77.8717,38.6485],[-77.8805,38.6365],[-77.8599,38.6208],[-77.873,38.611],[-77.8624,38.5985],[-77.8772,38.5849],[-77.8389,38.5399],[-77.8137,38.5303],[-77.8011,38.5031],[-77.7819,38.4888],[-77.7767,38.4656],[-77.7613,38.4584],[-77.7551,38.4294],[-77.7397,38.4247],[-77.7355,38.4131],[-77.6904,38.427],[-77.6349,38.4102],[-77.6187,38.3678],[-77.6395,38.359],[-77.6442,38.3666],[-77.6371,38.3719],[-77.6457,38.3781],[-77.6955,38.3564],[-77.7712,38.393],[-77.7878,38.3766],[-77.7745,38.3684],[-77.7817,38.3641],[-77.8277,38.3822],[-77.8847,38.3791],[-77.8905,38.389],[-77.9075,38.3829],[-77.9196,38.3656],[-77.9587,38.3537],[-77.9729,38.3589],[-77.9757,38.3471],[-77.9939,38.3493],[-78.0308,38.3278],[-78.037,38.3119],[-78.0538,38.3177],[-78.0691,38.3084],[-78.0778,38.3163],[-78.103,38.3115],[-78.0943,38.3257],[-78.0827,38.3278],[-78.1078,38.3438],[-78.1184,38.3672],[-78.115,38.3832],[-78.0918,38.3905],[-78.0961,38.4043],[-78.1265,38.4257],[-78.119,38.4348],[-78.123,38.4403],[-78.2292,38.5333]]]}},{"type":"Feature","properties":{"county_fips":"10001","county_name":"Kent","state":"DE"},"geometry":{"type":"Polygon","coordinates":[[[-75.7601,39.2968],[-75.6545,39.2912],[-75.6196,39.3101],[-75.5843,39.3087],[-75.5562,39.3353],[-75.5605,39.3451],[-75.551,39.3456],[-75.5534,39.353],[-75.5358,39.3506],[-75.5124,39.3657],[-75.4942,39.3546],[-75.4904,39.3428],[-75.439,39.3134],[-75.4348,39.2906],[-75.4062,39.2581],[-75.407,39.2257],[-75.3971,39.2045],[-75.4134,39.1533],[-75.3998,39.0991],[-75.402,39.0669],[-75.3409,39.02],[-75.315,38.9808],[-75.3119,38.9459],[-75.3194,38.9537],[-75.3435,38.9474],[-75.3441,38.9553],[-75.3528,38.9479],[-75.3602,38.9576],[-75.3806,38.9619],[-75.4007,38.9477],[-75.4025,38.9176],[-75.4858,38.9036],[-75.5204,38.8557],[-75.555,38.8356],[-75.7226,38.8299],[-75.7601,39.2968]]]}},{"type":"Feature","properties":{"county_fips":"06071","county_name":"San Bernardino","state":"CA"},"geometry":{"type":"Polygon","coordinates":[[[-117.8024,33.9683],[-117.7852,34.0046],[-117.7675,34.0047],[-117.7677,34.0235],[-117.7301,34.0214],[-117.6785,34.162],[-117.6464,34.2892],[-117.6604,34.5579],[-117.6671,34.5579],[-117.6675,34.8225],[-117.6322,34.8223],[-117.6344,35.6508],[-117.6165,35.6516],[-117.6165,35.6807],[-117.6522,35.6808],[-117.6521,35.7099],[-117.6343,35.7098],[-117.6343,35.7973],[-115.7359,35.7936],[-115.7357,35.8091],[-115.648,35.8096],[-114.6335,35.0019],[-114.6344,34.8729],[-114.5868,34.8357],[-114.5527,34.7669],[-114.4875,34.7166],[-114.4705,34.7114],[-114.4505,34.6668],[-114.4582,34.6579],[-114.4415,34.6425],[-114.4387,34.6215],[-114.4242,34.6105],[-114.4243,34.6023],[-114.4365,34.5954],[-114.4052,34.5696],[-114.3808,34.5297],[-114.3867,34.4579],[-114.3737,34.4469],[-114.3354,34.45],[-114.3261,34.4373],[-114.2948,34.4214],[-114.2887,34.4066],[-114.2643,34.4013],[-114.2261,34.3659],[-114.1769,34.3493],[-114.1572,34.3179],[-114.1383,34.3032],[-114.1312,34.2627],[-114.1646,34.259],[-114.1665,34.2496],[-114.2252,34.2036],[-114.2297,34.1869],[-114.2541,34.1738],[-114.2873,34.1705],[-114.3208,34.1386],[-114.353,34.1331],[-114.3665,34.1186],[-114.4117,34.11],[-114.4354,34.0797],[-115.3161,34.0778],[-115.3162,34.0341],[-116.9296,34.0341],[-116.9295,34.0049],[-117.2254,34.0042],[-117.2255,34.018],[-117.3754,34.0194],[-117.3753,34.0339],[-117.5583,34.0335],[-117.5584,33.9884],[-117.6109,33.9718],[-117.6109,33.9251],[-117.6554,33.9251],[-117.6549,33.8888],[-117.6767,33.8887],[-117.6688,33.8805],[-117.673,33.871],[-117.7936,33.9538],[-117.7937,33.9681],[-117.8024,33.9683]]]}},{"type":"Feature","properties":{"county_fips":"37165","county_name":"Scotland","state":"NC"},"geometry":{"type":"Polygon","coordinates":[[[-79.6925,34.8068],[-79.6346,34.8255],[-79.6255,34.8178],[-79.6142,34.8153],[-79.6232,34.8216],[-79.6176,34.8396],[-79.6266,34.8523],[-79.5619,34.9104],[-79.5848,34.9454],[-79.578,34.9724],[-79.5667,34.9794],[-79.5734,34.9922],[-79.5105,35.0262],[-79.4588,35.0436],[-79.4495,35.0271],[-79.3965,34.9941],[-79.3531,34.9442],[-79.3489,34.8874],[-79.3373,34.8537],[-79.3576,34.8203],[-79.3317,34.773],[-79.4616,34.6303],[-79.6753,34.8047],[-79.6925,34.8068]]]}},{"type":"Feature","properties":{"county_fips":"45043","county_name":"Georgetown","state":"SC"},"geometry":{"type":"Polygon","coordinates":[[[-79.6809,33.3196],[-79.6772,33.3368],[-79.6338,33.3726],[-79.596,33.4215],[-79.5901,33.4435],[-79.5453,33.4909],[-79.4963,33.5175],[-79.4833,33.5368],[-79.4359,33.5725],[-79.4425,33.596],[-79.4111,33.6858],[-79.3324,33.7771],[-79.317,33.7799],[-79.3088,33.772],[-79.2862,33.7374],[-79.2872,33.7188],[-79.2711,33.7216],[-79.2751,33.7089],[-79.265,33.7103],[-79.2676,33.7034],[-79.2424,33.7059],[-79.2493,33.697],[-79.2347,33.6942],[-79.218,33.7058],[-79.1962,33.7013],[-79.1994,33.7101],[-79.1573,33.6848],[-79.1533,33.6594],[-79.1364,33.6638],[-79.1295,33.6501],[-79.1239,33.6522],[-79.1273,33.6436],[-79.1351,33.6467],[-79.1222,33.6057],[-79.1091,33.6003],[-79.0998,33.609],[-79.1011,33.573],[-79.0018,33.5727],[-79.0286,33.5334],[-79.0388,33.5315],[-79.0846,33.4837],[-79.1354,33.4039],[-79.1585,33.3367],[-79.1721,33.3291],[-79.1638,33.312],[-79.1803,33.2541],[-79.1757,33.2111],[-79.1832,33.1908],[-79.1945,33.1698],[-79.2464,33.126],[-79.2756,33.1168],[-79.2679,33.1327],[-79.2724,33.1397],[-79.3151,33.1457],[-79.3333,33.1558],[-79.3513,33.1535],[-79.404,33.1838],[-79.4275,33.2098],[-79.4551,33.2177],[-79.4587,33.2352],[-79.4739,33.2298],[-79.4707,33.2394],[-79.4829,33.2354],[-79.4793,33.2461],[-79.494,33.236],[-79.5302,33.2475],[-79.5498,33.265],[-79.5611,33.2615],[-79.5623,33.2725],[-79.6643,33.2983],[-79.677,33.3049],[-79.6727,33.3107],[-79.6809,33.3196]]]}},{"type":"Feature","properties":{"county_fips":"16027","county_name":"Canyon","state":"ID"},"geometry":{"type":"Polygon","coordinates":[[[-117.0319,43.8342],[-117.0104,43.8448],[-117.02,43.859],[-116.9842,43.8668],[-116.9837,43.8801],[-116.9544,43.8802],[-116.9545,43.8365],[-116.914,43.8362],[-116.9138,43.8217],[-116.8941,43.8218],[-116.8938,43.8077],[-116.8531,43.8074],[-116.8532,43.7927],[-116.7932,43.7927],[-116.7932,43.7999],[-116.7531,43.7999],[-116.7526,43.8072],[-116.5125,43.8072],[-116.5131,43.6342],[-116.4735,43.6341],[-116.4736,43.4599],[-116.5134,43.4593],[-116.5119,43.2905],[-116.5792,43.3062],[-116.6226,43.37],[-116.6694,43.388],[-116.7447,43.4555],[-116.7777,43.4732],[-116.7851,43.4995],[-116.7803,43.5269],[-116.8165,43.5779],[-116.845,43.5944],[-116.9079,43.6004],[-116.9233,43.6192],[-116.9553,43.6357],[-116.9695,43.6683],[-117.0266,43.6808],[-117.0216,43.8194],[-117.0319,43.8342]]]}},{"type":"Feature","properties":{"county_fips":"51029","county_name":"Buckingham","state":"VA"},"geometry":{"type":"Polygon","coordinates":[[[-78.8328,37.5905],[-78.8099,37.6044],[-78.8235,37.6217],[-78.8212,37.6318],[-78.7949,37.6426],[-78.7394,37.6315],[-78.7158,37.6366],[-78.7153,37.6673],[-78.6883,37.6781],[-78.6939,37.6969],[-78.6771,37.6962],[-78.6604,37.6778],[-78.6422,37.683],[-78.6559,37.7039],[-78.6394,37.7392],[-78.612,37.7563],[-78.5808,37.754],[-78.5456,37.764],[-78.5055,37.759],[-78.4966,37.7644],[-78.4988,37.7893],[-78.4913,37.797],[-78.4641,37.7602],[-78.4222,37.7405],[-78.3656,37.7319],[-78.3442,37.7188],[-78.2397,37.6905],[-78.249,37.6355],[-78.4651,37.3397],[-78.4791,37.3342],[-78.4855,37.3408],[-78.4902,37.3296],[-78.5116,37.3299],[-78.525,37.3402],[-78.5181,37.3435],[-78.5365,37.3505],[-78.5485,37.3467],[-78.5612,37.3611],[-78.5566,37.366],[-78.5669,37.3711],[-78.572,37.3699],[-78.5666,37.3639],[-78.5793,37.3645],[-78.5777,37.3756],[-78.5917,37.3806],[-78.5808,37.3915],[-78.5951,37.399],[-78.6302,37.3843],[-78.6399,37.4039],[-78.6355,37.416],[-78.6832,37.429],[-78.703,37.4553],[-78.8252,37.5525],[-78.8132,37.5672],[-78.8328,37.5905]]]}},{"type":"Feature","properties":{"county_fips":"51031","county_name":"Campbell","state":"VA"},"geometry":{"type":"Polygon","coordinates":[[[-79.4429,37.0559],[-79.2585,37.3549],[-79.2148,37.3326],[-79.1971,37.3449],[-79.1768,37.3421],[-79.1339,37.376],[-79.1184,37.369],[-79.0849,37.3941],[-79.0624,37.3886],[-79.0717,37.4196],[-79.0443,37.4166],[-79.0431,37.4332],[-79.0217,37.4292],[-78.9534,37.3171],[-78.9497,37.2925],[-78.9265,37.2771],[-78.9217,37.2459],[-78.8922,37.2487],[-78.8632,37.2405],[-78.8548,37.2266],[-78.8569,37.212],[-78.8242,37.2054],[-78.9046,37.0223],[-78.9729,37.0502],[-79.0048,37.0299],[-79.0186,37.0404],[-79.0587,37.0461],[-79.1104,37.0679],[-79.124,37.0898],[-79.1671,37.0675],[-79.1809,37.0707],[-79.1931,37.0546],[-79.2059,37.0748],[-79.2052,37.1108],[-79.2201,37.1177],[-79.2221,37.1014],[-79.2318,37.0989],[-79.2533,37.1329],[-79.2721,37.1116],[-79.295,37.1048],[-79.3429,37.1365],[-79.3447,37.1257],[-79.3827,37.119],[-79.3711,37.1059],[-79.3875,37.0929],[-79.4047,37.0918],[-79.4052,37.0632],[-79.4429,37.0559]]]}},{"type":"Feature","properties":{"county_fips":"37013","county_name":"Beaufort","state":"NC"},"geometry":{"type":"Polygon","coordinates":[[[-77.1958,35.6998],[-77.1857,35.7197],[-77.1709,35.7163],[-77.1751,35.7295],[-77.1638,35.7395],[-76.9858,35.6588],[-76.8473,35.72],[-76.8446,35.7057],[-76.6375,35.7052],[-76.602,35.6701],[-76.6062,35.6469],[-76.5776,35.6112],[-76.5343,35.5956],[-76.5384,35.5826],[-76.5016,35.5797],[-76.5014,35.5716],[-76.4689,35.5578],[-76.4872,35.5371],[-76.5199,35.5307],[-76.5568,35.5289],[-76.5704,35.5385],[-76.5992,35.5399],[-76.6379,35.513],[-76.6147,35.4874],[-76.5974,35.4819],[-76.607,35.4555],[-76.5928,35.4367],[-76.5776,35.3876],[-76.6479,35.4034],[-76.6608,35.4129],[-76.6629,35.4255],[-76.6807,35.4159],[-76.7107,35.4286],[-76.7592,35.4189],[-76.8088,35.4406],[-76.8172,35.452],[-76.8309,35.4479],[-76.906,35.4594],[-76.9576,35.483],[-76.9792,35.4834],[-77.0097,35.5137],[-77.043,35.5368],[-77.0532,35.5352],[-77.0213,35.4985],[-77.0451,35.5033],[-77.0047,35.4758],[-76.9864,35.4725],[-76.9662,35.434],[-76.925,35.4488],[-76.8839,35.4262],[-76.8445,35.4237],[-76.8217,35.3999],[-76.8003,35.3908],[-76.7729,35.391],[-76.7691,35.383],[-76.7195,35.3751],[-76.6707,35.3456],[-76.6163,35.3427],[-76.6112,35.3355],[-76.6194,35.3023],[-76.6138,35.2708],[-76.6326,35.2353],[-76.8453,35.2161],[-76.9588,35.301],[-77.1904,35.419],[-77.1912,35.435],[-77.1738,35.4566],[-77.1671,35.4969],[-77.1765,35.5013],[-77.1762,35.5191],[-77.1274,35.5538],[-77.0846,35.5526],[-77.0902,35.5687],[-77.1105,35.5696],[-77.1067,35.5814],[-77.1172,35.5814],[-77.1144,35.5886],[-77.1254,35.5846],[-77.1246,35.5969],[-77.1508,35.6026],[-77.1402,35.6063],[-77.1436,35.6205],[-77.174,35.6353],[-77.1807,35.6645],[-77.1671,35.6726],[-77.1698,35.6843],[-77.1958,35.6998]]]}},{"type":"Feature","properties":{"county_fips":"51057","county_name":"Essex","state":"VA"},"geometry":{"type":"Polygon","coordinates":[[[-77.1701,38.0795],[-77.1438,38.0955],[-77.1422,38.1231],[-77.1168,38.1207],[-77.1052,38.1278],[-77.1144,38.1337],[-77.116,38.1499],[-77.0872,38.1611],[-77.0738,38.1413],[-77.0617,38.1616],[-77.0522,38.1443],[-77.0517,38.112],[-77.0324,38.0917],[-77.0147,38.0935],[-77.0027,38.1101],[-76.9953,38.1096],[-76.984,38.0875],[-76.9282,38.0737],[-76.9172,38.0296],[-76.9306,38.0243],[-76.9179,38.0028],[-76.9274,37.9818],[-76.916,37.9736],[-76.8774,37.9705],[-76.8896,37.9528],[-76.8599,37.9353],[-76.8474,37.9165],[-76.8264,37.9141],[-76.822,37.9025],[-76.7946,37.8952],[-76.7828,37.8632],[-76.7343,37.7987],[-76.7219,37.7874],[-76.6805,37.7801],[-76.6829,37.7705],[-76.7031,37.7557],[-76.7231,37.7567],[-76.7511,37.7286],[-76.7609,37.751],[-76.7895,37.7712],[-76.791,37.7867],[-76.8022,37.7946],[-76.8426,37.798],[-76.8777,37.7821],[-76.915,37.7956],[-76.9432,37.783],[-76.9452,37.8282],[-76.9699,37.8287],[-76.9828,37.8394],[-77.0062,37.8371],[-77.019,37.8449],[-77.0202,37.861],[-77.0412,37.869],[-77.0396,37.8767],[-77.0229,37.8796],[-77.0202,37.8853],[-77.0317,37.8912],[-77.0241,37.9049],[-77.034,37.9255],[-77.0552,37.9309],[-77.0597,37.9431],[-77.0728,37.9464],[-77.0643,37.9584],[-77.0766,38.0008],[-77.089,38.0136],[-77.1294,38.0161],[-77.1218,38.0336],[-77.1315,38.0463],[-77.1492,38.0491],[-77.1449,38.0574],[-77.1701,38.0795]]]}},{"type":"Feature","properties":{"county_fips":"13123","county_name":"Gilmer","state":"GA"},"geometry":{"type":"Polygon","coordinates":[[[-84.6562,34.731],[-84.6396,34.7536],[-84.6353,34.7709],[-84.6414,34.7777],[-84.6097,34.7909],[-84.5829,34.8217],[-84.5929,34.8402],[-84.6053,34.8403],[-84.6186,34.8554],[-84.4226,34.8575],[-84.3909,34.8343],[-84.3832,34.8393],[-84.3821,34.8334],[-84.3315,34.8179],[-84.3281,34.8064],[-84.3147,34.8073],[-84.2573,34.7254],[-84.2609,34.7181],[-84.2522,34.7182],[-84.2523,34.6646],[-84.2426,34.6709],[-84.2265,34.6539],[-84.1974,34.6427],[-84.1935,34.6252],[-84.2239,34.597],[-84.2547,34.5975],[-84.2553,34.5683],[-84.2931,34.5692],[-84.3073,34.5814],[-84.329,34.5834],[-84.3456,34.5627],[-84.3715,34.5629],[-84.3714,34.5485],[-84.4246,34.5493],[-84.4287,34.5575],[-84.4324,34.5494],[-84.4679,34.55],[-84.468,34.5635],[-84.4858,34.5633],[-84.4767,34.5501],[-84.5028,34.5505],[-84.5026,34.5637],[-84.5115,34.5636],[-84.5214,34.5505],[-84.6541,34.549],[-84.6562,34.731]]]}},{"type":"Feature","properties":{"county_fips":"12107","county_name":"Putnam","state":"FL"},"geometry":{"type":"Polygon","coordinates":[[[-82.0561,29.6568],[-82.0491,29.7134],[-82.0556,29.7182],[-82.0289,29.7187],[-82.0071,29.7395],[-81.9911,29.744],[-81.9394,29.7475],[-81.9142,29.7914],[-81.862,29.8002],[-81.8124,29.8365],[-81.5812,29.8402],[-81.5642,29.7985],[-81.5252,29.7595],[-81.5205,29.4965],[-81.4876,29.4483],[-81.4763,29.3962],[-81.455,29.3897],[-81.4336,29.3982],[-81.4509,29.3785],[-81.6809,29.3244],[-81.6754,29.3386],[-81.6563,29.3382],[-81.6685,29.3717],[-81.7414,29.371],[-81.7418,29.4299],[-81.7749,29.4292],[-81.7762,29.4874],[-81.8428,29.4865],[-81.843,29.521],[-81.8879,29.5092],[-81.9017,29.516],[-81.9118,29.504],[-81.9318,29.5164],[-81.9642,29.5038],[-82.0044,29.5017],[-82.032,29.4914],[-82.0559,29.4712],[-82.0561,29.6568]]]}},{"type":"Feature","properties":{"county_fips":"13189","county_name":"McDuffie","state":"GA"},"geometry":{"type":"Polygon","coordinates":[[[-82.6485,33.6084],[-82.643,33.607],[-82.6435,33.6181],[-82.6171,33.6121],[-82.6239,33.6217],[-82.6136,33.634],[-82.6078,33.6257],[-82.6084,33.6335],[-82.588,33.642],[-82.5811,33.6326],[-82.5814,33.6519],[-82.5735,33.6395],[-82.5656,33.6459],[-82.5565,33.6339],[-82.5557,33.6427],[-82.5436,33.6386],[-82.5362,33.6494],[-82.5225,33.6449],[-82.5104,33.6597],[-82.4807,33.639],[-82.4773,33.6442],[-82.4593,33.637],[-82.4507,33.6506],[-82.4309,33.6551],[-82.425,33.6473],[-82.4427,33.6307],[-82.4303,33.6186],[-82.433,33.6081],[-82.4127,33.5976],[-82.4342,33.5671],[-82.4368,33.5497],[-82.3849,33.5299],[-82.4024,33.5165],[-82.3991,33.4925],[-82.3832,33.4777],[-82.3848,33.4673],[-82.3753,33.456],[-82.336,33.4196],[-82.3392,33.4022],[-82.2942,33.3546],[-82.3535,33.3123],[-82.372,33.3109],[-82.3981,33.3138],[-82.4174,33.3323],[-82.45,33.3405],[-82.4985,33.3377],[-82.5358,33.3575],[-82.5481,33.3528],[-82.5443,33.3747],[-82.5536,33.4158],[-82.5846,33.4497],[-82.6485,33.6084]]]}},{"type":"Feature","properties":{"county_fips":"13103","county_name":"Effingham","state":"GA"},"geometry":{"type":"Polygon","coordinates":[[[-81.548,32.4893],[-81.5386,32.5091],[-81.3893,32.5954],[-81.3698,32.5912],[-81.367,32.577],[-81.3577,32.5821],[-81.3548,32.5711],[-81.3286,32.5611],[-81.298,32.563],[-81.2967,32.5534],[-81.2913,32.5627],[-81.2889,32.5512],[-81.2813,32.5565],[-81.275,32.5448],[-81.2799,32.5366],[-81.2529,32.5183],[-81.2334,32.518],[-81.2387,32.507],[-81.2336,32.4985],[-81.187,32.4636],[-81.1975,32.4491],[-81.2045,32.4528],[-81.1994,32.4442],[-81.2084,32.437],[-81.2055,32.4236],[-81.1787,32.3936],[-81.1818,32.3793],[-81.1679,32.3683],[-81.1738,32.3627],[-81.1548,32.3496],[-81.1598,32.34],[-81.1438,32.3515],[-81.1294,32.3416],[-81.1379,32.3287],[-81.1306,32.3254],[-81.1331,32.309],[-81.1229,32.3073],[-81.1199,32.2862],[-81.127,32.2827],[-81.1234,32.2751],[-81.1419,32.2717],[-81.1369,32.2661],[-81.1466,32.2628],[-81.1457,32.2515],[-81.1566,32.2439],[-81.1447,32.2263],[-81.1957,32.2375],[-81.3917,32.0959],[-81.4029,32.1073],[-81.406,32.1019],[-81.4016,32.1499],[-81.4137,32.1602],[-81.41,32.1848],[-81.4186,32.1972],[-81.4136,32.208],[-81.4292,32.2166],[-81.4384,32.2719],[-81.4499,32.2832],[-81.4532,32.3064],[-81.4655,32.3128],[-81.4655,32.3286],[-81.4878,32.3339],[-81.491,32.3519],[-81.5077,32.3579],[-81.5233,32.3929],[-81.5349,32.3936],[-81.5326,32.4064],[-81.5425,32.4193],[-81.5258,32.4494],[-81.5314,32.4664],[-81.5428,32.4663],[-81.536,32.4814],[-81.548,32.4893]]]}},{"type":"Feature","properties":{"county_fips":"17031","county_name":"Cook","state":"IL"},"geometry":{"type":"Polygon","coordinates":[[[-88.2636,42.0669],[-88.2382,42.067],[-88.2384,42.1542],[-87.7591,42.1523],[-87.7247,42.1077],[-87.6815,42.0784],[-87.6499,41.9785],[-87.6315,41.9635],[-87.6414,41.9617],[-87.6407,41.9539],[-87.6207,41.9132],[-87.6241,41.9042],[-87.6143,41.8936],[-87.6024,41.8963],[-87.6165,41.8824],[-87.6163,41.8689],[-87.6059,41.8668],[-87.6094,41.8452],[-87.5758,41.7963],[-87.5729,41.7793],[-87.5311,41.7481],[-87.5242,41.7083],[-87.5257,41.4703],[-87.7903,41.4698],[-87.7928,41.5585],[-87.9094,41.5568],[-87.9119,41.6439],[-88.0277,41.6415],[-88.029,41.6852],[-87.9667,41.6867],[-87.9143,41.7166],[-87.9205,41.9939],[-88.2629,41.9864],[-88.2636,42.0669]]]}},{"type":"Feature","properties":{"county_fips":"51199","county_name":"York","state":"VA"},"geometry":{"type":"Polygon","coordinates":[[[-76.7555,37.3542],[-76.7419,37.3706],[-76.68,37.3669],[-76.6587,37.3801],[-76.6007,37.314],[-76.5364,37.2711],[-76.494,37.2254],[-76.4718,37.216],[-76.3866,37.2278],[-76.4021,37.2065],[-76.3911,37.1946],[-76.3925,37.1756],[-76.408,37.175],[-76.4123,37.1615],[-76.4057,37.16],[-76.4129,37.1558],[-76.3984,37.0967],[-76.4237,37.0918],[-76.4591,37.101],[-76.5061,37.1541],[-76.5168,37.1786],[-76.5266,37.1771],[-76.5652,37.2205],[-76.5913,37.2132],[-76.6013,37.2376],[-76.6273,37.2315],[-76.6513,37.2392],[-76.6658,37.2641],[-76.6844,37.2695],[-76.6783,37.2768],[-76.6819,37.2926],[-76.714,37.2793],[-76.7273,37.2989],[-76.7346,37.3314],[-76.7545,37.3402],[-76.7555,37.3542]]]}},{"type":"Feature","properties":{"county_fips":"37153","county_name":"Richmond","state":"NC"},"geometry":{"type":"Polygon","coordinates":[[[-80.0757,35.1401],[-80.0228,35.1372],[-79.9834,35.1585],[-79.8986,35.1617],[-79.8513,35.1839],[-79.7495,35.173],[-79.6944,35.1796],[-79.6421,35.1577],[-79.6143,35.1637],[-79.6094,35.149],[-79.5733,35.1225],[-79.5828,35.084],[-79.5683,35.0648],[-79.499,35.0638],[-79.4588,35.0436],[-79.5105,35.0262],[-79.5734,34.9922],[-79.5667,34.9794],[-79.578,34.9724],[-79.5848,34.9454],[-79.5619,34.9104],[-79.6266,34.8523],[-79.6176,34.8396],[-79.6232,34.8216],[-79.6142,34.8153],[-79.6346,34.8255],[-79.6929,34.805],[-79.9274,34.8066],[-79.9143,34.8179],[-79.8997,34.8585],[-79.8801,34.8668],[-79.849,34.9013],[-79.8723,34.9504],[-79.8648,34.98],[-79.9006,35.0057],[-79.8767,35.0445],[-79.9079,35.0657],[-79.9125,35.0961],[-79.9279,35.1179],[-79.9585,35.1137],[-79.9866,35.0888],[-80.0005,35.0858],[-80.0682,35.112],[-80.0757,35.1401]]]}},{"type":"Feature","properties":{"county_fips":"45029","county_name":"Colleton","state":"SC"},"geometry":{"type":"Polygon","coordinates":[[[-81.0823,33.0266],[-80.9372,33.1026],[-80.906,33.0602],[-80.8961,33.0614],[-80.8769,33.0932],[-80.889,33.1022],[-80.8954,33.1253],[-80.7908,33.1812],[-80.772,33.1716],[-80.7461,33.1745],[-80.7031,33.1525],[-80.6704,33.1036],[-80.6227,33.0663],[-80.5785,33.0573],[-80.5503,33.0583],[-80.532,33.0697],[-80.5097,33.0573],[-80.4748,33.0644],[-80.4521,33.0622],[-80.44,33.049],[-80.4219,33.0549],[-80.412,33.0466],[-80.4007,33.0528],[-80.3878,33.0328],[-80.4065,33.019],[-80.4087,32.9846],[-80.4188,32.9673],[-80.4052,32.9551],[-80.3994,32.936],[-80.4064,32.9102],[-80.3853,32.8861],[-80.3962,32.883],[-80.4033,32.8696],[-80.3941,32.8445],[-80.4054,32.815],[-80.4358,32.7882],[-80.4329,32.7785],[-80.4475,32.7627],[-80.4536,32.7405],[-80.4471,32.7284],[-80.4296,32.7204],[-80.4354,32.7131],[-80.4228,32.7146],[-80.4159,32.6947],[-80.4227,32.6885],[-80.4209,32.6701],[-80.4049,32.6524],[-80.389,32.6523],[-80.4075,32.6271],[-80.428,32.6225],[-80.4204,32.6042],[-80.3991,32.6183],[-80.3872,32.6151],[-80.3972,32.5919],[-80.3891,32.5738],[-80.4153,32.5479],[-80.3368,32.4932],[-80.3267,32.4931],[-80.3246,32.5037],[-80.35,32.5187],[-80.3483,32.5254],[-80.3229,32.5237],[-80.3191,32.5111],[-80.2848,32.5296],[-80.2775,32.5236],[-80.2608,32.5365],[-80.2544,32.5321],[-80.3324,32.4781],[-80.3604,32.4998],[-80.3926,32.4753],[-80.4135,32.4707],[-80.4216,32.4948],[-80.4441,32.5049],[-80.4721,32.497],[-80.477,32.4854],[-80.5029,32.4957],[-80.5178,32.5191],[-80.5365,32.5292],[-80.5515,32.5658],[-80.566,32.5509],[-80.5652,32.5655],[-80.5842,32.5677],[-80.5762,32.5778],[-80.5798,32.5843],[-80.5998,32.581],[-80.6099,32.59],[-80.6209,32.5812],[-80.6478,32.5964],[-80.6607,32.6151],[-80.6544,32.6269],[-80.6751,32.6252],[-80.674,32.6329],[-80.6586,32.6351],[-80.6607,32.6433],[-80.6782,32.6427],[-80.6845,32.6546],[-80.6805,32.6628],[-80.6689,32.6636],[-80.6711,32.6716],[-80.7033,32.6646],[-80.7184,32.6795],[-80.7285,32.6737],[-80.7392,32.6823],[-80.7449,32.6742],[-80.7656,32.6753],[-80.7686,32.6815],[-80.7727,32.6762],[-80.7783,32.6869],[-80.7873,32.6825],[-80.7875,32.6882],[-80.8227,32.6969],[-80.8456,32.7208],[-80.8662,32.7756],[-80.8958,32.8106],[-80.9001,32.8326],[-80.9455,32.8764],[-80.9588,32.8767],[-80.9872,32.9011],[-81.0135,32.9548],[-81.0823,33.0266]]]}},{"type":"Feature","properties":{"county_fips":"37017","county_name":"Bladen","state":"NC"},"geometry":{"type":"Polygon","coordinates":[[[-78.902,34.8353],[-78.8274,34.8507],[-78.5161,34.8459],[-78.4947,34.8562],[-78.4877,34.8363],[-78.4658,34.8276],[-78.4592,34.8127],[-78.4498,34.8135],[-78.4245,34.7699],[-78.3907,34.7495],[-78.3919,34.7296],[-78.3794,34.7234],[-78.3823,34.7173],[-78.3686,34.7043],[-78.3734,34.6992],[-78.3493,34.6919],[-78.3469,34.6802],[-78.325,34.6688],[-78.3246,34.6497],[-78.3116,34.6416],[-78.3228,34.6297],[-78.3131,34.6259],[-78.305,34.6024],[-78.2912,34.6005],[-78.275,34.5814],[-78.2663,34.584],[-78.2551,34.5689],[-78.2517,34.562],[-78.2601,34.5557],[-78.2544,34.5536],[-78.2726,34.5378],[-78.2639,34.5196],[-78.2541,34.5198],[-78.2553,34.5081],[-78.1765,34.4654],[-78.2561,34.3995],[-78.3351,34.3676],[-78.4453,34.3774],[-78.594,34.4314],[-78.6468,34.4607],[-78.6594,34.4537],[-78.6564,34.4603],[-78.6676,34.4696],[-78.8252,34.4618],[-78.8581,34.4744],[-78.8694,34.4871],[-78.8444,34.5081],[-78.857,34.5151],[-78.853,34.5278],[-78.8627,34.562],[-78.8361,34.5935],[-78.8412,34.5974],[-78.8315,34.6088],[-78.8344,34.6216],[-78.8136,34.6519],[-78.8192,34.6626],[-78.8094,34.6683],[-78.8054,34.6866],[-78.8544,34.7357],[-78.8836,34.8124],[-78.8924,34.8138],[-78.902,34.8353]]]}},{"type":"Feature","properties":{"county_fips":"45035","county_name":"Dorchester","state":"SC"},"geometry":{"type":"Polygon","coordinates":[[[-80.7899,33.1794],[-80.5028,33.3345],[-80.4947,33.3238],[-80.494,33.2975],[-80.4756,33.2749],[-80.4271,33.2578],[-80.3919,33.2646],[-80.3484,33.2489],[-80.3308,33.1984],[-80.2964,33.1795],[-80.311,33.1584],[-80.3359,33.1455],[-80.1492,33.0216],[-80.1764,33.01],[-80.17,33.0043],[-80.1626,33.0105],[-80.1676,33.0026],[-80.146,32.9843],[-80.1355,32.9989],[-80.1105,32.9855],[-80.1306,32.979],[-80.1392,32.9818],[-80.1413,32.9792],[-80.0798,32.9282],[-80.0977,32.887],[-80.1195,32.8936],[-80.1228,32.9018],[-80.1254,32.8896],[-80.1448,32.8876],[-80.1622,32.8746],[-80.1549,32.8651],[-80.1613,32.8559],[-80.1767,32.8671],[-80.1857,32.8608],[-80.1837,32.8471],[-80.1608,32.8409],[-80.1493,32.8182],[-80.3018,32.8519],[-80.4013,32.8585],[-80.3962,32.883],[-80.3853,32.8861],[-80.4064,32.9102],[-80.3994,32.936],[-80.4052,32.9551],[-80.4188,32.9673],[-80.4087,32.9846],[-80.4065,33.019],[-80.3878,33.0328],[-80.4007,33.0528],[-80.412,33.0466],[-80.4219,33.0549],[-80.44,33.049],[-80.4521,33.0622],[-80.4748,33.0644],[-80.5097,33.0573],[-80.532,33.0697],[-80.5503,33.0583],[-80.6181,33.0648],[-80.6704,33.1036],[-80.7031,33.1525],[-80.7461,33.1745],[-80.7622,33.1703],[-80.7899,33.1794]]]}},{"type":"Feature","properties":{"county_fips":"51053","county_name":"Dinwiddie","state":"VA"},"geometry":{"type":"Polygon","coordinates":[[[-77.9003,37.1439],[-77.8759,37.1479],[-77.8417,37.1698],[-77.8139,37.1697],[-77.7929,37.1958],[-77.7477,37.1927],[-77.7184,37.2156],[-77.6866,37.2229],[-77.6807,37.2289],[-77.6887,37.2282],[-77.6868,37.2351],[-77.6613,37.2407],[-77.6489,37.2554],[-77.6506,37.2651],[-77.6326,37.2697],[-77.6077,37.2678],[-77.6005,37.2537],[-77.5789,37.2379],[-77.5682,37.2393],[-77.5596,37.225],[-77.5361,37.2263],[-77.5226,37.2171],[-77.4931,37.2248],[-77.4474,37.2231],[-77.4415,37.2119],[-77.4546,37.1875],[-77.4281,37.185],[-77.4235,37.1651],[-77.3993,37.1717],[-77.3985,36.993],[-77.619,36.8778],[-77.6376,36.8867],[-77.6321,36.8783],[-77.6403,36.8743],[-77.6483,36.8975],[-77.6639,36.8947],[-77.6946,36.9066],[-77.7009,36.9164],[-77.7152,36.9148],[-77.7278,36.9434],[-77.7456,36.959],[-77.7553,36.9561],[-77.7655,36.9747],[-77.8409,36.9959],[-77.8507,36.9881],[-77.8898,36.9888],[-77.9003,37.1439]]]}},{"type":"Feature","properties":{"county_fips":"51830","county_name":"Williamsburg","state":"VA"},"geometry":{"type":"Polygon","coordinates":[[[-76.7422,37.2762],[-76.7249,37.2808],[-76.7409,37.3016],[-76.731,37.3101],[-76.7101,37.2774],[-76.6819,37.2926],[-76.6809,37.2606],[-76.6642,37.2511],[-76.7263,37.25],[-76.7422,37.2762]]]}},{"type":"Feature","properties":{"county_fips":"45063","county_name":"Lexington","state":"SC"},"geometry":{"type":"Polygon","coordinates":[[[-81.5715,33.8773],[-81.4655,34.0873],[-81.4449,34.0777],[-81.4249,34.083],[-81.4028,34.0708],[-81.3901,34.0753],[-81.4372,34.13],[-81.4037,34.1779],[-81.3748,34.179],[-81.3523,34.1967],[-81.339,34.1976],[-81.3145,34.1869],[-81.3023,34.1624],[-81.315,34.1461],[-81.2758,34.0974],[-81.2334,34.1018],[-81.1729,34.0905],[-81.132,34.0623],[-81.0975,34.0177],[-81.0649,34.0086],[-81.0509,33.9958],[-81.017,33.9309],[-81.0301,33.9136],[-81.0088,33.9041],[-81.0214,33.8881],[-81.0123,33.8801],[-81.0379,33.8709],[-81.0585,33.7471],[-81.0361,33.7452],[-81.0329,33.7641],[-81.0235,33.7635],[-81.014,33.7812],[-80.9619,33.779],[-80.9246,33.7569],[-80.9557,33.7378],[-80.9915,33.7321],[-81.1873,33.6529],[-81.2701,33.6939],[-81.2905,33.6942],[-81.3645,33.7281],[-81.4152,33.7321],[-81.4267,33.7431],[-81.4357,33.7757],[-81.4606,33.7973],[-81.515,33.8131],[-81.5464,33.8586],[-81.5611,33.8628],[-81.5715,33.8773]]]}},{"type":"Feature","properties":{"county_fips":"45031","county_name":"Darlington","state":"SC"},"geometry":{"type":"Polygon","coordinates":[[[-80.2887,34.3641],[-80.0455,34.4926],[-80.0265,34.4865],[-79.9834,34.5017],[-79.9625,34.487],[-79.9198,34.4958],[-79.8942,34.4891],[-79.8748,34.4963],[-79.862,34.521],[-79.8361,34.5351],[-79.83,34.5319],[-79.8334,34.5103],[-79.8061,34.4846],[-79.7964,34.4916],[-79.788,34.4843],[-79.7829,34.4978],[-79.7691,34.4965],[-79.7633,34.5191],[-79.7521,34.5135],[-79.7544,34.5041],[-79.7266,34.4955],[-79.7218,34.4854],[-79.7324,34.4771],[-79.7317,34.4664],[-79.7518,34.4665],[-79.7506,34.4368],[-79.7184,34.4171],[-79.7213,34.3925],[-79.6997,34.4066],[-79.6834,34.3991],[-79.6894,34.3818],[-79.6737,34.3711],[-79.6927,34.3565],[-79.6604,34.3223],[-79.6568,34.3091],[-79.6707,34.304],[-79.6856,34.2844],[-79.7296,34.2952],[-79.7526,34.2506],[-79.7494,34.2451],[-79.809,34.2524],[-80.0722,34.0853],[-80.1345,34.1285],[-80.1586,34.1616],[-80.1127,34.197],[-80.1117,34.2286],[-80.1358,34.2725],[-80.1339,34.2824],[-80.1702,34.316],[-80.1772,34.3662],[-80.1913,34.3667],[-80.2063,34.3391],[-80.2436,34.3239],[-80.2529,34.3407],[-80.2756,34.3492],[-80.2887,34.3641]]]}},{"type":"Feature","properties":{"county_fips":"13251","county_name":"Screven","state":"GA"},"geometry":{"type":"Polygon","coordinates":[[[-81.8687,32.6733],[-81.7677,32.9094],[-81.5417,33.0457],[-81.5112,33.0278],[-81.5191,33.0232],[-81.5103,33.0212],[-81.5107,33.0103],[-81.5041,33.0163],[-81.4923,33.0093],[-81.5006,33.002],[-81.4912,32.9978],[-81.4995,32.9648],[-81.5108,32.9685],[-81.51,32.9573],[-81.4994,32.945],[-81.5024,32.9354],[-81.4832,32.9218],[-81.4808,32.8986],[-81.4641,32.8978],[-81.4794,32.8811],[-81.4534,32.8739],[-81.4607,32.846],[-81.4449,32.851],[-81.4399,32.8404],[-81.4216,32.8352],[-81.4299,32.8282],[-81.422,32.8215],[-81.4271,32.8169],[-81.418,32.8182],[-81.4283,32.8008],[-81.4197,32.7932],[-81.4274,32.7883],[-81.4222,32.784],[-81.4312,32.7841],[-81.4145,32.7781],[-81.4319,32.7689],[-81.4118,32.7631],[-81.4084,32.7547],[-81.4198,32.7498],[-81.4049,32.7456],[-81.4185,32.7326],[-81.41,32.7219],[-81.4203,32.7211],[-81.4151,32.7137],[-81.4275,32.7022],[-81.4124,32.6921],[-81.4096,32.697],[-81.3975,32.6626],[-81.4072,32.6605],[-81.393,32.6515],[-81.4126,32.6415],[-81.4027,32.637],[-81.4082,32.6313],[-81.4148,32.6374],[-81.4181,32.6283],[-81.3893,32.5954],[-81.5386,32.5091],[-81.548,32.4893],[-81.5781,32.5123],[-81.5996,32.5076],[-81.6164,32.5157],[-81.6173,32.5249],[-81.6393,32.5325],[-81.6485,32.5277],[-81.6568,32.54],[-81.6893,32.5462],[-81.708,32.5658],[-81.7298,32.574],[-81.7333,32.5858],[-81.7542,32.602],[-81.799,32.6272],[-81.802,32.6432],[-81.8271,32.6526],[-81.8457,32.6496],[-81.8657,32.6628],[-81.8687,32.6733]]]}},{"type":"Feature","properties":{"county_fips":"12055","county_name":"Highlands","state":"FL"},"geometry":{"type":"Polygon","coordinates":[[[-81.5625,27.0337],[-81.5635,27.6466],[-81.1422,27.6432],[-81.1405,27.6013],[-81.1551,27.5918],[-81.1566,27.575],[-81.206,27.5473],[-81.2025,27.5394],[-81.2143,27.5287],[-81.1994,27.515],[-81.2051,27.4897],[-81.1825,27.4837],[-81.1726,27.4629],[-81.1449,27.445],[-81.1391,27.434],[-81.1438,27.412],[-81.1232,27.4029],[-81.1213,27.3898],[-81.0983,27.3791],[-81.0684,27.3823],[-81.05,27.3707],[-81.0511,27.363],[-81.0344,27.359],[-81.0307,27.3515],[-81.0421,27.3476],[-81.0441,27.3297],[-81.0298,27.3232],[-81.0247,27.3018],[-80.9946,27.2973],[-81.0006,27.2676],[-80.9926,27.2503],[-80.9805,27.246],[-80.9853,27.2316],[-80.9647,27.2159],[-80.951,27.2242],[-80.9407,27.2059],[-81.1691,27.2096],[-81.1683,27.1217],[-81.2677,27.1211],[-81.2672,27.0325],[-81.333,27.0324],[-81.333,27.0396],[-81.3418,27.0397],[-81.3427,27.0323],[-81.5625,27.0337]]]}},{"type":"Feature","properties":{"county_fips":"51117","county_name":"Mecklenburg","state":"VA"},"geometry":{"type":"Polygon","coordinates":[[[-78.7403,36.5513],[-78.7329,36.5701],[-78.7158,36.5801],[-78.712,36.6426],[-78.6973,36.6689],[-78.7025,36.6764],[-78.6776,36.6883],[-78.6498,36.6903],[-78.6236,36.6666],[-78.5788,36.6385],[-78.5607,36.6394],[-78.5494,36.6262],[-78.5577,36.6404],[-78.6229,36.672],[-78.6485,36.6979],[-78.493,36.8912],[-78.4633,36.8719],[-78.4301,36.8711],[-78.4212,36.8517],[-78.3972,36.8638],[-78.3681,36.8614],[-78.3449,36.8423],[-78.3296,36.8545],[-78.2821,36.8223],[-78.2434,36.8145],[-78.2418,36.8082],[-78.1746,36.803],[-78.1194,36.7871],[-78.109,36.7892],[-78.112,36.7998],[-78.1052,36.8007],[-78.0581,36.7768],[-78.0475,36.7843],[-78.0274,36.7779],[-78.0462,36.5442],[-78.7341,36.5419],[-78.7317,36.5475],[-78.7403,36.5513]]]}},{"type":"Feature","properties":{"county_fips":"37111","county_name":"McDowell","state":"NC"},"geometry":{"type":"Polygon","coordinates":[[[-82.2949,35.6839],[-82.2812,35.7022],[-82.2584,35.6987],[-82.1938,35.7351],[-82.1605,35.7743],[-82.1679,35.7891],[-82.1605,35.7993],[-82.1023,35.8403],[-82.0994,35.8517],[-82.048,35.8532],[-82.034,35.8622],[-82.0226,35.8849],[-81.9973,35.874],[-81.9802,35.885],[-81.9823,35.9109],[-81.9546,35.9266],[-81.963,35.9418],[-81.9432,35.9601],[-81.9149,35.9164],[-81.9067,35.8834],[-81.9205,35.8471],[-81.9569,35.8197],[-81.9735,35.8212],[-81.9869,35.8069],[-81.8694,35.7196],[-81.8241,35.575],[-81.8427,35.5423],[-81.905,35.5419],[-81.9676,35.526],[-82.0027,35.5518],[-82.0398,35.5327],[-82.0826,35.5334],[-82.1505,35.518],[-82.2068,35.5478],[-82.2513,35.5599],[-82.291,35.5913],[-82.2645,35.6175],[-82.2854,35.6479],[-82.2811,35.6702],[-82.2949,35.6839]]]}},{"type":"Feature","properties":{"county_fips":"12017","county_name":"Citrus","state":"FL"},"geometry":{"type":"MultiPolygon","coordinates":[[[[-82.7573,28.8007],[-82.7421,28.8032],[-82.7238,28.7905],[-82.7367,28.7737],[-82.7573,28.8007]]],[[[-82.7563,28.9963],[-82.7028,29.0328],[-82.6127,29.0093],[-82.6021,29.0135],[-82.5966,29.0292],[-82.577,29.0281],[-82.5356,29.0449],[-82.5081,29.0375],[-82.4881,29.0514],[-82.4589,29.0477],[-82.4182,29.013],[-82.4016,29.019],[-82.3935,29.008],[-82.3639,29.0018],[-82.3616,28.9936],[-82.3158,28.9733],[-82.2736,28.8972],[-82.2425,28.8768],[-82.232,28.8566],[-82.1836,28.8236],[-82.1693,28.7919],[-82.1869,28.7795],[-82.1863,28.7605],[-82.2073,28.7569],[-82.2491,28.7178],[-82.2631,28.6676],[-82.4178,28.6659],[-82.4184,28.6949],[-82.6746,28.6941],[-82.7048,28.7145],[-82.7208,28.7137],[-82.7048,28.7359],[-82.6901,28.7366],[-82.7025,28.7774],[-82.6915,28.7922],[-82.7131,28.7997],[-82.7387,28.8248],[-82.7366,28.8359],[-82.7276,28.8393],[-82.7338,28.8522],[-82.7279,28.8713],[-82.6898,28.8855],[-82.6889,28.9056],[-82.7015,28.9194],[-82.696,28.9308],[-82.7088,28.936],[-82.7257,28.9622],[-82.7437,28.9702],[-82.7436,28.9782],[-82.7572,28.986],[-82.7563,28.9963]]]]}},{"type":"Feature","properties":{"county_fips":"29189","county_name":"St. Louis","state":"MO"},"geometry":{"type":"Polygon","coordinates":[[[-90.7361,38.4681],[-90.7323,38.6393],[-90.7058,38.6473],[-90.703,38.6575],[-90.6793,38.6656],[-90.6745,38.6822],[-90.6605,38.6886],[-90.6238,38.6903],[-90.5886,38.6805],[-90.5393,38.6868],[-90.5304,38.6986],[-90.5319,38.7303],[-90.4921,38.7518],[-90.4732,38.791],[-90.4406,38.8276],[-90.3658,38.8259],[-90.345,38.8494],[-90.3364,38.8826],[-90.3142,38.8911],[-90.2937,38.8855],[-90.2561,38.8521],[-90.1889,38.8185],[-90.1509,38.8299],[-90.1231,38.816],[-90.1177,38.8057],[-90.1231,38.798],[-90.1667,38.7723],[-90.1842,38.7743],[-90.1864,38.7615],[-90.2057,38.7418],[-90.2518,38.7189],[-90.3018,38.6556],[-90.3205,38.5942],[-90.307,38.5722],[-90.2578,38.532],[-90.2928,38.4287],[-90.3413,38.3882],[-90.3481,38.4306],[-90.3361,38.4535],[-90.3536,38.4582],[-90.391,38.4506],[-90.3947,38.4585],[-90.4112,38.4534],[-90.4226,38.4821],[-90.4079,38.4833],[-90.4053,38.5006],[-90.5911,38.5017],[-90.6137,38.4713],[-90.6337,38.4858],[-90.6556,38.4867],[-90.6607,38.4792],[-90.6547,38.4561],[-90.6788,38.4459],[-90.6865,38.4475],[-90.6769,38.4553],[-90.6887,38.4531],[-90.6969,38.4719],[-90.7178,38.4688],[-90.7171,38.4783],[-90.7305,38.4827],[-90.7361,38.4681]]]}},{"type":"Feature","properties":{"county_fips":"37139","county_name":"Pasquotank","state":"NC"},"geometry":{"type":"Polygon","coordinates":[[[-76.4913,36.5107],[-76.4373,36.4678],[-76.3768,36.4459],[-76.3632,36.4291],[-76.3476,36.4282],[-76.3456,36.4214],[-76.3226,36.4276],[-76.3231,36.4173],[-76.2915,36.3866],[-76.2589,36.3843],[-76.2567,36.3633],[-76.2313,36.3721],[-76.227,36.3477],[-76.2142,36.3416],[-76.216,36.3277],[-76.1812,36.321],[-76.188,36.3145],[-76.1992,36.3175],[-76.2007,36.3061],[-76.2179,36.2966],[-76.1904,36.286],[-76.1739,36.2636],[-76.1443,36.2589],[-76.1172,36.2135],[-76.0801,36.1994],[-76.0593,36.1493],[-76.0926,36.1358],[-76.1875,36.1254],[-76.2479,36.1751],[-76.2491,36.1849],[-76.2735,36.1908],[-76.2907,36.2235],[-76.3033,36.2217],[-76.3177,36.2404],[-76.3406,36.2414],[-76.3749,36.2587],[-76.3756,36.2736],[-76.4475,36.3636],[-76.4914,36.4686],[-76.4913,36.5107]]]}},{"type":"Feature","properties":{"county_fips":"45089","county_name":"Williamsburg","state":"SC"},"geometry":{"type":"Polygon","coordinates":[[[-80.1017,33.4969],[-79.9932,33.7045],[-79.9744,33.7216],[-79.9956,33.7679],[-79.9445,33.8102],[-79.9153,33.8186],[-79.8756,33.8852],[-79.8549,33.8917],[-79.8349,33.8826],[-79.7984,33.8356],[-79.7434,33.8351],[-79.7249,33.8146],[-79.6996,33.814],[-79.688,33.8049],[-79.6773,33.8147],[-79.6358,33.818],[-79.6349,33.8084],[-79.4965,33.7754],[-79.4415,33.7844],[-79.4187,33.7994],[-79.3972,33.8012],[-79.3852,33.8175],[-79.3704,33.8186],[-79.3314,33.8048],[-79.3201,33.7913],[-79.317,33.7799],[-79.3378,33.7746],[-79.3466,33.7553],[-79.41,33.6879],[-79.4425,33.596],[-79.4359,33.5725],[-79.4833,33.5368],[-79.4963,33.5175],[-79.5397,33.496],[-79.5901,33.4435],[-79.596,33.4215],[-79.6338,33.3726],[-79.6772,33.3368],[-79.677,33.3049],[-79.7096,33.3212],[-79.7348,33.3202],[-79.7554,33.3295],[-79.7842,33.3761],[-79.807,33.3726],[-79.8548,33.4029],[-79.8613,33.4178],[-79.8787,33.4271],[-79.8682,33.4345],[-79.8941,33.4537],[-79.9031,33.4504],[-79.9646,33.4986],[-79.9898,33.4983],[-79.9988,33.5067],[-80.0019,33.4947],[-80.0121,33.5052],[-80.0186,33.4983],[-80.0239,33.5063],[-80.0425,33.5009],[-80.0735,33.5072],[-80.1017,33.4969]]]}},{"type":"Feature","properties":{"county_fips":"51019","county_name":"Bedford","state":"VA"},"geometry":{"type":"Polygon","coordinates":[[[-79.8584,37.2672],[-79.8478,37.2785],[-79.8504,37.2951],[-79.8396,37.3004],[-79.8475,37.3094],[-79.8442,37.3177],[-79.7887,37.3494],[-79.7761,37.374],[-79.8142,37.4037],[-79.7562,37.4254],[-79.6775,37.4835],[-79.6535,37.482],[-79.6282,37.4536],[-79.5827,37.4519],[-79.5811,37.472],[-79.559,37.4964],[-79.5456,37.4895],[-79.5047,37.5208],[-79.4965,37.5371],[-79.4404,37.5641],[-79.4341,37.5723],[-79.4491,37.5788],[-79.4575,37.5993],[-79.4453,37.6182],[-79.4369,37.6171],[-79.4311,37.6018],[-79.4045,37.6075],[-79.3841,37.5943],[-79.365,37.5462],[-79.3393,37.5166],[-79.2931,37.4994],[-79.2634,37.5091],[-79.2581,37.4942],[-79.2404,37.5062],[-79.2237,37.5063],[-79.2191,37.5022],[-79.2251,37.4944],[-79.2095,37.4775],[-79.1859,37.4701],[-79.21,37.469],[-79.2465,37.4473],[-79.2666,37.4484],[-79.2684,37.4313],[-79.2526,37.4308],[-79.2414,37.4191],[-79.2544,37.4045],[-79.2331,37.393],[-79.4429,37.0559],[-79.4895,37.0625],[-79.4833,37.0353],[-79.4587,37.018],[-79.4791,37.0064],[-79.5426,37.0516],[-79.55,37.0531],[-79.5426,37.045],[-79.5595,37.0439],[-79.5643,37.0347],[-79.6002,37.0446],[-79.5931,37.0529],[-79.6224,37.0786],[-79.6116,37.0865],[-79.6411,37.1031],[-79.6705,37.1496],[-79.6799,37.1559],[-79.6882,37.1497],[-79.7024,37.1643],[-79.6963,37.1528],[-79.7029,37.1494],[-79.7224,37.1923],[-79.7577,37.19],[-79.7621,37.2014],[-79.7766,37.2026],[-79.7821,37.2327],[-79.7945,37.2311],[-79.7948,37.2195],[-79.8036,37.2155],[-79.8196,37.2264],[-79.8427,37.2165],[-79.8465,37.2474],[-79.8584,37.2672]]]}},{"type":"Feature","properties":{"county_fips":"36095","county_name":"Schoharie","state":"NY"},"geometry":{"type":"Polygon","coordinates":[[[-74.7116,42.5178],[-74.6307,42.6268],[-74.6675,42.7507],[-74.6652,42.7922],[-74.6483,42.8296],[-74.5625,42.8129],[-74.4549,42.773],[-74.2894,42.7838],[-74.2565,42.7959],[-74.2481,42.7846],[-74.2585,42.7574],[-74.3067,42.7501],[-74.2723,42.7143],[-74.2398,42.7189],[-74.1843,42.7125],[-74.1803,42.73],[-74.1647,42.7172],[-74.1734,42.6573],[-74.1935,42.619],[-74.234,42.5757],[-74.2416,42.5508],[-74.2256,42.5264],[-74.2264,42.4992],[-74.2648,42.4189],[-74.2447,42.3772],[-74.2589,42.3792],[-74.2766,42.3633],[-74.3461,42.3557],[-74.3791,42.3739],[-74.4435,42.355],[-74.6189,42.4244],[-74.7116,42.5178]]]}},{"type":"Feature","properties":{"county_fips":"34027","county_name":"Morris","state":"NJ"},"geometry":{"type":"Polygon","coordinates":[[[-74.8892,40.7888],[-74.8503,40.8042],[-74.8184,40.8369],[-74.8217,40.8485],[-74.802,40.8637],[-74.8083,40.8695],[-74.8061,40.8838],[-74.7791,40.9063],[-74.7319,40.9208],[-74.7113,40.8992],[-74.6532,40.9213],[-74.6535,40.929],[-74.6364,40.9426],[-74.6416,40.9614],[-74.6324,40.9737],[-74.5032,41.0859],[-74.4869,41.0767],[-74.5017,41.0421],[-74.4974,41.0341],[-74.447,41.0544],[-74.4268,41.0354],[-74.435,41.02],[-74.4191,41.0287],[-74.3891,41.0122],[-74.3554,41.0139],[-74.3502,41.004],[-74.3368,41.0076],[-74.3095,40.9984],[-74.3,41.0031],[-74.2928,40.988],[-74.2974,40.9796],[-74.2775,40.9736],[-74.2794,40.9434],[-74.2892,40.9288],[-74.2844,40.9174],[-74.2667,40.9077],[-74.2735,40.9065],[-74.272,40.8973],[-74.2843,40.8948],[-74.2818,40.9008],[-74.2924,40.9058],[-74.3343,40.9055],[-74.3375,40.8678],[-74.3176,40.8635],[-74.3303,40.8489],[-74.3255,40.8437],[-74.335,40.8171],[-74.3671,40.7933],[-74.37,40.7666],[-74.3773,40.7612],[-74.3577,40.755],[-74.3722,40.7434],[-74.3711,40.7346],[-74.4519,40.6854],[-74.4542,40.6741],[-74.5037,40.6596],[-74.5131,40.6496],[-74.5232,40.6492],[-74.5344,40.6673],[-74.526,40.6702],[-74.5279,40.6843],[-74.5173,40.6887],[-74.5139,40.7011],[-74.526,40.7093],[-74.5309,40.7299],[-74.5488,40.7337],[-74.556,40.7583],[-74.7327,40.7201],[-74.771,40.736],[-74.8239,40.7424],[-74.8892,40.7888]]]}},{"type":"Feature","properties":{"county_fips":"51007","county_name":"Amelia","state":"VA"},"geometry":{"type":"Polygon","coordinates":[[[-78.2399,37.3773],[-78.2203,37.3882],[-78.2017,37.4263],[-78.189,37.4253],[-78.185,37.4446],[-78.1714,37.4425],[-78.1388,37.4597],[-78.1243,37.4454],[-78.1057,37.4493],[-78.0987,37.4406],[-78.0924,37.4557],[-78.0661,37.452],[-78.0493,37.4723],[-78.0172,37.4715],[-78.0154,37.4912],[-77.9987,37.4979],[-77.9852,37.4861],[-77.8982,37.4748],[-77.8945,37.4496],[-77.8666,37.4568],[-77.8551,37.4184],[-77.8751,37.4171],[-77.8674,37.3938],[-77.8782,37.3835],[-77.8766,37.3643],[-77.8609,37.3622],[-77.8373,37.3384],[-77.7965,37.3327],[-77.7963,37.324],[-77.809,37.3154],[-77.8067,37.3045],[-77.7726,37.2876],[-77.7635,37.2707],[-77.7398,37.2687],[-77.7355,37.2842],[-77.72,37.2833],[-77.7088,37.3001],[-77.6926,37.2814],[-77.6824,37.2918],[-77.6675,37.2925],[-77.6489,37.2554],[-77.6613,37.2407],[-77.6868,37.2351],[-77.6887,37.2282],[-77.6807,37.2289],[-77.6866,37.2229],[-77.7184,37.2156],[-77.7477,37.1927],[-77.7959,37.1926],[-78.2312,37.2962],[-78.2337,37.3696],[-78.2399,37.3773]]]}},{"type":"Feature","properties":{"county_fips":"17163","county_name":"St. Clair","state":"IL"},"geometry":{"type":"Polygon","coordinates":[[[-90.2638,38.5206],[-90.2242,38.5751],[-90.1918,38.599],[-90.178,38.6337],[-90.1812,38.6601],[-89.7069,38.655],[-89.7033,38.2194],[-89.899,38.2208],[-89.9045,38.2271],[-89.8975,38.2321],[-89.9087,38.2376],[-89.9252,38.2733],[-89.9189,38.2859],[-89.9113,38.2847],[-89.9172,38.2778],[-89.9025,38.2815],[-89.9131,38.3081],[-90.0361,38.3089],[-90.0361,38.3235],[-90.1456,38.4121],[-90.1454,38.4267],[-90.2638,38.5206]]]}},{"type":"Feature","properties":{"county_fips":"45053","county_name":"Jasper","state":"SC"},"geometry":{"type":"Polygon","coordinates":[[[-81.2813,32.5564],[-81.0146,32.7531],[-80.9765,32.7209],[-80.9648,32.6951],[-80.9459,32.6873],[-80.95,32.6615],[-80.963,32.6522],[-80.9587,32.6425],[-80.9024,32.6216],[-80.8697,32.6609],[-80.8315,32.5934],[-80.836,32.544],[-80.8477,32.5301],[-80.8202,32.4908],[-80.8177,32.4657],[-80.8339,32.4569],[-80.8502,32.4163],[-80.8298,32.4105],[-80.8415,32.3851],[-80.8737,32.3691],[-80.8685,32.3637],[-80.8776,32.3459],[-80.8921,32.3537],[-80.9245,32.3503],[-80.9349,32.3001],[-81.0064,32.3065],[-80.9942,32.2906],[-80.9917,32.2675],[-81.0161,32.2443],[-81.0124,32.2182],[-80.9938,32.188],[-80.9869,32.1934],[-80.9624,32.185],[-80.9693,32.1762],[-80.9618,32.1795],[-80.9486,32.1691],[-80.9576,32.165],[-80.9505,32.1613],[-80.953,32.1416],[-80.961,32.1519],[-80.969,32.1477],[-80.958,32.1377],[-80.9615,32.1262],[-80.9413,32.1373],[-80.9285,32.1386],[-80.9212,32.1301],[-80.9095,32.1347],[-80.9283,32.1214],[-80.8957,32.1077],[-80.9105,32.0799],[-80.8793,32.081],[-80.9075,32.0509],[-80.8895,32.0376],[-80.9251,32.0419],[-80.9539,32.0701],[-80.9835,32.0795],[-81.0043,32.1024],[-81.0381,32.0837],[-81.0883,32.0999],[-81.0912,32.1109],[-81.1154,32.1147],[-81.1199,32.134],[-81.1122,32.1508],[-81.1297,32.1659],[-81.1212,32.1749],[-81.1111,32.1727],[-81.1205,32.1783],[-81.1216,32.1922],[-81.114,32.1954],[-81.1221,32.1955],[-81.1384,32.2193],[-81.1522,32.2223],[-81.1436,32.2293],[-81.1566,32.2439],[-81.1457,32.2515],[-81.1466,32.2628],[-81.1369,32.2661],[-81.1419,32.2717],[-81.1234,32.2751],[-81.127,32.2827],[-81.1199,32.2862],[-81.1229,32.3073],[-81.1331,32.309],[-81.1306,32.3254],[-81.1379,32.3287],[-81.1294,32.3416],[-81.1438,32.3515],[-81.1598,32.34],[-81.1548,32.3496],[-81.1738,32.3627],[-81.1679,32.3683],[-81.1818,32.3793],[-81.1787,32.3936],[-81.2055,32.4236],[-81.2084,32.437],[-81.1994,32.4442],[-81.2045,32.4528],[-81.1975,32.4491],[-81.187,32.4636],[-81.2336,32.4985],[-81.2387,32.507],[-81.2334,32.518],[-81.2529,32.5183],[-81.2799,32.5366],[-81.275,32.5448],[-81.2813,32.5564]]]}},{"type":"Feature","properties":{"county_fips":"36011","county_name":"Cayuga","state":"NY"},"geometry":{"type":"Polygon","coordinates":[[[-76.7401,42.7894],[-76.7172,42.8388],[-76.7212,42.8696],[-76.7375,42.9021],[-76.7394,42.9545],[-76.7217,43.0079],[-76.7112,43.018],[-76.7186,43.0331],[-76.7178,43.0626],[-76.7023,43.0804],[-76.7225,43.3436],[-76.6849,43.3527],[-76.6308,43.4134],[-76.6169,43.418],[-76.605,43.2536],[-76.4811,43.2566],[-76.4731,43.146],[-76.4863,43.1432],[-76.4718,43.105],[-76.4912,43.1063],[-76.4993,43.0972],[-76.4919,43.005],[-76.463,43.0063],[-76.4507,42.8458],[-76.357,42.8494],[-76.2862,42.7944],[-76.2753,42.7805],[-76.2656,42.6236],[-76.6665,42.6235],[-76.6879,42.6748],[-76.729,42.7129],[-76.7401,42.7894]]]}},{"type":"Feature","properties":{"county_fips":"40143","county_name":"Tulsa","state":"OK"},"geometry":{"type":"Polygon","coordinates":[[[-96.2979,36.076],[-96.2979,36.1623],[-96.0012,36.1613],[-96.0012,36.4237],[-95.7944,36.4236],[-95.7943,36.3945],[-95.8123,36.3946],[-95.8154,36.1626],[-95.7617,36.1628],[-95.762,35.9012],[-95.8195,35.9012],[-95.8195,35.8563],[-96.0331,35.8568],[-96.0296,36.0754],[-96.2979,36.076]]]}},{"type":"Feature","properties":{"county_fips":"12111","county_name":"St. Lucie","state":"FL"},"geometry":{"type":"Polygon","coordinates":[[[-80.6797,27.5587],[-80.3215,27.557],[-80.2907,27.4743],[-80.2966,27.471],[-80.1994,27.263],[-80.2848,27.2637],[-80.2853,27.2439],[-80.293,27.242],[-80.2851,27.231],[-80.2855,27.206],[-80.6779,27.206],[-80.6797,27.5587]]]}},{"type":"Feature","properties":{"county_fips":"13073","county_name":"Columbia","state":"GA"},"geometry":{"type":"Polygon","coordinates":[[[-82.4428,33.6316],[-82.4028,33.6718],[-82.395,33.6642],[-82.3941,33.6725],[-82.3727,33.6754],[-82.3692,33.683],[-82.3607,33.6755],[-82.3613,33.6844],[-82.3515,33.6829],[-82.3526,33.6956],[-82.3435,33.6881],[-82.3059,33.7006],[-82.2712,33.6824],[-82.2407,33.6933],[-82.2186,33.6863],[-82.1998,33.6618],[-82.1966,33.6306],[-82.1799,33.6159],[-82.1335,33.5905],[-82.1062,33.5956],[-82.0941,33.5827],[-82.0463,33.5638],[-82.0282,33.5449],[-82.2942,33.3546],[-82.3392,33.4022],[-82.336,33.4196],[-82.3753,33.456],[-82.3848,33.4673],[-82.3832,33.4777],[-82.3991,33.4925],[-82.4024,33.5165],[-82.3849,33.5299],[-82.4368,33.5497],[-82.4342,33.5671],[-82.4127,33.5976],[-82.433,33.6081],[-82.4303,33.6186],[-82.4428,33.6316]]]}},{"type":"Feature","properties":{"county_fips":"12099","county_name":"Palm Beach","state":"FL"},"geometry":{"type":"Polygon","coordinates":[[[-80.8818,26.3338],[-80.8856,26.9589],[-80.142,26.9566],[-80.1418,26.9709],[-80.0799,26.9705],[-80.0314,26.7963],[-80.0375,26.7663],[-80.0389,26.5693],[-80.0748,26.321],[-80.0992,26.3276],[-80.2041,26.3278],[-80.2969,26.3554],[-80.297,26.3344],[-80.8818,26.3338]]]}},{"type":"Feature","properties":{"county_fips":"51033","county_name":"Caroline","state":"VA"},"geometry":{"type":"Polygon","coordinates":[[[-77.6326,37.9653],[-77.6425,37.9907],[-77.3703,38.2466],[-77.3604,38.2424],[-77.3406,38.2526],[-77.3094,38.2347],[-77.2935,38.2423],[-77.2914,38.2237],[-77.277,38.2272],[-77.2743,38.2484],[-77.2527,38.2511],[-77.2241,38.2402],[-77.2518,38.2296],[-77.2418,38.2128],[-77.2537,38.1891],[-77.2319,38.1866],[-77.2318,38.198],[-77.2198,38.1996],[-77.1723,38.1661],[-77.1453,38.1687],[-77.116,38.1499],[-77.1144,38.1337],[-77.1052,38.1278],[-77.1168,38.1207],[-77.1422,38.1231],[-77.1438,38.0955],[-77.1701,38.0795],[-77.1449,38.0574],[-77.1492,38.0491],[-77.1315,38.0463],[-77.1218,38.0336],[-77.1294,38.0161],[-77.089,38.0136],[-77.0766,38.0008],[-77.0687,37.9715],[-77.0701,37.9648],[-77.1442,37.9722],[-77.167,37.9641],[-77.184,37.9414],[-77.1788,37.929],[-77.1864,37.9112],[-77.1748,37.9032],[-77.187,37.901],[-77.1814,37.8917],[-77.2102,37.8862],[-77.2163,37.8913],[-77.2115,37.9012],[-77.2265,37.8987],[-77.2414,37.9097],[-77.2503,37.8724],[-77.3452,37.7893],[-77.3623,37.7977],[-77.3784,37.7763],[-77.4047,37.7799],[-77.3909,37.7867],[-77.3984,37.7908],[-77.3952,37.8024],[-77.4224,37.8088],[-77.4096,37.8197],[-77.4283,37.8296],[-77.4282,37.8565],[-77.4187,37.8606],[-77.4451,37.8947],[-77.4842,37.8834],[-77.5291,37.9208],[-77.5548,37.9207],[-77.5465,37.9286],[-77.5621,37.9364],[-77.5705,37.9549],[-77.6162,37.949],[-77.6141,37.9593],[-77.6326,37.9653]]]}},{"type":"Feature","properties":{"county_fips":"37183","county_name":"Wake","state":"NC"},"geometry":{"type":"Polygon","coordinates":[[[-78.995,35.6102],[-78.9094,35.843],[-78.9061,35.8681],[-78.83,35.867],[-78.8048,35.9276],[-78.7591,35.9184],[-78.717,35.9613],[-78.6998,36.0114],[-78.7074,36.0111],[-78.72,36.0296],[-78.7402,36.0236],[-78.7536,36.0314],[-78.7513,36.0708],[-78.6832,36.0745],[-78.4269,35.975],[-78.3943,35.9369],[-78.3533,35.9311],[-78.351,35.9101],[-78.3285,35.8967],[-78.3072,35.8966],[-78.278,35.8673],[-78.2538,35.8274],[-78.256,35.8181],[-78.2789,35.8044],[-78.4716,35.7049],[-78.7089,35.5195],[-78.995,35.6102]]]}},{"type":"Feature","properties":{"county_fips":"37081","county_name":"Guilford","state":"NC"},"geometry":{"type":"Polygon","coordinates":[[[-80.0469,35.9207],[-80.0351,36.2572],[-79.5324,36.2415],[-79.5417,35.8999],[-80.0469,35.9207]]]}},{"type":"Feature","properties":{"county_fips":"51183","county_name":"Sussex","state":"VA"},"geometry":{"type":"Polygon","coordinates":[[[-77.6162,36.8792],[-77.1554,37.112],[-77.1484,37.1014],[-77.1109,37.1003],[-77.1023,37.0845],[-77.0796,37.0845],[-77.0747,37.0663],[-77.0496,37.0626],[-77.0358,37.0701],[-77.005,37.052],[-76.9651,37.0543],[-76.966,37.0004],[-76.9535,36.9445],[-77.431,36.7072],[-77.4894,36.7207],[-77.4587,36.863],[-77.5012,36.8451],[-77.5318,36.8532],[-77.5568,36.8455],[-77.6162,36.8792]]]}},{"type":"Feature","properties":{"county_fips":"51730","county_name":"Petersburg","state":"VA"},"geometry":{"type":"Polygon","coordinates":[[[-77.4546,37.1875],[-77.4415,37.2119],[-77.4474,37.2231],[-77.3768,37.2448],[-77.3613,37.2387],[-77.3469,37.211],[-77.3298,37.1975],[-77.3431,37.1897],[-77.3457,37.1741],[-77.3624,37.1707],[-77.3767,37.1805],[-77.4235,37.1651],[-77.4281,37.185],[-77.4546,37.1875]]]}},{"type":"Feature","properties":{"county_fips":"39153","county_name":"Summit","state":"OH"},"geometry":{"type":"Polygon","coordinates":[[[-81.6885,40.9886],[-81.685,41.2771],[-81.5622,41.2793],[-81.5733,41.3033],[-81.5854,41.3089],[-81.5881,41.3427],[-81.5981,41.3512],[-81.3917,41.3483],[-81.3932,40.9885],[-81.4163,40.9885],[-81.4204,40.9065],[-81.6477,40.914],[-81.6477,40.9886],[-81.6885,40.9886]]]}},{"type":"Feature","properties":{"county_fips":"37191","county_name":"Wayne","state":"NC"},"geometry":{"type":"Polygon","coordinates":[[[-78.3044,35.2907],[-78.2897,35.3151],[-78.2584,35.3255],[-78.2421,35.32],[-78.2156,35.3338],[-78.2155,35.3415],[-78.1532,35.3507],[-78.1624,35.3672],[-78.1443,35.3874],[-78.1537,35.392],[-78.1549,35.4178],[-78.058,35.5978],[-77.9984,35.5856],[-77.8225,35.5854],[-77.8267,35.4241],[-77.8055,35.4075],[-77.7999,35.3823],[-77.8242,35.3438],[-77.8342,35.1778],[-77.8889,35.1599],[-77.8917,35.1466],[-77.926,35.173],[-77.9701,35.1659],[-77.984,35.1836],[-78.0202,35.1937],[-78.0445,35.1925],[-78.0774,35.1751],[-78.1634,35.1897],[-78.1618,35.2043],[-78.2462,35.226],[-78.3044,35.2907]]]}},{"type":"Feature","properties":{"county_fips":"37151","county_name":"Randolph","state":"NC"},"geometry":{"type":"Polygon","coordinates":[[[-80.0668,35.5057],[-80.0469,35.9207],[-79.5417,35.8999],[-79.5558,35.515],[-80.0668,35.5057]]]}},{"type":"Feature","properties":{"county_fips":"37169","county_name":"Stokes","state":"NC"},"geometry":{"type":"Polygon","coordinates":[[[-80.4519,36.2615],[-80.4403,36.5506],[-80.0273,36.5425],[-80.0351,36.2572],[-80.4519,36.2615]]]}},{"type":"Feature","properties":{"county_fips":"37197","county_name":"Yadkin","state":"NC"},"geometry":{"type":"Polygon","coordinates":[[[-80.8816,36.0557],[-80.8732,36.2363],[-80.8084,36.2543],[-80.7972,36.248],[-80.784,36.2528],[-80.7738,36.2747],[-80.7523,36.2633],[-80.7373,36.2804],[-80.7321,36.2669],[-80.6846,36.2688],[-80.6675,36.251],[-80.6487,36.256],[-80.643,36.2726],[-80.6285,36.273],[-80.6282,36.2879],[-80.5928,36.2699],[-80.548,36.2854],[-80.537,36.28],[-80.5342,36.2585],[-80.4667,36.2598],[-80.4322,36.218],[-80.4464,36.2065],[-80.437,36.1706],[-80.4394,36.1369],[-80.463,36.1179],[-80.5065,36.1086],[-80.5157,36.0931],[-80.5085,36.058],[-80.4963,36.0465],[-80.8816,36.0557]]]}},{"type":"Feature","properties":{"county_fips":"39119","county_name":"Muskingum","state":"OH"},"geometry":{"type":"Polygon","coordinates":[[[-82.234,39.9133],[-82.2317,39.9511],[-82.1988,39.9501],[-82.1871,40.1669],[-81.7163,40.1529],[-81.7286,39.9317],[-81.6911,39.9308],[-81.6974,39.7556],[-82.0766,39.771],[-82.0729,39.8162],[-82.17,39.8207],[-82.1624,39.9094],[-82.234,39.9133]]]}},{"type":"Feature","properties":{"county_fips":"41067","county_name":"Washington","state":"OR"},"geometry":{"type":"Polygon","coordinates":[[[-123.4854,45.4471],[-123.4639,45.4473],[-123.4612,45.4916],[-123.4411,45.4913],[-123.4427,45.5211],[-123.422,45.5214],[-123.4219,45.5354],[-123.4021,45.5356],[-123.4021,45.5501],[-123.3611,45.5499],[-123.3611,45.5788],[-123.32,45.5787],[-123.3202,45.593],[-123.2993,45.593],[-123.2994,45.6072],[-123.3403,45.6075],[-123.3405,45.6222],[-123.3807,45.622],[-123.3802,45.6358],[-123.4233,45.6362],[-123.423,45.6506],[-123.4438,45.6507],[-123.4438,45.6651],[-123.4641,45.6651],[-123.4644,45.6793],[-123.4851,45.6793],[-123.4847,45.7088],[-123.361,45.7087],[-123.3616,45.7796],[-123.0309,45.7792],[-123.0318,45.7514],[-122.9903,45.7508],[-122.9904,45.7365],[-122.9289,45.7357],[-122.9291,45.6353],[-122.9091,45.6352],[-122.909,45.6208],[-122.8878,45.6205],[-122.888,45.6064],[-122.8675,45.6062],[-122.8676,45.5919],[-122.8468,45.5918],[-122.847,45.5775],[-122.8263,45.5775],[-122.826,45.563],[-122.8055,45.5629],[-122.7951,45.5484],[-122.7848,45.5484],[-122.7849,45.534],[-122.7644,45.5338],[-122.7645,45.5196],[-122.7439,45.5195],[-122.7437,45.3321],[-122.8055,45.3318],[-122.8072,45.3463],[-122.8465,45.346],[-122.8465,45.3172],[-122.9089,45.3175],[-122.9088,45.3462],[-122.9702,45.3465],[-122.9703,45.3608],[-122.9914,45.3611],[-122.9914,45.3755],[-123.0117,45.3763],[-123.0113,45.3909],[-123.0323,45.3909],[-123.0322,45.405],[-123.1146,45.4044],[-123.1147,45.419],[-123.1347,45.4189],[-123.1354,45.4335],[-123.4861,45.4332],[-123.4854,45.4471]]]}},{"type":"Feature","properties":{"county_fips":"42087","county_name":"Mifflin","state":"PA"},"geometry":{"type":"Polygon","coordinates":[[[-77.9139,40.4001],[-77.9081,40.414],[-77.8968,40.4174],[-77.816,40.4998],[-77.8418,40.55],[-77.8301,40.5669],[-77.7725,40.6259],[-77.7516,40.6323],[-77.6871,40.6767],[-77.6823,40.6851],[-77.7038,40.6799],[-77.7084,40.6905],[-77.7005,40.6949],[-77.7012,40.705],[-77.6766,40.7165],[-77.6813,40.7298],[-77.4296,40.8275],[-77.3571,40.8445],[-77.3541,40.7017],[-77.2879,40.6936],[-77.3841,40.6616],[-77.4937,40.6123],[-77.4975,40.5817],[-77.6125,40.5142],[-77.6125,40.4909],[-77.7206,40.4096],[-77.7617,40.3687],[-77.8104,40.3686],[-77.8186,40.3605],[-77.8383,40.369],[-77.8544,40.3647],[-77.8721,40.3804],[-77.8703,40.3923],[-77.9139,40.4001]]]}},{"type":"Feature","properties":{"county_fips":"45039","county_name":"Fairfield","state":"SC"},"geometry":{"type":"Polygon","coordinates":[[[-81.4224,34.4822],[-81.4227,34.572],[-80.8776,34.5431],[-80.8817,34.5001],[-80.8987,34.4867],[-80.8882,34.4679],[-80.8332,34.4148],[-80.7935,34.4133],[-80.7832,34.4065],[-80.7836,34.3888],[-80.7699,34.3771],[-80.8259,34.2688],[-80.9619,34.252],[-81.0612,34.228],[-81.0699,34.2322],[-81.0708,34.2251],[-81.0959,34.2139],[-81.1812,34.2203],[-81.1684,34.1977],[-81.1794,34.1871],[-81.1783,34.1746],[-81.2264,34.2057],[-81.2513,34.2029],[-81.2841,34.233],[-81.3142,34.2377],[-81.3423,34.2669],[-81.3396,34.2922],[-81.3652,34.3227],[-81.3715,34.3504],[-81.3965,34.3898],[-81.4212,34.4538],[-81.4125,34.4699],[-81.4224,34.4822]]]}},{"type":"Feature","properties":{"county_fips":"12019","county_name":"Clay","state":"FL"},"geometry":{"type":"Polygon","coordinates":[[[-82.0494,30.1869],[-81.6796,30.1905],[-81.6905,30.1719],[-81.6921,30.1447],[-81.68,30.1191],[-81.6889,30.0286],[-81.6782,30.0122],[-81.6049,29.9635],[-81.5987,29.941],[-81.6076,29.9057],[-81.5812,29.8402],[-81.8124,29.8365],[-81.862,29.8002],[-81.9142,29.7914],[-81.9394,29.7475],[-81.9911,29.744],[-82.0071,29.7395],[-82.0289,29.7187],[-82.0492,29.7187],[-82.0494,30.1869]]]}},{"type":"Feature","properties":{"county_fips":"42123","county_name":"Warren","state":"PA"},"geometry":{"type":"Polygon","coordinates":[[[-79.6131,41.6239],[-79.6108,41.999],[-78.9189,41.9981],[-78.9156,41.8409],[-78.9215,41.8409],[-78.9214,41.8309],[-78.9486,41.8305],[-78.9561,41.6233],[-79.6131,41.6239]]]}},{"type":"Feature","properties":{"county_fips":"51650","county_name":"Hampton","state":"VA"},"geometry":{"type":"MultiPolygon","coordinates":[[[[-76.3027,36.9818],[-76.3026,36.9872],[-76.2999,36.9869],[-76.3027,36.9818]]],[[[-76.3186,36.9992],[-76.3177,37.0019],[-76.3171,36.9991],[-76.3186,36.9992]]],[[[-76.449,37.0792],[-76.4377,37.094],[-76.408,37.0921],[-76.3984,37.0967],[-76.3978,37.1074],[-76.3675,37.113],[-76.3447,37.0968],[-76.296,37.1098],[-76.2714,37.0876],[-76.3043,37.0014],[-76.3146,37.0015],[-76.3169,37.0127],[-76.3407,37.0152],[-76.3877,36.9897],[-76.405,36.9936],[-76.4247,37.0254],[-76.4424,37.0188],[-76.449,37.0792]]]]}},{"type":"Feature","properties":{"county_fips":"51740","county_name":"Portsmouth","state":"VA"},"geometry":{"type":"Polygon","coordinates":[[[-76.4193,36.8676],[-76.405,36.8815],[-76.4069,36.8975],[-76.3883,36.8972],[-76.3859,36.9232],[-76.3564,36.9241],[-76.3503,36.8953],[-76.3386,36.889],[-76.3513,36.88],[-76.3411,36.861],[-76.3572,36.8568],[-76.374,36.8366],[-76.3582,36.8362],[-76.3398,36.8545],[-76.3185,36.8578],[-76.3073,36.8475],[-76.3017,36.8509],[-76.29,36.822],[-76.2921,36.7987],[-76.3757,36.7861],[-76.4037,36.814],[-76.3835,36.8375],[-76.3874,36.8522],[-76.3994,36.8572],[-76.3985,36.8659],[-76.4193,36.8676]]]}},{"type":"Feature","properties":{"county_fips":"51735","county_name":"Poquoson","state":"VA"},"geometry":{"type":"Polygon","coordinates":[[[-76.395,37.1063],[-76.4129,37.1558],[-76.4057,37.16],[-76.3707,37.1503],[-76.374,37.1604],[-76.3487,37.1687],[-76.3407,37.1508],[-76.2993,37.1301],[-76.296,37.1098],[-76.3447,37.0968],[-76.3675,37.113],[-76.395,37.1063]]]}},{"type":"Feature","properties":{"county_fips":"36015","county_name":"Chemung","state":"NY"},"geometry":{"type":"Polygon","coordinates":[[[-76.9658,42.0013],[-76.9648,42.2874],[-76.7339,42.2937],[-76.7327,42.2481],[-76.6858,42.2483],[-76.6857,42.2377],[-76.6423,42.2337],[-76.6195,42.2487],[-76.6193,42.2829],[-76.5383,42.2818],[-76.5365,42.1554],[-76.5636,42.1526],[-76.5415,42.0517],[-76.5613,42.0095],[-76.5577,42.0001],[-76.9658,42.0013]]]}},{"type":"Feature","properties":{"county_fips":"37171","county_name":"Surry","state":"NC"},"geometry":{"type":"Polygon","coordinates":[[[-80.9736,36.4535],[-80.927,36.5011],[-80.9017,36.5617],[-80.7048,36.5623],[-80.4403,36.5506],[-80.4527,36.2417],[-80.471,36.261],[-80.5342,36.2585],[-80.537,36.28],[-80.548,36.2854],[-80.5928,36.2699],[-80.6282,36.2879],[-80.6267,36.2749],[-80.643,36.2726],[-80.6533,36.2526],[-80.6732,36.2522],[-80.6846,36.2688],[-80.734,36.2675],[-80.7373,36.2804],[-80.7523,36.2633],[-80.7765,36.2736],[-80.7784,36.2569],[-80.7972,36.248],[-80.8084,36.2543],[-80.8732,36.2363],[-80.8687,36.3264],[-80.8931,36.3409],[-80.9058,36.3611],[-80.9314,36.3669],[-80.9554,36.3845],[-80.9549,36.3937],[-80.9672,36.402],[-80.9472,36.4191],[-80.9736,36.4535]]]}},{"type":"Feature","properties":{"county_fips":"37045","county_name":"Cleveland","state":"NC"},"geometry":{"type":"Polygon","coordinates":[[[-81.7681,35.1804],[-81.7595,35.2226],[-81.7029,35.3573],[-81.6927,35.583],[-81.6706,35.5666],[-81.649,35.5616],[-81.5962,35.5713],[-81.5732,35.5587],[-81.5453,35.5647],[-81.5154,35.5583],[-81.5092,35.5504],[-81.513,35.5233],[-81.4588,35.4237],[-81.3989,35.3531],[-81.3567,35.3306],[-81.3666,35.3149],[-81.3557,35.2805],[-81.3217,35.2604],[-81.328,35.1634],[-81.7681,35.1804]]]}},{"type":"Feature","properties":{"county_fips":"50021","county_name":"Rutland","state":"VT"},"geometry":{"type":"Polygon","coordinates":[[[-73.4312,43.5883],[-73.4177,43.6217],[-73.4265,43.6426],[-73.4155,43.6525],[-73.4047,43.6902],[-73.3706,43.7253],[-73.363,43.7532],[-73.2063,43.7668],[-73.219,43.8373],[-73.0299,43.8467],[-73.0171,43.8049],[-72.8745,43.8581],[-72.8739,43.8396],[-72.8383,43.8293],[-72.8307,43.8391],[-72.7969,43.8292],[-72.7844,43.8138],[-72.7887,43.8073],[-72.7829,43.804],[-72.8193,43.7463],[-72.8039,43.741],[-72.82,43.7167],[-72.6998,43.6846],[-72.7579,43.5874],[-72.7715,43.5911],[-72.7899,43.4945],[-72.7691,43.4915],[-72.7714,43.4788],[-72.7242,43.4682],[-72.7384,43.417],[-72.7624,43.3714],[-72.7585,43.3533],[-72.8219,43.3806],[-72.8524,43.3763],[-72.8547,43.3493],[-72.865,43.3487],[-72.8686,43.3005],[-72.9753,43.3042],[-72.9759,43.2906],[-72.9923,43.2907],[-72.9876,43.305],[-73.2545,43.3145],[-73.2477,43.5232],[-73.2414,43.5323],[-73.2486,43.5539],[-73.2694,43.572],[-73.2946,43.579],[-73.2922,43.6026],[-73.3062,43.628],[-73.3719,43.6245],[-73.3725,43.6048],[-73.387,43.5895],[-73.3834,43.5768],[-73.3958,43.5681],[-73.4312,43.5883]]]}},{"type":"Feature","properties":{"county_fips":"51035","county_name":"Carroll","state":"VA"},"geometry":{"type":"Polygon","coordinates":[[[-81.0424,36.8064],[-80.8127,36.8532],[-80.6826,36.8951],[-80.6808,36.9092],[-80.6591,36.9135],[-80.634,36.9318],[-80.4538,36.7004],[-80.466,36.6731],[-80.4893,36.6619],[-80.4887,36.6504],[-80.5012,36.6566],[-80.539,36.641],[-80.5781,36.6621],[-80.5949,36.6614],[-80.6256,36.6062],[-80.615,36.5884],[-80.6121,36.5579],[-80.838,36.5591],[-80.9142,36.6502],[-80.8773,36.6922],[-80.8911,36.696],[-80.9055,36.6869],[-80.9176,36.6941],[-80.9174,36.6798],[-80.9252,36.6823],[-80.9323,36.6716],[-81.0424,36.8064]]]}},{"type":"Feature","properties":{"county_fips":"51810","county_name":"Virginia Beach","state":"VA"},"geometry":{"type":"Polygon","coordinates":[[[-76.2252,36.837],[-76.1973,36.8281],[-76.1795,36.8497],[-76.1769,36.857],[-76.1933,36.8652],[-76.1884,36.8741],[-76.1985,36.8866],[-76.182,36.9067],[-76.1925,36.918],[-76.1768,36.921],[-76.1771,36.9301],[-76.0905,36.9078],[-76.0383,36.9312],[-75.9963,36.922],[-75.9496,36.7612],[-75.8909,36.6308],[-75.8676,36.5504],[-76.1223,36.5505],[-76.122,36.6658],[-76.0692,36.6775],[-76.068,36.6926],[-76.0822,36.7124],[-76.0976,36.7161],[-76.1433,36.757],[-76.2037,36.7697],[-76.2252,36.837]]]}},{"type":"Feature","properties":{"county_fips":"51115","county_name":"Mathews","state":"VA"},"geometry":{"type":"Polygon","coordinates":[[[-76.4502,37.4862],[-76.4376,37.5144],[-76.4136,37.5129],[-76.4041,37.5355],[-76.3608,37.5284],[-76.3564,37.5081],[-76.3336,37.5028],[-76.3233,37.4853],[-76.3109,37.4871],[-76.3155,37.4899],[-76.2977,37.5154],[-76.281,37.5078],[-76.273,37.4848],[-76.2926,37.495],[-76.3103,37.4911],[-76.2561,37.4526],[-76.2479,37.3944],[-76.2491,37.3758],[-76.2747,37.3496],[-76.2762,37.3108],[-76.3086,37.3294],[-76.3138,37.3455],[-76.3206,37.3441],[-76.3378,37.3658],[-76.3853,37.3843],[-76.399,37.4168],[-76.4479,37.4201],[-76.4487,37.4481],[-76.4421,37.4528],[-76.4502,37.4862]]]}},{"type":"Feature","properties":{"county_fips":"51800","county_name":"Suffolk","state":"VA"},"geometry":{"type":"Polygon","coordinates":[[[-76.9277,36.5624],[-76.9203,36.5776],[-76.9095,36.5792],[-76.9123,36.6179],[-76.8939,36.6257],[-76.8976,36.6441],[-76.5335,36.9156],[-76.5211,36.9063],[-76.4952,36.9225],[-76.4824,36.9174],[-76.4834,36.8962],[-76.4931,36.8918],[-76.4834,36.8782],[-76.4547,36.8841],[-76.4416,36.9061],[-76.4044,36.8945],[-76.4071,36.878],[-76.4575,36.8148],[-76.4915,36.5507],[-76.9159,36.5521],[-76.9277,36.5624]]]}},{"type":"Feature","properties":{"county_fips":"51025","county_name":"Brunswick","state":"VA"},"geometry":{"type":"Polygon","coordinates":[[[-78.0462,36.5442],[-78.0036,37.0228],[-77.9961,37.0225],[-77.996,37.0142],[-77.9681,36.9873],[-77.9539,36.9912],[-77.9205,36.9827],[-77.8826,36.9917],[-77.8507,36.9881],[-77.8409,36.9959],[-77.7655,36.9747],[-77.7553,36.9561],[-77.7456,36.959],[-77.7278,36.9434],[-77.7152,36.9148],[-77.7009,36.9164],[-77.6946,36.9066],[-77.6579,36.8945],[-77.6558,36.7135],[-77.7671,36.5454],[-78.0462,36.5442]]]}},{"type":"Feature","properties":{"county_fips":"36001","county_name":"Albany","state":"NY"},"geometry":{"type":"Polygon","coordinates":[[[-74.2647,42.4201],[-74.2264,42.4992],[-74.2256,42.5264],[-74.2416,42.5508],[-74.234,42.5757],[-74.1935,42.619],[-74.1697,42.6674],[-74.1647,42.7172],[-74.1803,42.73],[-73.8096,42.775],[-73.7825,42.7918],[-73.7667,42.7861],[-73.7267,42.8226],[-73.7032,42.7825],[-73.6892,42.7754],[-73.6768,42.7833],[-73.7029,42.6993],[-73.7418,42.6543],[-73.7613,42.6104],[-73.7522,42.5667],[-73.7611,42.5263],[-73.7855,42.4872],[-73.7837,42.4642],[-74.2635,42.4071],[-74.2647,42.4201]]]}},{"type":"Feature","properties":{"county_fips":"54089","county_name":"Summers","state":"WV"},"geometry":{"type":"Polygon","coordinates":[[[-81.0937,37.5887],[-81.0643,37.6111],[-81.0741,37.6324],[-81.0667,37.6338],[-81.0682,37.6409],[-81.0276,37.6586],[-81.0217,37.6696],[-80.9746,37.6958],[-80.9762,37.715],[-80.9452,37.7153],[-80.9083,37.7001],[-80.8947,37.6725],[-80.8795,37.6827],[-80.8969,37.7277],[-80.9236,37.7436],[-80.9019,37.7567],[-80.8946,37.7746],[-80.9214,37.7934],[-80.9263,37.8097],[-80.9446,37.8193],[-80.8063,37.8689],[-80.7514,37.8358],[-80.6682,37.763],[-80.6609,37.7137],[-80.8585,37.4283],[-81.0937,37.5887]]]}},{"type":"Feature","properties":{"county_fips":"37001","county_name":"Alamance","state":"NC"},"geometry":{"type":"Polygon","coordinates":[[[-79.5424,35.8433],[-79.5319,36.2497],[-79.258,36.2434],[-79.2684,35.9109],[-79.2569,35.9021],[-79.2504,35.857],[-79.2373,35.8442],[-79.5424,35.8433]]]}},{"type":"Feature","properties":{"county_fips":"37063","county_name":"Durham","state":"NC"},"geometry":{"type":"Polygon","coordinates":[[[-79.0163,35.8632],[-78.9506,36.2393],[-78.8023,36.2358],[-78.8075,36.0873],[-78.7921,36.0853],[-78.7837,36.07],[-78.7513,36.0708],[-78.7536,36.0314],[-78.7402,36.0236],[-78.72,36.0296],[-78.7074,36.0111],[-78.6998,36.0114],[-78.717,35.9613],[-78.7591,35.9184],[-78.8048,35.9276],[-78.83,35.867],[-79.0163,35.8632]]]}},{"type":"Feature","properties":{"county_fips":"37035","county_name":"Catawba","state":"NC"},"geometry":{"type":"Polygon","coordinates":[[[-81.5342,35.5703],[-81.5068,35.608],[-81.4329,35.6778],[-81.3638,35.7678],[-81.3539,35.7689],[-81.3556,35.7803],[-81.3452,35.7946],[-81.2624,35.8058],[-81.249,35.8157],[-81.2258,35.8095],[-81.2051,35.8228],[-81.1496,35.829],[-81.1423,35.8272],[-81.1286,35.7898],[-81.0895,35.7659],[-81.0905,35.7574],[-81.0671,35.7368],[-81.0637,35.7126],[-81.0018,35.7082],[-80.9667,35.671],[-80.9534,35.6439],[-80.9252,35.6203],[-80.9433,35.6063],[-80.9336,35.5909],[-80.9533,35.5786],[-80.96,35.547],[-81.5342,35.5703]]]}},{"type":"Feature","properties":{"county_fips":"37109","county_name":"Lincoln","state":"NC"},"geometry":{"type":"Polygon","coordinates":[[[-81.5354,35.5681],[-80.96,35.547],[-80.9397,35.5286],[-80.9555,35.5325],[-80.9635,35.506],[-80.9479,35.4905],[-80.9515,35.4671],[-80.9425,35.4577],[-80.9587,35.4326],[-80.9549,35.4001],[-81.4556,35.4198],[-81.513,35.5233],[-81.5092,35.5504],[-81.5354,35.5681]]]}},{"type":"Feature","properties":{"county_fips":"50019","county_name":"Orleans","state":"VT"},"geometry":{"type":"Polygon","coordinates":[[[-72.5333,44.8341],[-72.5365,44.9261],[-72.5539,45.0083],[-71.8993,45.0082],[-71.9201,44.9015],[-71.8779,44.8788],[-71.9748,44.7872],[-71.9393,44.7694],[-72.0115,44.6988],[-72.1144,44.7498],[-72.0893,44.6851],[-72.146,44.7045],[-72.2629,44.5425],[-72.3739,44.5842],[-72.3684,44.5928],[-72.4828,44.6341],[-72.4173,44.7229],[-72.5791,44.7809],[-72.5333,44.8341]]]}},{"type":"Feature","properties":{"county_fips":"13005","county_name":"Bacon","state":"GA"},"geometry":{"type":"Polygon","coordinates":[[[-82.6283,31.5583],[-82.6273,31.6727],[-82.5214,31.6725],[-82.5214,31.7108],[-82.4959,31.7106],[-82.4509,31.6614],[-82.3496,31.6213],[-82.3157,31.5928],[-82.2408,31.5557],[-82.2266,31.5307],[-82.2393,31.5306],[-82.2388,31.5176],[-82.2559,31.5174],[-82.2558,31.5054],[-82.2696,31.5057],[-82.2697,31.4926],[-82.3004,31.4932],[-82.3009,31.4678],[-82.315,31.4679],[-82.3151,31.4571],[-82.33,31.4571],[-82.3305,31.4421],[-82.345,31.4418],[-82.3448,31.4301],[-82.4015,31.4303],[-82.4018,31.4173],[-82.4815,31.4175],[-82.4814,31.4431],[-82.4937,31.4429],[-82.4947,31.4687],[-82.5975,31.4693],[-82.5963,31.5579],[-82.6283,31.5583]]]}},{"type":"Feature","properties":{"county_fips":"13187","county_name":"Lumpkin","state":"GA"},"geometry":{"type":"Polygon","coordinates":[[[-84.191,34.5392],[-84.1886,34.6027],[-84.158,34.6482],[-84.1463,34.6466],[-84.1371,34.661],[-84.1249,34.6644],[-84.0889,34.6514],[-84.0712,34.6568],[-84.0677,34.648],[-84.0363,34.6421],[-84.0385,34.6517],[-84.0308,34.6522],[-84.0239,34.6709],[-83.9944,34.6788],[-83.9846,34.7142],[-83.9472,34.7381],[-83.8565,34.7222],[-83.8605,34.6962],[-83.8736,34.6791],[-83.8711,34.6399],[-83.877,34.6273],[-83.8728,34.6156],[-83.8645,34.6156],[-83.8644,34.5506],[-83.8537,34.5507],[-83.8537,34.5415],[-83.8328,34.5323],[-83.8329,34.5235],[-83.8431,34.5154],[-83.8433,34.497],[-83.8876,34.4688],[-83.8876,34.4599],[-83.9319,34.4693],[-83.9207,34.4511],[-83.9751,34.4327],[-83.9709,34.4228],[-83.9806,34.4184],[-84.1067,34.4659],[-84.1011,34.4713],[-84.1154,34.4733],[-84.191,34.5392]]]}},{"type":"Feature","properties":{"county_fips":"45033","county_name":"Dillon","state":"SC"},"geometry":{"type":"Polygon","coordinates":[[[-79.6334,34.298],[-79.45,34.621],[-79.0713,34.2993],[-79.0861,34.295],[-79.0864,34.285],[-79.11,34.2724],[-79.1257,34.2533],[-79.1735,34.2875],[-79.2143,34.2555],[-79.2394,34.2543],[-79.2944,34.277],[-79.3054,34.2693],[-79.3803,34.3006],[-79.411,34.3002],[-79.4807,34.2881],[-79.4791,34.2786],[-79.4963,34.2748],[-79.5124,34.2575],[-79.5543,34.2476],[-79.5479,34.2309],[-79.5616,34.2579],[-79.5872,34.2814],[-79.6239,34.3006],[-79.6334,34.298]]]}},{"type":"Feature","properties":{"county_fips":"25027","county_name":"Worcester","state":"MA"},"geometry":{"type":"Polygon","coordinates":[[[-72.3143,42.3437],[-72.3067,42.4192],[-72.2833,42.4412],[-72.2913,42.4795],[-72.2449,42.5134],[-72.2691,42.5334],[-72.2764,42.5774],[-72.2613,42.5759],[-72.2671,42.6008],[-72.2533,42.6053],[-72.2547,42.6116],[-72.2299,42.6144],[-72.2253,42.6304],[-72.2295,42.6627],[-72.272,42.6747],[-72.283,42.7216],[-71.8988,42.7114],[-71.8578,42.675],[-71.8585,42.6338],[-71.7753,42.6367],[-71.7758,42.6442],[-71.6646,42.6116],[-71.679,42.5304],[-71.6359,42.524],[-71.6359,42.54],[-71.6251,42.5501],[-71.5946,42.5434],[-71.5803,42.5505],[-71.5388,42.543],[-71.5298,42.5198],[-71.5604,42.4744],[-71.5434,42.4665],[-71.5591,42.4119],[-71.6043,42.3977],[-71.5802,42.387],[-71.6258,42.3497],[-71.6041,42.3368],[-71.5852,42.311],[-71.5511,42.3264],[-71.4868,42.3302],[-71.4864,42.3104],[-71.5065,42.2643],[-71.5566,42.2681],[-71.5868,42.2595],[-71.6022,42.2181],[-71.5829,42.1956],[-71.5568,42.1925],[-71.5557,42.1825],[-71.5026,42.1914],[-71.4974,42.1666],[-71.478,42.1659],[-71.4785,42.1314],[-71.5031,42.1103],[-71.4955,42.1],[-71.4983,42.0172],[-71.7992,42.0081],[-71.8007,42.0236],[-72.1357,42.0302],[-72.135,42.1618],[-72.1993,42.1537],[-72.2006,42.1613],[-72.2639,42.1838],[-72.2602,42.2059],[-72.2181,42.2486],[-72.2105,42.2472],[-72.2176,42.2702],[-72.2033,42.2912],[-72.2167,42.2941],[-72.2108,42.3114],[-72.2746,42.302],[-72.2842,42.352],[-72.3143,42.3437]]]}},{"type":"Feature","properties":{"county_fips":"25009","county_name":"Essex","state":"MA"},"geometry":{"type":"MultiPolygon","coordinates":[[[[-70.5756,42.6345],[-70.5751,42.6398],[-70.5734,42.6395],[-70.5756,42.6345]]],[[[-70.588,42.6264],[-70.5882,42.6306],[-70.5868,42.6282],[-70.588,42.6264]]],[[[-70.59,42.659],[-70.5893,42.6627],[-70.5876,42.6619],[-70.59,42.659]]],[[[-70.7217,42.5661],[-70.7212,42.5699],[-70.7206,42.5697],[-70.7217,42.5661]]],[[[-70.7823,42.5518],[-70.7816,42.554],[-70.7807,42.5536],[-70.7823,42.5518]]],[[[-70.7877,42.5306],[-70.787,42.5373],[-70.7823,42.5337],[-70.7877,42.5306]]],[[[-70.8021,42.5472],[-70.795,42.5507],[-70.7944,42.548],[-70.8021,42.5472]]],[[[-70.8141,42.5104],[-70.8121,42.512],[-70.8121,42.5103],[-70.8141,42.5104]]],[[[-70.8354,42.4823],[-70.8337,42.4853],[-70.8335,42.482],[-70.8354,42.4823]]],[[[-71.255,42.6578],[-71.2382,42.6694],[-71.2552,42.7366],[-71.2239,42.7467],[-71.1818,42.7376],[-71.1861,42.7907],[-71.1677,42.8074],[-71.1325,42.8214],[-71.0642,42.8063],[-71.0475,42.8441],[-71.0312,42.8591],[-70.9028,42.8865],[-70.8486,42.8609],[-70.8173,42.8723],[-70.8052,42.7818],[-70.7705,42.7048],[-70.7761,42.6913],[-70.6846,42.6518],[-70.6635,42.6776],[-70.6301,42.6927],[-70.6209,42.6868],[-70.6239,42.6616],[-70.5974,42.6596],[-70.5915,42.6398],[-70.6322,42.6168],[-70.6356,42.6002],[-70.6547,42.5822],[-70.666,42.5841],[-70.6589,42.6035],[-70.6767,42.6075],[-70.6845,42.5889],[-70.7103,42.5726],[-70.737,42.5769],[-70.7721,42.5596],[-70.7944,42.5645],[-70.8238,42.5519],[-70.8752,42.5443],[-70.8826,42.5349],[-70.8642,42.5334],[-70.8864,42.5086],[-70.8747,42.5049],[-70.8571,42.5215],[-70.8421,42.5195],[-70.8533,42.493],[-70.8311,42.5036],[-70.836,42.4905],[-70.8578,42.4903],[-70.8943,42.4609],[-70.922,42.4667],[-70.935,42.4579],[-70.9375,42.4401],[-70.928,42.4372],[-70.9334,42.4334],[-70.9084,42.4252],[-70.9057,42.4162],[-70.9199,42.4236],[-70.9364,42.4181],[-70.939,42.457],[-70.9823,42.4313],[-70.9999,42.4313],[-71.0108,42.4346],[-71.0188,42.4501],[-71.0258,42.4447],[-71.0542,42.4769],[-71.0349,42.5068],[-71.041,42.5263],[-71.0584,42.5236],[-71.0751,42.531],[-71.071,42.5559],[-71.057,42.574],[-71.0283,42.5741],[-71.0588,42.6091],[-71.1355,42.5991],[-71.1544,42.6153],[-71.1649,42.598],[-71.182,42.6084],[-71.1718,42.6165],[-71.255,42.6578]]]]}},{"type":"Feature","properties":{"county_fips":"36083","county_name":"Rensselaer","state":"NY"},"geometry":{"type":"Polygon","coordinates":[[[-73.786,42.4838],[-73.7583,42.5342],[-73.7524,42.5767],[-73.7613,42.6104],[-73.7418,42.6543],[-73.7029,42.6993],[-73.6726,42.7954],[-73.6585,42.8091],[-73.6759,42.8586],[-73.6732,42.8751],[-73.6846,42.8924],[-73.6789,42.9122],[-73.6597,42.9334],[-73.6355,42.9413],[-73.4506,42.9446],[-73.4306,42.9586],[-73.3921,42.9526],[-73.3802,42.9437],[-73.2743,42.9437],[-73.2787,42.8334],[-73.2854,42.8341],[-73.2837,42.8139],[-73.2909,42.8019],[-73.2764,42.746],[-73.265,42.7459],[-73.3525,42.51],[-73.7837,42.4642],[-73.786,42.4838]]]}},{"type":"Feature","properties":{"county_fips":"36057","county_name":"Montgomery","state":"NY"},"geometry":{"type":"Polygon","coordinates":[[[-74.7633,42.8632],[-74.7401,42.9983],[-74.7438,43.0307],[-74.7599,43.0474],[-74.5424,42.9855],[-74.0975,42.9829],[-74.0839,42.8974],[-74.2568,42.8122],[-74.2633,42.7965],[-74.2894,42.7838],[-74.4549,42.773],[-74.5625,42.8129],[-74.7633,42.8632]]]}},{"type":"Feature","properties":{"county_fips":"37179","county_name":"Union","state":"NC"},"geometry":{"type":"Polygon","coordinates":[[[-80.838,35.005],[-80.8045,35.0277],[-80.7676,35.0363],[-80.5503,35.2084],[-80.4898,35.1758],[-80.479,35.1793],[-80.4704,35.1673],[-80.4399,35.161],[-80.4193,35.1729],[-80.4115,35.1633],[-80.3883,35.1659],[-80.371,35.1797],[-80.3547,35.1655],[-80.3404,35.1741],[-80.3217,35.1731],[-80.2944,35.1944],[-80.2768,35.1957],[-80.3208,34.8141],[-80.7975,34.8198],[-80.782,34.9358],[-80.838,35.005]]]}},{"type":"Feature","properties":{"county_fips":"37073","county_name":"Gates","state":"NC"},"geometry":{"type":"Polygon","coordinates":[[[-76.9505,36.471],[-76.9344,36.4713],[-76.9345,36.4847],[-76.9065,36.5107],[-76.9051,36.5226],[-76.925,36.5307],[-76.9141,36.5422],[-76.9159,36.5521],[-76.5415,36.5503],[-76.4913,36.5107],[-76.4914,36.4686],[-76.4537,36.3781],[-76.5569,36.3552],[-76.5708,36.3343],[-76.5862,36.3335],[-76.5966,36.3233],[-76.64,36.3294],[-76.6516,36.3106],[-76.67,36.3152],[-76.6726,36.3033],[-76.6966,36.2961],[-76.7795,36.3625],[-76.8227,36.3644],[-76.9343,36.4025],[-76.9471,36.4154],[-76.9505,36.471]]]}},{"type":"Feature","properties":{"county_fips":"37185","county_name":"Warren","state":"NC"},"geometry":{"type":"Polygon","coordinates":[[[-78.3239,36.5438],[-77.8998,36.5447],[-77.8995,36.5043],[-77.9118,36.4428],[-77.9201,36.4361],[-77.9121,36.4248],[-77.912,36.3824],[-77.9424,36.2985],[-78.0066,36.2026],[-78.0449,36.2155],[-78.1098,36.2102],[-78.1327,36.2463],[-78.157,36.2444],[-78.1732,36.2555],[-78.1935,36.2468],[-78.307,36.2662],[-78.2772,36.3061],[-78.3239,36.5438]]]}},{"type":"Feature","properties":{"county_fips":"20091","county_name":"Johnson","state":"KS"},"geometry":{"type":"Polygon","coordinates":[[[-95.0564,38.9808],[-95.0333,38.9755],[-95.0218,38.9996],[-95.0141,39.0009],[-94.9565,38.982],[-94.9233,39.0026],[-94.9162,38.9969],[-94.9175,38.9843],[-94.8884,39.0161],[-94.8836,39.0507],[-94.8677,39.0602],[-94.8425,39.0609],[-94.8033,39.0435],[-94.6075,39.0441],[-94.6095,38.7381],[-95.0564,38.7386],[-95.0564,38.9808]]]}},{"type":"Feature","properties":{"county_fips":"34037","county_name":"Sussex","state":"NJ"},"geometry":{"type":"Polygon","coordinates":[[[-74.9917,41.0923],[-74.9799,41.1104],[-74.9232,41.1381],[-74.8821,41.1808],[-74.8596,41.2191],[-74.8674,41.2278],[-74.8572,41.249],[-74.8469,41.2533],[-74.8301,41.2872],[-74.7926,41.3106],[-74.795,41.3204],[-74.7716,41.3251],[-74.7532,41.3461],[-74.6949,41.3574],[-74.3674,41.2035],[-74.6324,40.9737],[-74.6416,40.9614],[-74.6364,40.9426],[-74.6535,40.929],[-74.6532,40.9213],[-74.7113,40.8992],[-74.7319,40.9208],[-74.7694,40.9109],[-74.9675,41.0953],[-74.9917,41.0923]]]}},{"type":"Feature","properties":{"county_fips":"12011","county_name":"Broward","state":"FL"},"geometry":{"type":"Polygon","coordinates":[[[-80.8813,26.3338],[-80.297,26.3344],[-80.2969,26.3554],[-80.2041,26.3278],[-80.0992,26.3276],[-80.0748,26.321],[-80.1088,26.0901],[-80.1179,25.9752],[-80.2951,25.9706],[-80.295,25.9568],[-80.68,25.9569],[-80.68,25.9787],[-80.8729,25.9794],[-80.8813,26.3338]]]}},{"type":"Feature","properties":{"county_fips":"12127","county_name":"Volusia","state":"FL"},"geometry":{"type":"Polygon","coordinates":[[[-81.6809,29.3244],[-81.4509,29.3785],[-81.4345,29.3993],[-81.4229,29.4004],[-81.4173,29.2612],[-81.1501,29.266],[-81.1559,29.411],[-81.1019,29.4271],[-80.9662,29.148],[-80.9096,29.0709],[-80.7329,28.7912],[-80.9679,28.7902],[-80.9645,28.613],[-80.9899,28.6139],[-80.9891,28.6247],[-80.9942,28.6216],[-81.0071,28.6363],[-81.0012,28.6411],[-81.0072,28.6635],[-81.0213,28.6743],[-81.0166,28.693],[-81.0611,28.75],[-81.0531,28.7736],[-81.0761,28.8193],[-81.1205,28.8257],[-81.1293,28.7995],[-81.1404,28.796],[-81.1362,28.7922],[-81.1789,28.7819],[-81.1819,28.7972],[-81.1974,28.7919],[-81.2137,28.8042],[-81.2257,28.8325],[-81.3205,28.8345],[-81.3593,28.8489],[-81.3511,28.8581],[-81.3647,28.8657],[-81.3661,28.8878],[-81.3572,28.8871],[-81.3528,28.8967],[-81.3602,28.9066],[-81.3497,28.9396],[-81.3593,28.9446],[-81.354,28.9496],[-81.3589,28.9559],[-81.3709,28.9583],[-81.3559,28.987],[-81.3757,28.994],[-81.3728,28.9992],[-81.4029,29.0325],[-81.4553,29.0631],[-81.4592,29.0942],[-81.5021,29.0978],[-81.5045,29.1237],[-81.5315,29.1769],[-81.554,29.1846],[-81.5609,29.2002],[-81.6123,29.2028],[-81.6484,29.2902],[-81.6721,29.3053],[-81.6809,29.3244]]]}},{"type":"Feature","properties":{"county_fips":"51157","county_name":"Rappahannock","state":"VA"},"geometry":{"type":"Polygon","coordinates":[[[-78.3352,38.6288],[-78.3259,38.6307],[-78.3156,38.6516],[-78.3238,38.6721],[-78.3164,38.6906],[-78.3322,38.7056],[-78.3188,38.7379],[-78.3049,38.7382],[-78.2793,38.7622],[-78.2533,38.757],[-78.2009,38.7767],[-78.1847,38.7928],[-78.1802,38.8178],[-78.1707,38.8194],[-78.1526,38.8544],[-78.1306,38.8649],[-78.1235,38.8655],[-78.0997,38.8304],[-78.055,38.8085],[-78.0514,38.7992],[-78.0258,38.7958],[-78.0296,38.7867],[-78.0199,38.7783],[-78.0261,38.7766],[-78.0281,38.7575],[-78.0164,38.754],[-78.0191,38.7402],[-78.0062,38.7322],[-78.0151,38.7251],[-77.9543,38.6948],[-77.9354,38.6958],[-78.0901,38.5968],[-78.176,38.5208],[-78.2149,38.5384],[-78.2318,38.5325],[-78.3352,38.6288]]]}},{"type":"Feature","properties":{"county_fips":"42069","county_name":"Lackawanna","state":"PA"},"geometry":{"type":"Polygon","coordinates":[[[-75.8345,41.427],[-75.7716,41.5058],[-75.8032,41.5242],[-75.7694,41.5683],[-75.7743,41.574],[-75.7199,41.6423],[-75.4624,41.6416],[-75.4404,41.2581],[-75.4708,41.2433],[-75.4961,41.2429],[-75.5165,41.2194],[-75.5294,41.2266],[-75.5439,41.2236],[-75.5697,41.1987],[-75.5767,41.1779],[-75.5985,41.1719],[-75.5973,41.1632],[-75.6441,41.1771],[-75.6523,41.2574],[-75.6793,41.2643],[-75.6793,41.288],[-75.6897,41.2878],[-75.695,41.3176],[-75.6878,41.3178],[-75.6886,41.3394],[-75.7419,41.3483],[-75.8268,41.3917],[-75.8345,41.427]]]}},{"type":"Feature","properties":{"county_fips":"12061","county_name":"Indian River","state":"FL"},"geometry":{"type":"Polygon","coordinates":[[[-80.8816,27.8225],[-80.5091,27.8221],[-80.4911,27.8546],[-80.4471,27.8608],[-80.3805,27.732],[-80.3215,27.557],[-80.7772,27.5587],[-80.778,27.6432],[-80.8731,27.6423],[-80.8816,27.8225]]]}},{"type":"Feature","properties":{"county_fips":"37041","county_name":"Chowan","state":"NC"},"geometry":{"type":"Polygon","coordinates":[[[-76.7223,36.1602],[-76.7143,36.2153],[-76.6722,36.272],[-76.6938,36.2822],[-76.6966,36.2961],[-76.6726,36.3033],[-76.67,36.3152],[-76.6516,36.3106],[-76.64,36.3294],[-76.5966,36.3233],[-76.5862,36.3335],[-76.5708,36.3343],[-76.5596,36.3511],[-76.5726,36.2581],[-76.5901,36.2389],[-76.5721,36.1095],[-76.5391,36.0946],[-76.5175,36.0974],[-76.4944,36.0846],[-76.4788,36.0936],[-76.4456,36.0759],[-76.4118,36.0753],[-76.4081,36.068],[-76.4514,36.0391],[-76.4603,36.0241],[-76.5141,36.0065],[-76.5804,36.0106],[-76.6032,36.0354],[-76.6068,36.0542],[-76.6398,36.0359],[-76.6765,36.0436],[-76.6919,36.0663],[-76.6886,36.107],[-76.705,36.1099],[-76.7223,36.1602]]]}},{"type":"Feature","properties":{"county_fips":"37143","county_name":"Perquimans","state":"NC"},"geometry":{"type":"Polygon","coordinates":[[[-76.5882,36.2418],[-76.5726,36.2581],[-76.5569,36.3552],[-76.4537,36.3781],[-76.3756,36.2736],[-76.3749,36.2587],[-76.3406,36.2414],[-76.3177,36.2404],[-76.3033,36.2217],[-76.2907,36.2235],[-76.2728,36.1941],[-76.2771,36.1807],[-76.246,36.1586],[-76.2275,36.1253],[-76.1917,36.1072],[-76.2137,36.0961],[-76.2387,36.0986],[-76.3233,36.1348],[-76.3736,36.1382],[-76.3903,36.1625],[-76.4499,36.1934],[-76.458,36.1853],[-76.382,36.1229],[-76.3464,36.121],[-76.3397,36.1091],[-76.3026,36.1003],[-76.304,36.0945],[-76.3235,36.0849],[-76.347,36.0888],[-76.4303,36.075],[-76.4788,36.0936],[-76.4944,36.0846],[-76.5175,36.0974],[-76.5598,36.1011],[-76.5731,36.1118],[-76.5882,36.2418]]]}},{"type":"Feature","properties":{"county_fips":"23005","county_name":"Cumberland","state":"ME"},"geometry":{"type":"MultiPolygon","coordinates":[[[[-69.939,43.7238],[-69.9373,43.7308],[-69.9312,43.7241],[-69.939,43.7238]]],[[[-69.9975,43.8329],[-69.9903,43.8425],[-69.9865,43.8436],[-69.9903,43.8319],[-69.9975,43.8329]]],[[[-70.0179,43.817],[-69.9998,43.8295],[-69.9968,43.8247],[-70.0094,43.8113],[-70.0179,43.817]]],[[[-70.0376,43.7149],[-70.0288,43.7264],[-70.021,43.7246],[-70.0312,43.7147],[-70.0376,43.7149]]],[[[-70.0488,43.793],[-70.0338,43.8093],[-70.027,43.8091],[-70.0424,43.7825],[-70.0488,43.793]]],[[[-70.0467,43.7202],[-70.0429,43.7283],[-70.04,43.7288],[-70.0467,43.7202]]],[[[-70.0613,43.7421],[-70.05,43.761],[-70.0448,43.7648],[-70.0613,43.7421]]],[[[-70.0533,43.7652],[-70.0602,43.7672],[-70.055,43.7707],[-70.0533,43.7652]]],[[[-70.0745,43.7799],[-70.0716,43.7875],[-70.0631,43.7876],[-70.0745,43.7799]]],[[[-70.0788,43.7967],[-70.0709,43.8033],[-70.0666,43.8043],[-70.07,43.7967],[-70.0788,43.7967]]],[[[-70.0793,43.707],[-70.0788,43.7152],[-70.0721,43.719],[-70.0793,43.707]]],[[[-70.0897,43.715],[-70.0837,43.7205],[-70.0797,43.7209],[-70.0842,43.7142],[-70.0897,43.715]]],[[[-70.0961,43.7241],[-70.0904,43.7313],[-70.0864,43.7324],[-70.0895,43.7264],[-70.0961,43.7241]]],[[[-70.1012,43.6755],[-70.0928,43.6878],[-70.0873,43.691],[-70.096,43.6723],[-70.1012,43.6755]]],[[[-70.1146,43.7806],[-70.096,43.7884],[-70.0897,43.7852],[-70.102,43.7768],[-70.1146,43.7806]]],[[[-70.1182,43.6864],[-70.1007,43.706],[-70.0931,43.7105],[-70.0972,43.7009],[-70.0876,43.6999],[-70.0937,43.6918],[-70.1044,43.6946],[-70.1182,43.6864]]],[[[-70.1223,43.7001],[-70.1158,43.7097],[-70.1118,43.71],[-70.1223,43.7001]]],[[[-70.1314,43.7916],[-70.1234,43.7939],[-70.1222,43.7938],[-70.1249,43.7908],[-70.1314,43.7916]]],[[[-70.1372,43.7209],[-70.1258,43.7455],[-70.0961,43.7572],[-70.1111,43.7307],[-70.1073,43.7254],[-70.1207,43.7126],[-70.1281,43.7086],[-70.1238,43.7188],[-70.1372,43.7209]]],[[[-70.1467,43.7089],[-70.149,43.7146],[-70.1445,43.7135],[-70.1467,43.7089]]],[[[-70.1603,43.7497],[-70.1455,43.7612],[-70.1455,43.7758],[-70.1265,43.7796],[-70.1204,43.7727],[-70.1339,43.764],[-70.1154,43.7647],[-70.1415,43.7495],[-70.1603,43.7497]]],[[[-70.1736,43.6837],[-70.1406,43.7076],[-70.1337,43.7023],[-70.1517,43.6817],[-70.1682,43.6751],[-70.1736,43.6837]]],[[[-70.1798,43.7392],[-70.1843,43.7425],[-70.1767,43.7454],[-70.1798,43.7392]]],[[[-70.1971,43.7112],[-70.1905,43.7222],[-70.1867,43.7233],[-70.1971,43.7112]]],[[[-70.2012,43.6519],[-70.2007,43.663],[-70.1831,43.6752],[-70.1796,43.6554],[-70.2012,43.6519]]],[[[-70.2097,43.6415],[-70.2034,43.6472],[-70.1907,43.6456],[-70.2059,43.6336],[-70.2097,43.6415]]],[[[-70.2108,43.6617],[-70.2019,43.6855],[-70.1821,43.6949],[-70.1931,43.6734],[-70.2108,43.6617]]],[[[-70.2455,43.5396],[-70.2244,43.5472],[-70.2278,43.5383],[-70.2455,43.5396]]],[[[-70.8666,44.0797],[-70.8585,44.0953],[-70.8218,44.0771],[-70.6243,44.171],[-70.5987,44.1498],[-70.5872,44.1241],[-70.6062,44.1013],[-70.603,44.0886],[-70.6139,44.0618],[-70.5826,44.0187],[-70.574,44.0156],[-70.5639,44.025],[-70.5441,44.0056],[-70.5024,44.0426],[-70.402,43.9901],[-70.3953,44.0031],[-70.3639,43.9864],[-70.3154,44.0378],[-70.2003,43.952],[-70.2036,43.9479],[-70.1159,43.9067],[-70.0923,43.932],[-70.0808,43.9265],[-70.0342,43.9757],[-70.0202,43.9461],[-69.9762,43.9153],[-69.9567,43.9234],[-69.9313,43.9119],[-69.8747,43.9536],[-69.857,43.9447],[-69.896,43.8662],[-69.8749,43.8514],[-69.8701,43.8167],[-69.8874,43.7771],[-69.9018,43.7716],[-69.9319,43.7837],[-69.9435,43.7652],[-69.9563,43.7724],[-69.9799,43.7538],[-70.0013,43.7104],[-70.0072,43.7176],[-69.9946,43.7435],[-70.0115,43.7434],[-70.0265,43.7289],[-70.021,43.7465],[-70.045,43.7367],[-70.0433,43.748],[-70.0203,43.7658],[-69.9937,43.8091],[-69.9813,43.8122],[-69.9472,43.8645],[-69.9927,43.8484],[-70.0262,43.8226],[-69.9877,43.8629],[-70.0192,43.8587],[-70.0666,43.8105],[-70.0636,43.8256],[-70.0805,43.8276],[-70.0807,43.8199],[-70.1134,43.8009],[-70.1449,43.7968],[-70.1422,43.7893],[-70.1533,43.7756],[-70.176,43.7608],[-70.1754,43.7771],[-70.1869,43.7734],[-70.1943,43.7686],[-70.1938,43.7416],[-70.218,43.72],[-70.2147,43.6973],[-70.232,43.7048],[-70.2356,43.6989],[-70.2261,43.6887],[-70.2346,43.6856],[-70.2425,43.6933],[-70.253,43.675],[-70.2404,43.6705],[-70.241,43.6591],[-70.2252,43.6502],[-70.2188,43.6289],[-70.2075,43.6235],[-70.2175,43.5971],[-70.2031,43.5863],[-70.2078,43.5782],[-70.1969,43.5651],[-70.2168,43.5569],[-70.2279,43.5635],[-70.2443,43.5518],[-70.2642,43.5532],[-70.2725,43.5626],[-70.3078,43.5443],[-70.3131,43.527],[-70.3233,43.5292],[-70.3181,43.5348],[-70.3288,43.5407],[-70.3534,43.5354],[-70.492,43.6068],[-70.4577,43.6424],[-70.55,43.7158],[-70.5774,43.6872],[-70.5953,43.6972],[-70.6121,43.6871],[-70.6145,43.6983],[-70.628,43.7041],[-70.6574,43.7015],[-70.643,43.7522],[-70.6563,43.7643],[-70.6498,43.7684],[-70.653,43.7875],[-70.6699,43.7942],[-70.6738,43.7884],[-70.6952,43.8052],[-70.7453,43.788],[-70.7803,43.8035],[-70.7816,43.8236],[-70.7943,43.8343],[-70.7927,43.8479],[-70.8016,43.8561],[-70.7815,43.8739],[-70.7805,43.8682],[-70.7663,43.8772],[-70.7653,43.8715],[-70.7439,43.8858],[-70.7545,43.8885],[-70.7579,43.9069],[-70.7298,43.9283],[-70.7475,43.9459],[-70.7154,43.9618],[-70.7818,44.0314],[-70.7917,44.0287],[-70.7925,44.0401],[-70.8481,44.0495],[-70.8666,44.0797]]]]}},{"type":"Feature","properties":{"county_fips":"37025","county_name":"Cabarrus","state":"NC"},"geometry":{"type":"Polygon","coordinates":[[[-80.7871,35.4949],[-80.7842,35.506],[-80.2954,35.5029],[-80.4829,35.2133],[-80.5059,35.1933],[-80.505,35.185],[-80.6671,35.2688],[-80.6931,35.3464],[-80.7664,35.4015],[-80.7635,35.4121],[-80.7522,35.4141],[-80.7871,35.4949]]]}},{"type":"Feature","properties":{"county_fips":"51099","county_name":"King George","state":"VA"},"geometry":{"type":"Polygon","coordinates":[[[-77.3474,38.2722],[-77.3209,38.3461],[-77.2871,38.3488],[-77.2646,38.3324],[-77.2401,38.331],[-77.1802,38.3411],[-77.1627,38.346],[-77.1382,38.3679],[-77.0848,38.3683],[-77.0435,38.4005],[-77.0118,38.3746],[-77.0149,38.3328],[-77.0228,38.3229],[-77.0578,38.3206],[-77.0429,38.3095],[-77.0288,38.3109],[-77.001,38.2761],[-77.0445,38.2604],[-77.0485,38.1824],[-77.0643,38.1717],[-77.0617,38.1616],[-77.0738,38.1413],[-77.0846,38.1602],[-77.1187,38.1502],[-77.1453,38.1687],[-77.1819,38.1707],[-77.2198,38.1996],[-77.2318,38.198],[-77.2319,38.1866],[-77.2537,38.1891],[-77.2418,38.2128],[-77.2518,38.2296],[-77.2247,38.2422],[-77.2706,38.2498],[-77.277,38.2272],[-77.2914,38.2237],[-77.2914,38.2408],[-77.3107,38.2349],[-77.3451,38.2615],[-77.3474,38.2722]]]}},{"type":"Feature","properties":{"county_fips":"51089","county_name":"Henry","state":"VA"},"geometry":{"type":"Polygon","coordinates":[[[-80.0951,36.7782],[-80.0613,36.7936],[-80.0415,36.7944],[-80.0314,36.7829],[-80.0153,36.7816],[-80.0272,36.7913],[-80.012,36.7896],[-79.9998,36.8307],[-79.8021,36.7921],[-79.7868,36.8007],[-79.7642,36.7985],[-79.7611,36.7883],[-79.7363,36.8129],[-79.691,36.8288],[-79.6692,36.8278],[-79.6407,36.8561],[-79.7148,36.542],[-80.0535,36.5425],[-80.0502,36.6093],[-80.0605,36.6345],[-80.0585,36.6607],[-80.0936,36.7215],[-80.0847,36.7401],[-80.0947,36.7463],[-80.0889,36.7599],[-80.0951,36.7782]],[[-79.9041,36.6841],[-79.8942,36.672],[-79.8598,36.6619],[-79.8598,36.6504],[-79.8422,36.6438],[-79.838,36.6593],[-79.839,36.6524],[-79.8274,36.6476],[-79.8266,36.6593],[-79.8443,36.6709],[-79.8374,36.7041],[-79.8748,36.7153],[-79.9041,36.6841]]]}},{"type":"Feature","properties":{"county_fips":"51077","county_name":"Grayson","state":"VA"},"geometry":{"type":"Polygon","coordinates":[[[-81.6469,36.6119],[-81.6109,36.617],[-81.6022,36.6419],[-81.564,36.6582],[-81.5472,36.6565],[-81.5312,36.685],[-81.5314,36.6938],[-81.544,36.7015],[-81.5293,36.7064],[-81.4388,36.7169],[-81.384,36.74],[-81.2681,36.7625],[-81.2268,36.7649],[-81.193,36.7576],[-81.1541,36.769],[-81.1367,36.763],[-81.0885,36.7674],[-81.0865,36.7875],[-81.0424,36.8064],[-80.9309,36.6699],[-80.9441,36.6763],[-80.95,36.6553],[-80.9405,36.6453],[-80.9217,36.6435],[-80.9311,36.6253],[-80.916,36.6293],[-80.9142,36.6502],[-80.838,36.5591],[-81.6775,36.5881],[-81.6469,36.6119]]]}},{"type":"Feature","properties":{"county_fips":"45011","county_name":"Barnwell","state":"SC"},"geometry":{"type":"Polygon","coordinates":[[[-81.7717,33.1815],[-81.7661,33.1778],[-81.7571,33.1981],[-81.3748,33.4897],[-81.2969,33.4799],[-81.2537,33.4462],[-81.2222,33.4407],[-81.2132,33.3979],[-81.2179,33.2084],[-81.2278,33.1607],[-81.1931,33.1187],[-81.3649,33.1081],[-81.5419,33.1583],[-81.6141,33.0952],[-81.6423,33.0932],[-81.7217,33.1265],[-81.7631,33.1594],[-81.7717,33.1815]]]}},{"type":"Feature","properties":{"county_fips":"45023","county_name":"Chester","state":"SC"},"geometry":{"type":"Polygon","coordinates":[[[-81.4883,34.7355],[-81.4529,34.7628],[-81.4593,34.7975],[-81.4693,34.8028],[-81.4691,34.811],[-81.4874,34.8134],[-81.4766,34.8226],[-80.8982,34.8208],[-80.8764,34.7885],[-80.8777,34.7439],[-80.8599,34.7002],[-80.8886,34.6686],[-80.8965,34.6352],[-80.8893,34.6182],[-80.8922,34.598],[-80.8783,34.5811],[-80.873,34.553],[-80.8776,34.5431],[-80.9509,34.5454],[-81.4227,34.572],[-81.4165,34.6353],[-81.442,34.6537],[-81.4543,34.6752],[-81.4542,34.7209],[-81.4794,34.7239],[-81.4883,34.7355]]]}},{"type":"Feature","properties":{"county_fips":"51049","county_name":"Cumberland","state":"VA"},"geometry":{"type":"Polygon","coordinates":[[[-78.4651,37.3397],[-78.249,37.6355],[-78.2397,37.6905],[-78.2228,37.7152],[-78.1637,37.7494],[-78.098,37.7136],[-78.0898,37.6997],[-78.1099,37.6746],[-78.0722,37.6574],[-78.0895,37.6394],[-78.132,37.4547],[-78.1388,37.4597],[-78.1714,37.4425],[-78.185,37.4446],[-78.189,37.4253],[-78.2017,37.4263],[-78.2203,37.3882],[-78.2399,37.3773],[-78.2337,37.3696],[-78.2387,37.3637],[-78.2603,37.3601],[-78.259,37.3428],[-78.2757,37.3488],[-78.282,37.3353],[-78.294,37.3329],[-78.2936,37.3236],[-78.3224,37.3091],[-78.3341,37.3092],[-78.3427,37.3191],[-78.3528,37.3016],[-78.3608,37.3103],[-78.3928,37.3047],[-78.4131,37.3242],[-78.4419,37.3245],[-78.4457,37.3347],[-78.4651,37.3397]]]}},{"type":"Feature","properties":{"county_fips":"51540","county_name":"Charlottesville","state":"VA"},"geometry":{"type":"Polygon","coordinates":[[[-78.5234,38.0234],[-78.4978,38.0333],[-78.5046,38.0428],[-78.5081,38.0358],[-78.5174,38.0412],[-78.5068,38.045],[-78.5076,38.0563],[-78.495,38.0653],[-78.4669,38.0678],[-78.4723,38.0488],[-78.4661,38.0457],[-78.4476,38.0564],[-78.461,38.0285],[-78.4522,38.0277],[-78.4547,38.0216],[-78.4695,38.0117],[-78.4914,38.0175],[-78.5192,38.0107],[-78.5234,38.0234]]]}},{"type":"Feature","properties":{"county_fips":"51036","county_name":"Charles City","state":"VA"},"geometry":{"type":"Polygon","coordinates":[[[-77.2716,37.3266],[-77.2442,37.3693],[-77.2539,37.3876],[-77.2487,37.3947],[-77.2346,37.3816],[-77.2151,37.3859],[-77.226,37.4054],[-77.1773,37.4906],[-77.1688,37.4809],[-77.1578,37.486],[-77.1608,37.4753],[-77.1269,37.4716],[-77.1191,37.4558],[-77.0959,37.4403],[-77.0701,37.4399],[-77.06,37.4293],[-77.0267,37.429],[-77.0161,37.414],[-76.982,37.4209],[-76.9696,37.4167],[-76.9688,37.4065],[-76.9408,37.4099],[-76.937,37.4012],[-76.9449,37.3839],[-76.9276,37.3996],[-76.9167,37.3954],[-76.9049,37.4049],[-76.9064,37.3926],[-76.9188,37.3855],[-76.8978,37.3738],[-76.9159,37.3526],[-76.908,37.349],[-76.8848,37.3686],[-76.8735,37.3634],[-76.8806,37.3502],[-76.8736,37.3426],[-76.88,37.3099],[-76.8717,37.2956],[-76.8831,37.2759],[-76.8752,37.2608],[-76.9004,37.2437],[-76.9165,37.2423],[-76.9178,37.2343],[-76.9439,37.2347],[-76.9742,37.2501],[-76.9914,37.278],[-76.9902,37.2949],[-77.0019,37.3036],[-77.0327,37.2945],[-77.0694,37.2697],[-77.0796,37.2743],[-77.0882,37.3131],[-77.1251,37.3029],[-77.224,37.3194],[-77.2497,37.3087],[-77.2716,37.3266]]]}},{"type":"Feature","properties":{"county_fips":"37181","county_name":"Vance","state":"NC"},"geometry":{"type":"Polygon","coordinates":[[[-78.5112,36.4548],[-78.4978,36.5145],[-78.4666,36.524],[-78.4674,36.5318],[-78.4559,36.5334],[-78.457,36.5425],[-78.324,36.5438],[-78.2772,36.3061],[-78.3381,36.2344],[-78.3781,36.2351],[-78.4121,36.1696],[-78.4214,36.1645],[-78.4497,36.1691],[-78.4576,36.1637],[-78.4928,36.1839],[-78.4966,36.1752],[-78.5083,36.183],[-78.5112,36.4548]]]}},{"type":"Feature","properties":{"county_fips":"54079","county_name":"Putnam","state":"WV"},"geometry":{"type":"Polygon","coordinates":[[[-82.0646,38.608],[-81.9558,38.6574],[-81.7477,38.6841],[-81.6963,38.6264],[-81.7557,38.5818],[-81.7472,38.5536],[-81.7541,38.5241],[-81.7317,38.5036],[-81.7233,38.468],[-81.9002,38.3986],[-81.9152,38.3256],[-81.9912,38.2758],[-81.9918,38.2691],[-82.0165,38.272],[-82.0194,38.2819],[-82.0283,38.2794],[-82.0492,38.2917],[-82.0431,38.3373],[-82.0646,38.608]]]}},{"type":"Feature","properties":{"county_fips":"12051","county_name":"Hendry","state":"FL"},"geometry":{"type":"Polygon","coordinates":[[[-81.5638,26.5133],[-81.5657,26.7696],[-81.4595,26.7689],[-81.4593,26.7835],[-81.4349,26.7835],[-81.4346,26.7688],[-80.9453,26.7691],[-80.8856,26.9589],[-80.8797,26.2593],[-81.2682,26.2531],[-81.2718,26.5171],[-81.5638,26.5133]]]}},{"type":"Feature","properties":{"county_fips":"13277","county_name":"Tift","state":"GA"},"geometry":{"type":"Polygon","coordinates":[[[-83.6667,31.4342],[-83.6658,31.4851],[-83.6506,31.4847],[-83.649,31.5965],[-83.5007,31.594],[-83.501,31.5701],[-83.4708,31.5694],[-83.4709,31.556],[-83.4206,31.5535],[-83.397,31.5311],[-83.3822,31.4871],[-83.3387,31.476],[-83.3392,31.4651],[-83.3695,31.4651],[-83.3709,31.4011],[-83.3848,31.401],[-83.385,31.3888],[-83.3995,31.3893],[-83.3999,31.3764],[-83.4152,31.3759],[-83.4153,31.3632],[-83.4299,31.3639],[-83.4302,31.3507],[-83.4449,31.3496],[-83.4455,31.336],[-83.4605,31.333],[-83.4606,31.3263],[-83.6541,31.3307],[-83.6518,31.4339],[-83.6667,31.4342]]]}},{"type":"Feature","properties":{"county_fips":"51710","county_name":"Norfolk","state":"VA"},"geometry":{"type":"Polygon","coordinates":[[[-76.326,36.9037],[-76.3257,36.9632],[-76.3005,36.9564],[-76.2961,36.969],[-76.2799,36.9684],[-76.2286,36.9419],[-76.1771,36.9301],[-76.1768,36.921],[-76.1925,36.918],[-76.182,36.9067],[-76.1985,36.8866],[-76.1884,36.8741],[-76.1933,36.8652],[-76.1769,36.857],[-76.1795,36.8497],[-76.1973,36.8281],[-76.2261,36.8399],[-76.2438,36.8369],[-76.2575,36.8208],[-76.2747,36.828],[-76.29,36.822],[-76.3019,36.853],[-76.3279,36.8761],[-76.3157,36.8882],[-76.3141,36.9025],[-76.2879,36.9034],[-76.3179,36.9115],[-76.326,36.9037]]]}},{"type":"Feature","properties":{"county_fips":"18097","county_name":"Marion","state":"IN"},"geometry":{"type":"Polygon","coordinates":[[[-86.3263,39.6322],[-86.3263,39.924],[-85.9376,39.9271],[-85.9381,39.8698],[-85.954,39.8696],[-85.9521,39.6383],[-86.3263,39.6322]]]}},{"type":"Feature","properties":{"county_fips":"37105","county_name":"Lee","state":"NC"},"geometry":{"type":"Polygon","coordinates":[[[-79.3599,35.4775],[-79.3519,35.4775],[-79.3359,35.4978],[-79.3488,35.5196],[-79.311,35.532],[-79.3239,35.5438],[-79.2846,35.555],[-79.2901,35.5397],[-79.2676,35.5327],[-79.2452,35.553],[-79.2446,35.5693],[-79.2205,35.5674],[-79.2239,35.5508],[-79.1999,35.5586],[-79.2012,35.5762],[-79.1868,35.5799],[-79.142,35.6231],[-79.1192,35.6283],[-79.0687,35.6089],[-79.0526,35.5961],[-79.0456,35.5684],[-79.024,35.5484],[-78.9908,35.5402],[-78.9696,35.5217],[-79.1836,35.3072],[-79.2733,35.3523],[-79.2896,35.4004],[-79.3302,35.4246],[-79.3267,35.4349],[-79.3599,35.4775]]]}},{"type":"Feature","properties":{"county_fips":"36093","county_name":"Schenectady","state":"NY"},"geometry":{"type":"Polygon","coordinates":[[[-74.3059,42.7515],[-74.2638,42.7556],[-74.2528,42.7635],[-74.2481,42.7869],[-74.2647,42.7997],[-74.2568,42.8122],[-74.0839,42.8974],[-74.093,42.9559],[-74.0556,42.9533],[-74.0065,42.9341],[-73.9555,42.8973],[-73.9044,42.9112],[-73.8959,42.8511],[-73.8818,42.8509],[-73.8759,42.8343],[-73.8277,42.7838],[-73.8094,42.7789],[-74.1803,42.73],[-74.1843,42.7125],[-74.2027,42.7108],[-74.2398,42.7189],[-74.2723,42.7143],[-74.3059,42.7515]]]}},{"type":"Feature","properties":{"county_fips":"37135","county_name":"Orange","state":"NC"},"geometry":{"type":"Polygon","coordinates":[[[-79.2684,35.9109],[-79.258,36.2434],[-78.9506,36.2393],[-79.0163,35.8632],[-79.0819,35.8608],[-79.2495,35.8768],[-79.2569,35.9021],[-79.2684,35.9109]]]}},{"type":"Feature","properties":{"county_fips":"37061","county_name":"Duplin","state":"NC"},"geometry":{"type":"Polygon","coordinates":[[[-78.1985,34.742],[-78.1471,34.9025],[-78.1598,35.0798],[-78.1718,35.0935],[-78.1634,35.1897],[-78.0774,35.1751],[-78.0445,35.1925],[-78.0202,35.1937],[-77.984,35.1836],[-77.9701,35.1659],[-77.926,35.173],[-77.8917,35.1466],[-77.8889,35.1599],[-77.8342,35.1778],[-77.7692,35.1456],[-77.7496,35.1086],[-77.746,35.0223],[-77.6748,34.9739],[-77.6801,34.9711],[-77.6534,34.9405],[-77.6511,34.9235],[-77.6772,34.7981],[-77.6801,34.7206],[-77.938,34.7232],[-77.952,34.7147],[-77.9614,34.7199],[-77.9812,34.714],[-78.0127,34.7326],[-78.0307,34.7248],[-78.1024,34.7254],[-78.1352,34.7102],[-78.1985,34.742]]]}},{"type":"Feature","properties":{"county_fips":"42107","county_name":"Schuylkill","state":"PA"},"geometry":{"type":"Polygon","coordinates":[[[-76.7005,40.6631],[-76.3072,40.8018],[-76.2846,40.8836],[-76.2078,40.9497],[-76.028,40.9023],[-75.9976,40.9133],[-75.886,40.8163],[-75.7578,40.7354],[-75.8083,40.7073],[-75.9932,40.6397],[-76.0186,40.5738],[-76.045,40.5838],[-76.0509,40.5752],[-76.0653,40.5797],[-76.0796,40.5661],[-76.1347,40.5535],[-76.1716,40.5349],[-76.256,40.5171],[-76.3382,40.5155],[-76.4186,40.4956],[-76.4402,40.496],[-76.7005,40.6631]]]}},{"type":"Feature","properties":{"county_fips":"37037","county_name":"Chatham","state":"NC"},"geometry":{"type":"Polygon","coordinates":[[[-79.5558,35.515],[-79.5424,35.8433],[-79.2373,35.8442],[-79.2504,35.857],[-79.2495,35.8768],[-79.0819,35.8608],[-78.9061,35.8681],[-78.9094,35.843],[-78.995,35.6102],[-78.9161,35.5841],[-78.9696,35.5217],[-78.9908,35.5402],[-79.024,35.5484],[-79.0456,35.5684],[-79.0526,35.5961],[-79.0687,35.6089],[-79.1192,35.6283],[-79.142,35.6231],[-79.1868,35.5799],[-79.2012,35.5762],[-79.1999,35.5586],[-79.2239,35.5508],[-79.2205,35.5674],[-79.2446,35.5693],[-79.2452,35.553],[-79.2676,35.5327],[-79.2901,35.5397],[-79.2821,35.5515],[-79.287,35.5551],[-79.3239,35.5438],[-79.3121,35.5305],[-79.3501,35.518],[-79.5558,35.515]]]}},{"type":"Feature","properties":{"county_fips":"12085","county_name":"Martin","state":"FL"},"geometry":{"type":"Polygon","coordinates":[[[-80.8856,26.9589],[-80.6774,27.1216],[-80.6779,27.206],[-80.2855,27.206],[-80.2851,27.231],[-80.293,27.242],[-80.2853,27.2439],[-80.2848,27.2637],[-80.1994,27.263],[-80.1615,27.1928],[-80.1421,27.1198],[-80.0939,27.0186],[-80.0799,26.9705],[-80.1418,26.9709],[-80.142,26.9566],[-80.8856,26.9589]]]}},{"type":"Feature","properties":{"county_fips":"51700","county_name":"Newport News","state":"VA"},"geometry":{"type":"Polygon","coordinates":[[[-76.6256,37.129],[-76.6044,37.1601],[-76.6074,37.1688],[-76.578,37.1871],[-76.5913,37.2132],[-76.5652,37.2205],[-76.5266,37.1771],[-76.5168,37.1786],[-76.5061,37.1541],[-76.4591,37.101],[-76.4377,37.094],[-76.4513,37.077],[-76.4424,37.0188],[-76.4247,37.0254],[-76.405,36.9936],[-76.3877,36.9897],[-76.411,36.963],[-76.4253,36.9664],[-76.4521,36.9982],[-76.4482,37.0077],[-76.4613,37.0245],[-76.5186,37.0557],[-76.5266,37.0785],[-76.5603,37.1113],[-76.57,37.1084],[-76.5505,37.0815],[-76.5589,37.082],[-76.5571,37.0762],[-76.6256,37.129]]]}},{"type":"Feature","properties":{"county_fips":"37077","county_name":"Granville","state":"NC"},"geometry":{"type":"Polygon","coordinates":[[[-78.8073,36.0883],[-78.7963,36.5417],[-78.4536,36.5405],[-78.4674,36.5318],[-78.4666,36.524],[-78.4978,36.5145],[-78.5042,36.4952],[-78.5112,36.4548],[-78.5083,36.183],[-78.4966,36.1752],[-78.5448,36.0807],[-78.5464,36.0218],[-78.6832,36.0745],[-78.7837,36.07],[-78.7921,36.0853],[-78.8073,36.0883]]]}},{"type":"Feature","properties":{"county_fips":"51550","county_name":"Chesapeake","state":"VA"},"geometry":{"type":"Polygon","coordinates":[[[-76.4915,36.5507],[-76.4575,36.8148],[-76.4204,36.8663],[-76.4015,36.8665],[-76.3835,36.8375],[-76.4037,36.814],[-76.3757,36.7861],[-76.2921,36.7987],[-76.29,36.822],[-76.2747,36.828],[-76.2575,36.8208],[-76.2438,36.8369],[-76.2261,36.8399],[-76.2037,36.7697],[-76.1433,36.757],[-76.0976,36.7161],[-76.0822,36.7124],[-76.0656,36.6855],[-76.0692,36.6775],[-76.122,36.6658],[-76.1223,36.5505],[-76.4915,36.5507]]]}},{"type":"Feature","properties":{"county_fips":"29510","county_name":"St. Louis","state":"MO"},"geometry":{"type":"Polygon","coordinates":[[[-90.3205,38.5942],[-90.3018,38.6556],[-90.2518,38.7189],[-90.2057,38.7418],[-90.1864,38.7615],[-90.1842,38.7743],[-90.1667,38.7723],[-90.2119,38.718],[-90.2092,38.7028],[-90.1864,38.6748],[-90.1777,38.6427],[-90.1918,38.599],[-90.2242,38.5751],[-90.2578,38.532],[-90.307,38.5722],[-90.3205,38.5942]]]}},{"type":"Feature","properties":{"county_fips":"33011","county_name":"Hillsborough","state":"NH"},"geometry":{"type":"Polygon","coordinates":[[[-72.0622,42.9448],[-72.0381,43.1288],[-72.0235,43.1601],[-72.0368,43.1825],[-71.9132,43.2071],[-71.8561,43.1151],[-71.6678,43.1525],[-71.6413,43.0542],[-71.5175,43.0689],[-71.5128,43.0496],[-71.4891,43.0518],[-71.474,43.0353],[-71.4548,43.044],[-71.45,43.0201],[-71.3924,43.0093],[-71.3754,42.9393],[-71.4512,42.9304],[-71.4271,42.8248],[-71.3872,42.8236],[-71.3607,42.799],[-71.3644,42.7852],[-71.3531,42.7833],[-71.351,42.7722],[-71.2601,42.7557],[-71.2455,42.7426],[-71.2942,42.697],[-71.929,42.7122],[-71.9443,42.7884],[-71.9747,42.7894],[-72.0062,42.9438],[-72.0622,42.9448]]]}},{"type":"Feature","properties":{"county_fips":"17091","county_name":"Kankakee","state":"IL"},"geometry":{"type":"Polygon","coordinates":[[[-88.2515,41.1142],[-88.2409,41.1144],[-88.2441,41.2016],[-88.0118,41.2055],[-88.0139,41.2924],[-87.5267,41.2981],[-87.5263,41.0103],[-88.2473,40.9946],[-88.2515,41.1142]]]}},{"type":"Feature","properties":{"county_fips":"51021","county_name":"Bland","state":"VA"},"geometry":{"type":"Polygon","coordinates":[[[-81.462,37.0362],[-81.3993,37.0577],[-81.3779,37.0536],[-81.3438,37.0621],[-81.2707,37.0924],[-81.2613,37.1147],[-81.2652,37.1254],[-81.3281,37.1389],[-81.333,37.1491],[-81.2639,37.173],[-81.2847,37.2157],[-81.2436,37.2241],[-81.167,37.2629],[-81.0948,37.2826],[-80.9796,37.3023],[-80.9801,37.2927],[-81.0145,37.2754],[-80.894,37.1794],[-80.8713,37.1938],[-80.8615,37.1785],[-80.8811,37.1711],[-80.8546,37.1475],[-80.8962,37.123],[-80.9306,37.1151],[-80.9127,37.0733],[-81.1143,37.0226],[-81.1311,37.0381],[-81.1789,37.0251],[-81.2025,37.0424],[-81.2246,37.0478],[-81.2865,37.019],[-81.348,36.9675],[-81.3705,36.9657],[-81.3794,36.9524],[-81.462,37.0362]]]}},{"type":"Feature","properties":{"county_fips":"51079","county_name":"Greene","state":"VA"},"geometry":{"type":"Polygon","coordinates":[[[-78.6613,38.2804],[-78.6512,38.2935],[-78.6343,38.292],[-78.6027,38.3069],[-78.5875,38.3248],[-78.5531,38.3348],[-78.5445,38.3625],[-78.5228,38.3695],[-78.5151,38.3937],[-78.4932,38.4063],[-78.4528,38.4755],[-78.4351,38.4518],[-78.4408,38.4097],[-78.4236,38.3827],[-78.4276,38.3636],[-78.3831,38.3187],[-78.3658,38.3174],[-78.3576,38.3006],[-78.3665,38.2958],[-78.3485,38.2885],[-78.3503,38.278],[-78.3195,38.2688],[-78.2953,38.2769],[-78.2885,38.2723],[-78.369,38.1841],[-78.6613,38.2804]]]}},{"type":"Feature","properties":{"county_fips":"51760","county_name":"Richmond","state":"VA"},"geometry":{"type":"Polygon","coordinates":[[[-77.6012,37.5452],[-77.5848,37.5585],[-77.5298,37.5592],[-77.5259,37.5682],[-77.5475,37.5725],[-77.5439,37.5813],[-77.532,37.5826],[-77.5326,37.5918],[-77.4824,37.5731],[-77.4725,37.5787],[-77.4781,37.5989],[-77.4476,37.6028],[-77.4376,37.5987],[-77.4393,37.5855],[-77.4133,37.58],[-77.4117,37.5523],[-77.3951,37.5494],[-77.3932,37.5373],[-77.3855,37.5352],[-77.3939,37.5261],[-77.3874,37.5171],[-77.3943,37.5149],[-77.3939,37.505],[-77.4165,37.5171],[-77.4228,37.4961],[-77.4189,37.4466],[-77.4594,37.4643],[-77.4913,37.4564],[-77.5141,37.4759],[-77.5286,37.5319],[-77.545,37.5281],[-77.5545,37.543],[-77.5924,37.5329],[-77.6012,37.5452]]]}},{"type":"Feature","properties":{"county_fips":"51135","county_name":"Nottoway","state":"VA"},"geometry":{"type":"Polygon","coordinates":[[[-78.239,37.1252],[-78.2312,37.2962],[-77.7959,37.1926],[-77.8139,37.1697],[-77.8417,37.1698],[-77.8759,37.1479],[-77.9003,37.1439],[-77.8898,36.9888],[-77.9205,36.9827],[-77.9539,36.9912],[-77.9681,36.9873],[-78.0007,37.0245],[-78.0793,37.0105],[-78.1004,37.0252],[-78.1082,37.0221],[-78.1199,37.0355],[-78.1714,37.0545],[-78.1707,37.0762],[-78.1888,37.0735],[-78.193,37.0812],[-78.2243,37.0897],[-78.2307,37.0988],[-78.2257,37.1072],[-78.239,37.1252]]]}},{"type":"Feature","properties":{"county_fips":"17037","county_name":"DeKalb","state":"IL"},"geometry":{"type":"Polygon","coordinates":[[[-88.9387,41.6283],[-88.9397,42.1523],[-88.5887,42.1536],[-88.5883,42.0665],[-88.602,42.0665],[-88.6022,41.6314],[-88.9387,41.6283]]]}},{"type":"Feature","properties":{"county_fips":"40033","county_name":"Cotton","state":"OK"},"geometry":{"type":"Polygon","coordinates":[[[-98.662,34.4059],[-98.6095,34.4061],[-98.6096,34.4206],[-98.505,34.4205],[-98.505,34.4494],[-98.2959,34.449],[-98.2959,34.4635],[-98.244,34.4637],[-98.2441,34.5071],[-98.1392,34.507],[-98.139,34.1418],[-98.1691,34.1142],[-98.2037,34.1177],[-98.231,34.134],[-98.2939,34.133],[-98.3254,34.151],[-98.3656,34.157],[-98.3845,34.146],[-98.3798,34.1312],[-98.395,34.1313],[-98.3998,34.1],[-98.4114,34.1003],[-98.4116,34.0881],[-98.4401,34.0843],[-98.449,34.0735],[-98.4863,34.0626],[-98.5606,34.1236],[-98.5505,34.1322],[-98.5998,34.1606],[-98.61,34.1572],[-98.6097,34.3337],[-98.662,34.3334],[-98.662,34.4059]]]}},{"type":"Feature","properties":{"county_fips":"36027","county_name":"Dutchess","state":"NY"},"geometry":{"type":"Polygon","coordinates":[[[-73.9999,41.4597],[-73.9965,41.5226],[-73.9541,41.5833],[-73.9425,41.6841],[-73.9408,41.7543],[-73.9524,41.788],[-73.9489,41.8486],[-73.9396,41.87],[-73.9644,41.9131],[-73.9334,42.0157],[-73.9296,42.0788],[-73.9078,42.0796],[-73.7109,42.0055],[-73.5271,41.978],[-73.5214,42.05],[-73.4873,42.0496],[-73.5301,41.5272],[-73.9338,41.4883],[-73.9815,41.4389],[-73.9999,41.4597]]]}},{"type":"Feature","properties":{"county_fips":"13043","county_name":"Candler","state":"GA"},"geometry":{"type":"Polygon","coordinates":[[[-82.2546,32.3515],[-82.1879,32.4336],[-82.1811,32.4741],[-82.1483,32.5204],[-82.0798,32.5601],[-81.971,32.5132],[-81.9798,32.5011],[-81.9741,32.47],[-81.9404,32.4361],[-81.9366,32.4227],[-81.9187,32.4154],[-81.9569,32.2862],[-81.9691,32.2688],[-82.2328,32.3188],[-82.2381,32.3444],[-82.2546,32.3515]]]}},{"type":"Feature","properties":{"county_fips":"36035","county_name":"Fulton","state":"NY"},"geometry":{"type":"Polygon","coordinates":[[[-74.7742,43.0823],[-74.7658,43.0901],[-74.7692,43.1141],[-74.7284,43.1252],[-74.7353,43.1429],[-74.7081,43.1497],[-74.7176,43.1653],[-74.6963,43.1735],[-74.713,43.289],[-74.5347,43.2281],[-74.3264,43.2416],[-74.3224,43.2147],[-74.2209,43.2214],[-74.2242,43.2482],[-74.1401,43.254],[-74.0975,42.9829],[-74.5424,42.9855],[-74.7599,43.0474],[-74.7742,43.0823]]]}},{"type":"Feature","properties":{"county_fips":"37067","county_name":"Forsyth","state":"NC"},"geometry":{"type":"Polygon","coordinates":[[[-80.5156,36.088],[-80.5065,36.1086],[-80.463,36.1179],[-80.4394,36.1369],[-80.437,36.1706],[-80.4464,36.2065],[-80.4322,36.218],[-80.4527,36.2417],[-80.4519,36.2615],[-80.0351,36.2572],[-80.0432,36.0108],[-80.1498,36.0268],[-80.2137,36.0268],[-80.2138,35.9971],[-80.3303,35.9965],[-80.33,35.9908],[-80.3943,35.9728],[-80.4212,35.9873],[-80.4135,36.001],[-80.4179,36.0155],[-80.4419,36.0306],[-80.4638,36.0626],[-80.4872,36.0432],[-80.5053,36.0527],[-80.5156,36.088]]]}},{"type":"Feature","properties":{"county_fips":"12109","county_name":"St. Johns","state":"FL"},"geometry":{"type":"Polygon","coordinates":[[[-81.6905,30.0428],[-81.6802,30.1212],[-81.6123,30.1329],[-81.5678,30.1178],[-81.539,30.1199],[-81.5387,30.1037],[-81.4338,30.1055],[-81.4369,30.2523],[-81.3799,30.2529],[-81.309,29.9694],[-81.289,29.9152],[-81.2751,29.8988],[-81.2539,29.7769],[-81.2129,29.6707],[-81.2473,29.6591],[-81.261,29.6691],[-81.2745,29.6527],[-81.3013,29.6501],[-81.3087,29.6421],[-81.3243,29.6535],[-81.3241,29.6256],[-81.5237,29.6224],[-81.5252,29.7595],[-81.5642,29.7985],[-81.599,29.8754],[-81.6084,29.9157],[-81.601,29.956],[-81.6177,29.9766],[-81.6782,30.0122],[-81.6905,30.0428]]]}},{"type":"Feature","properties":{"county_fips":"37069","county_name":"Franklin","state":"NC"},"geometry":{"type":"Polygon","coordinates":[[[-78.5464,36.0218],[-78.5448,36.0807],[-78.4928,36.1839],[-78.4576,36.1637],[-78.4497,36.1691],[-78.4214,36.1645],[-78.4121,36.1696],[-78.3781,36.2351],[-78.3381,36.2344],[-78.307,36.2662],[-78.1935,36.2468],[-78.1732,36.2555],[-78.157,36.2444],[-78.1327,36.2463],[-78.1098,36.2102],[-78.0449,36.2155],[-78.0066,36.2026],[-78.256,35.8181],[-78.2544,35.8291],[-78.278,35.8673],[-78.3072,35.8966],[-78.3285,35.8967],[-78.351,35.9101],[-78.3533,35.9311],[-78.3943,35.9369],[-78.4269,35.975],[-78.5464,36.0218]]]}},{"type":"Feature","properties":{"county_fips":"37097","county_name":"Iredell","state":"NC"},"geometry":{"type":"Polygon","coordinates":[[[-81.1095,35.7766],[-81.0789,35.8028],[-81.0413,35.8579],[-81.0055,35.9583],[-81.0034,35.9967],[-81.0288,36.0457],[-80.9757,36.0588],[-80.6932,36.0513],[-80.7078,35.853],[-80.7716,35.6722],[-80.7398,35.5441],[-80.7372,35.5058],[-80.9067,35.5148],[-80.9473,35.4885],[-80.9613,35.497],[-80.9555,35.5325],[-80.9397,35.5286],[-80.96,35.547],[-80.9535,35.5543],[-80.9557,35.5738],[-80.9336,35.5909],[-80.9433,35.6063],[-80.9255,35.6209],[-80.9534,35.6439],[-80.9667,35.671],[-81.0018,35.7082],[-81.0618,35.7109],[-81.0671,35.7368],[-81.0905,35.7574],[-81.0895,35.7659],[-81.1095,35.7766]]]}},{"type":"Feature","properties":{"county_fips":"23009","county_name":"Hancock","state":"ME"},"geometry":{"type":"MultiPolygon","coordinates":[[[[-68.0344,44.3278],[-68.0291,44.336],[-68.0315,44.3251],[-68.0344,44.3278]]],[[[-68.1038,44.3644],[-68.0971,44.362],[-68.0947,44.3514],[-68.1033,44.3582],[-68.1038,44.3644]]],[[[-68.1382,44.4174],[-68.1261,44.4185],[-68.1178,44.4095],[-68.128,44.4067],[-68.1382,44.4174]]],[[[-68.1401,44.4255],[-68.1347,44.4501],[-68.1249,44.4454],[-68.1339,44.4274],[-68.1401,44.4255]]],[[[-68.1405,44.3768],[-68.1478,44.3924],[-68.1294,44.4048],[-68.1256,44.3871],[-68.1339,44.3793],[-68.1405,44.3768]]],[[[-68.1603,44.4671],[-68.1541,44.465],[-68.1456,44.4574],[-68.1518,44.4583],[-68.1603,44.4671]]],[[[-68.1658,44.4004],[-68.1594,44.4121],[-68.1546,44.4134],[-68.1658,44.4004]]],[[[-68.1765,44.4026],[-68.1784,44.4073],[-68.1758,44.4056],[-68.1765,44.4026]]],[[[-68.182,44.3853],[-68.1787,44.3884],[-68.1779,44.3864],[-68.182,44.3853]]],[[[-68.1917,44.4674],[-68.1739,44.4672],[-68.1663,44.463],[-68.1917,44.4674]]],[[[-68.1917,44.3988],[-68.1948,44.4016],[-68.1909,44.4012],[-68.1917,44.3988]]],[[[-68.2036,44.2428],[-68.1977,44.2463],[-68.1931,44.239],[-68.199,44.2367],[-68.2036,44.2428]]],[[[-68.2064,44.493],[-68.201,44.494],[-68.1998,44.4917],[-68.2064,44.493]]],[[[-68.2098,44.4739],[-68.2045,44.4774],[-68.2038,44.475],[-68.2098,44.4739]]],[[[-68.211,44.3968],[-68.2026,44.4004],[-68.2022,44.3974],[-68.211,44.3968]]],[[[-68.241,44.2528],[-68.2353,44.2663],[-68.2114,44.2569],[-68.2314,44.2561],[-68.241,44.2528]]],[[[-68.2489,44.1758],[-68.242,44.1767],[-68.2392,44.1746],[-68.2455,44.1702],[-68.2489,44.1758]]],[[[-68.253,44.1551],[-68.2423,44.1574],[-68.2436,44.1428],[-68.2498,44.144],[-68.253,44.1551]]],[[[-68.2701,44.2758],[-68.2483,44.277],[-68.2457,44.2742],[-68.2632,44.2703],[-68.2701,44.2758]]],[[[-68.2706,44.2833],[-68.2656,44.285],[-68.2661,44.2827],[-68.2706,44.2833]]],[[[-68.2747,44.2587],[-68.2506,44.2576],[-68.2431,44.241],[-68.2744,44.2371],[-68.2747,44.2587]]],[[[-68.3041,44.2838],[-68.2934,44.2787],[-68.291,44.2759],[-68.3029,44.277],[-68.3041,44.2838]]],[[[-68.3424,44.1937],[-68.3334,44.2087],[-68.3143,44.1976],[-68.3364,44.1903],[-68.3424,44.1937]]],[[[-68.3452,44.4364],[-68.3372,44.4357],[-68.3345,44.4326],[-68.3417,44.4286],[-68.3452,44.4364]]],[[[-68.354,44.1802],[-68.3483,44.1864],[-68.3348,44.1768],[-68.3488,44.1674],[-68.354,44.1802]]],[[[-68.3642,44.1242],[-68.3634,44.1275],[-68.3615,44.1274],[-68.3642,44.1242]]],[[[-68.3719,44.1379],[-68.3697,44.1454],[-68.3685,44.1391],[-68.3719,44.1379]]],[[[-68.3754,44.1163],[-68.3504,44.1284],[-68.3384,44.1183],[-68.3425,44.1114],[-68.3305,44.1092],[-68.3371,44.1015],[-68.3609,44.1058],[-68.3667,44.0974],[-68.3754,44.1163]]],[[[-68.376,44.1874],[-68.3603,44.1988],[-68.3498,44.1954],[-68.3704,44.1802],[-68.376,44.1874]]],[[[-68.3834,44.1418],[-68.3771,44.1448],[-68.3809,44.1391],[-68.3834,44.1418]]],[[[-68.3906,44.4033],[-68.3892,44.4133],[-68.3842,44.4063],[-68.3906,44.4033]]],[[[-68.4037,44.1077],[-68.4046,44.1114],[-68.4013,44.1113],[-68.4037,44.1077]]],[[[-68.4366,44.2919],[-68.4301,44.2882],[-68.4321,44.2859],[-68.4366,44.2919]]],[[[-68.4562,44.3118],[-68.4482,44.312],[-68.4489,44.2975],[-68.4558,44.2998],[-68.4562,44.3118]]],[[[-68.4569,44.3443],[-68.4501,44.3573],[-68.4208,44.3752],[-68.4146,44.3572],[-68.4272,44.3506],[-68.4318,44.3242],[-68.4457,44.3249],[-68.4422,44.3367],[-68.4521,44.3362],[-68.4569,44.3443]]],[[[-68.4612,44.2601],[-68.455,44.2589],[-68.4534,44.2562],[-68.4584,44.2542],[-68.4612,44.2601]]],[[[-68.4698,44.2131],[-68.4679,44.2162],[-68.465,44.2099],[-68.4698,44.2131]]],[[[-68.4701,44.2016],[-68.4648,44.207],[-68.4538,44.2017],[-68.4592,44.1977],[-68.4701,44.2016]]],[[[-68.4778,44.102],[-68.4727,44.103],[-68.4698,44.1014],[-68.473,44.0982],[-68.4778,44.102]]],[[[-68.4826,44.2278],[-68.476,44.2312],[-68.4676,44.2247],[-68.4795,44.2198],[-68.4826,44.2278]]],[[[-68.4907,44.2027],[-68.4814,44.2169],[-68.4712,44.2073],[-68.4783,44.1981],[-68.4907,44.2027]]],[[[-68.4933,44.2826],[-68.4693,44.2705],[-68.4688,44.2635],[-68.4866,44.2691],[-68.4933,44.2826]]],[[[-68.5038,44.1456],[-68.4978,44.1431],[-68.501,44.1416],[-68.5038,44.1456]]],[[[-68.5012,44.154],[-68.487,44.1707],[-68.4779,44.1608],[-68.4802,44.1808],[-68.4515,44.1916],[-68.4482,44.1729],[-68.4358,44.1681],[-68.4218,44.1749],[-68.4244,44.1908],[-68.3833,44.1558],[-68.3929,44.1542],[-68.3939,44.141],[-68.4385,44.1162],[-68.4579,44.1396],[-68.4558,44.1603],[-68.476,44.1546],[-68.484,44.1426],[-68.5012,44.154]]],[[[-68.5177,44.1047],[-68.507,44.1272],[-68.4909,44.1234],[-68.4905,44.112],[-68.5036,44.0966],[-68.5177,44.1047]]],[[[-68.5304,44.3336],[-68.5186,44.381],[-68.5014,44.3823],[-68.4788,44.3196],[-68.4914,44.3118],[-68.5002,44.3232],[-68.5251,44.324],[-68.5304,44.3336]]],[[[-68.5449,44.2203],[-68.5499,44.2284],[-68.5283,44.2252],[-68.5449,44.2203]]],[[[-68.5646,44.2119],[-68.5679,44.2177],[-68.5596,44.2131],[-68.5646,44.2119]]],[[[-68.5851,44.1425],[-68.5825,44.1495],[-68.5787,44.1482],[-68.5851,44.1425]]],[[[-68.5872,44.2264],[-68.5815,44.2324],[-68.576,44.2293],[-68.5872,44.2264]]],[[[-68.595,44.1423],[-68.5953,44.1464],[-68.5934,44.1452],[-68.595,44.1423]]],[[[-68.6069,44.176],[-68.5967,44.1776],[-68.5968,44.1756],[-68.6069,44.176]]],[[[-68.6103,44.1431],[-68.6024,44.1421],[-68.6015,44.1387],[-68.6055,44.1355],[-68.6103,44.1431]]],[[[-68.6212,44.1506],[-68.6133,44.1576],[-68.6096,44.1482],[-68.6176,44.1454],[-68.6212,44.1506]]],[[[-68.6236,44.1406],[-68.6176,44.1423],[-68.6171,44.1367],[-68.6236,44.1406]]],[[[-68.6274,44.1252],[-68.6188,44.1303],[-68.6081,44.1286],[-68.619,44.1195],[-68.6274,44.1252]]],[[[-68.6345,44.1361],[-68.6269,44.1353],[-68.6269,44.1338],[-68.6345,44.1361]]],[[[-68.6338,44.145],[-68.6309,44.1529],[-68.6238,44.1479],[-68.6338,44.145]]],[[[-68.6398,44.1236],[-68.6338,44.13],[-68.6297,44.1288],[-68.6398,44.1236]]],[[[-68.6445,44.131],[-68.6447,44.136],[-68.6412,44.1355],[-68.6445,44.131]]],[[[-68.644,44.1486],[-68.6478,44.152],[-68.6407,44.1527],[-68.644,44.1486]]],[[[-68.6554,44.1459],[-68.6485,44.1455],[-68.649,44.143],[-68.6526,44.1411],[-68.6554,44.1459]]],[[[-68.6579,44.1289],[-68.6514,44.1297],[-68.6504,44.1281],[-68.6516,44.1264],[-68.6579,44.1289]]],[[[-68.686,44.2859],[-68.6834,44.2877],[-68.6834,44.2858],[-68.686,44.2859]]],[[[-68.6863,44.2721],[-68.6857,44.2771],[-68.6845,44.2724],[-68.6863,44.2721]]],[[[-68.7316,44.2227],[-68.6951,44.2356],[-68.6973,44.2471],[-68.6787,44.2647],[-68.6797,44.2778],[-68.6706,44.2799],[-68.6547,44.263],[-68.6248,44.2587],[-68.6092,44.2445],[-68.6026,44.223],[-68.5824,44.2199],[-68.5649,44.2056],[-68.5634,44.1942],[-68.5794,44.1853],[-68.601,44.192],[-68.5886,44.1978],[-68.6024,44.2104],[-68.6205,44.2002],[-68.6145,44.1809],[-68.6279,44.1697],[-68.6433,44.1734],[-68.6414,44.1579],[-68.668,44.1523],[-68.6662,44.135],[-68.6819,44.1382],[-68.6982,44.1581],[-68.7091,44.1574],[-68.7046,44.1642],[-68.7103,44.1681],[-68.7206,44.1668],[-68.7129,44.1965],[-68.7317,44.2022],[-68.7172,44.2128],[-68.7316,44.2227]]],[[[-68.7432,44.3015],[-68.7338,44.3086],[-68.6864,44.2839],[-68.702,44.271],[-68.7432,44.3015]]],[[[-68.7485,44.299],[-68.7475,44.3007],[-68.7477,44.2991],[-68.7485,44.299]]],[[[-68.7575,44.2706],[-68.7393,44.269],[-68.7305,44.2627],[-68.754,44.2626],[-68.7575,44.2706]]],[[[-68.7607,44.2398],[-68.76,44.2477],[-68.7498,44.2429],[-68.7607,44.2398]]],[[[-68.7873,44.2114],[-68.7744,44.2194],[-68.7676,44.2173],[-68.78,44.201],[-68.7873,44.2114]]],[[[-68.7952,44.2805],[-68.7937,44.287],[-68.7852,44.2841],[-68.7952,44.2805]]],[[[-68.7994,44.2359],[-68.788,44.2348],[-68.7812,44.2263],[-68.7971,44.2238],[-68.7994,44.2359]]],[[[-68.8135,44.2947],[-68.8044,44.2935],[-68.8004,44.2887],[-68.8135,44.2947]]],[[[-68.8192,44.2904],[-68.8228,44.2931],[-68.8175,44.2933],[-68.8192,44.2904]]],[[[-68.8294,44.261],[-68.8244,44.2622],[-68.8163,44.2584],[-68.8239,44.2571],[-68.8294,44.261]]],[[[-68.8304,44.2168],[-68.826,44.2202],[-68.8249,44.2261],[-68.8223,44.2182],[-68.8304,44.2168]]],[[[-68.8314,44.2337],[-68.8234,44.2423],[-68.8156,44.2378],[-68.8187,44.2264],[-68.8314,44.2337]]],[[[-68.8475,44.6215],[-68.8316,44.6516],[-68.8121,44.6693],[-68.8158,44.6838],[-68.786,44.6867],[-68.7851,44.6784],[-68.7663,44.6757],[-68.7719,44.6644],[-68.744,44.6606],[-68.7269,44.6961],[-68.6909,44.7217],[-68.6471,44.7036],[-68.6167,44.741],[-68.4452,44.763],[-68.5011,44.9807],[-68.3759,44.9974],[-68.3969,45.0833],[-68.2705,45.1001],[-68.3037,45.2215],[-68.055,45.2526],[-67.9819,44.9559],[-68.105,44.9391],[-68.0346,44.6741],[-68.0161,44.6767],[-67.9936,44.5922],[-68.0172,44.5891],[-67.9914,44.5028],[-67.973,44.4886],[-67.9928,44.4608],[-68.0094,44.4654],[-68.0241,44.4825],[-68.0275,44.4681],[-68.0146,44.454],[-68.0041,44.4552],[-67.9906,44.4443],[-67.9816,44.4491],[-67.9716,44.4109],[-67.9588,44.3988],[-67.9837,44.3844],[-68.0075,44.4131],[-68.0115,44.4033],[-68.0232,44.4082],[-68.0142,44.3859],[-68.0256,44.3759],[-68.0255,44.3566],[-68.0434,44.3598],[-68.0448,44.3346],[-68.0604,44.332],[-68.0761,44.3479],[-68.0776,44.3885],[-68.0933,44.3902],[-68.0878,44.3768],[-68.093,44.3709],[-68.1038,44.3851],[-68.1014,44.3951],[-68.1123,44.4016],[-68.1213,44.4789],[-68.1394,44.4785],[-68.1451,44.482],[-68.1415,44.492],[-68.1618,44.5012],[-68.1672,44.4839],[-68.1544,44.4788],[-68.171,44.4702],[-68.1946,44.4719],[-68.1805,44.475],[-68.1969,44.4934],[-68.1988,44.5171],[-68.2114,44.5201],[-68.23,44.4791],[-68.2238,44.4655],[-68.2644,44.4873],[-68.268,44.4715],[-68.2941,44.4717],[-68.2839,44.4589],[-68.268,44.4613],[-68.2806,44.4516],[-68.2982,44.4498],[-68.3231,44.4623],[-68.3293,44.4498],[-68.355,44.4581],[-68.3545,44.444],[-68.3673,44.4311],[-68.3379,44.4219],[-68.3189,44.4443],[-68.2943,44.433],[-68.2685,44.4398],[-68.2474,44.4333],[-68.243,44.4201],[-68.25,44.4148],[-68.2155,44.3905],[-68.2035,44.3924],[-68.1845,44.3691],[-68.1736,44.3284],[-68.1827,44.3287],[-68.1889,44.3073],[-68.1955,44.311],[-68.2309,44.2878],[-68.2392,44.2958],[-68.2423,44.2882],[-68.2767,44.2911],[-68.2813,44.3022],[-68.2863,44.2964],[-68.2802,44.2865],[-68.3172,44.2943],[-68.32,44.288],[-68.3096,44.2778],[-68.3136,44.2703],[-68.2986,44.2666],[-68.291,44.2461],[-68.3176,44.2251],[-68.3395,44.2229],[-68.3517,44.2371],[-68.3646,44.2264],[-68.3698,44.2433],[-68.4073,44.2567],[-68.4197,44.2746],[-68.4082,44.2816],[-68.4237,44.2839],[-68.4309,44.3126],[-68.409,44.3256],[-68.4097,44.3406],[-68.4169,44.3334],[-68.4215,44.3378],[-68.3966,44.3639],[-68.398,44.3762],[-68.3862,44.3849],[-68.3773,44.3822],[-68.373,44.3931],[-68.3603,44.3897],[-68.3543,44.4005],[-68.3685,44.4206],[-68.3928,44.4353],[-68.3926,44.4181],[-68.4132,44.3995],[-68.4308,44.397],[-68.4294,44.4644],[-68.4218,44.4708],[-68.4253,44.4983],[-68.4372,44.4827],[-68.4669,44.4903],[-68.4731,44.4867],[-68.4584,44.4538],[-68.4712,44.4403],[-68.4584,44.4201],[-68.4622,44.3794],[-68.4787,44.3789],[-68.4833,44.3882],[-68.4728,44.4041],[-68.4805,44.4306],[-68.4733,44.4459],[-68.4798,44.4542],[-68.4997,44.4142],[-68.5166,44.4126],[-68.5278,44.3985],[-68.5551,44.4037],[-68.5664,44.3945],[-68.5454,44.355],[-68.5632,44.333],[-68.5662,44.313],[-68.5501,44.2919],[-68.5363,44.2913],[-68.5386,44.2999],[-68.5309,44.3004],[-68.5323,44.2863],[-68.519,44.2652],[-68.5192,44.2591],[-68.5392,44.2623],[-68.5553,44.2739],[-68.5532,44.2589],[-68.533,44.2543],[-68.5225,44.237],[-68.5228,44.2281],[-68.5346,44.2293],[-68.552,44.2364],[-68.5508,44.2461],[-68.6246,44.2792],[-68.619,44.2936],[-68.6243,44.3021],[-68.6323,44.2864],[-68.6795,44.3031],[-68.6894,44.2967],[-68.697,44.3088],[-68.7393,44.3332],[-68.7878,44.3182],[-68.7951,44.3079],[-68.8272,44.3122],[-68.8196,44.3267],[-68.8254,44.3345],[-68.8216,44.352],[-68.8097,44.374],[-68.821,44.3838],[-68.8213,44.3937],[-68.8118,44.3993],[-68.8218,44.4089],[-68.7975,44.451],[-68.7833,44.4471],[-68.7868,44.4634],[-68.7778,44.4948],[-68.8035,44.5289],[-68.8061,44.5536],[-68.7983,44.5681],[-68.8116,44.5737],[-68.8475,44.6215]]],[[[-68.8523,44.2287],[-68.8492,44.2361],[-68.8482,44.2293],[-68.8523,44.2287]]],[[[-68.8601,44.2559],[-68.8602,44.2609],[-68.8589,44.2606],[-68.8601,44.2559]]]]}},{"type":"Feature","properties":{"county_fips":"37187","county_name":"Washington","state":"NC"},"geometry":{"type":"Polygon","coordinates":[[[-76.8473,35.72],[-76.8174,35.7481],[-76.8035,35.7839],[-76.793,35.7899],[-76.8026,35.8052],[-76.7827,35.8242],[-76.7892,35.8376],[-76.7806,35.8539],[-76.7391,35.8766],[-76.72,35.9173],[-76.7014,35.923],[-76.693,35.9424],[-76.6624,35.9321],[-76.5538,35.9402],[-76.3996,35.9821],[-76.3749,35.9554],[-76.3822,35.9482],[-76.3662,35.9348],[-76.38,35.9147],[-76.3536,35.8613],[-76.4056,35.7863],[-76.406,35.6976],[-76.8446,35.7057],[-76.8473,35.72]]]}},{"type":"Feature","properties":{"county_fips":"12035","county_name":"Flagler","state":"FL"},"geometry":{"type":"Polygon","coordinates":[[[-81.5237,29.6224],[-81.3241,29.6256],[-81.3243,29.6535],[-81.3087,29.6421],[-81.3013,29.6501],[-81.2745,29.6527],[-81.261,29.6691],[-81.2473,29.6591],[-81.2129,29.6707],[-81.1019,29.4271],[-81.1559,29.411],[-81.1501,29.266],[-81.4173,29.2612],[-81.4207,29.3996],[-81.455,29.3897],[-81.4788,29.3991],[-81.4876,29.4483],[-81.5205,29.4965],[-81.5237,29.6224]]]}},{"type":"Feature","properties":{"county_fips":"50025","county_name":"Windham","state":"VT"},"geometry":{"type":"Polygon","coordinates":[[[-73.0081,42.9306],[-72.9971,43.1175],[-72.8682,43.1139],[-72.8621,43.2052],[-72.8516,43.2048],[-72.8481,43.2628],[-72.6854,43.2226],[-72.5491,43.2359],[-72.4338,43.233],[-72.4377,43.2028],[-72.4503,43.1925],[-72.4434,43.1797],[-72.4526,43.1721],[-72.4571,43.1485],[-72.433,43.1197],[-72.4431,43.1008],[-72.4353,43.0835],[-72.4674,43.0526],[-72.4624,43.0256],[-72.4438,43.0062],[-72.4629,42.9969],[-72.4616,42.9829],[-72.4738,42.972],[-72.5322,42.9549],[-72.5244,42.9156],[-72.5328,42.8961],[-72.5528,42.885],[-72.5572,42.853],[-72.5396,42.8048],[-72.5089,42.7799],[-72.5161,42.7659],[-72.4911,42.7725],[-72.4585,42.7269],[-72.9301,42.7392],[-72.9238,42.9274],[-73.0081,42.9306]]]}},{"type":"Feature","properties":{"county_fips":"39113","county_name":"Montgomery","state":"OH"},"geometry":{"type":"Polygon","coordinates":[[[-84.4854,39.9185],[-84.1577,39.923],[-84.1672,39.9114],[-84.1572,39.886],[-84.051,39.8798],[-84.0551,39.8362],[-84.0929,39.8383],[-84.1142,39.5782],[-84.2863,39.5896],[-84.4792,39.591],[-84.4854,39.9185]]]}},{"type":"Feature","properties":{"county_fips":"37071","county_name":"Gaston","state":"NC"},"geometry":{"type":"Polygon","coordinates":[[[-81.4556,35.4198],[-80.9549,35.4001],[-80.9575,35.391],[-80.9856,35.3811],[-80.9837,35.3684],[-80.9733,35.3642],[-80.9613,35.3755],[-80.923,35.3599],[-80.9436,35.3506],[-80.9727,35.3503],[-81.0009,35.3054],[-81.0151,35.2687],[-81.0083,35.2481],[-81.0141,35.222],[-81.0024,35.1808],[-81.0095,35.1531],[-81.0314,35.1484],[-81.328,35.1634],[-81.3217,35.2604],[-81.3557,35.2805],[-81.3666,35.3149],[-81.3567,35.3306],[-81.3989,35.3531],[-81.4556,35.4198]]]}},{"type":"Feature","properties":{"county_fips":"12043","county_name":"Glades","state":"FL"},"geometry":{"type":"Polygon","coordinates":[[[-81.5657,26.7696],[-81.5625,27.0337],[-81.3427,27.0323],[-81.3418,27.0397],[-81.333,27.0396],[-81.333,27.0324],[-81.2672,27.0325],[-81.2677,27.1211],[-81.1683,27.1217],[-81.1691,27.2096],[-80.9618,27.2108],[-80.9064,27.189],[-80.91,27.1746],[-80.8905,27.1642],[-80.8785,27.1688],[-80.8712,27.155],[-80.8856,26.9589],[-80.9453,26.7691],[-81.4346,26.7688],[-81.4371,26.7835],[-81.4593,26.7835],[-81.4595,26.7689],[-81.5657,26.7696]]]}}]}