{"type":"FeatureCollection","features":[{"type":"Feature","properties":{"county_fips":"01069","county_name":"Houston","state":"AL"},"geometry":{"type":"Polygon","coordinates":[[[-85.7121,31.1973],[-85.6923,31.2106],[-85.6891,31.2361],[-85.6779,31.2402],[-85.6751,31.2556],[-85.66,31.2709],[-85.603,31.2724],[-85.5461,31.2539],[-85.4862,31.2459],[-85.4854,31.2871],[-85.4171,31.2862],[-85.4174,31.315],[-85.0877,31.3087],[-85.0932,31.2897],[-85.1146,31.2773],[-85.0968,31.2257],[-85.1075,31.1865],[-85.0985,31.1802],[-85.1002,31.1655],[-85.0766,31.1569],[-85.0547,31.1208],[-85.0356,31.1082],[-84.9996,31.0091],[-85.0025,31.0007],[-85.4883,30.9971],[-85.4858,31.1999],[-85.7121,31.1973]]]}},{"type":"Feature","properties":{"county_fips":"01113","county_name":"Russell","state":"AL"},"geometry":{"type":"Polygon","coordinates":[[[-85.4274,32.1466],[-85.434,32.4098],[-85.3301,32.4108],[-85.3338,32.4686],[-85.0593,32.473],[-85.0608,32.5092],[-85.0008,32.5102],[-84.9953,32.4532],[-84.9718,32.4428],[-84.963,32.4242],[-84.9811,32.4028],[-84.9687,32.3915],[-84.9834,32.3918],[-84.9886,32.3841],[-84.972,32.3777],[-84.9841,32.3735],[-84.9835,32.3632],[-85.0046,32.3452],[-85.0071,32.3284],[-84.9338,32.2983],[-84.8892,32.2592],[-84.9072,32.249],[-84.9244,32.2498],[-84.9127,32.2433],[-84.9282,32.2199],[-84.9721,32.2183],[-84.9802,32.2078],[-84.9632,32.2022],[-84.9646,32.1952],[-85.0113,32.1805],[-85.0611,32.1341],[-85.0455,32.0869],[-85.056,32.0631],[-85.105,32.0625],[-85.1048,32.0698],[-85.1132,32.0696],[-85.1134,32.0624],[-85.1851,32.0617],[-85.1957,32.0818],[-85.2284,32.1016],[-85.2342,32.1196],[-85.2455,32.1191],[-85.2363,32.1237],[-85.2598,32.1385],[-85.2577,32.1483],[-85.4274,32.1466]]]}},{"type":"Feature","properties":{"county_fips":"12131","county_name":"Walton","state":"FL"},"geometry":{"type":"Polygon","coordinates":[[[-86.3974,30.3787],[-86.3886,30.9942],[-86.035,30.9933],[-86.0376,30.7046],[-85.8444,30.7031],[-85.8658,30.6911],[-85.8673,30.6805],[-85.8755,30.6808],[-85.8756,30.6685],[-85.8671,30.6631],[-85.8906,30.6565],[-85.9152,30.637],[-85.9083,30.6125],[-85.9159,30.5968],[-85.9094,30.598],[-85.9095,30.5869],[-85.8891,30.5815],[-85.8906,30.5638],[-85.8798,30.5562],[-85.8838,30.5078],[-85.8682,30.507],[-85.8598,30.4901],[-85.878,30.4668],[-85.8894,30.4711],[-85.9027,30.4424],[-85.9528,30.4442],[-85.9866,30.4235],[-85.9936,30.4051],[-85.9959,30.2691],[-86.1887,30.3342],[-86.314,30.3664],[-86.3974,30.3787]]]}},{"type":"Feature","properties":{"county_fips":"12047","county_name":"Hamilton","state":"FL"},"geometry":{"type":"Polygon","coordinates":[[[-83.3092,30.6344],[-82.6895,30.5977],[-82.7169,30.5644],[-82.7239,30.5649],[-82.7145,30.5318],[-82.7286,30.5257],[-82.723,30.5174],[-82.7184,30.521],[-82.715,30.5055],[-82.706,30.5042],[-82.7061,30.4924],[-82.6967,30.4894],[-82.7018,30.4777],[-82.6773,30.4719],[-82.6805,30.4615],[-82.6633,30.4521],[-82.6729,30.4486],[-82.6527,30.4294],[-82.647,30.3951],[-82.6654,30.3792],[-82.6623,30.3704],[-82.6869,30.3533],[-82.6815,30.3428],[-82.6899,30.3331],[-82.7164,30.3212],[-82.7246,30.3338],[-82.7454,30.3174],[-82.7633,30.3309],[-82.7885,30.324],[-82.8039,30.3454],[-82.8109,30.337],[-82.8322,30.3468],[-82.8442,30.3409],[-82.8519,30.3569],[-82.8851,30.3653],[-82.8934,30.3746],[-82.8889,30.3861],[-82.9058,30.3881],[-82.9084,30.3801],[-82.9488,30.401],[-82.9559,30.4135],[-83.0042,30.4319],[-83.0079,30.4225],[-83.0343,30.4308],[-83.0706,30.4245],[-83.082,30.4429],[-83.1221,30.4326],[-83.1345,30.4192],[-83.1555,30.4168],[-83.171,30.3852],[-83.18,30.4102],[-83.1948,30.4169],[-83.2062,30.4121],[-83.2094,30.421],[-83.2222,30.4235],[-83.2178,30.4642],[-83.2436,30.473],[-83.2406,30.5059],[-83.2461,30.5125],[-83.2389,30.518],[-83.2473,30.541],[-83.2608,30.5528],[-83.256,30.5622],[-83.2627,30.581],[-83.2566,30.5874],[-83.2691,30.6222],[-83.3092,30.6344]]]}},{"type":"Feature","properties":{"county_fips":"12065","county_name":"Jefferson","state":"FL"},"geometry":{"type":"Polygon","coordinates":[[[-84.076,30.0955],[-84.0747,30.4343],[-84.0415,30.4633],[-84.0412,30.5219],[-83.9774,30.5222],[-83.987,30.5471],[-83.979,30.5506],[-83.998,30.5715],[-84.0077,30.6093],[-84.0075,30.6721],[-83.6117,30.6513],[-83.6121,30.6387],[-83.6044,30.6382],[-83.6042,30.5819],[-83.6207,30.582],[-83.6212,30.5674],[-83.6373,30.5675],[-83.6374,30.5527],[-83.6711,30.5529],[-83.6711,30.538],[-83.7043,30.5381],[-83.7044,30.523],[-83.73,30.5188],[-83.7364,30.5021],[-83.727,30.4877],[-83.7217,30.4344],[-83.7511,30.4076],[-83.7573,30.3855],[-83.7832,30.3789],[-83.79,30.3903],[-83.8046,30.3769],[-83.8076,30.3487],[-83.7871,30.3317],[-83.7925,30.3192],[-83.8157,30.3171],[-83.8203,30.2997],[-83.8377,30.2808],[-83.8797,30.269],[-83.9026,30.2475],[-83.9158,30.2452],[-83.9255,30.1929],[-83.9513,30.1863],[-83.9604,30.1524],[-83.9731,30.146],[-83.9686,30.1362],[-83.9914,30.086],[-83.9965,30.0817],[-84.0015,30.0947],[-84.0243,30.1033],[-84.076,30.0955]]]}},{"type":"Feature","properties":{"county_fips":"13105","county_name":"Elbert","state":"GA"},"geometry":{"type":"Polygon","coordinates":[[[-83.1033,34.1705],[-83.092,34.1905],[-83.0955,34.2025],[-83.078,34.2236],[-83.0188,34.2341],[-82.9884,34.2244],[-82.9964,34.2191],[-82.98,34.2101],[-82.9155,34.2477],[-82.7738,34.2887],[-82.7467,34.2664],[-82.7417,34.2097],[-82.7175,34.1505],[-82.6752,34.1298],[-82.6416,34.0921],[-82.6438,34.0723],[-82.5942,34.0289],[-82.5955,34.0159],[-82.5752,33.9914],[-82.5805,33.9821],[-82.5645,33.9557],[-82.6036,33.98],[-82.625,33.9823],[-82.6397,33.973],[-82.6549,33.9913],[-82.7795,33.9711],[-82.8371,33.9926],[-82.8422,33.9841],[-82.8638,33.9832],[-82.8829,34.0011],[-82.9061,34.0044],[-82.9071,34.0121],[-82.9275,34.0074],[-82.9423,34.015],[-82.9438,34.0228],[-82.9343,34.0275],[-82.9763,34.0432],[-83.005,34.0785],[-83.012,34.0767],[-83.0362,34.0985],[-83.031,34.1133],[-83.0479,34.1211],[-83.0675,34.1548],[-83.1033,34.1705]]]}},{"type":"Feature","properties":{"county_fips":"01087","county_name":"Macon","state":"AL"},"geometry":{"type":"Polygon","coordinates":[[[-86.023,32.42],[-85.9926,32.4301],[-85.9921,32.4525],[-85.9827,32.4394],[-85.9743,32.4463],[-85.9777,32.4539],[-85.9558,32.4407],[-85.93,32.4543],[-85.8799,32.4495],[-85.8745,32.4729],[-85.8527,32.477],[-85.8861,32.4931],[-85.7972,32.4942],[-85.7986,32.5811],[-85.7127,32.5818],[-85.7128,32.5957],[-85.6959,32.5959],[-85.6957,32.582],[-85.6613,32.5823],[-85.6611,32.5679],[-85.4893,32.4969],[-85.4386,32.4971],[-85.4335,32.2346],[-85.8573,32.2325],[-85.8772,32.2487],[-85.8786,32.2658],[-85.8713,32.2734],[-85.8779,32.2915],[-85.8988,32.3052],[-85.8987,32.275],[-85.9193,32.2744],[-85.9543,32.3022],[-85.9668,32.3319],[-85.9913,32.3361],[-85.9942,32.3606],[-86.0146,32.3843],[-86.011,32.4051],[-86.023,32.42]]]}},{"type":"Feature","properties":{"county_fips":"01041","county_name":"Crenshaw","state":"AL"},"geometry":{"type":"Polygon","coordinates":[[[-86.4992,31.5253],[-86.4995,31.6552],[-86.4486,31.6556],[-86.4419,31.7742],[-86.4464,31.8317],[-86.4383,31.8355],[-86.4466,31.8464],[-86.4482,31.9646],[-86.405,31.9638],[-86.406,32.0368],[-86.3964,32.037],[-86.4063,32.0507],[-86.3036,32.0517],[-86.3022,31.9651],[-86.1914,31.9665],[-86.175,31.9306],[-86.1829,31.8324],[-86.1994,31.8079],[-86.1994,31.7904],[-86.1483,31.791],[-86.1471,31.663],[-86.1598,31.6604],[-86.1617,31.6413],[-86.1804,31.622],[-86.1797,31.6164],[-86.1459,31.6177],[-86.144,31.5377],[-86.1568,31.5375],[-86.1566,31.5302],[-86.1948,31.5299],[-86.194,31.4401],[-86.2619,31.4412],[-86.2602,31.4557],[-86.277,31.4556],[-86.2802,31.5285],[-86.2989,31.5285],[-86.3385,31.4876],[-86.3647,31.4871],[-86.3957,31.4507],[-86.3999,31.5271],[-86.4992,31.5253]]]}},{"type":"Feature","properties":{"county_fips":"24005","county_name":"Baltimore","state":"MD"},"geometry":{"type":"MultiPolygon","coordinates":[[[[-76.3241,39.3126],[-76.3245,39.3138],[-76.3214,39.3129],[-76.3241,39.3126]]],[[[-76.3855,39.2476],[-76.3569,39.261],[-76.3438,39.2573],[-76.3715,39.238],[-76.3855,39.2476]]],[[[-76.3934,39.2319],[-76.3944,39.234],[-76.3903,39.2347],[-76.3934,39.2319]]],[[[-76.8956,39.4295],[-76.8943,39.4398],[-76.8873,39.4405],[-76.8918,39.4454],[-76.8764,39.4508],[-76.893,39.4553],[-76.8857,39.4564],[-76.892,39.4618],[-76.8766,39.483],[-76.867,39.4849],[-76.8567,39.5316],[-76.7871,39.7208],[-76.5694,39.7212],[-76.5652,39.6145],[-76.5601,39.5961],[-76.5323,39.5616],[-76.5322,39.544],[-76.5085,39.5238],[-76.4946,39.5266],[-76.4593,39.5072],[-76.4322,39.5066],[-76.4331,39.4883],[-76.3867,39.4597],[-76.3789,39.4454],[-76.3803,39.4248],[-76.3702,39.4153],[-76.3719,39.4051],[-76.3611,39.4003],[-76.3593,39.3814],[-76.3378,39.3733],[-76.3455,39.3583],[-76.3306,39.3354],[-76.3494,39.3392],[-76.3518,39.3265],[-76.3334,39.3241],[-76.3292,39.315],[-76.34,39.3045],[-76.3482,39.3176],[-76.3535,39.3104],[-76.3682,39.3218],[-76.3644,39.3118],[-76.3833,39.2983],[-76.3839,39.3084],[-76.3946,39.3036],[-76.4088,39.3117],[-76.4081,39.3001],[-76.3816,39.2843],[-76.3992,39.2703],[-76.4009,39.249],[-76.4434,39.2559],[-76.4511,39.2467],[-76.4225,39.2325],[-76.3993,39.2387],[-76.3991,39.229],[-76.4425,39.1954],[-76.4495,39.2016],[-76.4468,39.2183],[-76.4625,39.2158],[-76.4615,39.2041],[-76.4957,39.2019],[-76.4974,39.2269],[-76.5126,39.2285],[-76.5183,39.242],[-76.5296,39.2403],[-76.5298,39.3721],[-76.7113,39.3719],[-76.7111,39.2779],[-76.6186,39.2374],[-76.6315,39.2239],[-76.6617,39.2311],[-76.7004,39.213],[-76.7945,39.2666],[-76.7786,39.295],[-76.7965,39.305],[-76.7947,39.3143],[-76.8252,39.3193],[-76.8355,39.312],[-76.875,39.3322],[-76.8823,39.3502],[-76.8734,39.3571],[-76.8913,39.3822],[-76.8734,39.3889],[-76.8855,39.3976],[-76.8789,39.4039],[-76.8844,39.4046],[-76.8814,39.4174],[-76.8745,39.4191],[-76.8956,39.4295]]]]}},{"type":"Feature","properties":{"county_fips":"24015","county_name":"Cecil","state":"MD"},"geometry":{"type":"Polygon","coordinates":[[[-76.2333,39.7213],[-75.7886,39.7222],[-75.7667,39.3775],[-75.7842,39.3825],[-75.8061,39.3753],[-75.8188,39.3823],[-75.8455,39.3677],[-75.8851,39.3608],[-75.957,39.3746],[-75.9811,39.3666],[-75.9951,39.3847],[-76.0399,39.3881],[-76.035,39.402],[-75.9826,39.4353],[-75.9666,39.4628],[-75.9837,39.4707],[-75.996,39.4538],[-76.0123,39.4531],[-75.9949,39.4719],[-75.9805,39.5291],[-75.9623,39.5361],[-75.9692,39.5416],[-75.969,39.5613],[-75.9575,39.565],[-75.9449,39.593],[-75.9577,39.5925],[-75.973,39.5705],[-75.9997,39.5605],[-76.0067,39.5389],[-76.0369,39.5529],[-76.0762,39.5436],[-76.1475,39.6194],[-76.1618,39.6496],[-76.2127,39.6864],[-76.2333,39.7213]]]}},{"type":"Feature","properties":{"county_fips":"34001","county_name":"Atlantic","state":"NJ"},"geometry":{"type":"Polygon","coordinates":[[[-74.9853,39.515],[-74.7362,39.7298],[-74.668,39.6837],[-74.655,39.6271],[-74.64,39.6225],[-74.6348,39.628],[-74.6302,39.6202],[-74.6206,39.6264],[-74.5757,39.5984],[-74.5543,39.5985],[-74.5406,39.5756],[-74.5256,39.5694],[-74.5153,39.5742],[-74.4934,39.5557],[-74.4622,39.5561],[-74.4573,39.5473],[-74.4456,39.5586],[-74.4457,39.5464],[-74.4375,39.5412],[-74.4384,39.5535],[-74.4174,39.5573],[-74.3808,39.4985],[-74.3264,39.5063],[-74.3119,39.4799],[-74.3342,39.451],[-74.334,39.4351],[-74.4236,39.3554],[-74.4599,39.345],[-74.5359,39.3036],[-74.5681,39.2991],[-74.5887,39.3101],[-74.6206,39.2926],[-74.6401,39.296],[-74.6526,39.2886],[-74.6683,39.2977],[-74.6734,39.2892],[-74.6764,39.2973],[-74.6984,39.2893],[-74.7196,39.2986],[-74.7792,39.2992],[-74.7838,39.3072],[-74.8253,39.3054],[-74.8606,39.3194],[-74.8649,39.3385],[-74.852,39.3766],[-74.856,39.424],[-74.9853,39.515]]]}},{"type":"Feature","properties":{"county_fips":"34009","county_name":"Cape May","state":"NJ"},"geometry":{"type":"Polygon","coordinates":[[[-74.9719,38.9406],[-74.9495,39.0156],[-74.8978,39.0988],[-74.8859,39.1436],[-74.8872,39.1588],[-74.9225,39.1888],[-74.9258,39.2188],[-74.8964,39.2351],[-74.8821,39.3084],[-74.8646,39.3244],[-74.8253,39.3054],[-74.7838,39.3072],[-74.7792,39.2992],[-74.7196,39.2986],[-74.6984,39.2893],[-74.6764,39.2973],[-74.6734,39.2892],[-74.6683,39.2977],[-74.6526,39.2886],[-74.6401,39.296],[-74.6206,39.2926],[-74.5887,39.3101],[-74.5681,39.2991],[-74.5488,39.3018],[-74.554,39.2859],[-74.6193,39.2404],[-74.6714,39.1798],[-74.7143,39.1198],[-74.7059,39.1029],[-74.7712,39.0325],[-74.7985,39.0262],[-74.787,39.0022],[-74.7937,38.9941],[-74.8645,38.9404],[-74.8839,38.9424],[-74.9336,38.9285],[-74.9635,38.9312],[-74.9719,38.9406]]]}},{"type":"Feature","properties":{"county_fips":"37047","county_name":"Columbus","state":"NC"},"geometry":{"type":"Polygon","coordinates":[[[-79.0712,34.2993],[-79.0529,34.3146],[-79.0383,34.3135],[-79.0272,34.3529],[-79.009,34.353],[-79.0008,34.3647],[-79.0116,34.3803],[-78.995,34.3926],[-78.9776,34.3903],[-78.9682,34.3973],[-78.9711,34.4277],[-78.9599,34.4428],[-78.9374,34.4551],[-78.9074,34.4557],[-78.869,34.4848],[-78.8252,34.4618],[-78.6676,34.4696],[-78.6564,34.4603],[-78.6594,34.4537],[-78.6468,34.4607],[-78.594,34.4314],[-78.4453,34.3774],[-78.3351,34.3676],[-78.2561,34.3995],[-78.2345,34.3738],[-78.2292,34.379],[-78.2102,34.3684],[-78.2025,34.3533],[-78.1624,34.357],[-78.2546,34.2163],[-78.3743,34.2049],[-78.3668,34.1888],[-78.3916,34.1739],[-78.4227,34.1396],[-78.5029,34.1691],[-78.5452,34.1457],[-78.5388,34.1252],[-78.5551,34.1168],[-78.549,34.1115],[-78.554,34.1041],[-78.5441,34.0999],[-78.5602,34.0921],[-78.5571,34.0618],[-78.5796,34.0516],[-78.5793,34.0369],[-78.5908,34.0272],[-78.6003,34.03],[-78.6406,34.0103],[-78.6241,33.9733],[-78.6484,33.9655],[-78.6422,33.9581],[-78.6504,33.9443],[-79.0712,34.2993]]]}},{"type":"Feature","properties":{"county_fips":"37055","county_name":"Dare","state":"NC"},"geometry":{"type":"MultiPolygon","coordinates":[[[[-75.7268,35.9358],[-75.6911,35.9369],[-75.6595,35.9196],[-75.662,35.9065],[-75.6451,35.9058],[-75.6168,35.8563],[-75.6144,35.8157],[-75.6205,35.8093],[-75.6751,35.8302],[-75.6601,35.8386],[-75.6634,35.8698],[-75.7268,35.9358]]],[[[-75.7325,35.2004],[-75.7006,35.2114],[-75.681,35.2333],[-75.6772,35.2194],[-75.6413,35.2287],[-75.5976,35.257],[-75.5955,35.2693],[-75.5798,35.263],[-75.5218,35.2718],[-75.5137,35.3569],[-75.4952,35.3891],[-75.4833,35.4849],[-75.4861,35.5227],[-75.4761,35.5343],[-75.4687,35.574],[-75.4714,35.6217],[-75.5105,35.7136],[-75.5106,35.7326],[-75.5289,35.7714],[-75.5234,35.7736],[-75.4859,35.6985],[-75.4606,35.577],[-75.4792,35.4834],[-75.4858,35.4007],[-75.5278,35.2277],[-75.6022,35.2326],[-75.7325,35.2004]]],[[[-75.7954,36.2271],[-75.7733,36.2315],[-75.7183,36.1137],[-75.5698,35.8633],[-75.5369,35.7889],[-75.5631,35.7993],[-75.576,35.8231],[-75.5714,35.8311],[-75.6229,35.8923],[-75.6122,35.9053],[-75.6154,35.9264],[-75.6445,35.9644],[-75.6671,35.9714],[-75.6823,35.9958],[-75.7276,36.0034],[-75.7273,36.022],[-75.7106,36.0256],[-75.7064,36.0392],[-75.7152,36.0483],[-75.7371,36.0408],[-75.7519,36.1224],[-75.7459,36.1441],[-75.7724,36.2175],[-75.7856,36.217],[-75.7954,36.2271]]],[[[-76.013,35.6701],[-75.9998,35.694],[-76.0012,35.7253],[-75.9829,35.7726],[-75.9941,35.8125],[-75.976,35.8385],[-75.9881,35.8618],[-75.9805,35.8703],[-75.9861,35.889],[-75.9216,35.9359],[-75.9473,35.9598],[-75.8709,35.9786],[-75.8094,35.9593],[-75.8056,35.9461],[-75.7825,35.9334],[-75.7823,35.9196],[-75.768,35.9119],[-75.7642,35.8924],[-75.7495,35.8841],[-75.7519,35.851],[-75.728,35.8245],[-75.7352,35.7805],[-75.7424,35.7749],[-75.7172,35.6937],[-75.7381,35.682],[-75.7426,35.6996],[-75.7673,35.7056],[-75.7808,35.6884],[-75.7665,35.6771],[-75.7649,35.6564],[-75.7399,35.6446],[-75.7361,35.6255],[-75.7522,35.608],[-75.7851,35.5955],[-75.778,35.5798],[-75.8334,35.5715],[-75.812,35.5833],[-75.8135,35.5917],[-75.8569,35.5877],[-75.8631,35.6094],[-75.8718,35.6106],[-75.8688,35.6299],[-75.892,35.6433],[-75.9013,35.669],[-76.013,35.6701]]]]}},{"type":"Feature","properties":{"county_fips":"37091","county_name":"Hertford","state":"NC"},"geometry":{"type":"Polygon","coordinates":[[[-77.2086,36.2468],[-77.1313,36.4378],[-77.1368,36.4561],[-77.1124,36.4777],[-77.0838,36.4723],[-77.0664,36.4829],[-77.0665,36.497],[-77.0854,36.5],[-77.0834,36.5132],[-77.1484,36.525],[-77.151,36.5405],[-77.1644,36.5463],[-76.914,36.5432],[-76.925,36.5307],[-76.9051,36.5226],[-76.9065,36.5107],[-76.9345,36.4847],[-76.9344,36.4713],[-76.9505,36.471],[-76.9432,36.4095],[-76.9079,36.3907],[-76.8227,36.3644],[-76.7795,36.3625],[-76.6975,36.2978],[-76.6938,36.2822],[-76.7014,36.2837],[-76.6978,36.2717],[-76.7222,36.2438],[-76.9714,36.2381],[-77.2086,36.2468]]]}},{"type":"Feature","properties":{"county_fips":"45013","county_name":"Beaufort","state":"SC"},"geometry":{"type":"Polygon","coordinates":[[[-81.0161,32.2443],[-80.9917,32.2675],[-80.9942,32.2906],[-81.0064,32.3065],[-80.9349,32.3001],[-80.9245,32.3503],[-80.8921,32.3537],[-80.8776,32.3459],[-80.8685,32.3637],[-80.8737,32.3691],[-80.8415,32.3851],[-80.8298,32.4105],[-80.8502,32.4163],[-80.8339,32.4569],[-80.8177,32.4657],[-80.8202,32.4908],[-80.8477,32.5301],[-80.836,32.544],[-80.8315,32.5934],[-80.8697,32.6609],[-80.8302,32.7036],[-80.8079,32.6894],[-80.7875,32.6882],[-80.7873,32.6825],[-80.7783,32.6869],[-80.7727,32.6762],[-80.7686,32.6815],[-80.7656,32.6753],[-80.7449,32.6742],[-80.7392,32.6823],[-80.7285,32.6737],[-80.7216,32.6802],[-80.7033,32.6646],[-80.6711,32.6716],[-80.6689,32.6636],[-80.6843,32.659],[-80.6816,32.6471],[-80.664,32.6457],[-80.6581,32.6376],[-80.674,32.6329],[-80.6751,32.6252],[-80.6544,32.6269],[-80.6598,32.6127],[-80.6254,32.5823],[-80.6099,32.59],[-80.5998,32.581],[-80.5798,32.5843],[-80.5762,32.5778],[-80.5842,32.5677],[-80.5652,32.5655],[-80.566,32.5509],[-80.5515,32.5658],[-80.5365,32.5292],[-80.5178,32.5191],[-80.5029,32.4957],[-80.477,32.4854],[-80.4769,32.4679],[-80.4846,32.461],[-80.4615,32.4129],[-80.4356,32.4125],[-80.4292,32.4055],[-80.4442,32.3549],[-80.454,32.3393],[-80.4636,32.3401],[-80.4533,32.3219],[-80.5762,32.2753],[-80.5885,32.2827],[-80.6237,32.2581],[-80.6454,32.2609],[-80.6448,32.2915],[-80.6885,32.3028],[-80.7081,32.3237],[-80.7336,32.3195],[-80.741,32.3038],[-80.7535,32.3068],[-80.766,32.2926],[-80.7613,32.28],[-80.7424,32.2638],[-80.7301,32.2705],[-80.7178,32.267],[-80.6778,32.2364],[-80.6692,32.2168],[-80.7399,32.1461],[-80.8125,32.1097],[-80.8424,32.1178],[-80.8738,32.0823],[-80.9105,32.0799],[-80.8957,32.1077],[-80.9283,32.1214],[-80.9095,32.1347],[-80.9212,32.1301],[-80.9285,32.1386],[-80.9413,32.1373],[-80.9615,32.1262],[-80.958,32.1377],[-80.969,32.1477],[-80.961,32.1519],[-80.953,32.1416],[-80.9505,32.1613],[-80.9576,32.165],[-80.9486,32.1691],[-80.9618,32.1795],[-80.9693,32.1762],[-80.9624,32.185],[-80.9869,32.1934],[-80.9885,32.1897],[-80.9938,32.188],[-81.0124,32.2182],[-81.0161,32.2443]]]}},{"type":"Feature","properties":{"county_fips":"45051","county_name":"Horry","state":"SC"},"geometry":{"type":"Polygon","coordinates":[[[-79.3388,33.9705],[-79.3285,34.0002],[-79.3151,33.9965],[-79.3072,34.0059],[-79.3076,34.0277],[-79.2478,34.0571],[-79.2396,34.0768],[-79.2481,34.0795],[-79.2501,34.0904],[-79.2301,34.1088],[-79.2209,34.1077],[-79.2189,34.1268],[-79.2058,34.133],[-79.2075,34.1548],[-79.1973,34.1587],[-79.1927,34.1754],[-79.1769,34.1848],[-79.1736,34.1795],[-79.1539,34.2072],[-79.1337,34.2157],[-79.1357,34.2291],[-79.1267,34.2361],[-79.1348,34.241],[-79.1264,34.2573],[-79.0937,34.278],[-79.0861,34.295],[-79.0713,34.2993],[-78.5473,33.8565],[-78.6977,33.808],[-78.7958,33.7551],[-78.9141,33.6616],[-79.0018,33.5727],[-79.1011,33.573],[-79.0998,33.609],[-79.1091,33.6003],[-79.1213,33.6048],[-79.1233,33.6232],[-79.1337,33.6357],[-79.1349,33.6485],[-79.1273,33.6436],[-79.1239,33.6522],[-79.1295,33.6501],[-79.1364,33.6638],[-79.1533,33.6594],[-79.1573,33.6848],[-79.1914,33.7065],[-79.1959,33.7279],[-79.2481,33.7844],[-79.2609,33.8189],[-79.2488,33.8312],[-79.2641,33.8425],[-79.256,33.8654],[-79.2636,33.8925],[-79.2999,33.9038],[-79.3123,33.9182],[-79.3067,33.9239],[-79.3069,33.9348],[-79.317,33.9341],[-79.3116,33.9442],[-79.3334,33.9527],[-79.3301,33.9616],[-79.3388,33.9705]]]}},{"type":"Feature","properties":{"county_fips":"45091","county_name":"York","state":"SC"},"geometry":{"type":"Polygon","coordinates":[[[-81.4923,34.9472],[-81.4758,34.983],[-81.4847,34.9974],[-81.4873,35.0347],[-81.4714,35.0481],[-81.4088,35.0471],[-81.4025,35.1369],[-81.3666,35.1649],[-81.0436,35.1499],[-81.051,35.1317],[-81.039,35.1263],[-81.0328,35.108],[-81.0521,35.0963],[-81.058,35.0732],[-81.0576,35.0624],[-81.0415,35.0447],[-80.935,35.1074],[-80.9062,35.0764],[-80.8996,35.0599],[-80.9059,35.0468],[-80.8973,35.0353],[-80.9095,35.0165],[-80.8857,34.9915],[-80.8847,34.9662],[-80.874,34.9654],[-80.8686,34.9507],[-80.8651,34.9239],[-80.8789,34.901],[-80.8801,34.8715],[-80.8666,34.8485],[-80.8982,34.8208],[-81.4766,34.8226],[-81.4533,34.8463],[-81.4684,34.8652],[-81.4787,34.898],[-81.4701,34.9136],[-81.4773,34.9261],[-81.4735,34.9355],[-81.4923,34.9472]]]}},{"type":"Feature","properties":{"county_fips":"51133","county_name":"Northumberland","state":"VA"},"geometry":{"type":"Polygon","coordinates":[[[-76.6345,37.9685],[-76.6178,38.0004],[-76.5882,38.0051],[-76.5726,38.0269],[-76.5366,38.0209],[-76.5162,38.0262],[-76.4632,38.0051],[-76.4631,37.9963],[-76.4754,37.9922],[-76.4728,37.9842],[-76.443,37.9852],[-76.4404,37.9768],[-76.4291,37.9775],[-76.408,37.9628],[-76.3438,37.9473],[-76.237,37.8905],[-76.2505,37.835],[-76.2661,37.8174],[-76.2805,37.8126],[-76.2849,37.8223],[-76.3066,37.8219],[-76.3122,37.8141],[-76.3076,37.8002],[-76.3165,37.7928],[-76.3153,37.782],[-76.2855,37.7841],[-76.2879,37.7775],[-76.3058,37.7801],[-76.3081,37.7642],[-76.316,37.7636],[-76.3072,37.7313],[-76.3221,37.737],[-76.3203,37.7199],[-76.3032,37.7023],[-76.3036,37.6894],[-76.3135,37.6944],[-76.3125,37.6846],[-76.3318,37.6853],[-76.3743,37.7113],[-76.3618,37.7368],[-76.3681,37.7734],[-76.4011,37.7802],[-76.4196,37.8064],[-76.4187,37.8229],[-76.4296,37.829],[-76.4599,37.8204],[-76.4776,37.8374],[-76.4948,37.8412],[-76.5081,37.8333],[-76.5112,37.8497],[-76.5479,37.8676],[-76.5411,37.8903],[-76.556,37.9315],[-76.6049,37.9482],[-76.6345,37.9685]]]}},{"type":"Feature","properties":{"county_fips":"51107","county_name":"Loudoun","state":"VA"},"geometry":{"type":"Polygon","coordinates":[[[-77.9622,39.0137],[-77.9299,39.0302],[-77.8933,39.0554],[-77.8776,39.078],[-77.8628,39.081],[-77.8438,39.1197],[-77.8222,39.14],[-77.7936,39.2101],[-77.7714,39.2368],[-77.7707,39.2553],[-77.7349,39.3124],[-77.7195,39.3213],[-77.6758,39.3242],[-77.6159,39.3027],[-77.5666,39.3061],[-77.5609,39.2862],[-77.5406,39.2649],[-77.4868,39.2476],[-77.4581,39.2261],[-77.4736,39.2084],[-77.4774,39.1905],[-77.5106,39.1785],[-77.5273,39.1462],[-77.5199,39.1209],[-77.4858,39.1093],[-77.4614,39.0752],[-77.3283,39.0578],[-77.536,38.8474],[-77.5459,38.8466],[-77.5522,38.8866],[-77.5916,38.8967],[-77.6176,38.9306],[-77.6375,38.9417],[-77.9622,39.0137]]]}},{"type":"Feature","properties":{"county_fips":"51143","county_name":"Pittsylvania","state":"VA"},"geometry":{"type":"Polygon","coordinates":[[[-79.7148,36.542],[-79.5941,37.0422],[-79.5643,37.0347],[-79.5595,37.0439],[-79.5426,37.045],[-79.55,37.0531],[-79.5426,37.0516],[-79.4791,37.0064],[-79.4587,37.018],[-79.4833,37.0353],[-79.4895,37.0625],[-79.4447,37.0556],[-79.4052,37.0632],[-79.4047,37.0918],[-79.3875,37.0929],[-79.3711,37.1059],[-79.3827,37.119],[-79.3519,37.1226],[-79.3395,37.1375],[-79.3322,37.1256],[-79.295,37.1048],[-79.2721,37.1116],[-79.2533,37.1329],[-79.2318,37.0989],[-79.2221,37.1014],[-79.2216,37.1162],[-79.213,37.1179],[-79.203,37.1067],[-79.2059,37.0748],[-79.1931,37.0546],[-79.1809,37.0707],[-79.1693,37.067],[-79.1435,37.0759],[-79.1271,37.0899],[-79.1173,37.0863],[-79.1104,37.0679],[-79.0923,37.0615],[-79.2185,36.5415],[-79.3431,36.5412],[-79.3515,36.5512],[-79.3442,36.5637],[-79.3311,36.5685],[-79.3339,36.5733],[-79.3056,36.5696],[-79.3046,36.5823],[-79.3285,36.5826],[-79.331,36.6017],[-79.3512,36.5999],[-79.3547,36.6093],[-79.3649,36.6077],[-79.3694,36.6351],[-79.3981,36.644],[-79.4222,36.6005],[-79.501,36.6181],[-79.5177,36.6061],[-79.4919,36.5809],[-79.4565,36.577],[-79.4623,36.5636],[-79.4721,36.5606],[-79.47,36.541],[-79.7148,36.542]]]}},{"type":"Feature","properties":{"county_fips":"13229","county_name":"Pierce","state":"GA"},"geometry":{"type":"Polygon","coordinates":[[[-82.4172,31.4171],[-82.4018,31.4173],[-82.4015,31.4303],[-82.3448,31.4301],[-82.345,31.4418],[-82.3305,31.4421],[-82.33,31.4571],[-82.3151,31.4571],[-82.315,31.4679],[-82.3009,31.4678],[-82.3004,31.4932],[-82.2697,31.4926],[-82.2696,31.5057],[-82.2558,31.5054],[-82.2559,31.5174],[-82.2388,31.5176],[-82.2393,31.5306],[-82.2266,31.5307],[-82.1551,31.4711],[-82.0979,31.4812],[-82.0582,31.4609],[-82.0528,31.4546],[-82.0575,31.4091],[-82.044,31.3951],[-82.0407,31.3619],[-82.0202,31.3274],[-81.9921,31.308],[-81.9972,31.2886],[-82.0076,31.2756],[-82.1127,31.2714],[-82.1259,31.2583],[-82.1442,31.255],[-82.1398,31.2434],[-82.1519,31.2221],[-82.1756,31.2174],[-82.1932,31.2021],[-82.2255,31.2205],[-82.2685,31.2169],[-82.2837,31.2265],[-82.3147,31.2259],[-82.3185,31.2369],[-82.358,31.2633],[-82.3672,31.2853],[-82.3872,31.2971],[-82.3895,31.3649],[-82.4026,31.365],[-82.4026,31.3788],[-82.417,31.3789],[-82.417,31.3909],[-82.4026,31.3909],[-82.4026,31.4048],[-82.4174,31.405],[-82.4172,31.4171]]]}},{"type":"Feature","properties":{"county_fips":"13261","county_name":"Sumter","state":"GA"},"geometry":{"type":"Polygon","coordinates":[[[-84.4438,31.9676],[-84.4416,32.0421],[-84.433,32.042],[-84.4302,32.1663],[-84.2701,32.1593],[-84.2696,32.1662],[-84.2604,32.1661],[-84.2606,32.1592],[-84.1836,32.1585],[-84.1817,32.2297],[-84.1341,32.228],[-84.1347,32.1854],[-84.0889,32.192],[-84.0741,32.1841],[-84.0492,32.1851],[-84.0276,32.1712],[-84.0335,32.1531],[-84.0091,32.1313],[-84.012,32.1195],[-83.9965,32.1126],[-83.9978,32.1005],[-83.9748,32.0922],[-83.9872,32.0716],[-83.9768,32.0616],[-83.9799,32.044],[-83.9684,32.0461],[-83.9503,32.0154],[-83.9504,31.9972],[-83.9191,31.9231],[-83.9225,31.9097],[-84.3381,31.9162],[-84.3403,31.8728],[-84.4438,31.9676]]]}},{"type":"Feature","properties":{"county_fips":"13021","county_name":"Bibb","state":"GA"},"geometry":{"type":"Polygon","coordinates":[[[-83.8919,32.8484],[-83.7259,32.9449],[-83.7341,32.9524],[-83.7107,32.9528],[-83.7006,32.944],[-83.696,32.9169],[-83.6633,32.8987],[-83.6586,32.8878],[-83.5982,32.8878],[-83.5793,32.8658],[-83.5651,32.8772],[-83.5234,32.8413],[-83.5164,32.8472],[-83.4894,32.8241],[-83.4984,32.8155],[-83.4929,32.8051],[-83.5787,32.7381],[-83.5856,32.7448],[-83.6024,32.7413],[-83.5954,32.7316],[-83.6042,32.7173],[-83.5972,32.712],[-83.6116,32.6949],[-83.6066,32.6735],[-83.5972,32.6669],[-83.6047,32.6606],[-83.6735,32.6768],[-83.701,32.6922],[-83.7394,32.6946],[-83.7606,32.7138],[-83.8083,32.7287],[-83.8412,32.768],[-83.8506,32.7701],[-83.8569,32.7937],[-83.8769,32.8069],[-83.8788,32.8165],[-83.892,32.8196],[-83.8919,32.8484]]]}},{"type":"Feature","properties":{"county_fips":"13151","county_name":"Henry","state":"GA"},"geometry":{"type":"Polygon","coordinates":[[[-84.3542,33.3534],[-84.3536,33.4362],[-84.3232,33.4359],[-84.3234,33.428],[-84.3042,33.4274],[-84.3043,33.4356],[-84.2947,33.4357],[-84.2942,33.4843],[-84.2839,33.4843],[-84.2825,33.5329],[-84.293,33.533],[-84.2926,33.5491],[-84.2637,33.5489],[-84.2636,33.5822],[-84.245,33.5903],[-84.2439,33.5986],[-84.263,33.607],[-84.2626,33.631],[-84.2721,33.6312],[-84.2817,33.6473],[-84.2458,33.6469],[-84.2455,33.6307],[-84.2242,33.6307],[-84.224,33.6466],[-84.1841,33.6462],[-84.1816,33.6292],[-84.131,33.5646],[-84.1063,33.5662],[-84.0523,33.5426],[-84.0562,33.5267],[-84.0445,33.5258],[-84.0543,33.5147],[-84.0419,33.5186],[-84.0429,33.5096],[-84.0301,33.4998],[-84.0372,33.4958],[-83.9492,33.4857],[-83.9229,33.451],[-83.9239,33.4442],[-83.9435,33.4418],[-83.9435,33.4253],[-83.9631,33.4192],[-83.9631,33.4076],[-83.9731,33.4076],[-83.9732,33.3852],[-83.966,33.3851],[-83.9644,33.3752],[-84.0076,33.3683],[-84.0213,33.3569],[-84.0327,33.3616],[-84.0331,33.3428],[-84.0536,33.3295],[-84.0537,33.3177],[-84.0613,33.3097],[-84.0635,33.3176],[-84.073,33.3176],[-84.0737,33.3018],[-84.0861,33.2976],[-84.124,33.3001],[-84.1454,33.3166],[-84.1509,33.313],[-84.1506,33.3356],[-84.2473,33.3358],[-84.2474,33.3526],[-84.3542,33.3534]]]}},{"type":"Feature","properties":{"county_fips":"13195","county_name":"Madison","state":"GA"},"geometry":{"type":"Polygon","coordinates":[[[-83.4024,34.1975],[-83.3679,34.2091],[-83.3283,34.2489],[-83.2976,34.2646],[-83.2865,34.2533],[-83.2504,34.2435],[-83.2028,34.2483],[-83.1727,34.2385],[-83.1134,34.2735],[-83.1158,34.2621],[-83.078,34.2236],[-83.0955,34.2025],[-83.092,34.1905],[-83.1027,34.1686],[-83.0675,34.1548],[-83.0479,34.1211],[-83.031,34.1133],[-83.0362,34.0985],[-83.012,34.0767],[-83.005,34.0785],[-82.9763,34.0432],[-83.0016,34.0309],[-83.0289,34.031],[-83.0489,34.0158],[-83.0913,34.0349],[-83.101,34.0248],[-83.1241,34.0476],[-83.165,34.034],[-83.1932,34.0105],[-83.2187,34.0008],[-83.237,34.0136],[-83.2584,33.9991],[-83.2642,34.0066],[-83.2942,34.0082],[-83.3219,34.0268],[-83.3868,34.0502],[-83.3749,34.0713],[-83.3814,34.0785],[-83.3571,34.1162],[-83.3577,34.1357],[-83.3638,34.1641],[-83.4024,34.1975]]]}},{"type":"Feature","properties":{"county_fips":"13267","county_name":"Tattnall","state":"GA"},"geometry":{"type":"Polygon","coordinates":[[[-82.2337,32.3164],[-82.0253,32.2789],[-81.98,32.0815],[-81.8891,32.0504],[-81.7617,32.0479],[-81.8244,32.0149],[-81.8607,31.9751],[-81.8759,31.9685],[-81.8895,31.9491],[-81.882,31.9183],[-81.895,31.9029],[-81.8925,31.8953],[-81.9125,31.8867],[-81.9223,31.8515],[-81.9453,31.8353],[-81.9564,31.8087],[-81.9799,31.8045],[-81.981,31.7914],[-81.9691,31.7893],[-81.973,31.7837],[-82.0068,31.8],[-82.0166,31.8238],[-82.0261,31.8151],[-82.0415,31.8204],[-82.1155,31.8628],[-82.1078,31.8837],[-82.1118,31.9005],[-82.1195,31.886],[-82.1355,31.8917],[-82.1342,31.908],[-82.1451,31.8981],[-82.1592,31.9039],[-82.1913,31.9005],[-82.1931,31.9068],[-82.225,31.9131],[-82.1952,32.1407],[-82.1819,32.1659],[-82.2137,32.2292],[-82.2098,32.2388],[-82.2274,32.2778],[-82.2337,32.3164]]]}},{"type":"Feature","properties":{"county_fips":"13237","county_name":"Putnam","state":"GA"},"geometry":{"type":"Polygon","coordinates":[[[-83.5458,33.1723],[-83.5337,33.4345],[-83.2799,33.4834],[-83.2749,33.4641],[-83.257,33.4553],[-83.2629,33.4437],[-83.2396,33.4187],[-83.2441,33.399],[-83.2127,33.4004],[-83.2233,33.3796],[-83.1966,33.3959],[-83.1879,33.3925],[-83.1648,33.3556],[-83.1441,33.3399],[-83.1476,33.3084],[-83.204,33.2791],[-83.23,33.2761],[-83.2245,33.266],[-83.2295,33.2563],[-83.239,33.2626],[-83.2535,33.2593],[-83.2526,33.2343],[-83.2625,33.2083],[-83.2738,33.2013],[-83.2741,33.1872],[-83.3182,33.1835],[-83.3182,33.1696],[-83.3283,33.1751],[-83.3306,33.1675],[-83.3544,33.1798],[-83.3636,33.1799],[-83.3635,33.169],[-83.3743,33.172],[-83.3878,33.1854],[-83.4183,33.1773],[-83.4368,33.1858],[-83.5458,33.1723]]]}},{"type":"Feature","properties":{"county_fips":"13219","county_name":"Oconee","state":"GA"},"geometry":{"type":"Polygon","coordinates":[[[-83.647,33.9062],[-83.5374,33.9659],[-83.5083,33.9312],[-83.4383,33.9225],[-83.4219,33.9271],[-83.3734,33.8856],[-83.3662,33.8878],[-83.36,33.8756],[-83.3462,33.8787],[-83.3275,33.8689],[-83.3267,33.8556],[-83.2759,33.848],[-83.3066,33.8114],[-83.2925,33.8105],[-83.2803,33.7597],[-83.2962,33.7431],[-83.2915,33.7343],[-83.4062,33.6983],[-83.4237,33.7151],[-83.445,33.7224],[-83.4581,33.7684],[-83.4795,33.8024],[-83.5027,33.8174],[-83.5332,33.8209],[-83.5733,33.8474],[-83.5906,33.8634],[-83.5836,33.8836],[-83.6264,33.8849],[-83.6389,33.9083],[-83.647,33.9062]]]}},{"type":"Feature","properties":{"county_fips":"13205","county_name":"Mitchell","state":"GA"},"geometry":{"type":"Polygon","coordinates":[[[-84.5081,31.0784],[-84.5001,31.118],[-84.5068,31.1233],[-84.481,31.139],[-84.4826,31.1567],[-84.4202,31.1976],[-84.4201,31.1872],[-84.4129,31.1884],[-84.4043,31.1991],[-84.406,31.2189],[-84.3658,31.2405],[-84.3594,31.2597],[-84.3407,31.2787],[-84.3355,31.2915],[-84.3409,31.3049],[-84.3319,31.3117],[-84.3163,31.3117],[-84.3109,31.324],[-84.2756,31.3298],[-84.2675,31.3416],[-84.2401,31.3384],[-84.2251,31.356],[-84.198,31.3575],[-84.1957,31.3914],[-84.1826,31.3992],[-84.1776,31.3932],[-84.1771,31.4106],[-84.1536,31.4135],[-84.1378,31.4427],[-83.9978,31.4438],[-84.003,31.1119],[-84.0137,31.1118],[-84.0139,31.1024],[-84.0032,31.1023],[-84.0036,31.0773],[-84.5081,31.0784]]]}},{"type":"Feature","properties":{"county_fips":"13201","county_name":"Miller","state":"GA"},"geometry":{"type":"Polygon","coordinates":[[[-84.9224,31.0726],[-84.9174,31.256],[-84.5371,31.2559],[-84.5427,31.079],[-84.6447,31.0795],[-84.6458,31.068],[-84.9224,31.0726]]]}},{"type":"Feature","properties":{"county_fips":"37159","county_name":"Rowan","state":"NC"},"geometry":{"type":"Polygon","coordinates":[[[-80.7716,35.6722],[-80.7078,35.853],[-80.6934,35.8536],[-80.6918,35.8635],[-80.6688,35.8563],[-80.6713,35.8465],[-80.632,35.8457],[-80.6095,35.8231],[-80.5947,35.8274],[-80.5904,35.8171],[-80.5871,35.823],[-80.5743,35.818],[-80.5329,35.7852],[-80.5086,35.7746],[-80.4974,35.783],[-80.4869,35.7663],[-80.4848,35.7756],[-80.4783,35.7748],[-80.4534,35.7345],[-80.3728,35.7165],[-80.3338,35.72],[-80.3241,35.7058],[-80.3344,35.6921],[-80.3306,35.6788],[-80.3073,35.6657],[-80.2883,35.6353],[-80.265,35.6296],[-80.2089,35.5813],[-80.2098,35.5523],[-80.1992,35.5456],[-80.1829,35.5033],[-80.7372,35.5058],[-80.7398,35.5441],[-80.7716,35.6722]]]}},{"type":"Feature","properties":{"county_fips":"37089","county_name":"Henderson","state":"NC"},"geometry":{"type":"Polygon","coordinates":[[[-82.7429,35.4241],[-82.7142,35.4486],[-82.6732,35.4595],[-82.622,35.4357],[-82.6087,35.4433],[-82.5708,35.4311],[-82.5612,35.4432],[-82.5488,35.4443],[-82.5423,35.4313],[-82.5469,35.4252],[-82.5332,35.4164],[-82.5339,35.4444],[-82.4706,35.4452],[-82.4178,35.4744],[-82.3631,35.461],[-82.3693,35.4855],[-82.341,35.4889],[-82.3326,35.5002],[-82.2658,35.4678],[-82.2805,35.4434],[-82.2615,35.3884],[-82.3053,35.3326],[-82.3104,35.3147],[-82.3295,35.3076],[-82.3461,35.286],[-82.3497,35.2443],[-82.3592,35.2445],[-82.3593,35.2283],[-82.3509,35.2283],[-82.3537,35.1922],[-82.3732,35.1822],[-82.3822,35.1896],[-82.384,35.2105],[-82.3929,35.2154],[-82.4197,35.1986],[-82.4396,35.1659],[-82.4571,35.1639],[-82.4516,35.1727],[-82.4601,35.1781],[-82.53,35.1556],[-82.5533,35.1617],[-82.5533,35.1535],[-82.5742,35.1437],[-82.5907,35.162],[-82.6043,35.2589],[-82.6161,35.2601],[-82.6102,35.2882],[-82.624,35.2971],[-82.6192,35.3037],[-82.7429,35.4241]]]}},{"type":"Feature","properties":{"county_fips":"37163","county_name":"Sampson","state":"NC"},"geometry":{"type":"Polygon","coordinates":[[[-78.6718,35.087],[-78.6582,35.0945],[-78.6538,35.1114],[-78.639,35.117],[-78.6519,35.1218],[-78.6347,35.1394],[-78.6399,35.1549],[-78.6328,35.1642],[-78.6389,35.167],[-78.6299,35.1723],[-78.64,35.1859],[-78.6357,35.1917],[-78.6464,35.1986],[-78.6244,35.204],[-78.6332,35.2137],[-78.6195,35.2269],[-78.6171,35.2457],[-78.5846,35.2733],[-78.5835,35.2968],[-78.5383,35.3164],[-78.4919,35.2633],[-78.4118,35.2547],[-78.3066,35.2876],[-78.2462,35.226],[-78.1618,35.2043],[-78.1718,35.0935],[-78.1598,35.0798],[-78.1471,34.9025],[-78.1986,34.7416],[-78.1352,34.7102],[-78.114,34.7218],[-78.1135,34.7072],[-78.1565,34.6791],[-78.2544,34.5536],[-78.2601,34.5566],[-78.2517,34.562],[-78.2663,34.584],[-78.275,34.5814],[-78.2912,34.6005],[-78.3032,34.6005],[-78.3131,34.6259],[-78.3221,34.6285],[-78.3116,34.6416],[-78.3246,34.6497],[-78.325,34.6688],[-78.3469,34.6802],[-78.3493,34.6919],[-78.3734,34.6992],[-78.3686,34.7043],[-78.3823,34.7173],[-78.3794,34.7234],[-78.3919,34.7296],[-78.3907,34.7495],[-78.4245,34.7699],[-78.4498,34.8135],[-78.4592,34.8127],[-78.4658,34.8276],[-78.4877,34.8363],[-78.4952,34.8591],[-78.5131,34.8691],[-78.5127,34.8806],[-78.5469,34.9006],[-78.5435,34.9138],[-78.5623,34.918],[-78.5727,34.9374],[-78.6075,34.9536],[-78.647,34.9923],[-78.645,35.0101],[-78.6593,35.0428],[-78.6545,35.0508],[-78.6718,35.087]]]}},{"type":"Feature","properties":{"county_fips":"45055","county_name":"Kershaw","state":"SC"},"geometry":{"type":"Polygon","coordinates":[[[-80.8792,34.4578],[-80.7433,34.5399],[-80.7377,34.5395],[-80.7456,34.5126],[-80.74,34.48],[-80.7136,34.4873],[-80.6982,34.516],[-80.6891,34.5153],[-80.6584,34.4786],[-80.6452,34.4837],[-80.6456,34.4915],[-80.6322,34.4914],[-80.6281,34.4824],[-80.6227,34.4915],[-80.6296,34.4912],[-80.6296,34.4987],[-80.6136,34.4999],[-80.6104,34.4888],[-80.5958,34.5021],[-80.5794,34.4846],[-80.5489,34.4933],[-80.544,34.5075],[-80.5303,34.5037],[-80.5239,34.5098],[-80.5507,34.56],[-80.4084,34.6148],[-80.3834,34.5922],[-80.3723,34.5468],[-80.3548,34.5311],[-80.3536,34.5209],[-80.3303,34.5095],[-80.3263,34.4374],[-80.3114,34.4243],[-80.3022,34.3998],[-80.2859,34.3941],[-80.284,34.3777],[-80.2869,34.3646],[-80.3251,34.3393],[-80.3638,34.3395],[-80.3658,34.3282],[-80.353,34.3033],[-80.382,34.3052],[-80.4374,34.2845],[-80.4241,34.2507],[-80.433,34.2489],[-80.4308,34.227],[-80.4452,34.206],[-80.4545,34.208],[-80.4646,34.1786],[-80.5801,34.0999],[-80.6185,34.1092],[-80.6162,34.0996],[-80.7036,34.081],[-80.7193,34.069],[-80.8691,34.1829],[-80.7699,34.3771],[-80.7836,34.3888],[-80.7832,34.4065],[-80.7935,34.4133],[-80.8332,34.4148],[-80.8792,34.4578]]]}},{"type":"Feature","properties":{"county_fips":"45027","county_name":"Clarendon","state":"SC"},"geometry":{"type":"Polygon","coordinates":[[[-80.5405,33.629],[-80.5283,33.6367],[-80.5341,33.6439],[-80.4976,33.6743],[-80.4787,33.7143],[-80.4544,33.7135],[-80.4493,33.7375],[-80.4309,33.7383],[-80.4259,33.7241],[-80.4344,33.7119],[-80.392,33.7156],[-80.3971,33.7678],[-80.2712,33.7863],[-80.2554,33.8041],[-80.1954,33.839],[-79.9746,33.9465],[-79.9459,33.886],[-79.8756,33.8852],[-79.9153,33.8186],[-79.9445,33.8102],[-79.9956,33.7679],[-79.9744,33.7216],[-79.9932,33.7045],[-80.1017,33.4969],[-80.1255,33.5024],[-80.1273,33.4933],[-80.1521,33.4854],[-80.1318,33.4634],[-80.1442,33.4641],[-80.1392,33.454],[-80.1522,33.4594],[-80.1507,33.4482],[-80.1615,33.4489],[-80.1627,33.4607],[-80.1734,33.4487],[-80.181,33.4546],[-80.1975,33.4436],[-80.1981,33.4516],[-80.2074,33.4526],[-80.204,33.4419],[-80.2224,33.4478],[-80.2359,33.4396],[-80.2399,33.4547],[-80.2679,33.4379],[-80.282,33.4484],[-80.3236,33.4312],[-80.3489,33.4302],[-80.3902,33.444],[-80.437,33.478],[-80.4391,33.502],[-80.46,33.5029],[-80.4564,33.5122],[-80.4677,33.5162],[-80.468,33.525],[-80.4473,33.5245],[-80.4475,33.5405],[-80.4554,33.5471],[-80.4684,33.5411],[-80.485,33.56],[-80.5045,33.5627],[-80.5161,33.5791],[-80.5022,33.5904],[-80.5198,33.5974],[-80.52,33.6142],[-80.5405,33.629]]]}},{"type":"Feature","properties":{"county_fips":"45017","county_name":"Calhoun","state":"SC"},"geometry":{"type":"Polygon","coordinates":[[[-81.0593,33.7654],[-81.0475,33.7894],[-81.0379,33.8709],[-81.0123,33.8801],[-80.9982,33.8768],[-81.0021,33.8631],[-80.9862,33.8575],[-80.9883,33.8498],[-80.9537,33.8427],[-80.9362,33.8264],[-80.9131,33.8329],[-80.9156,33.8114],[-80.8748,33.8155],[-80.8658,33.8027],[-80.8375,33.7939],[-80.8335,33.7855],[-80.8225,33.787],[-80.828,33.7762],[-80.8112,33.7797],[-80.783,33.7689],[-80.7849,33.761],[-80.7597,33.774],[-80.7473,33.7617],[-80.7516,33.7706],[-80.745,33.7764],[-80.7363,33.7674],[-80.7385,33.7564],[-80.7268,33.7683],[-80.7154,33.7605],[-80.7123,33.7712],[-80.7054,33.7598],[-80.6866,33.756],[-80.6547,33.7735],[-80.6564,33.7614],[-80.6404,33.7475],[-80.6209,33.745],[-80.6296,33.7389],[-80.6276,33.731],[-80.6153,33.7118],[-80.5931,33.7019],[-80.5903,33.6848],[-80.5624,33.6784],[-80.5655,33.6647],[-80.53,33.6411],[-80.5404,33.628],[-80.52,33.6142],[-80.5198,33.5974],[-80.5014,33.5881],[-80.5162,33.5769],[-80.4963,33.5585],[-80.5056,33.5526],[-80.5033,33.5358],[-80.5401,33.5618],[-80.5514,33.5587],[-80.5523,33.5654],[-80.6036,33.5554],[-80.6103,33.5507],[-80.5882,33.5386],[-80.6247,33.4989],[-80.6113,33.4704],[-80.659,33.471],[-80.694,33.506],[-80.6941,33.5219],[-80.8076,33.6041],[-80.8814,33.6197],[-80.9197,33.6055],[-80.9398,33.6088],[-80.9421,33.6419],[-80.9655,33.6253],[-81.0429,33.7071],[-80.9915,33.7321],[-80.9557,33.7378],[-80.9246,33.7569],[-80.9336,33.7648],[-80.9619,33.779],[-81.014,33.7812],[-81.0235,33.7635],[-81.0329,33.7641],[-81.0361,33.7452],[-81.0585,33.7471],[-81.0593,33.7654]]]}},{"type":"Feature","properties":{"county_fips":"51061","county_name":"Fauquier","state":"VA"},"geometry":{"type":"Polygon","coordinates":[[[-78.1313,38.8675],[-78.1122,38.8803],[-78.0618,38.8919],[-78.0618,38.9002],[-78.0757,38.9094],[-78.064,38.9284],[-78.0416,38.9381],[-78.017,38.9712],[-77.9622,39.0137],[-77.6552,38.9427],[-77.6804,38.8932],[-77.6926,38.887],[-77.7027,38.8478],[-77.7157,38.8432],[-77.7157,38.8321],[-77.5313,38.5566],[-77.6328,38.4688],[-77.6282,38.4335],[-77.6349,38.4102],[-77.6904,38.427],[-77.7355,38.4131],[-77.7397,38.4247],[-77.76,38.4358],[-77.7613,38.4584],[-77.7767,38.4656],[-77.7819,38.4888],[-77.8011,38.5031],[-77.8137,38.5303],[-77.8389,38.5399],[-77.8772,38.5849],[-77.8624,38.5985],[-77.873,38.611],[-77.8599,38.6208],[-77.8805,38.6365],[-77.8717,38.6485],[-77.8841,38.6666],[-77.9013,38.6655],[-77.9026,38.6747],[-77.8919,38.6811],[-77.9029,38.6842],[-77.9095,38.6973],[-77.9543,38.6948],[-78.0151,38.7251],[-78.0062,38.7322],[-78.0191,38.7402],[-78.0164,38.754],[-78.0281,38.7575],[-78.0261,38.7766],[-78.0199,38.7783],[-78.0296,38.7867],[-78.0258,38.7958],[-78.0514,38.7992],[-78.055,38.8085],[-78.0997,38.8304],[-78.1313,38.8675]]]}},{"type":"Feature","properties":{"county_fips":"51113","county_name":"Madison","state":"VA"},"geometry":{"type":"Polygon","coordinates":[[[-78.45,38.4808],[-78.4414,38.4905],[-78.4468,38.4993],[-78.4363,38.5221],[-78.4428,38.5278],[-78.4302,38.5269],[-78.4074,38.5517],[-78.3808,38.5615],[-78.3832,38.5883],[-78.3382,38.6273],[-78.123,38.4403],[-78.119,38.4348],[-78.1265,38.4257],[-78.0961,38.4043],[-78.0918,38.3905],[-78.115,38.3832],[-78.1164,38.3591],[-78.1078,38.3438],[-78.0827,38.3278],[-78.1004,38.3188],[-78.1052,38.3121],[-78.0945,38.3112],[-78.0961,38.3017],[-78.1237,38.2788],[-78.1461,38.2762],[-78.1486,38.284],[-78.1585,38.2743],[-78.1525,38.2657],[-78.183,38.2677],[-78.1779,38.2542],[-78.2177,38.2422],[-78.2211,38.2301],[-78.2528,38.2345],[-78.2725,38.2515],[-78.2677,38.2637],[-78.2953,38.2769],[-78.3195,38.2688],[-78.3503,38.278],[-78.3485,38.2885],[-78.3665,38.2958],[-78.3576,38.3006],[-78.3658,38.3174],[-78.3831,38.3187],[-78.4276,38.3636],[-78.4236,38.3827],[-78.4408,38.4097],[-78.4351,38.4518],[-78.45,38.4808]]]}},{"type":"Feature","properties":{"county_fips":"12113","county_name":"Santa Rosa","state":"FL"},"geometry":{"type":"Polygon","coordinates":[[[-87.3139,30.8487],[-87.2976,30.8712],[-87.2984,30.8812],[-87.2845,30.888],[-87.2869,30.9254],[-87.2676,30.9347],[-87.256,30.9312],[-87.2412,30.9492],[-87.2418,30.9614],[-87.2314,30.9683],[-87.2276,30.9611],[-87.2132,30.962],[-87.175,30.9886],[-87.176,30.9966],[-86.7857,30.997],[-86.7995,30.3872],[-86.9189,30.3709],[-86.9189,30.3865],[-86.9727,30.3811],[-87.1531,30.3484],[-87.179,30.3359],[-87.2314,30.3433],[-87.2333,30.3703],[-87.1519,30.4126],[-87.1215,30.4974],[-87.1573,30.538],[-87.2097,30.5553],[-87.2348,30.5958],[-87.2595,30.612],[-87.2608,30.6203],[-87.2521,30.6236],[-87.2645,30.6487],[-87.2658,30.689],[-87.2734,30.6935],[-87.2694,30.7117],[-87.3027,30.7194],[-87.3124,30.7348],[-87.2996,30.7661],[-87.3106,30.7717],[-87.3052,30.7772],[-87.3127,30.7855],[-87.3023,30.7894],[-87.3055,30.7986],[-87.2928,30.8113],[-87.3014,30.8407],[-87.3139,30.8487]]]}},{"type":"Feature","properties":{"county_fips":"12037","county_name":"Franklin","state":"FL"},"geometry":{"type":"MultiPolygon","coordinates":[[[[-84.6747,29.7862],[-84.6567,29.7817],[-84.6245,29.7901],[-84.5725,29.8285],[-84.5794,29.8079],[-84.6237,29.7885],[-84.6679,29.7779],[-84.6747,29.7862]]],[[[-85.0972,29.6262],[-85.027,29.5967],[-84.9815,29.6086],[-84.9484,29.6226],[-84.924,29.6469],[-84.9038,29.6487],[-84.8676,29.671],[-84.7905,29.6895],[-84.7986,29.7021],[-84.7822,29.6926],[-84.7772,29.7074],[-84.7258,29.7361],[-84.6967,29.7707],[-84.692,29.7649],[-84.777,29.6922],[-84.8701,29.6587],[-84.9565,29.614],[-85.0451,29.587],[-85.0972,29.6262]]],[[[-85.2062,29.7112],[-85.1094,29.7768],[-85.0782,29.7686],[-85.0648,29.787],[-85.0401,29.7793],[-85.0205,29.8074],[-85.0197,29.8199],[-85.0326,29.8301],[-85.0412,29.8759],[-85.0544,29.9019],[-85.0412,29.9312],[-85.0296,29.9311],[-85.0265,29.9528],[-85.0179,29.951],[-85.0254,29.9714],[-85.0076,30.0139],[-84.5444,30.011],[-84.5489,30.0071],[-84.5424,30.0024],[-84.525,30.0052],[-84.5217,29.9808],[-84.5121,29.982],[-84.5141,29.9891],[-84.4871,29.9885],[-84.4702,30.0025],[-84.4597,29.9934],[-84.4569,29.9727],[-84.4434,29.9822],[-84.4326,29.9762],[-84.442,29.9678],[-84.4389,29.9602],[-84.3841,29.9614],[-84.3365,29.9425],[-84.336,29.913],[-84.3517,29.8964],[-84.3809,29.8937],[-84.4233,29.9033],[-84.4517,29.9291],[-84.492,29.9099],[-84.506,29.9164],[-84.5359,29.9101],[-84.6033,29.8761],[-84.6565,29.8343],[-84.6921,29.8291],[-84.7556,29.7885],[-84.8683,29.7425],[-84.888,29.7224],[-84.9021,29.7353],[-84.8711,29.7813],[-84.8706,29.7971],[-84.8821,29.7965],[-84.8851,29.7845],[-84.9151,29.7833],[-84.9276,29.7612],[-84.9642,29.7398],[-84.9688,29.7271],[-85.0139,29.7095],[-85.1017,29.7187],[-85.2175,29.6947],[-85.2062,29.7112]]],[[[-85.2225,29.6793],[-85.1564,29.6796],[-85.1143,29.6887],[-85.0743,29.674],[-85.0968,29.6331],[-85.1205,29.63],[-85.141,29.634],[-85.1872,29.6657],[-85.2225,29.6793]]]]}},{"type":"Feature","properties":{"county_fips":"12073","county_name":"Leon","state":"FL"},"geometry":{"type":"Polygon","coordinates":[[[-84.7151,30.3331],[-84.6854,30.3499],[-84.6813,30.3676],[-84.6705,30.3641],[-84.6477,30.3946],[-84.626,30.4085],[-84.6069,30.4161],[-84.5905,30.4119],[-84.5615,30.4379],[-84.5306,30.4398],[-84.4953,30.4603],[-84.4605,30.4559],[-84.4348,30.4661],[-84.4209,30.4637],[-84.4029,30.4758],[-84.3963,30.4899],[-84.405,30.5077],[-84.3924,30.5148],[-84.3784,30.5735],[-84.3409,30.6002],[-84.3321,30.5965],[-84.3248,30.6181],[-84.3006,30.6401],[-84.3053,30.6702],[-84.2975,30.6825],[-84.0075,30.6721],[-84.0077,30.6093],[-83.998,30.5715],[-83.979,30.5506],[-83.987,30.5471],[-83.9774,30.5222],[-84.0412,30.5219],[-84.0415,30.4633],[-84.0747,30.4343],[-84.0755,30.2736],[-84.2412,30.2742],[-84.2477,30.3035],[-84.7134,30.3002],[-84.701,30.319],[-84.7151,30.3331]]]}},{"type":"Feature","properties":{"county_fips":"13051","county_name":"Chatham","state":"GA"},"geometry":{"type":"Polygon","coordinates":[[[-81.3917,32.0959],[-81.1957,32.2375],[-81.1452,32.2266],[-81.1522,32.2223],[-81.1384,32.2193],[-81.1221,32.1955],[-81.114,32.1954],[-81.1216,32.1922],[-81.1205,32.1783],[-81.1111,32.1727],[-81.1212,32.1749],[-81.1297,32.1659],[-81.1122,32.1508],[-81.1199,32.134],[-81.1154,32.1147],[-81.0912,32.1109],[-81.0883,32.0999],[-81.0381,32.0837],[-81.0043,32.1024],[-80.9835,32.0795],[-80.9539,32.0701],[-80.9251,32.0419],[-80.8907,32.0307],[-80.876,32.0168],[-80.8527,32.0288],[-80.8435,32.0236],[-80.8404,32.003],[-80.8628,31.9693],[-80.8977,31.9491],[-80.928,31.9385],[-80.9325,31.9619],[-80.9427,31.9637],[-80.9843,31.9401],[-80.9685,31.9158],[-80.9301,31.9081],[-80.9927,31.8576],[-81.0415,31.8762],[-81.0653,31.8771],[-81.0591,31.8501],[-81.0758,31.829],[-81.0523,31.819],[-81.0398,31.823],[-81.0359,31.8104],[-81.0792,31.7627],[-81.1384,31.7209],[-81.1547,31.7262],[-81.1564,31.7423],[-81.1733,31.7572],[-81.161,31.7855],[-81.1812,31.7956],[-81.177,31.8161],[-81.1616,31.8211],[-81.1383,31.8552],[-81.1551,31.8643],[-81.1612,31.8876],[-81.1734,31.8998],[-81.2223,31.8904],[-81.1937,31.9089],[-81.1938,31.9214],[-81.2111,31.9193],[-81.2356,31.8877],[-81.2431,31.8923],[-81.2353,31.9101],[-81.2635,31.9081],[-81.258,31.9267],[-81.273,31.925],[-81.2731,31.9413],[-81.288,31.9441],[-81.2886,31.9772],[-81.3089,31.9823],[-81.3044,32.0007],[-81.3149,32.0114],[-81.3219,32.0074],[-81.3183,32.0155],[-81.3357,32.022],[-81.3383,32.0329],[-81.368,32.0485],[-81.3752,32.0667],[-81.3689,32.069],[-81.3847,32.0795],[-81.3917,32.0959]]]}},{"type":"Feature","properties":{"county_fips":"13185","county_name":"Lowndes","state":"GA"},"geometry":{"type":"Polygon","coordinates":[[[-83.4845,30.7545],[-83.4568,30.7658],[-83.4592,30.7841],[-83.4464,30.8049],[-83.45,30.8176],[-83.4268,30.815],[-83.4147,30.8287],[-83.3957,30.8254],[-83.3727,30.8398],[-83.359,30.8367],[-83.3464,30.8535],[-83.3709,30.8848],[-83.408,30.8866],[-83.4403,30.9048],[-83.4399,30.9394],[-83.4293,30.9487],[-83.4447,30.9886],[-83.4559,30.995],[-83.468,31.0292],[-83.4756,31.032],[-83.1806,31.0255],[-83.1795,30.9501],[-83.0429,30.9473],[-83.0403,30.9269],[-83.0321,30.9225],[-83.0364,30.916],[-83.0204,30.9043],[-83.026,30.8615],[-83.0194,30.8495],[-83.0881,30.8487],[-83.0881,30.8312],[-83.1032,30.8314],[-83.1044,30.8037],[-83.1249,30.8037],[-83.1315,30.7942],[-83.1366,30.624],[-83.3092,30.6344],[-83.3264,30.6435],[-83.3577,30.6374],[-83.3658,30.6414],[-83.3627,30.6586],[-83.394,30.6677],[-83.3963,30.6773],[-83.4152,30.6747],[-83.4208,30.689],[-83.4397,30.6886],[-83.4541,30.7006],[-83.4845,30.7545]]]}},{"type":"Feature","properties":{"county_fips":"13027","county_name":"Brooks","state":"GA"},"geometry":{"type":"MultiPolygon","coordinates":[[[[-83.3409,30.6363],[-83.3264,30.6435],[-83.3092,30.6344],[-83.3409,30.6363]]],[[[-83.7437,30.6584],[-83.7362,31.0377],[-83.574,31.0339],[-83.5739,31.0789],[-83.5499,31.0534],[-83.5026,31.0531],[-83.4925,31.0365],[-83.468,31.0292],[-83.4637,31.0059],[-83.4431,30.985],[-83.4293,30.9487],[-83.4399,30.9394],[-83.4403,30.9048],[-83.408,30.8866],[-83.3709,30.8848],[-83.3464,30.8535],[-83.359,30.8367],[-83.3727,30.8398],[-83.3957,30.8254],[-83.4147,30.8287],[-83.4268,30.815],[-83.45,30.8176],[-83.4475,30.7989],[-83.4593,30.7834],[-83.4543,30.7703],[-83.4848,30.7524],[-83.4541,30.7006],[-83.4397,30.6886],[-83.4208,30.689],[-83.4152,30.6747],[-83.3963,30.6773],[-83.394,30.6677],[-83.3627,30.6586],[-83.3658,30.6414],[-83.3577,30.6374],[-83.7437,30.6584]]]]}},{"type":"Feature","properties":{"county_fips":"13049","county_name":"Charlton","state":"GA"},"geometry":{"type":"Polygon","coordinates":[[[-82.4156,31.0136],[-82.0812,31.0106],[-82.0609,31.0758],[-81.906,31.0397],[-81.9079,30.9948],[-81.9146,30.9957],[-81.9174,30.9849],[-81.8919,30.9602],[-81.9155,30.9131],[-81.9026,30.9152],[-81.9062,30.9092],[-81.8952,30.9048],[-81.8921,30.9099],[-81.9045,30.8177],[-81.927,30.8176],[-81.937,30.8285],[-81.9495,30.8279],[-81.9639,30.8181],[-81.9629,30.7958],[-81.9777,30.7766],[-82.0048,30.7914],[-82.022,30.7882],[-82.0114,30.7626],[-82.0271,30.7511],[-82.0368,30.7544],[-82.0448,30.7285],[-82.0364,30.7066],[-82.0504,30.6763],[-82.0495,30.6555],[-82.0285,30.6218],[-82.0273,30.6067],[-82.0157,30.6017],[-82.0055,30.5635],[-82.0184,30.5312],[-82.0178,30.4751],[-82.0372,30.4345],[-82.0368,30.3779],[-82.0479,30.3633],[-82.0811,30.3588],[-82.1048,30.3683],[-82.1652,30.358],[-82.1929,30.3788],[-82.2103,30.4246],[-82.2014,30.4852],[-82.2269,30.5103],[-82.2404,30.5378],[-82.2344,30.5566],[-82.2144,30.567],[-82.1499,30.7843],[-82.1782,30.791],[-82.4204,30.7952],[-82.4156,31.0136]]]}},{"type":"Feature","properties":{"county_fips":"13245","county_name":"Richmond","state":"GA"},"geometry":{"type":"Polygon","coordinates":[[[-82.3503,33.3148],[-82.0282,33.5449],[-82.0013,33.5201],[-81.9859,33.4865],[-81.9294,33.4658],[-81.9135,33.4413],[-81.9323,33.4266],[-81.9108,33.415],[-81.9124,33.4081],[-81.9248,33.4124],[-81.9456,33.4058],[-81.9248,33.3741],[-81.9463,33.3706],[-81.9353,33.3568],[-81.9397,33.3449],[-81.9193,33.3403],[-81.9089,33.3463],[-81.9189,33.335],[-81.9081,33.3271],[-81.9137,33.32],[-81.9061,33.3216],[-81.902,33.3359],[-81.8986,33.3229],[-81.8892,33.3211],[-81.8925,33.3153],[-81.8825,33.317],[-81.8812,33.3025],[-81.8692,33.3138],[-81.8639,33.302],[-81.8561,33.3099],[-81.8476,33.3071],[-81.8487,33.2967],[-81.86,33.2991],[-81.8633,33.2892],[-81.8325,33.2756],[-81.836,33.2635],[-81.8283,33.263],[-81.8344,33.2584],[-81.8469,33.2666],[-81.84,33.2546],[-81.8561,33.2458],[-81.886,33.2619],[-81.9244,33.2569],[-81.9789,33.2272],[-82.06,33.2426],[-82.0926,33.2301],[-82.1253,33.2497],[-82.1337,33.2759],[-82.1651,33.296],[-82.2735,33.2676],[-82.296,33.2766],[-82.3115,33.2971],[-82.3503,33.3148]]]}},{"type":"Feature","properties":{"county_fips":"13241","county_name":"Rabun","state":"GA"},"geometry":{"type":"Polygon","coordinates":[[[-83.6617,34.8482],[-83.6567,34.8786],[-83.6452,34.8914],[-83.6306,34.8945],[-83.6266,34.9101],[-83.5938,34.9179],[-83.6018,34.938],[-83.5469,34.9465],[-83.5494,34.9925],[-83.1132,35.0012],[-83.0984,34.9911],[-83.1221,34.9643],[-83.114,34.9509],[-83.127,34.9538],[-83.1128,34.9347],[-83.1276,34.9385],[-83.1406,34.9249],[-83.1562,34.931],[-83.1572,34.9149],[-83.1691,34.9188],[-83.1968,34.8907],[-83.2031,34.8939],[-83.2063,34.8797],[-83.2145,34.8885],[-83.2199,34.8781],[-83.2431,34.8774],[-83.2347,34.8707],[-83.2533,34.8559],[-83.2502,34.8446],[-83.2663,34.849],[-83.2718,34.818],[-83.2887,34.8247],[-83.2946,34.8136],[-83.3031,34.8187],[-83.3012,34.804],[-83.3239,34.7897],[-83.3189,34.7583],[-83.3491,34.7366],[-83.3523,34.7162],[-83.3874,34.7374],[-83.4037,34.7289],[-83.4157,34.7329],[-83.4312,34.7473],[-83.4789,34.7239],[-83.5355,34.7399],[-83.5351,34.7474],[-83.5568,34.7579],[-83.5622,34.7811],[-83.5565,34.7846],[-83.5762,34.7955],[-83.5869,34.82],[-83.6055,34.8276],[-83.6522,34.823],[-83.6617,34.8482]]]}},{"type":"Feature","properties":{"county_fips":"13153","county_name":"Houston","state":"GA"},"geometry":{"type":"Polygon","coordinates":[[[-83.8566,32.3578],[-83.8565,32.3824],[-83.837,32.3822],[-83.8367,32.4393],[-83.8462,32.4394],[-83.8467,32.4685],[-83.8278,32.4576],[-83.8276,32.4391],[-83.7977,32.447],[-83.7977,32.4966],[-83.7878,32.4965],[-83.7873,32.5128],[-83.7779,32.5129],[-83.778,32.5055],[-83.749,32.5052],[-83.7487,32.5342],[-83.7219,32.5233],[-83.7192,32.5978],[-83.7127,32.6106],[-83.7187,32.6106],[-83.7186,32.635],[-83.7282,32.6351],[-83.7281,32.6508],[-83.7092,32.6513],[-83.7012,32.6922],[-83.6632,32.6738],[-83.6047,32.6606],[-83.591,32.6655],[-83.5821,32.6552],[-83.5609,32.658],[-83.5451,32.6322],[-83.5415,32.6203],[-83.549,32.6164],[-83.538,32.6029],[-83.54,32.5848],[-83.5342,32.5853],[-83.5364,32.575],[-83.5481,32.5719],[-83.5362,32.5443],[-83.5399,32.5245],[-83.5211,32.511],[-83.5185,32.4993],[-83.4884,32.4851],[-83.4987,32.4816],[-83.4893,32.4769],[-83.4973,32.4726],[-83.4898,32.4576],[-83.498,32.4479],[-83.4825,32.4251],[-83.4856,32.4042],[-83.498,32.4017],[-83.5067,32.3889],[-83.5237,32.4022],[-83.6156,32.2886],[-83.7004,32.29],[-83.7003,32.2826],[-83.7188,32.2831],[-83.7184,32.2902],[-83.8484,32.291],[-83.8468,32.3577],[-83.8566,32.3578]]]}},{"type":"Feature","properties":{"county_fips":"37167","county_name":"Stanly","state":"NC"},"geometry":{"type":"Polygon","coordinates":[[[-80.5059,35.1933],[-80.4829,35.2133],[-80.2954,35.5029],[-80.1826,35.5042],[-80.177,35.4868],[-80.1617,35.4752],[-80.1399,35.4751],[-80.1099,35.461],[-80.1087,35.4451],[-80.0975,35.4381],[-80.1005,35.4299],[-80.0901,35.4156],[-80.0937,35.402],[-80.0661,35.3895],[-80.0512,35.3715],[-80.0654,35.3605],[-80.0663,35.3406],[-80.0819,35.3215],[-80.0984,35.2581],[-80.0908,35.236],[-80.0698,35.2183],[-80.0533,35.1786],[-80.0754,35.1431],[-80.1073,35.1733],[-80.1148,35.1943],[-80.1291,35.1876],[-80.1242,35.1753],[-80.1362,35.1675],[-80.1578,35.1728],[-80.1676,35.1622],[-80.1609,35.1487],[-80.1906,35.1555],[-80.197,35.1665],[-80.2085,35.1558],[-80.225,35.1562],[-80.2531,35.2109],[-80.284,35.1924],[-80.2967,35.1934],[-80.3217,35.1731],[-80.3404,35.1741],[-80.3576,35.1649],[-80.371,35.1797],[-80.3883,35.1659],[-80.4115,35.1633],[-80.4193,35.1729],[-80.4399,35.161],[-80.4704,35.1673],[-80.4811,35.1801],[-80.4884,35.1755],[-80.5036,35.1817],[-80.5059,35.1933]]]}},{"type":"Feature","properties":{"county_fips":"37007","county_name":"Anson","state":"NC"},"geometry":{"type":"Polygon","coordinates":[[[-80.3208,34.8141],[-80.2768,35.1957],[-80.2559,35.2111],[-80.225,35.1562],[-80.2085,35.1558],[-80.197,35.1665],[-80.1728,35.1478],[-80.1599,35.1497],[-80.1676,35.1622],[-80.1559,35.1745],[-80.1362,35.1675],[-80.1242,35.1753],[-80.1278,35.189],[-80.1116,35.1933],[-80.1073,35.1733],[-80.0777,35.1476],[-80.0682,35.112],[-80.0244,35.0904],[-79.9929,35.0856],[-79.9585,35.1137],[-79.9252,35.1165],[-79.9125,35.0961],[-79.9102,35.069],[-79.8767,35.0445],[-79.9006,35.0057],[-79.8648,34.98],[-79.8723,34.9504],[-79.8485,34.9043],[-79.8658,34.8794],[-79.903,34.8545],[-79.9138,34.8189],[-79.9274,34.8066],[-80.3208,34.8141]]]}},{"type":"Feature","properties":{"county_fips":"37155","county_name":"Robeson","state":"NC"},"geometry":{"type":"Polygon","coordinates":[[[-79.4615,34.6304],[-79.3317,34.773],[-79.3576,34.8203],[-79.3488,34.8389],[-79.1914,34.8337],[-79.0387,34.9527],[-78.9408,34.9034],[-78.9223,34.8755],[-78.927,34.864],[-78.8924,34.8138],[-78.8836,34.8124],[-78.8544,34.7357],[-78.8054,34.6866],[-78.8094,34.6683],[-78.8192,34.6626],[-78.8136,34.6519],[-78.8344,34.6216],[-78.8315,34.6088],[-78.8412,34.5974],[-78.8361,34.5935],[-78.8627,34.562],[-78.853,34.5278],[-78.857,34.5151],[-78.8444,34.5081],[-78.8464,34.5002],[-78.8634,34.498],[-78.8697,34.4824],[-78.9074,34.4557],[-78.9374,34.4551],[-78.9599,34.4428],[-78.9711,34.4277],[-78.9682,34.3973],[-78.9776,34.3903],[-78.995,34.3926],[-79.0116,34.3803],[-79.0008,34.3647],[-79.009,34.353],[-79.0272,34.3529],[-79.0383,34.3135],[-79.0529,34.3146],[-79.0712,34.2993],[-79.4615,34.6304]]]}},{"type":"Feature","properties":{"county_fips":"24039","county_name":"Somerset","state":"MD"},"geometry":{"type":"MultiPolygon","coordinates":[[[[-75.9596,38.1371],[-75.9473,38.1708],[-75.9516,38.1781],[-75.9424,38.1871],[-75.8881,38.2038],[-75.8641,38.2009],[-75.8372,38.2182],[-75.8264,38.2169],[-75.8203,38.2308],[-75.8606,38.2292],[-75.8353,38.2491],[-75.8032,38.2526],[-75.7963,38.2658],[-75.7759,38.2701],[-75.7633,38.286],[-75.7345,38.283],[-75.7208,38.2671],[-75.6994,38.2649],[-75.6872,38.2899],[-75.6627,38.2988],[-75.6128,38.2786],[-75.6058,38.2491],[-75.5494,38.1855],[-75.5494,38.1632],[-75.5696,38.1536],[-75.5767,38.1404],[-75.5401,38.1083],[-75.5461,38.098],[-75.5409,38.0895],[-75.5695,38.0871],[-75.5816,38.0683],[-75.6175,38.073],[-75.6193,38.0582],[-75.638,38.0448],[-75.6563,38.0522],[-75.6574,38.0314],[-75.6195,38.0055],[-75.6338,37.9845],[-75.6288,37.9768],[-75.6382,37.9794],[-75.6561,37.9628],[-75.6554,37.9537],[-75.6717,37.9666],[-75.7131,37.9766],[-75.7161,37.989],[-75.7239,37.9836],[-75.7227,37.9713],[-75.7365,37.9632],[-75.7371,37.983],[-75.7468,37.9877],[-75.7451,37.9805],[-75.754,37.9758],[-75.7465,37.9698],[-75.7838,37.9726],[-75.8093,37.9552],[-75.8187,37.9672],[-75.8261,37.9528],[-75.8209,37.9389],[-75.885,37.9117],[-75.8973,37.9263],[-75.8899,37.9537],[-75.8657,37.9515],[-75.8619,37.9734],[-75.8984,37.9748],[-75.8674,38.0239],[-75.8728,38.032],[-75.8575,38.0388],[-75.8435,38.0275],[-75.8264,38.0459],[-75.7922,38.0565],[-75.7737,38.0771],[-75.7882,38.0861],[-75.7898,38.0722],[-75.8056,38.074],[-75.8006,38.0619],[-75.8129,38.0589],[-75.8242,38.0722],[-75.8443,38.0723],[-75.871,38.0592],[-75.8788,38.0761],[-75.8639,38.0803],[-75.8725,38.0899],[-75.8376,38.1138],[-75.8383,38.1262],[-75.8277,38.1334],[-75.8207,38.1256],[-75.809,38.1358],[-75.8054,38.1284],[-75.7878,38.1375],[-75.7885,38.1458],[-75.8081,38.1405],[-75.8329,38.1517],[-75.8717,38.142],[-75.8686,38.1344],[-75.8803,38.137],[-75.8868,38.1499],[-75.9067,38.1376],[-75.9257,38.151],[-75.9326,38.1492],[-75.9206,38.1314],[-75.9371,38.1242],[-75.9418,38.1119],[-75.9461,38.1266],[-75.9596,38.1371]]],[[[-76.0465,37.9536],[-76.0449,38.0255],[-76.0215,38.0384],[-76.0093,38.0384],[-76.0027,38.0249],[-75.9863,38.0219],[-75.9801,38.0049],[-75.9821,37.9885],[-75.9932,37.985],[-75.9939,37.9535],[-76.0465,37.9536]]],[[[-76.0542,38.0943],[-76.0335,38.091],[-76.0327,38.1011],[-76.048,38.1087],[-76.0147,38.1316],[-76.0226,38.1061],[-76.0081,38.0915],[-76.0127,38.0721],[-76.0239,38.0837],[-76.0355,38.0841],[-76.0297,38.078],[-76.0349,38.0769],[-76.0542,38.0943]]]]}},{"type":"Feature","properties":{"county_fips":"37129","county_name":"New Hanover","state":"NC"},"geometry":{"type":"Polygon","coordinates":[[[-78.0299,34.3318],[-77.9932,34.3368],[-77.978,34.3574],[-77.9881,34.3639],[-77.987,34.3721],[-77.9628,34.3826],[-77.9578,34.3686],[-77.9404,34.37],[-77.9354,34.358],[-77.9345,34.3666],[-77.9288,34.3615],[-77.9178,34.3755],[-77.9006,34.378],[-77.8979,34.3647],[-77.8884,34.3641],[-77.823,34.3894],[-77.8047,34.3767],[-77.8151,34.367],[-77.8127,34.359],[-77.752,34.3033],[-77.7414,34.3015],[-77.7398,34.2932],[-77.7106,34.2977],[-77.7753,34.2333],[-77.839,34.1479],[-77.871,34.0838],[-77.8795,34.0806],[-77.8804,34.0607],[-77.9372,33.9292],[-77.9485,33.9713],[-77.9362,34.0046],[-77.9311,34.0589],[-77.9369,34.1228],[-77.9586,34.1738],[-77.9566,34.2345],[-77.9685,34.2423],[-77.9678,34.2521],[-77.9731,34.2472],[-77.9875,34.2683],[-78.002,34.2731],[-77.9902,34.2817],[-78.0048,34.2805],[-78.0059,34.2889],[-78.0159,34.2903],[-78.0062,34.3195],[-78.0262,34.3181],[-78.0299,34.3318]]]}},{"type":"Feature","properties":{"county_fips":"37141","county_name":"Pender","state":"NC"},"geometry":{"type":"Polygon","coordinates":[[[-78.2722,34.5384],[-78.1565,34.6791],[-78.1135,34.7072],[-78.114,34.7218],[-78.1024,34.7254],[-78.0307,34.7248],[-78.0127,34.7326],[-77.9812,34.714],[-77.9614,34.7199],[-77.952,34.7147],[-77.938,34.7232],[-77.6801,34.7206],[-77.5759,34.4764],[-77.5412,34.465],[-77.5184,34.4409],[-77.7248,34.2929],[-77.7398,34.2932],[-77.7414,34.3015],[-77.752,34.3033],[-77.8127,34.359],[-77.8151,34.367],[-77.8047,34.3767],[-77.823,34.3894],[-77.8884,34.3641],[-77.8979,34.3647],[-77.9006,34.378],[-77.9178,34.3755],[-77.9288,34.3615],[-77.9345,34.3666],[-77.9354,34.358],[-77.9404,34.37],[-77.9578,34.3686],[-77.9628,34.3826],[-77.987,34.3721],[-77.9881,34.3639],[-77.978,34.3574],[-77.9932,34.3368],[-78.0467,34.3304],[-78.0582,34.344],[-78.0593,34.3379],[-78.0783,34.3389],[-78.0788,34.3539],[-78.1028,34.355],[-78.1221,34.3684],[-78.1373,34.3717],[-78.1738,34.3519],[-78.1962,34.3525],[-78.2102,34.358],[-78.2116,34.3694],[-78.2292,34.379],[-78.2357,34.3747],[-78.2561,34.3995],[-78.1765,34.4654],[-78.2029,34.4756],[-78.207,34.4874],[-78.2356,34.4925],[-78.2524,34.5047],[-78.2541,34.5198],[-78.2639,34.5196],[-78.2722,34.5384]]]}},{"type":"Feature","properties":{"county_fips":"37133","county_name":"Onslow","state":"NC"},"geometry":{"type":"MultiPolygon","coordinates":[[[[-77.1692,34.6224],[-77.1212,34.648],[-77.1104,34.6451],[-77.1692,34.6224]]],[[[-77.2269,34.5967],[-77.2024,34.6128],[-77.1795,34.6204],[-77.2269,34.5967]]],[[[-77.6801,34.7206],[-77.677,34.7996],[-77.6511,34.9235],[-77.6534,34.9405],[-77.6801,34.9711],[-77.639,34.9845],[-77.5028,34.9696],[-77.3668,34.9087],[-77.3633,34.9255],[-77.3316,34.9391],[-77.2674,34.9255],[-77.2602,34.9096],[-77.2374,34.9],[-77.2342,34.8863],[-77.2224,34.8871],[-77.202,34.8348],[-77.1813,34.8362],[-77.1958,34.8094],[-77.1711,34.7907],[-77.1727,34.7806],[-77.166,34.785],[-77.1657,34.7793],[-77.1574,34.7808],[-77.1603,34.7746],[-77.1533,34.7762],[-77.1578,34.7659],[-77.1256,34.7567],[-77.1052,34.6947],[-77.1133,34.683],[-77.1259,34.6852],[-77.1362,34.6783],[-77.1336,34.6728],[-77.1546,34.6679],[-77.1634,34.6537],[-77.2047,34.6343],[-77.2424,34.6],[-77.2337,34.593],[-77.307,34.5451],[-77.5184,34.4409],[-77.5412,34.465],[-77.5759,34.4764],[-77.6801,34.7206]]]]}},{"type":"Feature","properties":{"county_fips":"37049","county_name":"Craven","state":"NC"},"geometry":{"type":"Polygon","coordinates":[[[-77.4733,35.2311],[-77.427,35.2559],[-77.4496,35.2995],[-77.4311,35.313],[-77.4313,35.3298],[-77.4105,35.3319],[-77.4109,35.3378],[-77.3952,35.343],[-77.3504,35.3284],[-77.2943,35.3791],[-77.2693,35.3692],[-77.2661,35.3536],[-77.2487,35.3543],[-77.2382,35.3618],[-77.2396,35.3814],[-77.2271,35.3998],[-77.2016,35.3987],[-77.1891,35.4184],[-76.9588,35.301],[-76.8959,35.2539],[-76.9062,35.2359],[-76.9326,35.2303],[-76.9446,35.2108],[-76.9595,35.2028],[-76.9705,35.1619],[-76.9875,35.1543],[-76.9759,35.1337],[-76.942,35.1155],[-76.9311,35.1172],[-76.9402,35.103],[-76.9333,35.0802],[-76.9429,35.0514],[-76.9876,35.0656],[-77.0104,35.1012],[-77.0189,35.1027],[-77.0304,35.1331],[-77.0539,35.1474],[-77.0615,35.1441],[-77.0346,35.1112],[-77.0339,35.0922],[-76.9893,35.0438],[-76.9705,34.9973],[-76.8892,34.9482],[-76.8683,34.9476],[-76.8478,34.9363],[-76.8112,34.9392],[-76.7608,34.9159],[-76.7454,34.9223],[-76.7456,34.9303],[-76.7266,34.9279],[-76.7076,34.9542],[-76.6772,34.9577],[-76.6526,34.9376],[-76.6606,34.9156],[-76.6863,34.8954],[-76.693,34.8692],[-76.758,34.8463],[-76.8831,34.8449],[-76.8823,34.8367],[-76.9548,34.8245],[-76.9544,34.8091],[-77.0783,34.8113],[-77.0472,34.8364],[-77.1089,34.8308],[-77.0989,35.0267],[-77.1102,35.0455],[-77.1096,35.0685],[-77.1305,35.0723],[-77.1483,35.0547],[-77.1645,35.0655],[-77.1684,35.0606],[-77.1806,35.0552],[-77.1739,35.0591],[-77.1894,35.0667],[-77.1877,35.0811],[-77.4733,35.2311]]]}},{"type":"Feature","properties":{"county_fips":"37137","county_name":"Pamlico","state":"NC"},"geometry":{"type":"Polygon","coordinates":[[[-76.9875,35.1543],[-76.9705,35.1619],[-76.9595,35.2028],[-76.9446,35.2108],[-76.9326,35.2303],[-76.9062,35.2359],[-76.8959,35.2539],[-76.8453,35.2161],[-76.6326,35.2353],[-76.6138,35.2708],[-76.6194,35.3023],[-76.6112,35.3355],[-76.6068,35.3293],[-76.575,35.3305],[-76.4842,35.3136],[-76.4839,35.3063],[-76.4989,35.3059],[-76.4927,35.2913],[-76.4982,35.2796],[-76.4799,35.2791],[-76.4771,35.2867],[-76.4697,35.2809],[-76.4758,35.2768],[-76.4674,35.2613],[-76.4794,35.269],[-76.4907,35.2627],[-76.4792,35.2473],[-76.5034,35.2407],[-76.4914,35.2207],[-76.496,35.217],[-76.5291,35.2312],[-76.5655,35.2292],[-76.521,35.2061],[-76.5267,35.1848],[-76.5864,35.202],[-76.6013,35.1974],[-76.5987,35.1879],[-76.6341,35.1743],[-76.6337,35.1607],[-76.5866,35.1544],[-76.588,35.1688],[-76.5693,35.1735],[-76.5472,35.1492],[-76.5395,35.1546],[-76.5363,35.1499],[-76.5695,35.0985],[-76.5952,35.092],[-76.5973,35.074],[-76.6969,35.0224],[-76.7116,35.0045],[-76.7575,34.9924],[-76.7712,34.9767],[-76.8036,34.9638],[-76.9457,35.045],[-76.9488,35.0515],[-76.9361,35.0619],[-76.9333,35.0802],[-76.9402,35.103],[-76.9311,35.1172],[-76.942,35.1155],[-76.9759,35.1337],[-76.9875,35.1543]]]}},{"type":"Feature","properties":{"county_fips":"37177","county_name":"Tyrrell","state":"NC"},"geometry":{"type":"Polygon","coordinates":[[[-76.4056,35.7863],[-76.3536,35.8613],[-76.38,35.9147],[-76.3534,35.9407],[-76.3254,35.9386],[-76.2717,35.9723],[-76.1705,35.9945],[-76.0625,35.9907],[-76.0114,35.9542],[-76.0205,35.9325],[-76.0128,35.9219],[-76.0285,35.9107],[-76.0454,35.8845],[-76.046,35.8703],[-76.0632,35.8534],[-76.0635,35.824],[-76.0505,35.8067],[-76.0559,35.7602],[-76.0483,35.7371],[-76.0601,35.7087],[-76.0364,35.6884],[-76.0451,35.6656],[-76.0611,35.6752],[-76.0967,35.6696],[-76.1202,35.6806],[-76.1183,35.6919],[-76.1301,35.6908],[-76.142,35.7029],[-76.1696,35.6986],[-76.1675,35.6908],[-76.1766,35.6862],[-76.1695,35.6725],[-76.1814,35.6667],[-76.1778,35.6549],[-76.1931,35.646],[-76.1958,35.6201],[-76.2143,35.5984],[-76.2928,35.6064],[-76.2979,35.609],[-76.2692,35.6908],[-76.406,35.6976],[-76.4056,35.7863]]]}},{"type":"Feature","properties":{"county_fips":"37053","county_name":"Currituck","state":"NC"},"geometry":{"type":"Polygon","coordinates":[[[-76.3133,36.5506],[-75.8676,36.5504],[-75.8187,36.3576],[-75.7733,36.2315],[-75.7954,36.2271],[-75.8119,36.2477],[-75.8039,36.2677],[-75.8068,36.2849],[-75.8337,36.2936],[-75.8453,36.3056],[-75.8518,36.3242],[-75.8459,36.3326],[-75.8231,36.3225],[-75.8221,36.328],[-75.8289,36.3657],[-75.8486,36.3802],[-75.8409,36.3916],[-75.8497,36.4002],[-75.8433,36.42],[-75.865,36.4377],[-75.8883,36.4416],[-75.8999,36.4821],[-75.9611,36.4948],[-75.9769,36.4876],[-75.9891,36.4951],[-75.981,36.5113],[-75.9862,36.5257],[-76.0026,36.5371],[-76.0307,36.5388],[-76.0264,36.5165],[-76.0426,36.5106],[-76.0123,36.4475],[-75.972,36.4372],[-75.9563,36.4008],[-75.9407,36.3987],[-75.9443,36.4106],[-75.9341,36.4274],[-75.9245,36.4254],[-75.9164,36.389],[-75.9233,36.3619],[-75.8953,36.3196],[-75.8834,36.2847],[-75.8568,36.2807],[-75.8723,36.2548],[-75.8639,36.2293],[-75.8412,36.2165],[-75.8301,36.1965],[-75.8291,36.1892],[-75.8388,36.2004],[-75.8452,36.1918],[-75.8343,36.1676],[-75.8247,36.1628],[-75.8256,36.1462],[-75.7994,36.1177],[-75.803,36.0987],[-75.7907,36.078],[-75.7982,36.0722],[-75.8493,36.1048],[-75.8667,36.1275],[-75.8629,36.1596],[-75.875,36.1841],[-75.9001,36.203],[-75.8978,36.2095],[-75.9098,36.2126],[-75.9233,36.2459],[-75.9586,36.2597],[-75.9625,36.2668],[-75.9495,36.2732],[-75.9484,36.2853],[-75.9666,36.2896],[-75.9711,36.3084],[-75.9997,36.3112],[-76.0017,36.3235],[-76.0205,36.3329],[-76.0175,36.3451],[-76.0312,36.3385],[-76.0286,36.3488],[-76.0364,36.3552],[-76.0536,36.3602],[-76.0741,36.3461],[-76.1144,36.3576],[-76.1575,36.3982],[-76.1585,36.4253],[-76.3133,36.5506]]]}},{"type":"Feature","properties":{"county_fips":"37131","county_name":"Northampton","state":"NC"},"geometry":{"type":"Polygon","coordinates":[[[-77.8998,36.5447],[-77.1697,36.5473],[-77.151,36.5405],[-77.1484,36.525],[-77.0834,36.5132],[-77.0854,36.5],[-77.0665,36.497],[-77.0664,36.4829],[-77.0838,36.4723],[-77.1124,36.4777],[-77.1368,36.4561],[-77.1313,36.4378],[-77.2085,36.2466],[-77.2286,36.2144],[-77.2549,36.2185],[-77.2982,36.2077],[-77.2933,36.1974],[-77.2997,36.1814],[-77.2915,36.1683],[-77.2996,36.1649],[-77.3131,36.1722],[-77.309,36.1807],[-77.3284,36.1919],[-77.351,36.1915],[-77.386,36.2112],[-77.3769,36.245],[-77.4094,36.2635],[-77.4144,36.2935],[-77.4417,36.3244],[-77.5411,36.3033],[-77.5711,36.3138],[-77.5856,36.3373],[-77.5765,36.3544],[-77.5479,36.372],[-77.5505,36.414],[-77.5864,36.422],[-77.5919,36.4314],[-77.626,36.4457],[-77.6444,36.4802],[-77.7265,36.4875],[-77.7679,36.48],[-77.819,36.5007],[-77.8928,36.512],[-77.8995,36.5043],[-77.8998,36.5447]]]}},{"type":"Feature","properties":{"county_fips":"45045","county_name":"Greenville","state":"SC"},"geometry":{"type":"Polygon","coordinates":[[[-82.7641,35.0682],[-82.7542,35.0696],[-82.7518,35.0799],[-82.7384,35.0795],[-82.727,35.0941],[-82.7005,35.1008],[-82.6977,35.0957],[-82.6865,35.1082],[-82.6936,35.1169],[-82.6814,35.1279],[-82.6733,35.1175],[-82.6624,35.1181],[-82.641,35.1323],[-82.629,35.1262],[-82.6124,35.1382],[-82.5699,35.1453],[-82.5464,35.1637],[-82.53,35.1556],[-82.4601,35.1781],[-82.4516,35.1727],[-82.4571,35.1639],[-82.4396,35.1659],[-82.4197,35.1986],[-82.3929,35.2154],[-82.3713,35.1814],[-82.3615,35.1908],[-82.3234,35.1848],[-82.2825,35.1999],[-82.2159,35.196],[-82.2261,34.8502],[-82.2194,34.8534],[-82.1734,34.806],[-82.1652,34.8069],[-82.1688,34.7971],[-82.1535,34.782],[-82.1456,34.7852],[-82.2348,34.5888],[-82.2361,34.5353],[-82.3139,34.4843],[-82.3438,34.5],[-82.344,34.5122],[-82.3642,34.5154],[-82.3863,34.5393],[-82.4196,34.5571],[-82.4283,34.5989],[-82.4438,34.6073],[-82.4382,34.6107],[-82.4529,34.6238],[-82.4559,34.6573],[-82.4631,34.6558],[-82.4677,34.6671],[-82.4567,34.6803],[-82.4639,34.6856],[-82.4569,34.6995],[-82.4654,34.706],[-82.4574,34.7142],[-82.4655,34.7212],[-82.4521,34.7764],[-82.4609,34.7967],[-82.4766,34.8022],[-82.4751,34.8104],[-82.487,34.819],[-82.4764,34.8279],[-82.487,34.8306],[-82.4808,34.8425],[-82.4891,34.8411],[-82.483,34.8579],[-82.489,34.8614],[-82.4877,34.8858],[-82.4965,34.8876],[-82.501,34.9104],[-82.5182,34.9204],[-82.5274,34.9659],[-82.5481,34.9787],[-82.5341,34.9838],[-82.5432,35.0046],[-82.5379,35.0155],[-82.5956,35.0101],[-82.5857,35.0324],[-82.5903,35.0442],[-82.5982,35.0385],[-82.5977,35.0543],[-82.5905,35.0637],[-82.5743,35.0646],[-82.5716,35.0746],[-82.6114,35.0723],[-82.6416,35.0602],[-82.6597,35.067],[-82.7082,35.0621],[-82.7379,35.0472],[-82.7497,35.0476],[-82.7641,35.0682]]]}},{"type":"Feature","properties":{"county_fips":"45025","county_name":"Chesterfield","state":"SC"},"geometry":{"type":"Polygon","coordinates":[[[-80.5641,34.8148],[-79.9307,34.8066],[-79.9281,34.7699],[-79.893,34.742],[-79.8594,34.6778],[-79.8305,34.6572],[-79.8169,34.6587],[-79.7956,34.6476],[-79.8006,34.6377],[-79.7776,34.6122],[-79.8031,34.6097],[-79.83,34.5319],[-79.8392,34.5346],[-79.862,34.521],[-79.8636,34.5087],[-79.8796,34.4935],[-79.9021,34.4892],[-79.9198,34.4958],[-79.9625,34.487],[-79.9834,34.5017],[-80.0265,34.4865],[-80.0455,34.4926],[-80.2886,34.3662],[-80.2859,34.3941],[-80.3022,34.3998],[-80.3114,34.4243],[-80.3263,34.4374],[-80.3303,34.5095],[-80.3536,34.5209],[-80.3548,34.5311],[-80.3723,34.5468],[-80.3862,34.5966],[-80.4073,34.6086],[-80.4192,34.62],[-80.4139,34.6278],[-80.4328,34.6388],[-80.4318,34.66],[-80.4402,34.658],[-80.4503,34.6758],[-80.4608,34.677],[-80.4752,34.6992],[-80.4885,34.7046],[-80.4856,34.7174],[-80.5162,34.7589],[-80.5147,34.7666],[-80.5445,34.784],[-80.5641,34.8148]]]}},{"type":"Feature","properties":{"county_fips":"01101","county_name":"Montgomery","state":"AL"},"geometry":{"type":"Polygon","coordinates":[[[-86.4969,32.3433],[-86.4898,32.3505],[-86.4919,32.3643],[-86.4767,32.3644],[-86.4625,32.3781],[-86.4588,32.4057],[-86.4251,32.4024],[-86.3979,32.4128],[-86.399,32.4265],[-86.3503,32.4334],[-86.3107,32.4117],[-86.3118,32.4302],[-86.3253,32.4424],[-86.3077,32.4683],[-86.3132,32.489],[-86.2886,32.4726],[-86.2781,32.486],[-86.2609,32.4872],[-86.262,32.5017],[-86.2371,32.495],[-86.2367,32.486],[-86.2295,32.4893],[-86.2214,32.4798],[-86.228,32.4701],[-86.2127,32.4742],[-86.2002,32.4509],[-86.1889,32.4563],[-86.1807,32.448],[-86.1948,32.4409],[-86.1901,32.4325],[-86.1718,32.4404],[-86.1547,32.4349],[-86.151,32.4246],[-86.1255,32.434],[-86.1304,32.4233],[-86.1185,32.4242],[-86.1153,32.416],[-86.0862,32.4216],[-86.077,32.4119],[-86.0497,32.4063],[-86.0378,32.4214],[-86.023,32.42],[-86.011,32.4051],[-86.0146,32.3843],[-85.9942,32.3606],[-85.9913,32.3361],[-85.9668,32.3319],[-85.9487,32.2955],[-85.9188,32.2777],[-85.9866,32.2723],[-85.9865,32.2506],[-85.9992,32.2505],[-85.9956,31.9676],[-86.3022,31.9651],[-86.3036,32.0517],[-86.4063,32.0507],[-86.4088,32.2443],[-86.4557,32.2735],[-86.4806,32.2715],[-86.4894,32.2875],[-86.4843,32.2988],[-86.4911,32.3016],[-86.483,32.3127],[-86.4881,32.3188],[-86.4802,32.3151],[-86.4744,32.3309],[-86.4864,32.3295],[-86.4782,32.3392],[-86.4932,32.3372],[-86.4969,32.3433]]]}},{"type":"Feature","properties":{"county_fips":"51103","county_name":"Lancaster","state":"VA"},"geometry":{"type":"Polygon","coordinates":[[[-76.6342,37.7905],[-76.6255,37.7962],[-76.6298,37.8052],[-76.5856,37.8118],[-76.5855,37.8237],[-76.5647,37.8373],[-76.5078,37.8388],[-76.5081,37.8333],[-76.4948,37.8412],[-76.4776,37.8374],[-76.4599,37.8204],[-76.4296,37.829],[-76.4187,37.8229],[-76.4196,37.8064],[-76.4011,37.7802],[-76.3819,37.7795],[-76.3644,37.7685],[-76.3691,37.7583],[-76.3618,37.7368],[-76.3761,37.7132],[-76.3497,37.7009],[-76.3251,37.6749],[-76.3399,37.656],[-76.3318,37.6298],[-76.3198,37.627],[-76.3109,37.6329],[-76.3143,37.6409],[-76.3059,37.6411],[-76.2925,37.6361],[-76.2801,37.6151],[-76.3086,37.6246],[-76.3437,37.6238],[-76.3619,37.609],[-76.3857,37.6291],[-76.4033,37.6274],[-76.4398,37.6524],[-76.4555,37.6511],[-76.4724,37.6658],[-76.4543,37.6772],[-76.4687,37.6957],[-76.4871,37.6854],[-76.4779,37.6778],[-76.5019,37.6582],[-76.4976,37.6471],[-76.5102,37.6423],[-76.5342,37.6609],[-76.5372,37.6989],[-76.5696,37.7344],[-76.5843,37.7709],[-76.6342,37.7905]]]}},{"type":"Feature","properties":{"county_fips":"51181","county_name":"Surry","state":"VA"},"geometry":{"type":"Polygon","coordinates":[[[-77.156,37.1139],[-77.079,37.1726],[-77.0726,37.1846],[-77.044,37.1924],[-77.0434,37.2023],[-77.0241,37.201],[-77.0118,37.2124],[-77.0188,37.2196],[-77.0123,37.2329],[-76.9724,37.2485],[-76.9025,37.1998],[-76.8657,37.209],[-76.801,37.206],[-76.7969,37.1894],[-76.7373,37.1462],[-76.7153,37.148],[-76.6866,37.1973],[-76.6638,37.1739],[-76.6727,37.1328],[-76.6803,37.1263],[-76.6752,37.1086],[-76.6842,37.1039],[-76.6845,37.0882],[-76.6956,37.0833],[-76.6993,37.0584],[-76.8376,37.0022],[-76.9535,36.9445],[-76.966,37.0004],[-76.9657,37.0548],[-77.005,37.052],[-77.0358,37.0701],[-77.0496,37.0626],[-77.0747,37.0663],[-77.0796,37.0845],[-77.1023,37.0845],[-77.1123,37.1008],[-77.1484,37.1014],[-77.156,37.1139]]]}},{"type":"Feature","properties":{"county_fips":"54031","county_name":"Hardy","state":"WV"},"geometry":{"type":"Polygon","coordinates":[[[-79.1323,38.816],[-79.0827,38.8699],[-79.0856,38.8944],[-79.0461,38.9284],[-79.0827,39.0022],[-79.078,39.0216],[-79.0897,39.0382],[-79.0729,39.0652],[-79.078,39.0719],[-79.0371,39.1193],[-79.0388,39.1302],[-79.0289,39.1415],[-79.0361,39.15],[-78.9799,39.2376],[-78.8995,39.1991],[-78.733,39.1499],[-78.6914,39.1466],[-78.6569,39.1257],[-78.6236,39.1185],[-78.6023,39.1404],[-78.5613,39.1314],[-78.5081,39.0886],[-78.5719,39.032],[-78.5505,39.0181],[-78.6017,38.9646],[-78.6257,38.9826],[-78.6384,38.9668],[-78.6466,38.9681],[-78.6805,38.9253],[-78.7186,38.9046],[-78.7171,38.936],[-78.7389,38.9273],[-78.7591,38.9005],[-78.786,38.8872],[-78.8693,38.763],[-78.994,38.8501],[-79.0066,38.8237],[-79.0196,38.8179],[-79.0273,38.7921],[-79.055,38.7857],[-79.0573,38.7614],[-79.1323,38.816]]]}},{"type":"Feature","properties":{"county_fips":"12023","county_name":"Columbia","state":"FL"},"geometry":{"type":"Polygon","coordinates":[[[-82.7989,29.9336],[-82.7858,29.9549],[-82.7622,29.9644],[-82.7586,29.9757],[-82.7604,29.9862],[-82.794,29.9862],[-82.7946,30.337],[-82.7885,30.324],[-82.7633,30.3309],[-82.7454,30.3174],[-82.7246,30.3338],[-82.7164,30.3212],[-82.6899,30.3331],[-82.6815,30.3428],[-82.6869,30.3533],[-82.6623,30.3704],[-82.6654,30.3792],[-82.647,30.3951],[-82.6456,30.4064],[-82.6591,30.4407],[-82.6729,30.4486],[-82.6633,30.4521],[-82.6805,30.4615],[-82.6773,30.4719],[-82.7018,30.4777],[-82.6967,30.4894],[-82.7061,30.4924],[-82.706,30.5042],[-82.715,30.5055],[-82.7184,30.521],[-82.723,30.5174],[-82.7286,30.5257],[-82.7145,30.5318],[-82.7239,30.5649],[-82.7169,30.5644],[-82.6895,30.5977],[-82.4598,30.5843],[-82.4583,30.129],[-82.4526,30.1221],[-82.4593,30.1016],[-82.499,30.0888],[-82.5319,30.0612],[-82.5366,30.0253],[-82.5731,30.0107],[-82.5693,29.975],[-82.5333,29.9584],[-82.5294,29.9343],[-82.5783,29.9158],[-82.5759,29.8949],[-82.5926,29.8875],[-82.5865,29.8667],[-82.6063,29.8529],[-82.6197,29.8591],[-82.6178,29.8473],[-82.6313,29.8491],[-82.6358,29.8324],[-82.6521,29.8256],[-82.6937,29.8342],[-82.7329,29.8565],[-82.7529,29.8802],[-82.7536,29.8935],[-82.7694,29.8982],[-82.7699,29.9278],[-82.7989,29.9336]]]}},{"type":"Feature","properties":{"county_fips":"12121","county_name":"Suwannee","state":"FL"},"geometry":{"type":"Polygon","coordinates":[[[-83.2532,30.2536],[-83.237,30.2616],[-83.233,30.292],[-83.2099,30.3119],[-83.2126,30.3459],[-83.1912,30.3512],[-83.1929,30.374],[-83.1693,30.3869],[-83.1581,30.4141],[-83.082,30.4429],[-83.0754,30.4254],[-83.0343,30.4308],[-83.0079,30.4225],[-83.0042,30.4319],[-82.9978,30.4307],[-82.9827,30.419],[-82.9559,30.4135],[-82.9488,30.401],[-82.9084,30.3801],[-82.9058,30.3881],[-82.892,30.3876],[-82.8934,30.3746],[-82.8851,30.3653],[-82.8519,30.3569],[-82.8442,30.3409],[-82.8322,30.3468],[-82.8109,30.337],[-82.7996,30.3442],[-82.794,29.9862],[-82.7604,29.9862],[-82.7622,29.9644],[-82.7858,29.9549],[-82.8005,29.9321],[-82.8144,29.9298],[-82.8315,29.9128],[-82.8633,29.911],[-82.8842,29.8823],[-82.8979,29.9014],[-82.913,29.8898],[-82.9308,29.9574],[-82.9524,29.9594],[-82.9638,29.9945],[-82.9794,30.0074],[-83.0013,30.0088],[-83.0133,30.0321],[-83.0665,30.0654],[-83.0696,30.0813],[-83.1111,30.0909],[-83.1192,30.105],[-83.1329,30.0969],[-83.1625,30.11],[-83.1844,30.0941],[-83.2259,30.1136],[-83.2251,30.138],[-83.2387,30.1528],[-83.2316,30.1668],[-83.25,30.1905],[-83.2397,30.2267],[-83.253,30.2387],[-83.2425,30.2482],[-83.2532,30.2536]]]}},{"type":"Feature","properties":{"county_fips":"13013","county_name":"Barrow","state":"GA"},"geometry":{"type":"Polygon","coordinates":[[[-83.8691,34.0043],[-83.8177,34.1275],[-83.8152,34.1138],[-83.7922,34.1003],[-83.791,34.0872],[-83.7649,34.0651],[-83.7337,34.0673],[-83.7318,34.0601],[-83.7135,34.0564],[-83.7092,34.0451],[-83.6946,34.0563],[-83.6849,34.0469],[-83.658,34.0533],[-83.6526,34.0466],[-83.6144,34.0469],[-83.6005,34.0353],[-83.5734,34.0391],[-83.5633,34.0319],[-83.5374,33.9659],[-83.647,33.9062],[-83.6764,33.9176],[-83.7274,33.8982],[-83.7442,33.9057],[-83.761,33.8948],[-83.7646,33.9072],[-83.7991,33.9281],[-83.8373,33.9822],[-83.8691,34.0043]]]}},{"type":"Feature","properties":{"county_fips":"13163","county_name":"Jefferson","state":"GA"},"geometry":{"type":"Polygon","coordinates":[[[-82.6619,33.1263],[-82.5788,33.1198],[-82.5739,33.1539],[-82.5849,33.1715],[-82.3838,33.3121],[-82.3343,33.3093],[-82.3039,33.2909],[-82.296,33.2766],[-82.2596,33.2636],[-82.2328,33.2285],[-82.2811,33.1104],[-82.2912,33.0628],[-82.2724,32.9378],[-82.3165,32.8358],[-82.3266,32.8412],[-82.3677,32.8148],[-82.4158,32.8133],[-82.419,32.8013],[-82.3984,32.7772],[-82.4298,32.7615],[-82.4582,32.7682],[-82.5022,32.8009],[-82.526,32.8336],[-82.5109,32.9178],[-82.5394,32.9478],[-82.5502,33.0194],[-82.5592,33.0142],[-82.5798,33.03],[-82.6003,33.0328],[-82.6043,33.0455],[-82.6179,33.0511],[-82.6129,33.0609],[-82.628,33.0643],[-82.6267,33.0721],[-82.6416,33.0844],[-82.6381,33.1004],[-82.6475,33.1021],[-82.6619,33.1263]]]}},{"type":"Feature","properties":{"county_fips":"13009","county_name":"Baldwin","state":"GA"},"geometry":{"type":"Polygon","coordinates":[[[-83.4267,33.1827],[-83.4183,33.1773],[-83.3878,33.1854],[-83.3743,33.172],[-83.3635,33.169],[-83.3636,33.1799],[-83.3544,33.1798],[-83.3306,33.1675],[-83.3283,33.1751],[-83.3182,33.1696],[-83.3182,33.1835],[-83.2627,33.1891],[-83.0976,33.1515],[-83.0955,33.1409],[-83.1106,33.1272],[-83.1188,33.087],[-83.1028,33.0514],[-83.0522,33.0807],[-83.0443,33.064],[-83.055,33.0378],[-83.0677,33.0274],[-83.0513,33.0031],[-83.0491,32.9856],[-83.0579,32.9745],[-83.0676,32.9748],[-83.0707,32.9471],[-83.0851,32.956],[-83.0872,32.9507],[-83.0939,32.9677],[-83.1084,32.9692],[-83.1253,32.9837],[-83.1228,33.0013],[-83.1474,33.0087],[-83.1495,32.9978],[-83.1596,33.0028],[-83.1795,32.9874],[-83.1624,32.9696],[-83.2062,32.9836],[-83.2687,32.9587],[-83.2632,32.9541],[-83.2761,32.9421],[-83.2877,32.9519],[-83.3577,32.9261],[-83.415,33.1128],[-83.4267,33.1827]]]}},{"type":"Feature","properties":{"county_fips":"13279","county_name":"Toombs","state":"GA"},"geometry":{"type":"Polygon","coordinates":[[[-82.4831,31.969],[-82.4411,32.218],[-82.4391,32.2926],[-82.4091,32.3538],[-82.3926,32.3354],[-82.3789,32.3369],[-82.3587,32.3184],[-82.3545,32.2922],[-82.2798,32.2942],[-82.2328,32.3188],[-82.2274,32.2778],[-82.2098,32.2388],[-82.2137,32.2292],[-82.1819,32.1659],[-82.1952,32.1407],[-82.225,31.9131],[-82.2369,31.9205],[-82.2468,31.9151],[-82.256,31.9321],[-82.2672,31.9286],[-82.2864,31.9424],[-82.3011,31.9333],[-82.3151,31.9466],[-82.3078,31.9375],[-82.3145,31.9308],[-82.3771,31.9417],[-82.3715,31.9535],[-82.3845,31.96],[-82.3871,31.9482],[-82.4001,31.9602],[-82.4055,31.9492],[-82.4302,31.966],[-82.4831,31.969]]]}},{"type":"Feature","properties":{"county_fips":"13001","county_name":"Appling","state":"GA"},"geometry":{"type":"Polygon","coordinates":[[[-82.5507,31.7491],[-82.5202,31.7492],[-82.5203,31.8384],[-82.4314,31.838],[-82.4315,31.9662],[-82.4072,31.9495],[-82.4001,31.9602],[-82.3871,31.9482],[-82.3845,31.96],[-82.3715,31.9535],[-82.3771,31.9417],[-82.3145,31.9308],[-82.3078,31.9375],[-82.3151,31.9466],[-82.3011,31.9333],[-82.2864,31.9424],[-82.2672,31.9286],[-82.256,31.9321],[-82.2468,31.9151],[-82.2369,31.9205],[-82.2296,31.9118],[-82.1931,31.9068],[-82.1913,31.9005],[-82.1592,31.9039],[-82.1451,31.8981],[-82.1342,31.908],[-82.1355,31.8917],[-82.1195,31.886],[-82.1118,31.9005],[-82.1078,31.8837],[-82.1155,31.8628],[-82.0486,31.8271],[-82.0771,31.8291],[-82.0874,31.8216],[-82.0872,31.7995],[-82.1065,31.7998],[-82.107,31.7861],[-82.0893,31.7859],[-82.0894,31.7729],[-82.133,31.7734],[-82.1329,31.5693],[-82.1479,31.5691],[-82.1479,31.5573],[-82.1329,31.5575],[-82.1328,31.4713],[-82.141,31.4694],[-82.1639,31.4759],[-82.2162,31.5162],[-82.2443,31.558],[-82.3072,31.5877],[-82.367,31.6302],[-82.4075,31.6392],[-82.4357,31.6607],[-82.4509,31.6614],[-82.4959,31.7106],[-82.5214,31.7108],[-82.5206,31.7362],[-82.5507,31.7363],[-82.5507,31.7491]]]}},{"type":"Feature","properties":{"county_fips":"13023","county_name":"Bleckley","state":"GA"},"geometry":{"type":"Polygon","coordinates":[[[-83.4947,32.4037],[-83.4841,32.4058],[-83.4825,32.4251],[-83.4979,32.4522],[-83.4088,32.4957],[-83.4121,32.5021],[-83.4,32.5002],[-83.2265,32.5842],[-83.139,32.4231],[-83.1733,32.4525],[-83.3047,32.342],[-83.284,32.3243],[-83.3322,32.284],[-83.3393,32.2898],[-83.3465,32.2725],[-83.4947,32.4037]]]}},{"type":"Feature","properties":{"county_fips":"13133","county_name":"Greene","state":"GA"},"geometry":{"type":"Polygon","coordinates":[[[-83.4062,33.6983],[-83.2915,33.7343],[-83.2962,33.7431],[-83.2803,33.7618],[-83.1187,33.6988],[-83.0491,33.7156],[-83.0156,33.6912],[-82.9938,33.6929],[-82.9638,33.6768],[-82.9507,33.6609],[-82.9705,33.6417],[-82.9801,33.6147],[-82.9877,33.6289],[-83.0016,33.6202],[-82.9899,33.6033],[-83.014,33.5804],[-82.986,33.5204],[-82.9856,33.4898],[-83.1642,33.355],[-83.1879,33.3925],[-83.1966,33.3959],[-83.2233,33.3796],[-83.2127,33.4004],[-83.2441,33.399],[-83.2396,33.4187],[-83.2629,33.4437],[-83.257,33.4553],[-83.2778,33.4689],[-83.284,33.5082],[-83.271,33.5369],[-83.3036,33.555],[-83.3032,33.5631],[-83.3124,33.5642],[-83.338,33.5974],[-83.3488,33.5972],[-83.3694,33.6541],[-83.4062,33.6983]]]}},{"type":"Feature","properties":{"county_fips":"13301","county_name":"Warren","state":"GA"},"geometry":{"type":"Polygon","coordinates":[[[-82.8642,33.4675],[-82.8246,33.5022],[-82.8153,33.5211],[-82.7876,33.5107],[-82.7491,33.5107],[-82.7401,33.5286],[-82.7224,33.5388],[-82.7238,33.5555],[-82.7039,33.5795],[-82.7039,33.5894],[-82.6891,33.5902],[-82.6703,33.6041],[-82.6524,33.5961],[-82.6524,33.6112],[-82.5846,33.4497],[-82.5536,33.4158],[-82.5443,33.3747],[-82.5481,33.3528],[-82.5358,33.3575],[-82.4985,33.3377],[-82.45,33.3405],[-82.4174,33.3323],[-82.4109,33.3198],[-82.3838,33.3121],[-82.432,33.2748],[-82.5598,33.3273],[-82.6456,33.3014],[-82.6784,33.2742],[-82.7634,33.254],[-82.7854,33.2677],[-82.7816,33.3055],[-82.7954,33.3147],[-82.7892,33.3187],[-82.7995,33.3311],[-82.7975,33.3564],[-82.8217,33.3743],[-82.8179,33.3872],[-82.828,33.393],[-82.8226,33.4258],[-82.8462,33.4358],[-82.8642,33.4675]]]}},{"type":"Feature","properties":{"county_fips":"13315","county_name":"Wilcox","state":"GA"},"geometry":{"type":"Polygon","coordinates":[[[-83.6123,31.8541],[-83.6085,32.1184],[-83.551,32.1181],[-83.5508,32.1262],[-83.5415,32.1261],[-83.5416,32.1181],[-83.4357,32.1172],[-83.4356,32.1252],[-83.4165,32.1252],[-83.4131,32.1333],[-83.397,32.1326],[-83.3971,32.1241],[-83.3611,32.1241],[-83.3505,32.1126],[-83.3594,32.1061],[-83.3244,32.104],[-83.318,32.0859],[-83.3103,32.0924],[-83.3033,32.0777],[-83.2952,32.0792],[-83.3052,32.0733],[-83.3006,32.0551],[-83.3086,32.0498],[-83.2944,32.0385],[-83.2974,32.0276],[-83.2896,32.0264],[-83.2959,32.0017],[-83.2837,32.0029],[-83.2784,31.9944],[-83.2918,31.9832],[-83.2846,31.9842],[-83.2615,31.9521],[-83.2449,31.945],[-83.2358,31.951],[-83.2408,31.942],[-83.2267,31.9383],[-83.2325,31.9308],[-83.2141,31.9218],[-83.2184,31.9157],[-83.1999,31.8925],[-83.2042,31.8847],[-83.1899,31.8745],[-83.1816,31.8797],[-83.1768,31.8684],[-83.1833,31.8588],[-83.1767,31.8499],[-83.2096,31.8446],[-83.5345,31.8477],[-83.6123,31.8541]]]}},{"type":"Feature","properties":{"county_fips":"13305","county_name":"Wayne","state":"GA"},"geometry":{"type":"Polygon","coordinates":[[[-82.1479,31.5691],[-82.1329,31.5693],[-82.133,31.7734],[-82.0894,31.7729],[-82.0893,31.7859],[-82.107,31.7861],[-82.1065,31.7998],[-82.0872,31.7995],[-82.0874,31.8216],[-82.0771,31.8291],[-82.0486,31.8271],[-82.0261,31.8151],[-82.0182,31.8241],[-82.0068,31.8],[-81.9961,31.7998],[-81.9986,31.7941],[-81.9765,31.7826],[-81.954,31.7893],[-81.9445,31.7604],[-81.9114,31.7535],[-81.9067,31.7258],[-81.8765,31.7131],[-81.8671,31.6911],[-81.8476,31.6773],[-81.8506,31.6677],[-81.8289,31.664],[-81.8309,31.6573],[-81.821,31.6511],[-81.8116,31.6545],[-81.8136,31.6645],[-81.7875,31.6432],[-81.7891,31.6317],[-81.7653,31.6246],[-81.7688,31.6143],[-81.7596,31.6205],[-81.7439,31.6117],[-81.7472,31.6015],[-81.7368,31.6084],[-81.7232,31.5916],[-81.7018,31.5849],[-81.6968,31.554],[-81.6824,31.5518],[-81.6813,31.5417],[-81.6718,31.548],[-81.6641,31.5418],[-81.6677,31.5335],[-81.6522,31.5278],[-81.6574,31.5084],[-81.6408,31.4886],[-81.6231,31.4848],[-81.6123,31.4683],[-81.665,31.3999],[-81.692,31.4005],[-81.7048,31.3749],[-81.699,31.363],[-81.7252,31.3272],[-81.8011,31.3637],[-81.9232,31.3459],[-81.9517,31.3511],[-82.0426,31.3742],[-82.044,31.3951],[-82.0575,31.4091],[-82.0528,31.4546],[-82.0634,31.4664],[-82.0979,31.4812],[-82.1328,31.4713],[-82.1329,31.5575],[-82.1479,31.5573],[-82.1479,31.5691]]]}},{"type":"Feature","properties":{"county_fips":"13289","county_name":"Twiggs","state":"GA"},"geometry":{"type":"Polygon","coordinates":[[[-83.6113,32.6962],[-83.5972,32.712],[-83.6042,32.7173],[-83.5954,32.7316],[-83.6024,32.7413],[-83.5856,32.7448],[-83.5787,32.7381],[-83.4929,32.8051],[-83.4984,32.8155],[-83.4894,32.8241],[-83.5135,32.8449],[-83.407,32.8982],[-83.2265,32.5842],[-83.4,32.5002],[-83.4121,32.5021],[-83.4088,32.4957],[-83.4979,32.4522],[-83.4898,32.4576],[-83.4973,32.4726],[-83.4893,32.4769],[-83.4987,32.4816],[-83.4884,32.4851],[-83.5185,32.4993],[-83.5211,32.511],[-83.5399,32.5245],[-83.5362,32.5443],[-83.5481,32.5719],[-83.5364,32.575],[-83.5342,32.5853],[-83.54,32.5848],[-83.538,32.6029],[-83.549,32.6164],[-83.5415,32.6203],[-83.5493,32.642],[-83.5628,32.6597],[-83.5821,32.6552],[-83.5977,32.6643],[-83.6113,32.6962]]]}},{"type":"Feature","properties":{"county_fips":"13249","county_name":"Schley","state":"GA"},"geometry":{"type":"Polygon","coordinates":[[[-84.43,32.1743],[-84.4205,32.1744],[-84.4201,32.1917],[-84.4298,32.1942],[-84.4295,32.2322],[-84.4104,32.2319],[-84.4133,32.2975],[-84.3899,32.2972],[-84.3923,32.414],[-84.3821,32.4142],[-84.3818,32.428],[-84.3624,32.428],[-84.3632,32.3976],[-84.3532,32.3978],[-84.3531,32.385],[-84.3435,32.385],[-84.3437,32.3978],[-84.3233,32.3978],[-84.3238,32.3725],[-84.2546,32.3721],[-84.2559,32.2962],[-84.2192,32.2951],[-84.2201,32.2311],[-84.1817,32.2297],[-84.1836,32.1585],[-84.2606,32.1592],[-84.2604,32.1661],[-84.2696,32.1662],[-84.2701,32.1593],[-84.4302,32.1663],[-84.43,32.1743]],[[-84.3632,32.3976],[-84.3728,32.3975],[-84.3727,32.3894],[-84.3629,32.3894],[-84.3632,32.3976]]]}},{"type":"Feature","properties":{"county_fips":"37085","county_name":"Harnett","state":"NC"},"geometry":{"type":"Polygon","coordinates":[[[-79.2219,35.2694],[-78.9688,35.5225],[-78.9161,35.5841],[-78.6897,35.5159],[-78.6869,35.5019],[-78.6606,35.4962],[-78.6503,35.4724],[-78.6272,35.4583],[-78.6072,35.4321],[-78.5927,35.3986],[-78.5745,35.3885],[-78.5688,35.3693],[-78.5299,35.3349],[-78.5387,35.3158],[-78.5835,35.2968],[-78.5846,35.2733],[-78.6171,35.2457],[-78.7122,35.2576],[-78.7259,35.2669],[-78.7647,35.2584],[-78.7957,35.2657],[-78.8047,35.2572],[-78.8475,35.2528],[-78.8761,35.2415],[-78.8804,35.2304],[-78.9207,35.2202],[-78.9977,35.2141],[-79.0958,35.1921],[-79.1506,35.2133],[-79.1651,35.2409],[-79.2219,35.2694]]]}},{"type":"Feature","properties":{"county_fips":"37125","county_name":"Moore","state":"NC"},"geometry":{"type":"Polygon","coordinates":[[[-79.768,35.5115],[-79.3501,35.518],[-79.3359,35.4978],[-79.3519,35.4775],[-79.3599,35.4775],[-79.3598,35.4697],[-79.3296,35.4398],[-79.3289,35.4231],[-79.2896,35.4004],[-79.2733,35.3523],[-79.1836,35.3072],[-79.223,35.2681],[-79.1651,35.2409],[-79.1506,35.2133],[-79.1004,35.1962],[-79.0976,35.1742],[-79.1251,35.1665],[-79.133,35.1777],[-79.1421,35.169],[-79.1543,35.1804],[-79.1683,35.1814],[-79.1755,35.1931],[-79.2113,35.194],[-79.2298,35.2106],[-79.2467,35.2131],[-79.2926,35.1884],[-79.3123,35.1685],[-79.3354,35.1616],[-79.4588,35.0436],[-79.499,35.0638],[-79.5683,35.0648],[-79.5828,35.084],[-79.5733,35.1225],[-79.6094,35.149],[-79.6161,35.1685],[-79.6571,35.1913],[-79.6725,35.245],[-79.698,35.2515],[-79.712,35.2759],[-79.7099,35.3013],[-79.7642,35.4757],[-79.768,35.5115]]]}},{"type":"Feature","properties":{"county_fips":"37117","county_name":"Martin","state":"NC"},"geometry":{"type":"Polygon","coordinates":[[[-77.4092,35.9987],[-77.3276,36.0714],[-77.3187,36.0554],[-77.2063,36.0068],[-77.2133,35.9925],[-77.1959,35.992],[-77.1908,35.9608],[-77.1976,35.9619],[-77.1889,35.9567],[-77.1979,35.9576],[-77.1942,35.9497],[-77.2023,35.9474],[-77.1858,35.9309],[-77.1309,35.9408],[-77.1249,35.9267],[-77.1029,35.9333],[-77.094,35.9248],[-77.0805,35.9376],[-77.068,35.9361],[-77.0708,35.9438],[-77.0609,35.9386],[-77.045,35.9439],[-77.038,35.9302],[-77.0275,35.9297],[-77.0306,35.9054],[-77.0222,35.8911],[-77.0375,35.8906],[-77.0313,35.8807],[-77.0455,35.8748],[-77.0446,35.8621],[-77.0356,35.8575],[-77.0053,35.8584],[-76.9866,35.8768],[-76.9811,35.8728],[-76.9409,35.9011],[-76.9287,35.9],[-76.893,35.864],[-76.9035,35.8374],[-76.8939,35.8307],[-76.9041,35.8241],[-76.893,35.8187],[-76.8973,35.8139],[-76.8826,35.8119],[-76.8331,35.8522],[-76.832,35.885],[-76.8069,35.8839],[-76.781,35.8639],[-76.7606,35.8649],[-76.7835,35.8492],[-76.7892,35.8376],[-76.7827,35.8242],[-76.8026,35.8052],[-76.793,35.7899],[-76.8035,35.7839],[-76.8033,35.773],[-76.8313,35.7307],[-76.9858,35.6588],[-77.1568,35.7368],[-77.174,35.7328],[-77.2159,35.7601],[-77.2598,35.7652],[-77.2644,35.7752],[-77.2552,35.7864],[-77.3504,35.8192],[-77.3424,35.9053],[-77.4092,35.9987]]]}},{"type":"Feature","properties":{"county_fips":"37051","county_name":"Cumberland","state":"NC"},"geometry":{"type":"Polygon","coordinates":[[[-79.1129,35.1259],[-79.0958,35.1921],[-78.9977,35.2141],[-78.9207,35.2202],[-78.8804,35.2304],[-78.8761,35.2415],[-78.8249,35.2596],[-78.8047,35.2572],[-78.7934,35.266],[-78.7647,35.2584],[-78.7259,35.2669],[-78.7122,35.2576],[-78.6171,35.2457],[-78.6195,35.2269],[-78.6337,35.2125],[-78.6244,35.204],[-78.6468,35.1974],[-78.6357,35.1917],[-78.64,35.1859],[-78.6299,35.1723],[-78.6389,35.167],[-78.6328,35.1642],[-78.6399,35.1549],[-78.6347,35.1394],[-78.6519,35.1218],[-78.6393,35.1159],[-78.6538,35.1114],[-78.6582,35.0945],[-78.6707,35.0925],[-78.6723,35.0853],[-78.6545,35.0508],[-78.6593,35.0428],[-78.645,35.0101],[-78.647,34.9923],[-78.6075,34.9536],[-78.5727,34.9374],[-78.5623,34.918],[-78.5435,34.9138],[-78.5469,34.9006],[-78.5139,34.8817],[-78.5131,34.8691],[-78.4947,34.8562],[-78.5161,34.8459],[-78.8274,34.8507],[-78.9042,34.8349],[-78.927,34.864],[-78.9223,34.8755],[-78.9408,34.9034],[-79.0387,34.9527],[-79.0348,34.963],[-79.0497,34.992],[-79.0903,35.042],[-79.0932,35.0902],[-79.1129,35.1259]]]}},{"type":"Feature","properties":{"county_fips":"37083","county_name":"Halifax","state":"NC"},"geometry":{"type":"Polygon","coordinates":[[[-78.0066,36.2026],[-77.9424,36.2985],[-77.912,36.3824],[-77.9121,36.4248],[-77.9201,36.4361],[-77.9118,36.4428],[-77.9056,36.4909],[-77.891,36.5119],[-77.8093,36.4983],[-77.7679,36.48],[-77.7265,36.4875],[-77.6444,36.4802],[-77.626,36.4457],[-77.5919,36.4314],[-77.5864,36.422],[-77.5505,36.414],[-77.5479,36.372],[-77.5765,36.3544],[-77.5856,36.3373],[-77.5711,36.3138],[-77.5411,36.3033],[-77.4417,36.3244],[-77.4144,36.2935],[-77.4094,36.2635],[-77.3769,36.245],[-77.386,36.2112],[-77.351,36.1915],[-77.3284,36.1919],[-77.309,36.1807],[-77.309,36.1682],[-77.2883,36.1693],[-77.2772,36.1578],[-77.2634,36.1589],[-77.2661,36.141],[-77.2515,36.1355],[-77.2546,36.1228],[-77.2397,36.1203],[-77.2515,36.1151],[-77.2302,36.107],[-77.2421,36.0973],[-77.2708,36.0998],[-77.3132,36.0892],[-77.4026,36.005],[-77.4245,36.0039],[-77.4415,36.0149],[-77.4393,36.0212],[-77.4749,36.0378],[-77.5267,36.0376],[-77.5226,36.0451],[-77.5401,36.0608],[-77.5256,36.0694],[-77.5353,36.0776],[-77.5334,36.0911],[-77.6265,36.1114],[-77.644,36.1381],[-77.6701,36.1371],[-77.6785,36.1544],[-77.7168,36.1458],[-77.7213,36.1338],[-77.7315,36.1393],[-77.7293,36.1487],[-77.7501,36.1575],[-77.774,36.1426],[-77.8039,36.1497],[-77.8088,36.1382],[-77.8619,36.1491],[-77.8879,36.144],[-77.9007,36.1627],[-77.923,36.1669],[-77.9178,36.1796],[-77.9238,36.1888],[-77.9318,36.1826],[-77.9438,36.1926],[-77.9511,36.1806],[-77.9733,36.1942],[-77.969,36.1838],[-77.9777,36.1753],[-78.0066,36.2026]]]}},{"type":"Feature","properties":{"county_fips":"37127","county_name":"Nash","state":"NC"},"geometry":{"type":"Polygon","coordinates":[[[-78.2556,35.8161],[-78.0066,36.2026],[-77.9777,36.1753],[-77.969,36.1838],[-77.9733,36.1942],[-77.9511,36.1806],[-77.9438,36.1926],[-77.9318,36.1826],[-77.9238,36.1888],[-77.9178,36.1796],[-77.923,36.1669],[-77.9007,36.1627],[-77.8879,36.144],[-77.8619,36.1491],[-77.8088,36.1382],[-77.8039,36.1497],[-77.774,36.1426],[-77.7501,36.1575],[-77.7293,36.1487],[-77.7315,36.1393],[-77.7213,36.1338],[-77.7168,36.1458],[-77.698,36.1531],[-77.7085,36.1121],[-77.7718,36.0067],[-77.8447,35.8376],[-77.8739,35.8497],[-77.8974,35.8439],[-78.1973,35.7279],[-78.2155,35.7358],[-78.2188,35.7549],[-78.2327,35.7513],[-78.2383,35.7671],[-78.2506,35.7733],[-78.2439,35.7919],[-78.2556,35.8161]]]}},{"type":"Feature","properties":{"county_fips":"37015","county_name":"Bertie","state":"NC"},"geometry":{"type":"Polygon","coordinates":[[[-77.3276,36.0762],[-77.3132,36.0892],[-77.2306,36.1043],[-77.2515,36.1151],[-77.2397,36.1203],[-77.2546,36.1228],[-77.2515,36.1355],[-77.2661,36.141],[-77.2634,36.1589],[-77.2772,36.1578],[-77.2981,36.1722],[-77.2982,36.2077],[-77.2549,36.2185],[-77.2286,36.2144],[-77.2085,36.2466],[-76.9714,36.2381],[-76.7222,36.2438],[-76.725,36.2311],[-76.7371,36.2348],[-76.7499,36.2114],[-76.7542,36.1475],[-76.726,36.0962],[-76.7309,36.0747],[-76.7254,36.059],[-76.7056,36.0426],[-76.7038,36.0106],[-76.686,36.0063],[-76.6819,35.9896],[-76.7257,35.9552],[-76.7283,35.9336],[-76.7067,35.9449],[-76.6932,35.9382],[-76.7014,35.923],[-76.72,35.9173],[-76.7454,35.8708],[-76.7755,35.8627],[-76.8069,35.8839],[-76.8294,35.8861],[-76.8363,35.8801],[-76.8351,35.8496],[-76.8752,35.8137],[-76.8955,35.8132],[-76.893,35.8187],[-76.9041,35.8241],[-76.8942,35.8323],[-76.9035,35.8374],[-76.893,35.864],[-76.9213,35.8975],[-76.9409,35.9011],[-76.9589,35.8834],[-76.9811,35.8728],[-76.9866,35.8768],[-77.0053,35.8584],[-77.0356,35.8575],[-77.0446,35.8621],[-77.0455,35.8748],[-77.0313,35.8807],[-77.0375,35.8906],[-77.0222,35.8911],[-77.0306,35.9054],[-77.0275,35.9297],[-77.038,35.9302],[-77.045,35.9439],[-77.0609,35.9386],[-77.0708,35.9438],[-77.068,35.9361],[-77.0805,35.9376],[-77.094,35.9248],[-77.1029,35.9333],[-77.1249,35.9267],[-77.1309,35.9408],[-77.1858,35.9309],[-77.2023,35.9474],[-77.1942,35.9497],[-77.1979,35.9576],[-77.1889,35.9567],[-77.1976,35.9619],[-77.1908,35.9608],[-77.1959,35.992],[-77.2133,35.9925],[-77.2063,36.0068],[-77.3187,36.0554],[-77.3276,36.0762]]]}},{"type":"Feature","properties":{"county_fips":"37093","county_name":"Hoke","state":"NC"},"geometry":{"type":"Polygon","coordinates":[[[-79.4579,35.0446],[-79.3354,35.1616],[-79.3123,35.1685],[-79.2926,35.1884],[-79.2429,35.2138],[-79.2113,35.194],[-79.1755,35.1931],[-79.1683,35.1814],[-79.1543,35.1804],[-79.1421,35.169],[-79.133,35.1777],[-79.1251,35.1665],[-79.0976,35.1742],[-79.1129,35.1259],[-79.0932,35.0902],[-79.0903,35.042],[-79.0497,34.992],[-79.0356,34.9552],[-79.1914,34.8337],[-79.3479,34.8386],[-79.3373,34.8537],[-79.3489,34.8874],[-79.3531,34.9442],[-79.3965,34.9941],[-79.4495,35.0271],[-79.4579,35.0446]]]}},{"type":"Feature","properties":{"county_fips":"45079","county_name":"Richland","state":"SC"},"geometry":{"type":"Polygon","coordinates":[[[-81.3453,34.205],[-81.3169,34.2395],[-81.2966,34.2374],[-81.2513,34.2029],[-81.2264,34.2057],[-81.1783,34.1746],[-81.1794,34.1871],[-81.1684,34.1977],[-81.1812,34.2203],[-81.0959,34.2139],[-81.0708,34.2251],[-81.0699,34.2322],[-81.0612,34.228],[-80.9619,34.252],[-80.8259,34.2688],[-80.8685,34.1817],[-80.7193,34.069],[-80.7036,34.081],[-80.6162,34.0996],[-80.6362,34.0802],[-80.6195,34.0823],[-80.6312,34.0682],[-80.6064,34.058],[-80.6126,34.0518],[-80.601,34.0394],[-80.608,34.0293],[-80.6021,34.0254],[-80.6155,34.0245],[-80.628,34.0119],[-80.6253,34.0037],[-80.6373,34.0076],[-80.6354,34.0014],[-80.6466,33.999],[-80.6304,33.9758],[-80.6331,33.9665],[-80.6158,33.9655],[-80.6291,33.9418],[-80.6167,33.9364],[-80.6306,33.9337],[-80.6262,33.9299],[-80.6341,33.9173],[-80.615,33.8919],[-80.6256,33.8935],[-80.623,33.8604],[-80.6335,33.8527],[-80.6161,33.8343],[-80.6157,33.8145],[-80.5983,33.8045],[-80.6054,33.8047],[-80.5962,33.7864],[-80.603,33.7853],[-80.5977,33.7775],[-80.6057,33.7718],[-80.605,33.7585],[-80.6187,33.7436],[-80.6328,33.7437],[-80.6564,33.7614],[-80.6547,33.7735],[-80.6866,33.756],[-80.7054,33.7598],[-80.7123,33.7712],[-80.7154,33.7605],[-80.7268,33.7683],[-80.7385,33.7564],[-80.7363,33.7674],[-80.745,33.7764],[-80.7516,33.7706],[-80.7473,33.7617],[-80.7597,33.774],[-80.7849,33.761],[-80.783,33.7689],[-80.8112,33.7797],[-80.828,33.7762],[-80.8225,33.787],[-80.8335,33.7855],[-80.8375,33.7939],[-80.8658,33.8027],[-80.8748,33.8155],[-80.9156,33.8114],[-80.9153,33.8339],[-80.9362,33.8264],[-80.9537,33.8427],[-80.9883,33.8498],[-80.9862,33.8575],[-81.0021,33.8631],[-80.9982,33.8768],[-81.0207,33.8847],[-81.0088,33.9041],[-81.0301,33.9136],[-81.017,33.9309],[-81.0547,34.0008],[-81.0975,34.0177],[-81.132,34.0623],[-81.1729,34.0905],[-81.2334,34.1018],[-81.2758,34.0974],[-81.315,34.1461],[-81.3023,34.1624],[-81.3145,34.1869],[-81.3453,34.205]]]}},{"type":"Feature","properties":{"county_fips":"45047","county_name":"Greenwood","state":"SC"},"geometry":{"type":"Polygon","coordinates":[[[-82.3342,34.3426],[-82.2463,34.4097],[-82.2446,34.4034],[-82.2284,34.4024],[-82.2313,34.3925],[-82.178,34.3581],[-82.1687,34.3301],[-82.134,34.3238],[-82.1217,34.3034],[-82.1107,34.3081],[-82.0845,34.2998],[-82.0093,34.2425],[-81.9784,34.2381],[-81.9711,34.2222],[-81.9391,34.1955],[-81.9205,34.192],[-81.917,34.177],[-81.9054,34.1781],[-81.9077,34.1619],[-81.8972,34.1463],[-81.8685,34.1324],[-81.897,34.1069],[-81.9003,34.095],[-81.9158,34.091],[-81.9473,34.0371],[-81.9899,33.9971],[-82.0078,33.9613],[-82.047,33.9532],[-82.0451,33.9834],[-82.0761,33.9788],[-82.1511,33.9865],[-82.1677,33.9731],[-82.1844,33.9744],[-82.2208,33.9911],[-82.2437,34.0179],[-82.3059,33.9718],[-82.3269,34.0641],[-82.2688,34.1071],[-82.2498,34.1345],[-82.2401,34.1922],[-82.2482,34.2206],[-82.2653,34.2445],[-82.3071,34.2759],[-82.3111,34.3204],[-82.3238,34.3253],[-82.3342,34.3426]]]}},{"type":"Feature","properties":{"county_fips":"45087","county_name":"Union","state":"SC"},"geometry":{"type":"Polygon","coordinates":[[[-81.8519,34.5948],[-81.8196,34.689],[-81.7828,34.8372],[-81.7141,34.9129],[-81.6984,34.9059],[-81.6853,34.913],[-81.6776,34.9009],[-81.6472,34.9005],[-81.6406,34.8801],[-81.6248,34.8739],[-81.5872,34.8875],[-81.5435,34.8699],[-81.5346,34.8796],[-81.5299,34.8676],[-81.5149,34.8771],[-81.4819,34.8665],[-81.4836,34.8563],[-81.4571,34.8392],[-81.488,34.8151],[-81.4691,34.811],[-81.4693,34.8028],[-81.4593,34.7975],[-81.4532,34.7609],[-81.4825,34.7444],[-81.4884,34.733],[-81.4794,34.7239],[-81.4542,34.7209],[-81.4543,34.6752],[-81.442,34.6537],[-81.416,34.6336],[-81.4269,34.5785],[-81.4198,34.5666],[-81.4275,34.5295],[-81.4232,34.4944],[-81.4846,34.49],[-81.541,34.445],[-81.5511,34.4522],[-81.5463,34.4619],[-81.5569,34.4631],[-81.5529,34.4768],[-81.6134,34.5138],[-81.6178,34.5252],[-81.6272,34.5217],[-81.658,34.5406],[-81.6585,34.5478],[-81.6776,34.5508],[-81.6773,34.558],[-81.6908,34.5527],[-81.7011,34.5594],[-81.7173,34.5515],[-81.7473,34.5683],[-81.7525,34.5636],[-81.8104,34.5781],[-81.8428,34.6006],[-81.8519,34.5948]]]}},{"type":"Feature","properties":{"county_fips":"45071","county_name":"Newberry","state":"SC"},"geometry":{"type":"Polygon","coordinates":[[[-81.9437,34.2061],[-81.9114,34.2463],[-81.8953,34.3005],[-81.8485,34.3235],[-81.8498,34.333],[-81.8369,34.3428],[-81.7826,34.3651],[-81.7345,34.4377],[-81.7225,34.4497],[-81.7032,34.4526],[-81.6436,34.5337],[-81.6272,34.5217],[-81.6178,34.5252],[-81.6134,34.5138],[-81.5529,34.4768],[-81.5569,34.4631],[-81.5463,34.4619],[-81.5511,34.4522],[-81.541,34.445],[-81.4846,34.49],[-81.4232,34.4944],[-81.4125,34.4699],[-81.4212,34.4538],[-81.3965,34.3898],[-81.3715,34.3504],[-81.359,34.3105],[-81.3396,34.2922],[-81.3423,34.2669],[-81.3169,34.2395],[-81.3453,34.205],[-81.339,34.1976],[-81.3523,34.1967],[-81.3748,34.179],[-81.4037,34.1779],[-81.4372,34.13],[-81.3882,34.0793],[-81.4028,34.0708],[-81.4249,34.083],[-81.4449,34.0777],[-81.4655,34.0873],[-81.472,34.0766],[-81.4851,34.0823],[-81.5025,34.0739],[-81.5139,34.0823],[-81.5389,34.0817],[-81.5896,34.1172],[-81.6005,34.1129],[-81.6076,34.1232],[-81.6227,34.1263],[-81.637,34.1462],[-81.6727,34.156],[-81.6915,34.1729],[-81.7155,34.1752],[-81.7316,34.1876],[-81.7788,34.1647],[-81.7842,34.1727],[-81.8273,34.1728],[-81.8273,34.1822],[-81.8389,34.1722],[-81.8606,34.1794],[-81.8764,34.1678],[-81.8792,34.1579],[-81.8667,34.1381],[-81.8774,34.1369],[-81.8982,34.1476],[-81.9077,34.1619],[-81.9054,34.1781],[-81.917,34.177],[-81.9205,34.192],[-81.9391,34.1955],[-81.9437,34.2061]]]}},{"type":"Feature","properties":{"county_fips":"45049","county_name":"Hampton","state":"SC"},"geometry":{"type":"Polygon","coordinates":[[[-81.4275,32.7022],[-81.4151,32.7137],[-81.4203,32.7211],[-81.41,32.7219],[-81.4178,32.7251],[-81.4127,32.7391],[-81.3385,32.7685],[-81.3268,32.7909],[-81.2617,32.8391],[-81.2767,32.8921],[-81.2377,32.9067],[-81.237,32.9402],[-81.0823,33.0266],[-81.0135,32.9548],[-80.9872,32.9011],[-80.9588,32.8767],[-80.9455,32.8764],[-80.9001,32.8326],[-80.8958,32.8106],[-80.8662,32.7756],[-80.8456,32.7208],[-80.8263,32.7043],[-80.8372,32.6998],[-80.9024,32.6216],[-80.9587,32.6425],[-80.963,32.6522],[-80.95,32.6615],[-80.9459,32.6873],[-80.9648,32.6951],[-80.9765,32.7209],[-81.0146,32.7531],[-81.2889,32.5512],[-81.2913,32.5627],[-81.2967,32.5534],[-81.298,32.563],[-81.3218,32.5595],[-81.3548,32.5711],[-81.3577,32.5821],[-81.367,32.577],[-81.3698,32.5912],[-81.381,32.5897],[-81.4112,32.6177],[-81.4184,32.6347],[-81.4082,32.6313],[-81.4027,32.637],[-81.4126,32.6415],[-81.393,32.6515],[-81.4072,32.6605],[-81.3975,32.6626],[-81.4096,32.697],[-81.4124,32.6921],[-81.4275,32.7022]]]}},{"type":"Feature","properties":{"county_fips":"45005","county_name":"Allendale","state":"SC"},"geometry":{"type":"Polygon","coordinates":[[[-81.6136,33.0957],[-81.5419,33.1583],[-81.3649,33.1081],[-81.1931,33.1187],[-81.1244,33.0532],[-81.1012,33.0491],[-81.0823,33.0266],[-81.237,32.9402],[-81.2377,32.9067],[-81.2767,32.8921],[-81.2617,32.8391],[-81.3268,32.7909],[-81.3385,32.7685],[-81.4051,32.745],[-81.4198,32.7498],[-81.4084,32.7547],[-81.4118,32.7631],[-81.4319,32.7689],[-81.4145,32.7781],[-81.4312,32.7841],[-81.4222,32.784],[-81.4274,32.7883],[-81.4197,32.7932],[-81.4283,32.8008],[-81.418,32.8182],[-81.4271,32.8169],[-81.422,32.8215],[-81.4299,32.8282],[-81.4216,32.8352],[-81.4399,32.8404],[-81.4449,32.851],[-81.4517,32.8448],[-81.4607,32.846],[-81.4534,32.8739],[-81.4794,32.8811],[-81.4641,32.8978],[-81.4808,32.8986],[-81.4832,32.9218],[-81.5024,32.9354],[-81.4994,32.945],[-81.5086,32.9526],[-81.5108,32.9685],[-81.4998,32.9638],[-81.4915,32.9954],[-81.5002,33.0035],[-81.4914,33.0081],[-81.5041,33.0163],[-81.5107,33.0103],[-81.5103,33.0212],[-81.5191,33.0232],[-81.5112,33.0278],[-81.5291,33.0408],[-81.5388,33.0392],[-81.5438,33.0486],[-81.5619,33.0458],[-81.5589,33.0529],[-81.564,33.0608],[-81.5719,33.054],[-81.5772,33.0659],[-81.6032,33.0744],[-81.5965,33.0799],[-81.6013,33.087],[-81.6129,33.081],[-81.6136,33.0957]]]}},{"type":"Feature","properties":{"county_fips":"37019","county_name":"Brunswick","state":"NC"},"geometry":{"type":"Polygon","coordinates":[[[-78.6504,33.9457],[-78.6422,33.9581],[-78.6484,33.9655],[-78.6241,33.9733],[-78.6406,34.0103],[-78.6003,34.03],[-78.5908,34.0272],[-78.5793,34.0369],[-78.5796,34.0516],[-78.5571,34.0618],[-78.5602,34.0921],[-78.5441,34.0999],[-78.554,34.1041],[-78.549,34.1115],[-78.5551,34.1168],[-78.5388,34.1252],[-78.5452,34.1457],[-78.5029,34.1691],[-78.4227,34.1396],[-78.3916,34.1739],[-78.3668,34.1888],[-78.3743,34.2049],[-78.2546,34.2163],[-78.1545,34.365],[-78.1395,34.3655],[-78.1373,34.3717],[-78.1207,34.368],[-78.1028,34.355],[-78.0788,34.3539],[-78.0783,34.3389],[-78.0593,34.3379],[-78.0598,34.3448],[-78.0467,34.3304],[-78.0263,34.3293],[-78.0262,34.3181],[-78.0087,34.3226],[-78.0159,34.2903],[-78.0059,34.2889],[-78.0048,34.2805],[-77.9902,34.2817],[-78.002,34.2731],[-77.9875,34.2683],[-77.9731,34.2472],[-77.9678,34.2521],[-77.9685,34.2423],[-77.9566,34.2345],[-77.9586,34.1738],[-77.9369,34.1228],[-77.931,34.0503],[-77.9485,33.9713],[-77.9372,33.9292],[-77.9534,33.8956],[-77.9605,33.8432],[-78.0083,33.8642],[-77.9898,33.888],[-77.989,33.9025],[-77.9959,33.9056],[-78.017,33.9023],[-78.0207,33.8883],[-78.1203,33.9103],[-78.2392,33.9175],[-78.3871,33.902],[-78.5405,33.8527],[-78.6504,33.9457]]]}},{"type":"Feature","properties":{"county_fips":"37119","county_name":"Mecklenburg","state":"NC"},"geometry":{"type":"Polygon","coordinates":[[[-81.0576,35.0624],[-81.0521,35.0963],[-81.0325,35.11],[-81.039,35.1263],[-81.051,35.1317],[-81.0471,35.1452],[-81.0058,35.157],[-81.0024,35.1808],[-81.0141,35.222],[-81.0083,35.2481],[-81.0151,35.2687],[-81.0009,35.3054],[-80.9817,35.3272],[-80.9849,35.3401],[-80.9694,35.3514],[-80.9621,35.347],[-80.923,35.3599],[-80.9613,35.3755],[-80.9764,35.3642],[-80.9868,35.379],[-80.9552,35.3932],[-80.9587,35.4326],[-80.9425,35.4577],[-80.9515,35.4671],[-80.9473,35.4885],[-80.9067,35.5148],[-80.7842,35.506],[-80.7868,35.493],[-80.7522,35.4141],[-80.7635,35.4121],[-80.7664,35.4015],[-80.6931,35.3464],[-80.6671,35.2688],[-80.5503,35.2084],[-80.7676,35.0363],[-80.8045,35.0277],[-80.8404,35.0016],[-80.935,35.1074],[-81.0415,35.0447],[-81.0576,35.0624]]]}},{"type":"Feature","properties":{"county_fips":"51141","county_name":"Patrick","state":"VA"},"geometry":{"type":"Polygon","coordinates":[[[-80.6256,36.6062],[-80.5949,36.6614],[-80.5781,36.6621],[-80.539,36.641],[-80.5012,36.6566],[-80.4887,36.6504],[-80.4893,36.6619],[-80.466,36.6731],[-80.4538,36.7004],[-80.4642,36.7087],[-80.4526,36.7325],[-80.4578,36.7392],[-80.4438,36.7479],[-80.3948,36.7444],[-80.3974,36.7643],[-80.3877,36.77],[-80.3869,36.7977],[-80.35,36.809],[-80.3416,36.8202],[-80.3443,36.8323],[-80.3287,36.8306],[-80.3173,36.8437],[-80.3052,36.8423],[-80.2884,36.8588],[-80.2552,36.8647],[-80.2533,36.8707],[-80.0744,36.8466],[-80.0664,36.8411],[-80.0789,36.8352],[-80.0707,36.8305],[-80.0727,36.8233],[-80.0417,36.7979],[-80.0951,36.7782],[-80.0889,36.7599],[-80.0947,36.7463],[-80.0847,36.7401],[-80.0936,36.7215],[-80.0585,36.6607],[-80.0605,36.6345],[-80.0502,36.6093],[-80.0535,36.5425],[-80.2952,36.544],[-80.6121,36.5579],[-80.615,36.5884],[-80.6256,36.6062]]]}},{"type":"Feature","properties":{"county_fips":"51093","county_name":"Isle of Wight","state":"VA"},"geometry":{"type":"Polygon","coordinates":[[[-76.9283,36.7047],[-76.9142,36.7221],[-76.9154,36.7365],[-76.8948,36.747],[-76.8983,36.762],[-76.8846,36.7644],[-76.885,36.7802],[-76.8656,36.7896],[-76.8617,36.8006],[-76.8689,36.8084],[-76.8556,36.8272],[-76.8597,36.8357],[-76.8493,36.8463],[-76.8519,36.8537],[-76.8408,36.8558],[-76.8339,36.8629],[-76.8387,36.8668],[-76.818,36.8806],[-76.8273,36.8875],[-76.8149,36.9005],[-76.8156,36.9143],[-76.8357,36.9194],[-76.8314,36.9296],[-76.8448,36.9326],[-76.859,36.956],[-76.8497,36.9962],[-76.6976,37.0598],[-76.6956,37.0833],[-76.6845,37.0882],[-76.6842,37.1039],[-76.6752,37.1086],[-76.6803,37.1263],[-76.6738,37.141],[-76.6671,37.1405],[-76.6569,37.1098],[-76.6698,37.0643],[-76.6626,37.0457],[-76.646,37.0362],[-76.5865,37.0287],[-76.5761,37.0154],[-76.5848,37.0061],[-76.5802,36.997],[-76.5569,37.002],[-76.4865,36.9565],[-76.4855,36.9386],[-76.4992,36.9375],[-76.5004,36.9146],[-76.5211,36.9063],[-76.5335,36.9156],[-76.8976,36.6441],[-76.9126,36.6507],[-76.9177,36.6624],[-76.912,36.6727],[-76.925,36.6822],[-76.9122,36.6984],[-76.9283,36.7047]]]}},{"type":"Feature","properties":{"county_fips":"51111","county_name":"Lunenburg","state":"VA"},"geometry":{"type":"Polygon","coordinates":[[[-78.493,36.8912],[-78.4436,37.0794],[-78.3823,37.0895],[-78.3598,37.1061],[-78.2843,37.1015],[-78.2394,37.1201],[-78.2257,37.1072],[-78.2307,37.0988],[-78.2243,37.0897],[-78.193,37.0812],[-78.1888,37.0735],[-78.1707,37.0762],[-78.1714,37.0545],[-78.1199,37.0355],[-78.0826,37.0111],[-78.0036,37.0228],[-78.0274,36.7779],[-78.0475,36.7843],[-78.0581,36.7768],[-78.1052,36.8007],[-78.112,36.7998],[-78.109,36.7892],[-78.1194,36.7871],[-78.1746,36.803],[-78.2418,36.8082],[-78.2434,36.8145],[-78.2821,36.8223],[-78.3296,36.8545],[-78.3449,36.8423],[-78.3681,36.8614],[-78.3972,36.8638],[-78.4212,36.8517],[-78.4301,36.8711],[-78.4633,36.8719],[-78.493,36.8912]]]}},{"type":"Feature","properties":{"county_fips":"51087","county_name":"Henrico","state":"VA"},"geometry":{"type":"Polygon","coordinates":[[[-77.6528,37.5654],[-77.6347,37.566],[-77.6306,37.5767],[-77.6164,37.5776],[-77.6264,37.5988],[-77.6518,37.6167],[-77.6545,37.6407],[-77.6302,37.7073],[-77.6071,37.7097],[-77.5954,37.697],[-77.5579,37.6819],[-77.5222,37.7001],[-77.4949,37.7015],[-77.4806,37.6819],[-77.4716,37.6877],[-77.4603,37.6782],[-77.4432,37.6822],[-77.4207,37.6365],[-77.4054,37.626],[-77.4036,37.6051],[-77.3059,37.561],[-77.2318,37.5396],[-77.1773,37.4906],[-77.226,37.4054],[-77.2151,37.3859],[-77.2346,37.3816],[-77.2487,37.3947],[-77.2539,37.3876],[-77.2484,37.3826],[-77.2675,37.3735],[-77.2697,37.3562],[-77.2865,37.352],[-77.3107,37.3658],[-77.2982,37.3921],[-77.3003,37.4053],[-77.3086,37.404],[-77.3187,37.3802],[-77.3604,37.3749],[-77.3579,37.3842],[-77.3652,37.3909],[-77.3757,37.3817],[-77.3863,37.3866],[-77.3846,37.3975],[-77.3985,37.4054],[-77.3991,37.4213],[-77.4269,37.4261],[-77.4175,37.4518],[-77.4228,37.4961],[-77.4165,37.5171],[-77.3939,37.505],[-77.3943,37.5149],[-77.3874,37.5171],[-77.3939,37.5261],[-77.3855,37.5352],[-77.3932,37.5373],[-77.3951,37.5494],[-77.4117,37.5523],[-77.4133,37.58],[-77.4393,37.5855],[-77.4376,37.5987],[-77.4781,37.5989],[-77.4725,37.5787],[-77.4824,37.5731],[-77.5326,37.5918],[-77.532,37.5826],[-77.5439,37.5813],[-77.5475,37.5725],[-77.5259,37.5682],[-77.5298,37.5592],[-77.606,37.5555],[-77.6528,37.5654]]]}},{"type":"Feature","properties":{"county_fips":"51101","county_name":"King William","state":"VA"},"geometry":{"type":"Polygon","coordinates":[[[-77.3456,37.7922],[-77.2503,37.8724],[-77.2414,37.9097],[-77.2265,37.8987],[-77.2115,37.9012],[-77.2163,37.8913],[-77.2083,37.8856],[-77.2055,37.8919],[-77.1788,37.8891],[-77.169,37.897],[-77.1647,37.8839],[-77.1486,37.8803],[-77.1636,37.8658],[-77.1332,37.8654],[-77.1413,37.8561],[-77.1215,37.8369],[-77.1265,37.8266],[-77.1159,37.8148],[-77.1208,37.8076],[-77.093,37.8094],[-77.0925,37.8022],[-77.1068,37.7943],[-77.0992,37.7834],[-77.0737,37.7732],[-77.0895,37.7552],[-77.0822,37.7471],[-77.0594,37.7495],[-77.0352,37.7209],[-77.0125,37.7228],[-77.0006,37.7085],[-76.9751,37.7084],[-76.9669,37.6898],[-76.9167,37.6953],[-76.906,37.6705],[-76.9124,37.6568],[-76.8805,37.6571],[-76.8558,37.6362],[-76.8682,37.6178],[-76.8388,37.6168],[-76.8334,37.607],[-76.8147,37.6042],[-76.8258,37.5973],[-76.823,37.5916],[-76.7957,37.5893],[-76.7996,37.5736],[-76.7852,37.5691],[-76.7771,37.5507],[-76.7887,37.5372],[-76.7866,37.5224],[-76.7962,37.5199],[-76.8241,37.5524],[-76.8574,37.5229],[-76.8778,37.5304],[-76.854,37.5697],[-76.8562,37.5782],[-76.8685,37.5814],[-76.882,37.5765],[-76.8759,37.5518],[-76.902,37.5467],[-76.9031,37.5658],[-76.917,37.5696],[-76.9427,37.5596],[-76.9471,37.5355],[-76.974,37.5413],[-76.9551,37.5638],[-76.9653,37.585],[-76.9927,37.5809],[-76.9812,37.5671],[-77.0001,37.5618],[-77.0258,37.5734],[-77.019,37.5835],[-77.054,37.5988],[-77.0672,37.6039],[-77.0842,37.5984],[-77.0922,37.6078],[-77.0896,37.6182],[-77.1203,37.6248],[-77.1296,37.6356],[-77.1153,37.636],[-77.1104,37.6637],[-77.1417,37.6653],[-77.1476,37.6752],[-77.1473,37.6643],[-77.1627,37.6681],[-77.1664,37.6609],[-77.1867,37.6577],[-77.1919,37.6663],[-77.1821,37.674],[-77.1846,37.687],[-77.1992,37.6898],[-77.2066,37.677],[-77.2145,37.689],[-77.2416,37.6868],[-77.2368,37.6923],[-77.2439,37.6992],[-77.2303,37.7139],[-77.244,37.7303],[-77.2518,37.7222],[-77.246,37.7102],[-77.2695,37.7235],[-77.292,37.714],[-77.2935,37.7398],[-77.3225,37.7337],[-77.3209,37.7433],[-77.308,37.7413],[-77.3012,37.7513],[-77.3344,37.7546],[-77.3374,37.7648],[-77.3218,37.7698],[-77.3318,37.792],[-77.3456,37.7922]]]}},{"type":"Feature","properties":{"county_fips":"51067","county_name":"Franklin","state":"VA"},"geometry":{"type":"Polygon","coordinates":[[[-80.232,36.8751],[-80.1989,36.9015],[-80.1978,36.9207],[-80.1738,36.9524],[-80.1451,36.9494],[-80.1345,36.9651],[-80.1437,36.9803],[-80.1212,36.9917],[-80.1354,36.9962],[-80.1359,37.0041],[-80.1135,37.0092],[-80.1171,37.0251],[-80.1044,37.0264],[-80.1228,37.0556],[-80.1077,37.0733],[-80.1287,37.1229],[-80.086,37.162],[-80.0747,37.1572],[-80.0317,37.1746],[-80.0092,37.1727],[-80.0008,37.1655],[-80.0012,37.1517],[-79.9628,37.1373],[-79.9139,37.1652],[-79.9118,37.177],[-79.8951,37.1818],[-79.8939,37.1993],[-79.8721,37.2155],[-79.852,37.2151],[-79.8472,37.2254],[-79.833,37.216],[-79.8196,37.2264],[-79.8036,37.2155],[-79.7948,37.2195],[-79.7945,37.2311],[-79.7821,37.2327],[-79.7766,37.2026],[-79.7621,37.2014],[-79.7577,37.19],[-79.7183,37.1897],[-79.7029,37.1494],[-79.6963,37.1528],[-79.7024,37.1643],[-79.6882,37.1497],[-79.6799,37.1559],[-79.6705,37.1496],[-79.6411,37.1031],[-79.6155,37.0916],[-79.6113,37.0831],[-79.6224,37.0786],[-79.5923,37.0507],[-79.6026,37.0487],[-79.5941,37.0422],[-79.6407,36.8561],[-79.6692,36.8278],[-79.691,36.8288],[-79.7363,36.8129],[-79.7611,36.7883],[-79.7642,36.7985],[-79.7868,36.8007],[-79.8021,36.7921],[-79.9998,36.8307],[-80.012,36.7896],[-80.0272,36.7913],[-80.0132,36.7837],[-80.0252,36.7808],[-80.0727,36.8233],[-80.0707,36.8305],[-80.0789,36.8352],[-80.0664,36.8411],[-80.0744,36.8466],[-80.0997,36.8459],[-80.232,36.8751]]]}},{"type":"Feature","properties":{"county_fips":"51145","county_name":"Powhatan","state":"VA"},"geometry":{"type":"Polygon","coordinates":[[[-78.132,37.4547],[-78.0895,37.6394],[-78.075,37.6574],[-78.0477,37.6434],[-78.0175,37.6426],[-77.9833,37.6246],[-77.9567,37.6251],[-77.9437,37.6386],[-77.956,37.6608],[-77.9498,37.6744],[-77.9157,37.6914],[-77.8973,37.6682],[-77.8306,37.6331],[-77.8179,37.6078],[-77.7653,37.6126],[-77.7321,37.5897],[-77.7056,37.5892],[-77.6554,37.564],[-77.7978,37.4589],[-77.8083,37.4268],[-77.8467,37.4151],[-77.8589,37.4226],[-77.8666,37.4568],[-77.8945,37.4496],[-77.8982,37.4748],[-77.9852,37.4861],[-77.9987,37.4979],[-78.0154,37.4912],[-78.0172,37.4715],[-78.0493,37.4723],[-78.0661,37.452],[-78.0924,37.4557],[-78.0987,37.4406],[-78.1008,37.4481],[-78.1243,37.4454],[-78.132,37.4547]]]}},{"type":"Feature","properties":{"county_fips":"01005","county_name":"Barbour","state":"AL"},"geometry":{"type":"Polygon","coordinates":[[[-85.748,31.6192],[-85.7312,31.6299],[-85.717,31.6551],[-85.7206,31.6931],[-85.7061,31.7072],[-85.704,31.7365],[-85.6712,31.7609],[-85.6662,31.7729],[-85.6625,31.7846],[-85.6746,31.8197],[-85.6683,31.8348],[-85.6781,31.856],[-85.656,31.882],[-85.6488,31.9116],[-85.6048,31.9609],[-85.5873,31.9974],[-85.5124,31.9997],[-85.5126,32.0141],[-85.4706,32.0142],[-85.4711,32.0223],[-85.463,32.0224],[-85.4625,32.0144],[-85.4285,32.015],[-85.4274,32.1394],[-85.41,32.1395],[-85.4102,32.1467],[-85.2577,32.1483],[-85.2598,32.1385],[-85.2363,32.1237],[-85.2455,32.1191],[-85.2342,32.1196],[-85.2284,32.1016],[-85.1957,32.0818],[-85.1851,32.0617],[-85.1134,32.0624],[-85.1132,32.0696],[-85.1048,32.0698],[-85.105,32.0625],[-85.056,32.0631],[-85.0563,32.0283],[-85.0493,32.0227],[-85.068,31.9934],[-85.0678,31.9674],[-85.0867,31.9592],[-85.0789,31.9402],[-85.1131,31.9119],[-85.112,31.8948],[-85.1343,31.8915],[-85.1284,31.8776],[-85.1418,31.8393],[-85.1326,31.8268],[-85.1322,31.7952],[-85.1419,31.782],[-85.1256,31.7645],[-85.1543,31.7739],[-85.1654,31.76],[-85.2043,31.743],[-85.2161,31.7024],[-85.416,31.7067],[-85.4164,31.6195],[-85.748,31.6192]]]}},{"type":"Feature","properties":{"county_fips":"12123","county_name":"Taylor","state":"FL"},"geometry":{"type":"MultiPolygon","coordinates":[[[[-83.829,29.9698],[-83.8278,29.9728],[-83.827,29.9711],[-83.829,29.9698]]],[[[-83.992,30.0934],[-83.9686,30.1362],[-83.9731,30.146],[-83.9604,30.1524],[-83.9513,30.1863],[-83.9255,30.1929],[-83.9158,30.2452],[-83.9026,30.2475],[-83.8797,30.269],[-83.8377,30.2808],[-83.8202,30.3035],[-83.4688,30.3042],[-83.4693,30.2604],[-83.3673,30.2604],[-83.3709,29.8879],[-83.353,29.8879],[-83.3529,29.8222],[-83.3189,29.8226],[-83.3195,29.7783],[-83.3457,29.7435],[-83.3507,29.6953],[-83.3654,29.6758],[-83.3632,29.6682],[-83.4554,29.6764],[-83.4837,29.6882],[-83.4836,29.6985],[-83.4987,29.7098],[-83.493,29.7127],[-83.5479,29.7281],[-83.566,29.7614],[-83.5856,29.7614],[-83.579,29.7684],[-83.5892,29.7833],[-83.5819,29.7921],[-83.5868,29.8189],[-83.6186,29.8423],[-83.638,29.8861],[-83.6772,29.9116],[-83.6808,29.9216],[-83.7824,29.9755],[-83.8287,29.9832],[-83.863,30.0079],[-83.9254,30.0346],[-83.9597,30.0649],[-83.9892,30.0777],[-83.992,30.0934]]]]}},{"type":"Feature","properties":{"county_fips":"13039","county_name":"Camden","state":"GA"},"geometry":{"type":"Polygon","coordinates":[[[-81.9367,31.0608],[-81.9263,31.0609],[-81.9274,31.0789],[-81.9159,31.0953],[-81.8407,31.0977],[-81.8191,31.1365],[-81.8016,31.1513],[-81.7907,31.146],[-81.7662,31.1697],[-81.7624,31.1533],[-81.7242,31.1496],[-81.6862,31.1224],[-81.6621,31.1256],[-81.6328,31.1078],[-81.623,31.1166],[-81.5821,31.115],[-81.5704,31.1292],[-81.5603,31.1288],[-81.5616,31.1107],[-81.5727,31.0956],[-81.5567,31.0808],[-81.5398,31.0838],[-81.5266,31.0632],[-81.4929,31.0548],[-81.4827,31.0326],[-81.4547,31.0371],[-81.4449,31.029],[-81.4431,31.0167],[-81.4578,31.0103],[-81.461,30.9991],[-81.4906,30.985],[-81.487,30.9696],[-81.4668,30.9709],[-81.448,30.9655],[-81.4474,30.9567],[-81.4269,30.9566],[-81.4201,30.9741],[-81.4085,30.9777],[-81.4041,30.9037],[-81.4601,30.7699],[-81.4595,30.742],[-81.4441,30.7097],[-81.4726,30.7133],[-81.4873,30.7261],[-81.5312,30.7242],[-81.5384,30.7087],[-81.5493,30.7183],[-81.5607,30.7117],[-81.5737,30.7223],[-81.5971,30.7193],[-81.6009,30.7294],[-81.6107,30.7162],[-81.6235,30.7247],[-81.6244,30.7363],[-81.6307,30.7281],[-81.6531,30.7298],[-81.6523,30.7431],[-81.6627,30.743],[-81.6633,30.7544],[-81.6831,30.7485],[-81.6725,30.7484],[-81.6728,30.7389],[-81.6948,30.7484],[-81.7199,30.7446],[-81.7617,30.7757],[-81.7713,30.7763],[-81.7719,30.7638],[-81.7822,30.7613],[-81.7944,30.787],[-81.8392,30.7866],[-81.8815,30.7999],[-81.8929,30.8255],[-81.9049,30.8283],[-81.8921,30.9099],[-81.8952,30.9048],[-81.9062,30.9092],[-81.9026,30.9152],[-81.9155,30.9131],[-81.8925,30.9512],[-81.8919,30.9602],[-81.9174,30.9849],[-81.9146,30.9957],[-81.9079,30.9948],[-81.9114,31.0107],[-81.9028,31.0294],[-81.9115,31.0432],[-81.936,31.048],[-81.9367,31.0608]]]}},{"type":"Feature","properties":{"county_fips":"13181","county_name":"Lincoln","state":"GA"},"geometry":{"type":"Polygon","coordinates":[[[-82.6455,33.9842],[-82.6389,33.9727],[-82.625,33.9823],[-82.6036,33.98],[-82.5545,33.9438],[-82.5245,33.9434],[-82.4551,33.8817],[-82.4249,33.8641],[-82.4022,33.8647],[-82.3245,33.82],[-82.3002,33.8006],[-82.2975,33.783],[-82.2475,33.7526],[-82.2346,33.7002],[-82.2186,33.6863],[-82.2429,33.6933],[-82.2712,33.6824],[-82.3059,33.7006],[-82.3435,33.6881],[-82.3526,33.6956],[-82.3515,33.6829],[-82.3613,33.6844],[-82.3607,33.6755],[-82.372,33.6827],[-82.3727,33.6754],[-82.3941,33.6725],[-82.395,33.6642],[-82.4028,33.6718],[-82.4125,33.6664],[-82.4143,33.654],[-82.4507,33.6506],[-82.4593,33.637],[-82.4795,33.6395],[-82.5946,33.8284],[-82.5719,33.8655],[-82.5796,33.8744],[-82.6057,33.8599],[-82.6455,33.9842]]]}},{"type":"Feature","properties":{"county_fips":"13033","county_name":"Burke","state":"GA"},"geometry":{"type":"Polygon","coordinates":[[[-82.3165,32.8358],[-82.2724,32.9378],[-82.2912,33.0628],[-82.2811,33.1104],[-82.2328,33.2285],[-82.2676,33.2674],[-82.1742,33.2968],[-82.1337,33.2759],[-82.1253,33.2497],[-82.0971,33.2306],[-82.06,33.2426],[-81.9789,33.2272],[-81.9244,33.2569],[-81.886,33.2619],[-81.8117,33.2238],[-81.8065,33.2121],[-81.7845,33.2081],[-81.774,33.2211],[-81.7569,33.1978],[-81.7661,33.1778],[-81.7724,33.1809],[-81.7681,33.1682],[-81.7445,33.1422],[-81.7046,33.1165],[-81.6464,33.0946],[-81.6117,33.0943],[-81.6129,33.081],[-81.6013,33.087],[-81.6009,33.0728],[-81.5772,33.0659],[-81.5719,33.054],[-81.564,33.0608],[-81.5619,33.0458],[-81.5417,33.0457],[-81.7676,32.9094],[-81.7836,32.9284],[-81.8579,32.9539],[-81.9564,32.9237],[-82.0813,32.9168],[-82.1237,32.8837],[-82.145,32.8127],[-82.2137,32.8039],[-82.2563,32.824],[-82.3001,32.8258],[-82.3165,32.8358]]]}},{"type":"Feature","properties":{"county_fips":"24009","county_name":"Calvert","state":"MD"},"geometry":{"type":"Polygon","coordinates":[[[-76.7012,38.7128],[-76.695,38.7351],[-76.684,38.7383],[-76.6852,38.7561],[-76.6431,38.7693],[-76.6231,38.7673],[-76.6229,38.7267],[-76.6159,38.7208],[-76.5356,38.7215],[-76.5283,38.7127],[-76.5324,38.6784],[-76.5113,38.6157],[-76.5175,38.5357],[-76.506,38.5046],[-76.4927,38.4828],[-76.4154,38.4147],[-76.4025,38.3944],[-76.3815,38.3853],[-76.3909,38.3751],[-76.387,38.3613],[-76.4214,38.3189],[-76.4381,38.3253],[-76.4558,38.3165],[-76.4682,38.3289],[-76.4876,38.3263],[-76.4841,38.3481],[-76.5015,38.3725],[-76.5341,38.3978],[-76.5584,38.3959],[-76.5656,38.4071],[-76.6084,38.4244],[-76.6539,38.4634],[-76.6521,38.4738],[-76.6741,38.4996],[-76.6625,38.5255],[-76.6757,38.5365],[-76.6723,38.5528],[-76.6807,38.5805],[-76.6723,38.6175],[-76.6929,38.6364],[-76.6833,38.6612],[-76.701,38.6684],[-76.687,38.6806],[-76.6974,38.6878],[-76.7012,38.7128]]]}},{"type":"Feature","properties":{"county_fips":"37021","county_name":"Buncombe","state":"NC"},"geometry":{"type":"Polygon","coordinates":[[[-82.8881,35.673],[-82.8492,35.7015],[-82.8047,35.6862],[-82.7928,35.6967],[-82.754,35.7035],[-82.7492,35.7125],[-82.7334,35.7139],[-82.7311,35.7222],[-82.7138,35.7178],[-82.7119,35.733],[-82.6698,35.7258],[-82.677,35.7349],[-82.5147,35.8032],[-82.4758,35.7983],[-82.4641,35.8093],[-82.4358,35.8086],[-82.382,35.824],[-82.3621,35.8213],[-82.3383,35.8017],[-82.3463,35.7872],[-82.3347,35.7488],[-82.3131,35.7336],[-82.2913,35.7299],[-82.2759,35.7144],[-82.2754,35.7044],[-82.2949,35.6839],[-82.2811,35.6702],[-82.2854,35.6479],[-82.2645,35.6175],[-82.291,35.5913],[-82.2513,35.5599],[-82.22,35.5531],[-82.169,35.5278],[-82.2332,35.5194],[-82.2243,35.4983],[-82.2514,35.4607],[-82.3326,35.5002],[-82.341,35.4889],[-82.3693,35.4855],[-82.3631,35.461],[-82.4178,35.4744],[-82.4706,35.4452],[-82.5339,35.4444],[-82.5332,35.4164],[-82.5469,35.4252],[-82.5423,35.4313],[-82.5488,35.4443],[-82.5612,35.4432],[-82.5708,35.4311],[-82.6087,35.4433],[-82.622,35.4357],[-82.6732,35.4595],[-82.7057,35.4526],[-82.7429,35.4241],[-82.7556,35.4251],[-82.7817,35.4395],[-82.7995,35.4712],[-82.7824,35.5043],[-82.7802,35.5257],[-82.7659,35.539],[-82.7775,35.5556],[-82.7659,35.5676],[-82.781,35.5888],[-82.7993,35.5981],[-82.8121,35.6275],[-82.8517,35.6173],[-82.8517,35.6353],[-82.8649,35.6347],[-82.8782,35.6678],[-82.8881,35.673]]]}},{"type":"Feature","properties":{"county_fips":"37065","county_name":"Edgecombe","state":"NC"},"geometry":{"type":"Polygon","coordinates":[[[-77.8284,35.8672],[-77.7718,36.0067],[-77.707,36.1155],[-77.698,36.1531],[-77.6785,36.1544],[-77.6701,36.1371],[-77.644,36.1381],[-77.6265,36.1114],[-77.5334,36.0911],[-77.5353,36.0776],[-77.5256,36.0694],[-77.5401,36.0608],[-77.5226,36.0451],[-77.5267,36.0376],[-77.4749,36.0378],[-77.4393,36.0212],[-77.4415,36.0149],[-77.4279,36.0053],[-77.4026,36.005],[-77.4092,35.9987],[-77.3424,35.9053],[-77.3504,35.8192],[-77.3902,35.8331],[-77.3971,35.8252],[-77.4122,35.8253],[-77.4255,35.8054],[-77.4464,35.8086],[-77.4523,35.7999],[-77.4723,35.8011],[-77.5163,35.7613],[-77.6651,35.6749],[-77.7184,35.7288],[-77.7513,35.8278],[-77.8284,35.8672]]]}},{"type":"Feature","properties":{"county_fips":"45075","county_name":"Orangeburg","state":"SC"},"geometry":{"type":"Polygon","coordinates":[[[-81.3735,33.4905],[-81.1873,33.6529],[-81.0429,33.7071],[-80.9655,33.6253],[-80.9421,33.6419],[-80.9398,33.6088],[-80.9197,33.6055],[-80.8814,33.6197],[-80.8076,33.6041],[-80.6941,33.5219],[-80.694,33.506],[-80.659,33.471],[-80.6113,33.4704],[-80.6247,33.4989],[-80.5882,33.5386],[-80.6103,33.5507],[-80.6036,33.5554],[-80.5523,33.5654],[-80.5514,33.5587],[-80.5401,33.5618],[-80.5033,33.5358],[-80.5056,33.5526],[-80.485,33.56],[-80.4684,33.5411],[-80.4554,33.5471],[-80.4475,33.5405],[-80.4473,33.5245],[-80.468,33.525],[-80.4677,33.5162],[-80.4564,33.5122],[-80.4611,33.5043],[-80.4391,33.502],[-80.437,33.478],[-80.3938,33.4458],[-80.3545,33.4304],[-80.3236,33.4312],[-80.282,33.4484],[-80.2679,33.4379],[-80.2399,33.4547],[-80.2391,33.44],[-80.2223,33.4437],[-80.2226,33.3913],[-80.2299,33.3916],[-80.2302,33.3841],[-80.2385,33.3912],[-80.2416,33.3831],[-80.2396,33.3522],[-80.2538,33.2993],[-80.3019,33.2675],[-80.3172,33.2641],[-80.3489,33.278],[-80.3591,33.272],[-80.3619,33.2574],[-80.3942,33.2647],[-80.4362,33.26],[-80.4846,33.28],[-80.5028,33.3345],[-80.7979,33.1769],[-80.817,33.1875],[-80.8247,33.2016],[-80.8375,33.2037],[-80.8462,33.2383],[-80.8876,33.2579],[-80.8852,33.2629],[-80.9487,33.3093],[-80.9619,33.3081],[-80.9683,33.3188],[-80.9797,33.3181],[-81.0048,33.3363],[-81.0478,33.3492],[-81.0886,33.3796],[-81.1113,33.3809],[-81.164,33.4093],[-81.1895,33.4117],[-81.2061,33.4373],[-81.2537,33.4462],[-81.2969,33.4799],[-81.3442,33.4809],[-81.3735,33.4905]]]}},{"type":"Feature","properties":{"county_fips":"45067","county_name":"Marion","state":"SC"},"geometry":{"type":"Polygon","coordinates":[[[-79.5719,34.1854],[-79.5457,34.2108],[-79.5543,34.2476],[-79.5124,34.2575],[-79.4963,34.2748],[-79.4791,34.2786],[-79.4807,34.2881],[-79.411,34.3002],[-79.3803,34.3006],[-79.3054,34.2693],[-79.2944,34.277],[-79.2394,34.2543],[-79.2143,34.2555],[-79.1735,34.2875],[-79.1266,34.2517],[-79.1348,34.241],[-79.1267,34.2361],[-79.1357,34.2291],[-79.1337,34.2157],[-79.1539,34.2072],[-79.1736,34.1795],[-79.1769,34.1848],[-79.1927,34.1754],[-79.1973,34.1587],[-79.2075,34.1548],[-79.2058,34.133],[-79.2189,34.1268],[-79.2209,34.1077],[-79.2301,34.1088],[-79.2501,34.0904],[-79.2481,34.0795],[-79.2396,34.0768],[-79.2478,34.0571],[-79.3076,34.0277],[-79.3072,34.0059],[-79.3151,33.9965],[-79.3285,34.0002],[-79.3388,33.9705],[-79.3301,33.9616],[-79.3334,33.9527],[-79.3116,33.9442],[-79.317,33.9341],[-79.3069,33.9348],[-79.3067,33.9239],[-79.3123,33.9182],[-79.2999,33.9038],[-79.2636,33.8925],[-79.256,33.8654],[-79.2641,33.8425],[-79.2488,33.8312],[-79.2603,33.8149],[-79.2355,33.7644],[-79.1959,33.7279],[-79.1903,33.7058],[-79.1994,33.7101],[-79.1962,33.7013],[-79.2128,33.7001],[-79.218,33.7058],[-79.2389,33.6944],[-79.2493,33.697],[-79.2424,33.7059],[-79.2751,33.7089],[-79.2711,33.7216],[-79.2864,33.7176],[-79.2933,33.7523],[-79.3233,33.7887],[-79.3152,33.8268],[-79.3369,33.8326],[-79.332,33.8366],[-79.3398,33.8415],[-79.3538,33.8341],[-79.3535,33.8412],[-79.3683,33.8429],[-79.3895,33.8732],[-79.4098,33.8853],[-79.4004,33.8922],[-79.429,33.8978],[-79.4522,33.9148],[-79.452,33.9246],[-79.4596,33.9208],[-79.4629,33.9318],[-79.4737,33.93],[-79.4917,33.9465],[-79.4815,33.9647],[-79.4998,33.9713],[-79.5169,33.994],[-79.5089,34.0037],[-79.5114,34.0409],[-79.5359,34.0761],[-79.5291,34.1002],[-79.5153,34.0972],[-79.5246,34.1156],[-79.5172,34.1268],[-79.5325,34.1263],[-79.5326,34.1357],[-79.5719,34.1854]]]}},{"type":"Feature","properties":{"county_fips":"45009","county_name":"Bamberg","state":"SC"},"geometry":{"type":"Polygon","coordinates":[[[-81.2278,33.1626],[-81.2179,33.2084],[-81.2132,33.3979],[-81.2227,33.44],[-81.2061,33.4373],[-81.1895,33.4117],[-81.164,33.4093],[-81.1113,33.3809],[-81.0886,33.3796],[-81.0478,33.3492],[-81.0048,33.3363],[-80.9797,33.3181],[-80.9683,33.3188],[-80.9619,33.3081],[-80.9487,33.3093],[-80.8852,33.2629],[-80.8876,33.2579],[-80.8462,33.2383],[-80.8375,33.2037],[-80.8247,33.2016],[-80.817,33.1875],[-80.7979,33.1769],[-80.8954,33.1253],[-80.889,33.1022],[-80.8769,33.0932],[-80.8961,33.0614],[-80.906,33.0602],[-80.9372,33.1026],[-81.0823,33.0266],[-81.0985,33.0472],[-81.1244,33.0532],[-81.1708,33.0957],[-81.2101,33.1337],[-81.2278,33.1626]]]}},{"type":"Feature","properties":{"county_fips":"12045","county_name":"Gulf","state":"FL"},"geometry":{"type":"Polygon","coordinates":[[[-85.4175,29.8299],[-85.4118,29.8598],[-85.3912,29.8743],[-85.4104,29.8307],[-85.4104,29.8081],[-85.3886,29.7302],[-85.3608,29.6787],[-85.3137,29.6865],[-85.304,29.7206],[-85.3028,29.8089],[-85.3114,29.8144],[-85.3175,29.8389],[-85.3367,29.8493],[-85.3637,29.8989],[-85.3887,29.9244],[-85.3897,30.201],[-85.1157,30.2],[-85.1387,30.1725],[-85.1332,30.161],[-85.1385,30.1463],[-85.1321,30.1448],[-85.1454,30.1247],[-85.1302,30.1174],[-85.1486,30.1115],[-85.1449,30.0975],[-85.154,30.092],[-85.1343,30.082],[-85.1353,30.0433],[-85.1157,30.0241],[-85.0983,30.0246],[-85.099,30.0153],[-85.0582,30.0039],[-85.0497,29.9901],[-85.0273,29.9821],[-85.0179,29.951],[-85.0265,29.9528],[-85.0296,29.9311],[-85.0412,29.9312],[-85.0544,29.9019],[-85.0412,29.8759],[-85.0326,29.8301],[-85.0197,29.8199],[-85.0401,29.7793],[-85.0648,29.787],[-85.0782,29.7686],[-85.1094,29.7768],[-85.2062,29.7112],[-85.2175,29.6947],[-85.2509,29.6872],[-85.2459,29.6816],[-85.222,29.6855],[-85.2322,29.6774],[-85.2986,29.684],[-85.3515,29.6667],[-85.3677,29.6808],[-85.3873,29.7154],[-85.4175,29.8299]]]}},{"type":"Feature","properties":{"county_fips":"12129","county_name":"Wakulla","state":"FL"},"geometry":{"type":"Polygon","coordinates":[[[-84.7366,30.2681],[-84.7277,30.2758],[-84.7292,30.2874],[-84.7134,30.3002],[-84.3784,30.3034],[-84.2477,30.3035],[-84.2412,30.2742],[-84.0755,30.2736],[-84.076,30.0955],[-84.1138,30.0855],[-84.1249,30.0906],[-84.1679,30.0714],[-84.1845,30.0773],[-84.175,30.0958],[-84.1881,30.094],[-84.2056,30.1143],[-84.1985,30.0879],[-84.2034,30.0846],[-84.237,30.0856],[-84.2475,30.1011],[-84.2623,30.1037],[-84.2725,30.0924],[-84.2731,30.0638],[-84.3175,30.0481],[-84.3524,30.0129],[-84.3566,30.0186],[-84.3661,30.0087],[-84.362,29.9877],[-84.3522,29.9791],[-84.3447,29.985],[-84.3418,29.9703],[-84.4342,29.9905],[-84.4382,29.9772],[-84.4434,29.9822],[-84.4546,29.9713],[-84.4597,29.9934],[-84.4702,30.0025],[-84.4871,29.9885],[-84.5141,29.9891],[-84.5121,29.982],[-84.5217,29.9808],[-84.525,30.0052],[-84.5424,30.0024],[-84.5489,30.0071],[-84.543,30.0128],[-84.5584,30.0221],[-84.5704,30.0169],[-84.5952,30.0334],[-84.5965,30.0464],[-84.6039,30.0463],[-84.616,30.0654],[-84.6315,30.0662],[-84.6379,30.0837],[-84.6543,30.0972],[-84.6481,30.1054],[-84.6532,30.1182],[-84.6596,30.1151],[-84.6704,30.1276],[-84.6655,30.1346],[-84.6725,30.1504],[-84.6649,30.1698],[-84.6783,30.1881],[-84.6819,30.2177],[-84.6995,30.2277],[-84.6988,30.2461],[-84.7366,30.2681]]]}},{"type":"Feature","properties":{"county_fips":"24025","county_name":"Harford","state":"MD"},"geometry":{"type":"MultiPolygon","coordinates":[[[[-76.0903,39.5338],[-76.0901,39.5366],[-76.0882,39.536],[-76.0903,39.5338]]],[[[-76.2723,39.2746],[-76.2664,39.2905],[-76.2604,39.2925],[-76.258,39.2878],[-76.2723,39.2746]]],[[[-76.5694,39.7212],[-76.2333,39.7213],[-76.2127,39.6864],[-76.1618,39.6496],[-76.1475,39.6194],[-76.0762,39.5436],[-76.0961,39.5369],[-76.1281,39.4867],[-76.1187,39.4812],[-76.1121,39.4862],[-76.0979,39.4752],[-76.072,39.475],[-76.0605,39.4483],[-76.0812,39.4367],[-76.0893,39.4451],[-76.1003,39.4432],[-76.1363,39.411],[-76.1621,39.4042],[-76.1801,39.3776],[-76.1867,39.3809],[-76.227,39.3499],[-76.2534,39.3667],[-76.2462,39.3703],[-76.2538,39.3772],[-76.2447,39.3836],[-76.2498,39.3889],[-76.2427,39.4075],[-76.2246,39.4257],[-76.2395,39.4386],[-76.231,39.4564],[-76.2415,39.4613],[-76.2536,39.4426],[-76.2474,39.435],[-76.251,39.4194],[-76.2691,39.4031],[-76.2651,39.3923],[-76.2722,39.3764],[-76.2869,39.369],[-76.2655,39.3592],[-76.2566,39.3389],[-76.2777,39.3221],[-76.2817,39.2997],[-76.2966,39.302],[-76.2896,39.3172],[-76.2988,39.3292],[-76.2944,39.3489],[-76.3225,39.3573],[-76.3059,39.3644],[-76.3071,39.3854],[-76.3534,39.3952],[-76.3588,39.3903],[-76.3803,39.4248],[-76.3789,39.4454],[-76.3867,39.4597],[-76.4331,39.4883],[-76.4322,39.5066],[-76.4593,39.5072],[-76.4946,39.5266],[-76.5085,39.5238],[-76.5322,39.544],[-76.5323,39.5616],[-76.5601,39.5961],[-76.5652,39.6145],[-76.5694,39.7212]]]]}},{"type":"Feature","properties":{"county_fips":"24047","county_name":"Worcester","state":"MD"},"geometry":{"type":"Polygon","coordinates":[[[-75.6606,38.0463],[-75.6543,38.0529],[-75.638,38.0448],[-75.6207,38.0564],[-75.6152,38.074],[-75.5816,38.0683],[-75.5695,38.0871],[-75.5409,38.0895],[-75.5461,38.098],[-75.5401,38.1083],[-75.5767,38.1404],[-75.5696,38.1536],[-75.5494,38.1632],[-75.5459,38.1787],[-75.6058,38.2491],[-75.6128,38.2786],[-75.3646,38.2904],[-75.3555,38.3145],[-75.3232,38.3319],[-75.307,38.3548],[-75.3297,38.3813],[-75.3171,38.4042],[-75.3413,38.452],[-75.0489,38.4513],[-75.0614,38.3895],[-75.0855,38.3243],[-75.1029,38.3115],[-75.1938,38.096],[-75.2425,38.027],[-75.6243,37.9942],[-75.6197,38.0071],[-75.6558,38.0298],[-75.6606,38.0463]]]}},{"type":"Feature","properties":{"county_fips":"37029","county_name":"Camden","state":"NC"},"geometry":{"type":"Polygon","coordinates":[[[-76.5415,36.5503],[-76.3133,36.5506],[-76.1585,36.4253],[-76.1575,36.3982],[-76.1144,36.3576],[-76.0741,36.3461],[-76.0536,36.3602],[-76.0364,36.3552],[-76.0286,36.3488],[-76.0312,36.3385],[-76.0175,36.3451],[-76.0205,36.3329],[-76.0017,36.3235],[-75.9997,36.3112],[-75.9711,36.3084],[-75.9666,36.2896],[-75.9484,36.2853],[-75.9495,36.2732],[-75.9689,36.2642],[-75.9479,36.2244],[-75.96,36.1989],[-75.9134,36.1654],[-76.017,36.1864],[-76.0423,36.211],[-76.054,36.2348],[-76.0796,36.2382],[-76.1057,36.2724],[-76.131,36.291],[-76.1544,36.2894],[-76.1728,36.3024],[-76.2158,36.3002],[-76.2007,36.3061],[-76.1992,36.3175],[-76.188,36.3145],[-76.1812,36.321],[-76.216,36.3277],[-76.2142,36.3416],[-76.227,36.3477],[-76.2313,36.3721],[-76.2567,36.3633],[-76.2589,36.3843],[-76.2915,36.3866],[-76.3231,36.4173],[-76.3206,36.4263],[-76.3456,36.4214],[-76.3476,36.4282],[-76.3676,36.4314],[-76.3768,36.4459],[-76.4373,36.4678],[-76.5415,36.5503]]]}},{"type":"Feature","properties":{"county_fips":"37161","county_name":"Rutherford","state":"NC"},"geometry":{"type":"Polygon","coordinates":[[[-82.2805,35.4434],[-82.2658,35.4678],[-82.2514,35.4607],[-82.2425,35.4678],[-82.2243,35.4983],[-82.2315,35.5199],[-82.169,35.5278],[-82.1505,35.518],[-82.0826,35.5334],[-82.0398,35.5327],[-82.0027,35.5518],[-81.9676,35.526],[-81.905,35.5419],[-81.8427,35.5423],[-81.8221,35.5805],[-81.7988,35.58],[-81.7941,35.5932],[-81.7722,35.5929],[-81.772,35.602],[-81.7534,35.6136],[-81.7371,35.6019],[-81.7173,35.6046],[-81.7057,35.5812],[-81.692,35.58],[-81.7029,35.3573],[-81.7595,35.2226],[-81.7681,35.1804],[-81.9693,35.1872],[-81.9709,35.2116],[-81.9628,35.2269],[-81.9688,35.2578],[-81.9957,35.2706],[-82.054,35.3354],[-82.0771,35.342],[-82.0972,35.3699],[-82.1052,35.3672],[-82.1094,35.3833],[-82.16,35.4094],[-82.1716,35.4093],[-82.1851,35.3966],[-82.2046,35.4036],[-82.2205,35.3946],[-82.2391,35.4026],[-82.2613,35.3932],[-82.2701,35.4004],[-82.2805,35.4434]]]}},{"type":"Feature","properties":{"county_fips":"45019","county_name":"Charleston","state":"SC"},"geometry":{"type":"MultiPolygon","coordinates":[[[[-79.5079,33.0201],[-79.5024,33.0206],[-79.501,33.0182],[-79.5031,33.0176],[-79.5079,33.0201]]],[[[-79.5522,32.9888],[-79.5487,32.993],[-79.5452,32.9907],[-79.5522,32.9888]]],[[[-80.182,32.5472],[-80.1845,32.5536],[-80.1772,32.5483],[-80.182,32.5472]]],[[[-80.4536,32.7405],[-80.4475,32.7627],[-80.4329,32.7785],[-80.4358,32.7882],[-80.4054,32.815],[-80.3941,32.8445],[-80.4013,32.8585],[-80.3018,32.8519],[-80.1493,32.8182],[-80.1608,32.8409],[-80.1837,32.8471],[-80.1857,32.8608],[-80.1767,32.8671],[-80.1613,32.8559],[-80.1549,32.8651],[-80.1622,32.8746],[-80.1448,32.8876],[-80.1254,32.8896],[-80.1228,32.9018],[-80.1195,32.8936],[-80.0977,32.887],[-80.0798,32.9282],[-80.1413,32.9792],[-80.1105,32.9855],[-80.1355,32.9989],[-80.146,32.9843],[-80.1676,33.0026],[-80.1626,33.0105],[-80.17,33.0043],[-80.1764,33.01],[-80.1607,33.0208],[-80.1492,33.0216],[-80.1134,32.9981],[-80.1027,33.0013],[-80.1051,32.9925],[-80.0982,32.9881],[-80.056,32.9994],[-80.0401,32.9827],[-80.0415,32.955],[-80.0118,32.8999],[-79.9482,32.9083],[-79.9624,32.8911],[-79.9637,32.8754],[-79.9563,32.86],[-79.9312,32.85],[-79.9297,32.8232],[-79.9138,32.8157],[-79.8962,32.8297],[-79.8959,32.8599],[-79.853,32.8761],[-79.8359,32.9198],[-79.826,32.9186],[-79.7814,32.9438],[-79.7716,32.9418],[-79.7634,32.9563],[-79.7693,32.9716],[-79.7621,32.9891],[-79.7303,33.0126],[-79.7164,33.0386],[-79.6605,33.0908],[-79.6423,33.1244],[-79.6123,33.1384],[-79.6029,33.1338],[-79.5623,33.1563],[-79.5339,33.1438],[-79.522,33.1467],[-79.4773,33.2089],[-79.4503,33.2073],[-79.4377,33.2152],[-79.404,33.1838],[-79.3513,33.1535],[-79.3333,33.1558],[-79.2688,33.136],[-79.2756,33.1168],[-79.3282,33.0904],[-79.3623,33.0091],[-79.4231,33.0102],[-79.4011,33.0112],[-79.4044,33.0196],[-79.4833,33.0098],[-79.5069,33.0328],[-79.5252,33.0373],[-79.5711,33.0138],[-79.6176,32.9527],[-79.6075,32.9262],[-79.5741,32.9325],[-79.5811,32.9064],[-79.6311,32.8886],[-79.6981,32.8513],[-79.7264,32.806],[-79.814,32.7748],[-79.824,32.7627],[-79.8488,32.7536],[-79.878,32.7857],[-79.9232,32.7818],[-79.9285,32.7542],[-79.8791,32.7508],[-79.8709,32.7424],[-79.8701,32.73],[-79.8871,32.7019],[-79.8856,32.6849],[-79.9743,32.641],[-79.9922,32.611],[-80.0981,32.5983],[-80.1454,32.5781],[-80.1666,32.5602],[-80.195,32.56],[-80.3182,32.5113],[-80.3229,32.5237],[-80.3483,32.5254],[-80.35,32.5187],[-80.3246,32.5037],[-80.3267,32.4931],[-80.3513,32.4987],[-80.3815,32.5302],[-80.4149,32.5465],[-80.4123,32.5569],[-80.3957,32.5617],[-80.3891,32.5738],[-80.3972,32.5919],[-80.3872,32.6151],[-80.3991,32.6183],[-80.4204,32.6042],[-80.428,32.6225],[-80.4075,32.6271],[-80.389,32.6523],[-80.4049,32.6524],[-80.4209,32.6701],[-80.4227,32.6885],[-80.4159,32.6947],[-80.4228,32.7146],[-80.4354,32.7131],[-80.4296,32.7204],[-80.4471,32.7284],[-80.4536,32.7405]]]]}},{"type":"Feature","properties":{"county_fips":"45003","county_name":"Aiken","state":"SC"},"geometry":{"type":"Polygon","coordinates":[[[-82.0125,33.5321],[-81.5715,33.8773],[-81.5611,33.8628],[-81.5464,33.8586],[-81.515,33.8131],[-81.4606,33.7973],[-81.4357,33.7757],[-81.4267,33.7431],[-81.4152,33.7321],[-81.3645,33.7281],[-81.2905,33.6942],[-81.2701,33.6939],[-81.1873,33.6529],[-81.3729,33.4904],[-81.7571,33.1981],[-81.774,33.2211],[-81.7845,33.2081],[-81.8065,33.2121],[-81.8092,33.2221],[-81.8529,33.2487],[-81.84,33.2546],[-81.8469,33.2666],[-81.8344,33.2584],[-81.8283,33.263],[-81.836,33.2635],[-81.8325,33.2756],[-81.8633,33.2892],[-81.86,33.2991],[-81.8487,33.2967],[-81.8476,33.3071],[-81.8561,33.3099],[-81.8639,33.302],[-81.8692,33.3138],[-81.8812,33.3025],[-81.8825,33.317],[-81.8925,33.3153],[-81.8892,33.3211],[-81.8986,33.3229],[-81.902,33.3359],[-81.9061,33.3216],[-81.9137,33.32],[-81.9081,33.3271],[-81.9189,33.335],[-81.9089,33.3463],[-81.9193,33.3403],[-81.9397,33.3449],[-81.9353,33.3568],[-81.9463,33.3706],[-81.9248,33.3741],[-81.9456,33.4058],[-81.9248,33.4124],[-81.9124,33.4081],[-81.9108,33.415],[-81.9323,33.4266],[-81.9135,33.4413],[-81.9294,33.4658],[-81.9859,33.4865],[-82.0125,33.5321]]]}},{"type":"Feature","properties":{"county_fips":"45021","county_name":"Cherokee","state":"SC"},"geometry":{"type":"Polygon","coordinates":[[[-81.8744,35.1841],[-81.3666,35.1649],[-81.4025,35.1369],[-81.4088,35.0471],[-81.4714,35.0481],[-81.4873,35.0347],[-81.4847,34.9974],[-81.4758,34.983],[-81.4923,34.9472],[-81.4735,34.9355],[-81.4773,34.9261],[-81.4701,34.9136],[-81.4787,34.898],[-81.4684,34.8652],[-81.4536,34.8476],[-81.4571,34.8392],[-81.4836,34.8563],[-81.4819,34.8665],[-81.5149,34.8771],[-81.5299,34.8676],[-81.5346,34.8796],[-81.5435,34.8699],[-81.5872,34.8875],[-81.6267,34.8743],[-81.6406,34.8801],[-81.6472,34.9005],[-81.6776,34.9009],[-81.6853,34.913],[-81.702,34.9062],[-81.7299,34.9218],[-81.7347,34.9328],[-81.7552,34.9306],[-81.7857,35.0193],[-81.7943,35.0354],[-81.8076,35.0356],[-81.8061,35.0572],[-81.8744,35.1841]]]}},{"type":"Feature","properties":{"county_fips":"45057","county_name":"Lancaster","state":"SC"},"geometry":{"type":"Polygon","coordinates":[[[-80.9093,35.0176],[-80.8973,35.0353],[-80.9059,35.0468],[-80.8996,35.0599],[-80.9062,35.0764],[-80.782,34.9358],[-80.7975,34.8198],[-80.5617,34.8175],[-80.5524,34.7919],[-80.5147,34.7666],[-80.5162,34.7589],[-80.4856,34.7174],[-80.4885,34.7046],[-80.4752,34.6992],[-80.4608,34.677],[-80.4503,34.6758],[-80.4402,34.658],[-80.4318,34.66],[-80.435,34.6421],[-80.4139,34.6278],[-80.4192,34.62],[-80.4084,34.6148],[-80.5507,34.56],[-80.5239,34.5098],[-80.5303,34.5037],[-80.544,34.5075],[-80.5489,34.4933],[-80.5794,34.4846],[-80.5958,34.5021],[-80.6104,34.4888],[-80.6136,34.4999],[-80.6296,34.4987],[-80.6296,34.4912],[-80.6227,34.4915],[-80.6281,34.4824],[-80.6322,34.4914],[-80.6456,34.4915],[-80.6452,34.4837],[-80.6584,34.4786],[-80.6891,34.5153],[-80.6982,34.516],[-80.7136,34.4873],[-80.74,34.48],[-80.7456,34.5126],[-80.7377,34.5395],[-80.7433,34.5399],[-80.8792,34.4578],[-80.8987,34.4867],[-80.8817,34.5001],[-80.873,34.553],[-80.8783,34.5811],[-80.8922,34.598],[-80.8893,34.6182],[-80.8965,34.6352],[-80.8886,34.6686],[-80.8599,34.7002],[-80.8777,34.7439],[-80.8764,34.7885],[-80.8989,34.8237],[-80.8669,34.8477],[-80.8801,34.8715],[-80.8789,34.901],[-80.8651,34.9239],[-80.874,34.9654],[-80.8847,34.9662],[-80.8857,34.9915],[-80.894,34.9932],[-80.8993,35.0114],[-80.9093,35.0176]]]}},{"type":"Feature","properties":{"county_fips":"13303","county_name":"Washington","state":"GA"},"geometry":{"type":"Polygon","coordinates":[[[-83.0736,32.9466],[-83.0676,32.9748],[-83.0579,32.9745],[-83.0491,32.9856],[-83.0513,33.0031],[-83.0679,33.0246],[-83.0448,33.0607],[-83.0522,33.0807],[-83.0097,33.0806],[-82.9704,33.1091],[-82.9506,33.1076],[-82.901,33.1285],[-82.855,33.1964],[-82.832,33.202],[-82.778,33.2384],[-82.7483,33.2383],[-82.7329,33.2051],[-82.7411,33.1963],[-82.7395,33.1744],[-82.719,33.1701],[-82.7023,33.146],[-82.6607,33.1287],[-82.6475,33.1021],[-82.6381,33.1004],[-82.6416,33.0844],[-82.6267,33.0721],[-82.628,33.0643],[-82.6129,33.0609],[-82.6179,33.0511],[-82.6043,33.0455],[-82.6003,33.0328],[-82.5798,33.03],[-82.5592,33.0142],[-82.5502,33.0194],[-82.5394,32.9478],[-82.5109,32.9178],[-82.523,32.8649],[-82.5211,32.8224],[-82.5606,32.8201],[-82.667,32.7829],[-82.6808,32.7968],[-82.7686,32.7691],[-82.7754,32.7949],[-82.8025,32.8098],[-82.9554,32.7565],[-82.9608,32.7747],[-82.9544,32.8018],[-82.9719,32.8231],[-82.9706,32.8352],[-82.989,32.8527],[-83.027,32.8561],[-83.0374,32.8798],[-83.0487,32.8824],[-83.0466,32.9059],[-83.0628,32.9202],[-83.0569,32.926],[-83.0611,32.9346],[-83.0703,32.9328],[-83.0713,32.9335],[-83.0671,32.9397],[-83.0736,32.9466]]]}},{"type":"Feature","properties":{"county_fips":"13157","county_name":"Jackson","state":"GA"},"geometry":{"type":"Polygon","coordinates":[[[-83.8173,34.1276],[-83.6203,34.2958],[-83.5615,34.2527],[-83.4795,34.2607],[-83.3638,34.1641],[-83.3571,34.1162],[-83.3814,34.0785],[-83.3749,34.0713],[-83.3868,34.0502],[-83.3595,34.0403],[-83.3777,34.0334],[-83.3844,34.0385],[-83.393,34.0337],[-83.384,34.031],[-83.4845,33.9928],[-83.5031,33.9996],[-83.4982,33.9875],[-83.5374,33.9659],[-83.5633,34.0319],[-83.5734,34.0391],[-83.6005,34.0353],[-83.6144,34.0469],[-83.6526,34.0466],[-83.658,34.0533],[-83.6849,34.0469],[-83.6946,34.0563],[-83.7092,34.0451],[-83.7135,34.0564],[-83.7318,34.0601],[-83.7337,34.0673],[-83.7649,34.0651],[-83.791,34.0872],[-83.7922,34.1003],[-83.8152,34.1138],[-83.8173,34.1276]]]}},{"type":"Feature","properties":{"county_fips":"13309","county_name":"Wheeler","state":"GA"},"geometry":{"type":"Polygon","coordinates":[[[-82.9398,32.1249],[-82.8718,32.1827],[-82.8848,32.1961],[-82.8583,32.1944],[-82.7687,32.2697],[-82.7619,32.2642],[-82.7552,32.2697],[-82.762,32.2756],[-82.722,32.3093],[-82.6937,32.2946],[-82.667,32.2948],[-82.669,32.3039],[-82.6576,32.3027],[-82.6447,32.2954],[-82.6515,32.2868],[-82.6366,32.2691],[-82.6492,32.2464],[-82.6338,32.2328],[-82.6357,32.2205],[-82.6253,32.206],[-82.6312,32.1809],[-82.6238,32.182],[-82.626,32.1688],[-82.6129,32.1615],[-82.6136,32.15],[-82.6304,32.1301],[-82.6174,32.105],[-82.6113,32.1068],[-82.6172,32.1012],[-82.613,32.0844],[-82.623,32.0823],[-82.6084,32.0728],[-82.6138,32.0606],[-82.6021,32.0468],[-82.6075,32.032],[-82.5975,32.0296],[-82.6014,32.0216],[-82.5917,32.0086],[-82.5655,31.99],[-82.5587,31.9923],[-82.5555,31.9799],[-82.546,31.9806],[-82.5397,31.9644],[-82.5452,31.9554],[-82.5684,31.9554],[-82.5948,31.9316],[-82.6034,31.9376],[-82.6146,31.9267],[-82.6457,31.9189],[-82.6952,31.9569],[-82.7254,32.0045],[-82.7828,32.0197],[-82.8073,32.0488],[-82.8556,32.0617],[-82.8872,32.0796],[-82.9153,32.1236],[-82.9398,32.1249]]]}},{"type":"Feature","properties":{"county_fips":"13171","county_name":"Lamar","state":"GA"},"geometry":{"type":"Polygon","coordinates":[[[-84.2692,33.0314],[-84.2487,33.0393],[-84.2482,33.189],[-84.2275,33.1889],[-84.2243,33.1794],[-84.124,33.1786],[-84.1238,33.2028],[-84.0415,33.2026],[-84.0441,32.9479],[-84.0536,32.948],[-84.0542,32.9315],[-84.1233,32.9322],[-84.1224,32.9896],[-84.2701,32.991],[-84.2692,33.0314]]]}},{"type":"Feature","properties":{"county_fips":"13221","county_name":"Oglethorpe","state":"GA"},"geometry":{"type":"Polygon","coordinates":[[[-83.3066,33.8114],[-83.2409,33.9044],[-83.2776,33.9467],[-83.2791,33.9547],[-83.2659,33.9631],[-83.2756,33.9775],[-83.269,34.0006],[-83.2574,33.9993],[-83.237,34.0136],[-83.2219,34.0007],[-83.212,34.0028],[-83.1352,34.0446],[-83.1241,34.0476],[-83.101,34.0248],[-83.0913,34.0349],[-83.0489,34.0158],[-83.0289,34.031],[-83.0016,34.0309],[-82.9763,34.0432],[-82.9343,34.0275],[-82.9438,34.0228],[-82.9423,34.015],[-82.9173,34.0062],[-82.9071,34.0121],[-82.9061,34.0044],[-82.8829,34.0011],[-82.8638,33.9832],[-82.8422,33.9841],[-82.8371,33.9926],[-82.7795,33.9711],[-82.7941,33.9487],[-82.8467,33.9406],[-82.856,33.9275],[-82.8746,33.9218],[-82.9253,33.8529],[-82.9448,33.8463],[-82.9598,33.8137],[-82.9763,33.8023],[-82.9873,33.7807],[-82.949,33.7333],[-82.9889,33.7063],[-82.9956,33.6936],[-83.0156,33.6912],[-83.0491,33.7156],[-83.1187,33.6988],[-83.2803,33.7618],[-83.2925,33.8105],[-83.3066,33.8114]]]}},{"type":"Feature","properties":{"county_fips":"13317","county_name":"Wilkes","state":"GA"},"geometry":{"type":"Polygon","coordinates":[[[-82.9858,33.7816],[-82.9448,33.8463],[-82.9253,33.8529],[-82.8839,33.9123],[-82.856,33.9275],[-82.8488,33.9396],[-82.7941,33.9487],[-82.7795,33.9711],[-82.6549,33.9913],[-82.6455,33.9842],[-82.6057,33.8599],[-82.5796,33.8744],[-82.5719,33.8655],[-82.5836,33.8391],[-82.5951,33.8311],[-82.5737,33.7861],[-82.4795,33.6395],[-82.5056,33.6517],[-82.5072,33.66],[-82.5225,33.6449],[-82.5362,33.6494],[-82.5436,33.6386],[-82.5557,33.6427],[-82.5565,33.6339],[-82.5656,33.6459],[-82.5735,33.6395],[-82.5814,33.6519],[-82.5811,33.6326],[-82.588,33.642],[-82.6084,33.6335],[-82.6078,33.6257],[-82.6176,33.6324],[-82.6239,33.6217],[-82.6171,33.6121],[-82.6435,33.6181],[-82.643,33.607],[-82.6559,33.6066],[-82.6524,33.5961],[-82.6622,33.6041],[-82.6877,33.6026],[-82.692,33.6197],[-82.7073,33.6178],[-82.7171,33.607],[-82.7199,33.6152],[-82.7451,33.6112],[-82.8121,33.6553],[-82.8503,33.6396],[-82.8693,33.6424],[-82.8794,33.6204],[-82.96,33.7518],[-82.9858,33.7816]]]}},{"type":"Feature","properties":{"county_fips":"13079","county_name":"Crawford","state":"GA"},"geometry":{"type":"Polygon","coordinates":[[[-84.2026,32.69],[-84.1493,32.8012],[-84.1243,32.8009],[-84.1243,32.8496],[-83.9784,32.8489],[-83.9781,32.8571],[-83.9683,32.8571],[-83.9684,32.8489],[-83.8919,32.8484],[-83.892,32.8196],[-83.8788,32.8165],[-83.8769,32.8069],[-83.8569,32.7937],[-83.8506,32.7701],[-83.8412,32.768],[-83.8101,32.7299],[-83.7606,32.7138],[-83.7394,32.6946],[-83.7011,32.6916],[-83.7666,32.6926],[-83.9201,32.587],[-83.9297,32.5873],[-83.9454,32.5696],[-83.9452,32.5527],[-83.955,32.5527],[-83.9547,32.563],[-84.0034,32.5299],[-84.0147,32.5492],[-84.0215,32.545],[-84.0354,32.5585],[-84.0454,32.5563],[-84.0463,32.5675],[-84.0527,32.5673],[-84.0486,32.5743],[-84.0652,32.5821],[-84.0739,32.6254],[-84.0628,32.6265],[-84.0568,32.6365],[-84.0745,32.6363],[-84.105,32.6734],[-84.1059,32.685],[-84.1282,32.6744],[-84.1404,32.6849],[-84.1742,32.6777],[-84.2026,32.69]]]}},{"type":"Feature","properties":{"county_fips":"13141","county_name":"Hancock","state":"GA"},"geometry":{"type":"Polygon","coordinates":[[[-83.2752,33.1913],[-83.2526,33.2343],[-83.2535,33.2593],[-83.239,33.2626],[-83.2295,33.2563],[-83.2245,33.266],[-83.23,33.2761],[-83.204,33.2791],[-83.1459,33.31],[-83.1505,33.3216],[-83.1441,33.3399],[-83.1642,33.355],[-83.0129,33.4692],[-82.9838,33.4476],[-82.957,33.4529],[-82.9397,33.4427],[-82.8929,33.4381],[-82.8726,33.4464],[-82.8246,33.428],[-82.828,33.393],[-82.8179,33.3872],[-82.8217,33.3743],[-82.7999,33.3617],[-82.7995,33.3311],[-82.7895,33.322],[-82.7954,33.3147],[-82.7816,33.3055],[-82.7854,33.2677],[-82.7462,33.2461],[-82.7483,33.2383],[-82.778,33.2384],[-82.832,33.202],[-82.855,33.1964],[-82.901,33.1285],[-82.9506,33.1076],[-82.9704,33.1091],[-83.0097,33.0806],[-83.0522,33.0807],[-83.1008,33.0499],[-83.1189,33.0831],[-83.1106,33.1272],[-83.0955,33.1409],[-83.0976,33.1515],[-83.2752,33.1913]]]}},{"type":"Feature","properties":{"county_fips":"13025","county_name":"Brantley","state":"GA"},"geometry":{"type":"Polygon","coordinates":[[[-82.2846,31.2244],[-82.2685,31.2169],[-82.2255,31.2205],[-82.1932,31.2021],[-82.1756,31.2174],[-82.1657,31.215],[-82.1466,31.2268],[-82.1506,31.2344],[-82.1419,31.2376],[-82.1455,31.2524],[-82.1396,31.2587],[-82.1259,31.2583],[-82.1002,31.2767],[-82.0825,31.2714],[-82.0076,31.2756],[-81.9921,31.308],[-82.0202,31.3274],[-82.0411,31.3737],[-81.9232,31.3459],[-81.8011,31.3637],[-81.7317,31.33],[-81.7343,31.2958],[-81.7472,31.2815],[-81.7668,31.2018],[-81.7826,31.1725],[-81.7763,31.1645],[-81.7662,31.1697],[-81.7907,31.146],[-81.8016,31.1513],[-81.8191,31.1365],[-81.8407,31.0977],[-81.9159,31.0953],[-81.9274,31.0789],[-81.9263,31.0609],[-81.9367,31.0608],[-81.936,31.048],[-82.0609,31.0758],[-82.0812,31.0106],[-82.1317,31.0107],[-82.1636,31.0486],[-82.2083,31.0848],[-82.2087,31.1709],[-82.2304,31.1686],[-82.2843,31.1922],[-82.2846,31.2244]]]}},{"type":"Feature","properties":{"county_fips":"51041","county_name":"Chesterfield","state":"VA"},"geometry":{"type":"Polygon","coordinates":[[[-77.8782,37.3835],[-77.8674,37.3938],[-77.8751,37.4171],[-77.8467,37.4151],[-77.8092,37.4261],[-77.7978,37.4589],[-77.6554,37.564],[-77.5955,37.5558],[-77.6012,37.5452],[-77.5924,37.5329],[-77.5545,37.543],[-77.545,37.5281],[-77.5286,37.5319],[-77.5276,37.5094],[-77.5122,37.4725],[-77.4891,37.4556],[-77.4594,37.4643],[-77.4207,37.4475],[-77.4269,37.4261],[-77.3991,37.4213],[-77.3985,37.4054],[-77.3846,37.3975],[-77.3838,37.3844],[-77.3757,37.3817],[-77.369,37.392],[-77.3579,37.3842],[-77.3604,37.3749],[-77.3251,37.3779],[-77.3042,37.4059],[-77.2973,37.3967],[-77.3115,37.3733],[-77.3055,37.358],[-77.2726,37.3533],[-77.2659,37.376],[-77.2497,37.382],[-77.2442,37.3693],[-77.2671,37.3401],[-77.2707,37.3208],[-77.2825,37.3137],[-77.3525,37.3102],[-77.3566,37.2831],[-77.3737,37.2669],[-77.3768,37.2448],[-77.3839,37.2389],[-77.4037,37.2373],[-77.3803,37.2455],[-77.3777,37.271],[-77.3621,37.2839],[-77.3682,37.2985],[-77.3791,37.2841],[-77.4019,37.282],[-77.3997,37.2719],[-77.4123,37.283],[-77.4317,37.2763],[-77.4144,37.2609],[-77.4174,37.2327],[-77.4423,37.2234],[-77.4931,37.2248],[-77.5226,37.2171],[-77.5361,37.2263],[-77.5596,37.225],[-77.5682,37.2393],[-77.5789,37.2379],[-77.6133,37.2709],[-77.6522,37.2658],[-77.6675,37.2925],[-77.6824,37.2918],[-77.6926,37.2814],[-77.7117,37.2998],[-77.7174,37.2849],[-77.7355,37.2842],[-77.7398,37.2687],[-77.7635,37.2707],[-77.7726,37.2876],[-77.8067,37.3045],[-77.809,37.3154],[-77.7963,37.324],[-77.7965,37.3327],[-77.8505,37.3451],[-77.8528,37.3567],[-77.8766,37.3643],[-77.8782,37.3835]]]}},{"type":"Feature","properties":{"county_fips":"13307","county_name":"Webster","state":"GA"},"geometry":{"type":"Polygon","coordinates":[[[-84.655,31.9615],[-84.6454,31.9615],[-84.6451,31.9697],[-84.655,31.9696],[-84.6448,31.9843],[-84.6552,31.9844],[-84.6549,32.0105],[-84.6541,32.0285],[-84.6444,32.0289],[-84.6436,32.037],[-84.6423,32.1519],[-84.6514,32.1519],[-84.6516,32.1602],[-84.6424,32.1602],[-84.6403,32.1766],[-84.6313,32.1764],[-84.6311,32.1841],[-84.6403,32.1843],[-84.6403,32.2253],[-84.6493,32.2252],[-84.6493,32.233],[-84.6206,32.2331],[-84.6211,32.2256],[-84.6106,32.2255],[-84.5998,32.1927],[-84.5642,32.1922],[-84.5647,32.1751],[-84.5457,32.1752],[-84.5461,32.1591],[-84.5274,32.1512],[-84.5271,32.1346],[-84.4312,32.1341],[-84.433,32.042],[-84.4416,32.0421],[-84.4452,31.9261],[-84.4531,31.9263],[-84.4533,31.9192],[-84.6558,31.9203],[-84.655,31.9615]]]}},{"type":"Feature","properties":{"county_fips":"13127","county_name":"Glynn","state":"GA"},"geometry":{"type":"Polygon","coordinates":[[[-81.7826,31.1725],[-81.7668,31.2018],[-81.7472,31.2815],[-81.7343,31.2958],[-81.7317,31.33],[-81.7252,31.3272],[-81.699,31.363],[-81.7048,31.3749],[-81.6972,31.3924],[-81.692,31.4005],[-81.665,31.3999],[-81.626,31.453],[-81.6113,31.4459],[-81.6046,31.4255],[-81.5874,31.4163],[-81.5776,31.3994],[-81.5457,31.3848],[-81.5515,31.3761],[-81.5381,31.3778],[-81.5343,31.3678],[-81.4735,31.3328],[-81.4702,31.3397],[-81.4537,31.3263],[-81.4376,31.3318],[-81.4359,31.3133],[-81.4044,31.3092],[-81.4086,31.2912],[-81.383,31.3171],[-81.316,31.3089],[-81.2982,31.2925],[-81.2835,31.2934],[-81.2696,31.2587],[-81.2828,31.2443],[-81.2905,31.2177],[-81.3031,31.2169],[-81.3311,31.197],[-81.3658,31.1479],[-81.3997,31.1341],[-81.4095,31.1206],[-81.4013,31.0728],[-81.4247,31.0137],[-81.4431,31.0167],[-81.4525,31.0364],[-81.4863,31.0346],[-81.4919,31.0539],[-81.5266,31.0632],[-81.5346,31.0815],[-81.5567,31.0808],[-81.5727,31.0956],[-81.5578,31.1219],[-81.5636,31.1306],[-81.5788,31.116],[-81.623,31.1166],[-81.6328,31.1078],[-81.6621,31.1256],[-81.6862,31.1224],[-81.7242,31.1496],[-81.7624,31.1533],[-81.7636,31.1681],[-81.7763,31.1645],[-81.7826,31.1725]]]}},{"type":"Feature","properties":{"county_fips":"45069","county_name":"Marlboro","state":"SC"},"geometry":{"type":"Polygon","coordinates":[[[-79.9262,34.7665],[-79.9307,34.8066],[-79.6753,34.8047],[-79.45,34.621],[-79.6334,34.298],[-79.6578,34.3052],[-79.6604,34.3223],[-79.6927,34.3565],[-79.6737,34.3711],[-79.6894,34.3818],[-79.6834,34.3991],[-79.6997,34.4066],[-79.7213,34.3925],[-79.7184,34.4171],[-79.7506,34.4368],[-79.7518,34.4665],[-79.7317,34.4664],[-79.7324,34.4771],[-79.7218,34.4854],[-79.7266,34.4955],[-79.7544,34.5041],[-79.7521,34.5135],[-79.7633,34.5191],[-79.7691,34.4965],[-79.7829,34.4978],[-79.788,34.4843],[-79.7964,34.4916],[-79.8061,34.4846],[-79.8334,34.5103],[-79.8062,34.6058],[-79.7778,34.6143],[-79.8006,34.6377],[-79.7956,34.6476],[-79.8169,34.6587],[-79.8305,34.6572],[-79.8594,34.6778],[-79.893,34.742],[-79.9262,34.7665]]]}},{"type":"Feature","properties":{"county_fips":"13029","county_name":"Bryan","state":"GA"},"geometry":{"type":"Polygon","coordinates":[[[-81.7815,32.1525],[-81.4358,32.2413],[-81.4261,32.228],[-81.4292,32.2166],[-81.4129,32.2054],[-81.4186,32.1972],[-81.41,32.1848],[-81.4137,32.1602],[-81.4016,32.1499],[-81.406,32.1019],[-81.4029,32.1073],[-81.3913,32.0998],[-81.3867,32.0822],[-81.3689,32.069],[-81.3752,32.0667],[-81.368,32.0485],[-81.3383,32.0329],[-81.3357,32.022],[-81.3183,32.0155],[-81.3219,32.0074],[-81.3149,32.0114],[-81.3044,32.0007],[-81.3089,31.9823],[-81.2886,31.9772],[-81.288,31.9441],[-81.2731,31.9413],[-81.273,31.925],[-81.258,31.9267],[-81.2657,31.9106],[-81.259,31.9054],[-81.2353,31.9101],[-81.2429,31.8941],[-81.2387,31.8871],[-81.2111,31.9193],[-81.1938,31.9214],[-81.1937,31.9089],[-81.2223,31.8904],[-81.1734,31.8998],[-81.1612,31.8876],[-81.1551,31.8643],[-81.1383,31.8552],[-81.1616,31.8211],[-81.177,31.8161],[-81.1812,31.7956],[-81.161,31.7855],[-81.1736,31.7586],[-81.1564,31.7423],[-81.1547,31.7262],[-81.1928,31.7332],[-81.1984,31.7261],[-81.2209,31.7436],[-81.2609,31.7543],[-81.2704,31.7645],[-81.2735,31.7926],[-81.311,31.7899],[-81.32,31.8089],[-81.315,31.8168],[-81.3282,31.823],[-81.3333,31.8405],[-81.3454,31.837],[-81.3325,31.834],[-81.3429,31.8279],[-81.339,31.8188],[-81.3558,31.8149],[-81.3448,31.8248],[-81.3817,31.854],[-81.3829,31.8761],[-81.3964,31.8832],[-81.3916,31.8936],[-81.4075,31.9442],[-81.4241,31.9382],[-81.4638,31.95],[-81.4755,31.9742],[-81.4848,31.964],[-81.5127,31.9693],[-81.5205,31.9593],[-81.5321,31.9642],[-81.5474,31.9573],[-81.5642,31.9595],[-81.5779,31.9726],[-81.5933,31.9712],[-81.5928,31.9893],[-81.6021,31.9944],[-81.6195,32.0322],[-81.6512,32.0584],[-81.6728,32.0639],[-81.6927,32.0883],[-81.7187,32.0894],[-81.7268,32.0988],[-81.7563,32.1046],[-81.7539,32.1114],[-81.7773,32.1319],[-81.7815,32.1525]]]}},{"type":"Feature","properties":{"county_fips":"13113","county_name":"Fayette","state":"GA"},"geometry":{"type":"Polygon","coordinates":[[[-84.627,33.4397],[-84.6257,33.4775],[-84.5942,33.5194],[-84.4394,33.5507],[-84.4336,33.5244],[-84.4204,33.5096],[-84.4206,33.494],[-84.3962,33.4849],[-84.3816,33.463],[-84.3888,33.4503],[-84.3837,33.4444],[-84.4022,33.4364],[-84.4023,33.4201],[-84.3931,33.42],[-84.3845,33.4015],[-84.3948,33.3944],[-84.3865,33.3765],[-84.3963,33.3733],[-84.3828,33.3431],[-84.3905,33.3343],[-84.3842,33.32],[-84.3933,33.3169],[-84.3972,33.3015],[-84.4024,33.3055],[-84.4085,33.2942],[-84.4191,33.2935],[-84.433,33.2565],[-84.5004,33.2594],[-84.5044,33.2809],[-84.5122,33.2806],[-84.5174,33.293],[-84.5183,33.3185],[-84.5347,33.3358],[-84.5607,33.3407],[-84.5758,33.3576],[-84.586,33.3579],[-84.594,33.3816],[-84.6091,33.3931],[-84.627,33.4397]]]}},{"type":"Feature","properties":{"county_fips":"13217","county_name":"Newton","state":"GA"},"geometry":{"type":"Polygon","coordinates":[[[-84.0552,33.5185],[-84.0107,33.5633],[-84.0107,33.5549],[-84.0033,33.5549],[-84.0034,33.5635],[-84.0105,33.5636],[-83.9313,33.6513],[-83.9181,33.6895],[-83.9252,33.7102],[-83.9132,33.7127],[-83.9148,33.7442],[-83.7583,33.6464],[-83.7344,33.6456],[-83.6916,33.617],[-83.6994,33.6094],[-83.6809,33.5969],[-83.6874,33.5886],[-83.6777,33.5712],[-83.6881,33.5106],[-83.6746,33.4872],[-83.6876,33.4831],[-83.7052,33.5008],[-83.7123,33.4951],[-83.7047,33.4885],[-83.7367,33.4809],[-83.7713,33.4525],[-83.8122,33.4347],[-83.8249,33.4373],[-83.8283,33.4151],[-83.8452,33.4147],[-83.831,33.3935],[-83.8569,33.3717],[-83.8539,33.3672],[-83.8631,33.3683],[-83.8643,33.3771],[-83.8939,33.3952],[-83.8951,33.4073],[-83.9123,33.4177],[-83.9229,33.451],[-83.9492,33.4857],[-83.9745,33.4837],[-84.0153,33.4977],[-84.0282,33.4916],[-84.0372,33.4958],[-84.0301,33.4998],[-84.0429,33.5096],[-84.0419,33.5186],[-84.0513,33.511],[-84.0552,33.5185]]]}},{"type":"Feature","properties":{"county_fips":"13319","county_name":"Wilkinson","state":"GA"},"geometry":{"type":"Polygon","coordinates":[[[-83.407,32.8982],[-83.2877,32.9519],[-83.2761,32.9421],[-83.2632,32.9541],[-83.2687,32.9587],[-83.2062,32.9836],[-83.1624,32.9696],[-83.1795,32.9874],[-83.1596,33.0028],[-83.1495,32.9978],[-83.1474,33.0087],[-83.1317,33.0064],[-83.1224,33.0001],[-83.1253,32.9837],[-83.1084,32.9692],[-83.0939,32.9677],[-83.0883,32.9517],[-83.0851,32.956],[-83.0676,32.9419],[-83.0713,32.9335],[-83.0611,32.9346],[-83.0569,32.926],[-83.0628,32.9202],[-83.0466,32.9059],[-83.0487,32.8824],[-83.0374,32.8798],[-83.027,32.8561],[-82.989,32.8527],[-82.9706,32.8352],[-82.9719,32.8231],[-82.9544,32.8018],[-82.9602,32.76],[-82.9503,32.762],[-82.9451,32.7514],[-82.9571,32.7083],[-83.2265,32.5842],[-83.407,32.8982]]]}},{"type":"Feature","properties":{"county_fips":"13107","county_name":"Emanuel","state":"GA"},"geometry":{"type":"Polygon","coordinates":[[[-82.6477,32.5125],[-82.603,32.5215],[-82.6026,32.5095],[-82.5979,32.5329],[-82.5853,32.5252],[-82.5644,32.5324],[-82.5912,32.5577],[-82.5944,32.5792],[-82.512,32.6252],[-82.5177,32.6337],[-82.4989,32.6427],[-82.4929,32.634],[-82.4639,32.6472],[-82.4903,32.662],[-82.4994,32.6863],[-82.4528,32.7193],[-82.4341,32.7623],[-82.3984,32.7772],[-82.4092,32.7845],[-82.4186,32.8113],[-82.3628,32.8159],[-82.3266,32.8412],[-82.3087,32.8285],[-82.2563,32.824],[-82.2137,32.8039],[-82.1464,32.8146],[-82.0829,32.6633],[-82.0012,32.6069],[-82.0302,32.5388],[-82.0798,32.5601],[-82.1483,32.5204],[-82.1811,32.4741],[-82.1879,32.4336],[-82.2546,32.3515],[-82.2381,32.3444],[-82.2328,32.3188],[-82.2798,32.2942],[-82.3545,32.2922],[-82.3587,32.3184],[-82.3789,32.3369],[-82.3926,32.3354],[-82.4091,32.3538],[-82.4112,32.3651],[-82.3943,32.3918],[-82.3943,32.4126],[-82.3819,32.4406],[-82.398,32.4519],[-82.4905,32.4963],[-82.6477,32.5125]]]}},{"type":"Feature","properties":{"county_fips":"37101","county_name":"Johnston","state":"NC"},"geometry":{"type":"Polygon","coordinates":[[[-78.7089,35.5195],[-78.4677,35.7075],[-78.46,35.7057],[-78.256,35.8181],[-78.2439,35.7919],[-78.2509,35.7739],[-78.2383,35.7671],[-78.2327,35.7513],[-78.2188,35.7549],[-78.2085,35.7303],[-78.1823,35.7289],[-78.1609,35.7119],[-78.1578,35.6856],[-78.1256,35.6031],[-78.0648,35.5853],[-78.1549,35.4178],[-78.1537,35.392],[-78.1443,35.3874],[-78.1624,35.3672],[-78.1532,35.3507],[-78.2155,35.3415],[-78.2156,35.3338],[-78.2421,35.32],[-78.269,35.3228],[-78.2897,35.3151],[-78.3066,35.2876],[-78.4118,35.2547],[-78.4919,35.2633],[-78.5383,35.3164],[-78.5328,35.3423],[-78.5688,35.3693],[-78.5725,35.3865],[-78.5927,35.3986],[-78.6272,35.4583],[-78.6503,35.4724],[-78.6606,35.4962],[-78.6755,35.4964],[-78.6869,35.5019],[-78.6897,35.5159],[-78.7089,35.5195]]]}},{"type":"Feature","properties":{"county_fips":"37079","county_name":"Greene","state":"NC"},"geometry":{"type":"Polygon","coordinates":[[[-77.8267,35.4241],[-77.8225,35.5854],[-77.8062,35.5835],[-77.6948,35.6518],[-77.6828,35.6428],[-77.6816,35.6308],[-77.6102,35.5675],[-77.5914,35.5632],[-77.5579,35.532],[-77.541,35.533],[-77.5252,35.5283],[-77.5217,35.5176],[-77.5034,35.5174],[-77.5116,35.497],[-77.4941,35.4774],[-77.4927,35.4615],[-77.4805,35.4513],[-77.4842,35.4451],[-77.4767,35.4454],[-77.4755,35.4267],[-77.4839,35.4137],[-77.5099,35.4215],[-77.5283,35.4143],[-77.5342,35.3981],[-77.5664,35.383],[-77.5907,35.3736],[-77.6144,35.3776],[-77.6376,35.3543],[-77.6793,35.3475],[-77.6975,35.3771],[-77.8062,35.3688],[-77.7999,35.3823],[-77.8046,35.405],[-77.8267,35.4241]]]}},{"type":"Feature","properties":{"county_fips":"37123","county_name":"Montgomery","state":"NC"},"geometry":{"type":"Polygon","coordinates":[[[-80.1826,35.5042],[-79.768,35.5115],[-79.7642,35.4757],[-79.7099,35.3013],[-79.712,35.2759],[-79.698,35.2515],[-79.6725,35.245],[-79.6571,35.1913],[-79.6143,35.1637],[-79.6421,35.1577],[-79.6944,35.1796],[-79.7495,35.173],[-79.8513,35.1839],[-79.8986,35.1617],[-79.9834,35.1585],[-80.0228,35.1372],[-80.0754,35.1431],[-80.0533,35.1786],[-80.0698,35.2183],[-80.0908,35.236],[-80.0984,35.2581],[-80.0819,35.3215],[-80.0663,35.3406],[-80.0654,35.3605],[-80.0512,35.3715],[-80.0661,35.3895],[-80.0937,35.402],[-80.0901,35.4156],[-80.1005,35.4299],[-80.0975,35.4381],[-80.1087,35.4451],[-80.1099,35.461],[-80.1399,35.4751],[-80.1617,35.4752],[-80.177,35.4868],[-80.1826,35.5042]]]}},{"type":"Feature","properties":{"county_fips":"45085","county_name":"Sumter","state":"SC"},"geometry":{"type":"Polygon","coordinates":[[[-80.6466,33.999],[-80.6354,34.0014],[-80.6373,34.0076],[-80.6253,34.0037],[-80.628,34.0119],[-80.6155,34.0245],[-80.6021,34.0254],[-80.608,34.0293],[-80.601,34.0394],[-80.6126,34.0518],[-80.6064,34.058],[-80.6312,34.0682],[-80.6195,34.0823],[-80.6362,34.0802],[-80.6157,34.0968],[-80.6203,34.1074],[-80.5801,34.0999],[-80.4799,34.1687],[-80.4813,34.1126],[-80.4055,34.0814],[-80.3956,34.0895],[-80.3787,34.0807],[-80.317,34.0783],[-80.2949,34.0394],[-80.267,34.0331],[-80.2498,33.9922],[-80.1883,34.0049],[-80.1804,33.952],[-80.0704,34.0079],[-80.0268,34.0085],[-80.0006,34.0479],[-79.9598,34.0214],[-79.9469,34.023],[-79.9109,34.0065],[-79.8935,33.988],[-80.1216,33.8696],[-80.1954,33.839],[-80.2554,33.8041],[-80.2712,33.7863],[-80.3971,33.7678],[-80.392,33.7156],[-80.4344,33.7119],[-80.4259,33.7241],[-80.4309,33.7383],[-80.4493,33.7375],[-80.4544,33.7135],[-80.4787,33.7143],[-80.4976,33.6743],[-80.5341,33.6439],[-80.5655,33.6647],[-80.5624,33.6784],[-80.5903,33.6848],[-80.5931,33.7019],[-80.6153,33.7118],[-80.6297,33.7374],[-80.6056,33.7575],[-80.6057,33.7718],[-80.5977,33.7775],[-80.603,33.7853],[-80.5962,33.7864],[-80.6054,33.8047],[-80.5983,33.8045],[-80.6157,33.8145],[-80.6161,33.8343],[-80.6335,33.8527],[-80.623,33.8604],[-80.6256,33.8935],[-80.615,33.8919],[-80.6341,33.9173],[-80.6262,33.9299],[-80.6306,33.9337],[-80.6167,33.9364],[-80.6291,33.9418],[-80.6158,33.9655],[-80.6331,33.9665],[-80.6304,33.9758],[-80.6466,33.999]]]}},{"type":"Feature","properties":{"county_fips":"45061","county_name":"Lee","state":"SC"},"geometry":{"type":"Polygon","coordinates":[[[-80.4813,34.1126],[-80.4799,34.1687],[-80.4609,34.1833],[-80.4545,34.208],[-80.4452,34.206],[-80.4375,34.2167],[-80.4308,34.227],[-80.433,34.2489],[-80.4241,34.2507],[-80.4374,34.2845],[-80.382,34.3052],[-80.353,34.3033],[-80.3658,34.3282],[-80.3638,34.3395],[-80.3251,34.3393],[-80.2887,34.3641],[-80.2756,34.3492],[-80.2529,34.3407],[-80.2436,34.3239],[-80.2063,34.3391],[-80.1851,34.3679],[-80.1772,34.3662],[-80.1702,34.316],[-80.1339,34.2824],[-80.1358,34.2725],[-80.1117,34.2286],[-80.1127,34.197],[-80.1586,34.1616],[-80.1345,34.1285],[-80.1072,34.1152],[-80.0842,34.0911],[-80.0319,34.0768],[-80.0006,34.0479],[-80.0268,34.0085],[-80.0704,34.0079],[-80.1804,33.952],[-80.1883,34.0049],[-80.2498,33.9922],[-80.267,34.0331],[-80.2949,34.0394],[-80.317,34.0783],[-80.3787,34.0807],[-80.3956,34.0895],[-80.4055,34.0814],[-80.4813,34.1126]]]}},{"type":"Feature","properties":{"county_fips":"13031","county_name":"Bulloch","state":"GA"},"geometry":{"type":"Polygon","coordinates":[[[-82.0302,32.5388],[-82.0015,32.6069],[-81.8338,32.6534],[-81.8036,32.6442],[-81.799,32.6272],[-81.7542,32.602],[-81.7333,32.5858],[-81.7298,32.574],[-81.708,32.5658],[-81.6893,32.5462],[-81.6568,32.54],[-81.6485,32.5277],[-81.6393,32.5325],[-81.6173,32.5249],[-81.6164,32.5157],[-81.5996,32.5076],[-81.5781,32.5123],[-81.536,32.4814],[-81.543,32.4671],[-81.5314,32.4664],[-81.5258,32.4494],[-81.5425,32.4193],[-81.5326,32.4064],[-81.5349,32.3936],[-81.5233,32.3929],[-81.5077,32.3579],[-81.491,32.3519],[-81.4878,32.3339],[-81.4655,32.3286],[-81.4655,32.3128],[-81.4532,32.3064],[-81.4331,32.2447],[-81.7809,32.1529],[-81.7813,32.1765],[-81.8034,32.1992],[-81.8039,32.2198],[-81.8163,32.2375],[-81.8417,32.2409],[-81.8563,32.2571],[-81.8927,32.2748],[-81.9691,32.2688],[-81.9569,32.2862],[-81.9187,32.4154],[-81.9366,32.4227],[-81.9404,32.4361],[-81.9741,32.47],[-81.9798,32.5011],[-81.971,32.5132],[-82.0302,32.5388]]]}},{"type":"Feature","properties":{"county_fips":"13183","county_name":"Long","state":"GA"},"geometry":{"type":"Polygon","coordinates":[[[-81.9816,31.7999],[-81.9564,31.8087],[-81.9453,31.8353],[-81.9223,31.8515],[-81.9125,31.8867],[-81.8945,31.8924],[-81.882,31.9183],[-81.8895,31.9491],[-81.8244,32.0149],[-81.7939,31.9778],[-81.7764,31.9809],[-81.7469,31.9693],[-81.7454,31.9363],[-81.7663,31.8862],[-81.7523,31.8612],[-81.7356,31.8537],[-81.6954,31.8128],[-81.6565,31.798],[-81.6433,31.7857],[-81.6418,31.7655],[-81.4918,31.6996],[-81.566,31.5765],[-81.6632,31.5387],[-81.6718,31.548],[-81.6813,31.5417],[-81.6809,31.5505],[-81.6986,31.5577],[-81.7018,31.5849],[-81.7232,31.5916],[-81.7368,31.6084],[-81.7472,31.6015],[-81.7439,31.6117],[-81.7596,31.6205],[-81.7688,31.6143],[-81.7653,31.6246],[-81.7891,31.6317],[-81.7875,31.6432],[-81.8136,31.6645],[-81.8116,31.6545],[-81.821,31.6511],[-81.8309,31.6573],[-81.8289,31.664],[-81.8506,31.6677],[-81.8476,31.6773],[-81.8671,31.6911],[-81.8765,31.7131],[-81.9067,31.7258],[-81.9114,31.7535],[-81.9445,31.7604],[-81.9525,31.7883],[-81.9752,31.7879],[-81.9816,31.7999]]]}},{"type":"Feature","properties":{"county_fips":"45041","county_name":"Florence","state":"SC"},"geometry":{"type":"Polygon","coordinates":[[[-80.0699,34.0862],[-79.809,34.2524],[-79.7494,34.2451],[-79.7526,34.2506],[-79.7296,34.2952],[-79.6856,34.2844],[-79.6624,34.3076],[-79.6239,34.3006],[-79.5767,34.2726],[-79.544,34.2252],[-79.5485,34.2041],[-79.5718,34.1837],[-79.5326,34.1357],[-79.5325,34.1263],[-79.5172,34.1268],[-79.5246,34.1156],[-79.5153,34.0972],[-79.5291,34.1002],[-79.5359,34.0761],[-79.5114,34.0409],[-79.5089,34.0037],[-79.5169,33.994],[-79.4998,33.9713],[-79.4815,33.9647],[-79.4917,33.9465],[-79.4737,33.93],[-79.4629,33.9318],[-79.4596,33.9208],[-79.452,33.9246],[-79.4522,33.9148],[-79.429,33.8978],[-79.4004,33.8922],[-79.4098,33.8853],[-79.3895,33.8732],[-79.3683,33.8429],[-79.3535,33.8412],[-79.3538,33.8341],[-79.3398,33.8415],[-79.332,33.8366],[-79.3369,33.8326],[-79.3152,33.8268],[-79.3173,33.7993],[-79.3404,33.8028],[-79.3522,33.8151],[-79.3826,33.8186],[-79.3972,33.8012],[-79.4187,33.7994],[-79.4415,33.7844],[-79.4965,33.7754],[-79.6349,33.8084],[-79.6358,33.818],[-79.6773,33.8147],[-79.688,33.8049],[-79.6996,33.814],[-79.7249,33.8146],[-79.7434,33.8351],[-79.7984,33.8356],[-79.8349,33.8826],[-79.8549,33.8917],[-79.8664,33.8843],[-79.944,33.8851],[-79.9746,33.9465],[-79.8942,33.9897],[-79.9109,34.0065],[-79.9921,34.0398],[-80.0319,34.0768],[-80.0699,34.0862]]]}},{"type":"Feature","properties":{"county_fips":"45015","county_name":"Berkeley","state":"SC"},"geometry":{"type":"Polygon","coordinates":[[[-80.3613,33.2631],[-80.3489,33.278],[-80.3172,33.2641],[-80.3019,33.2675],[-80.2538,33.2993],[-80.2396,33.3522],[-80.2416,33.3831],[-80.2385,33.3912],[-80.2302,33.3841],[-80.2299,33.3916],[-80.2226,33.3913],[-80.2224,33.4478],[-80.204,33.4419],[-80.2082,33.4523],[-80.1981,33.4516],[-80.1975,33.4436],[-80.181,33.4546],[-80.1706,33.4497],[-80.1627,33.4607],[-80.1615,33.4489],[-80.1483,33.4499],[-80.1507,33.4603],[-80.1392,33.454],[-80.1442,33.4641],[-80.1318,33.4634],[-80.1521,33.4854],[-80.1273,33.4933],[-80.1255,33.5024],[-80.0959,33.4954],[-80.0799,33.5069],[-80.0425,33.5009],[-80.0253,33.5064],[-80.0205,33.4984],[-80.0054,33.5025],[-80.0019,33.4947],[-79.9962,33.5068],[-79.9898,33.4983],[-79.9646,33.4986],[-79.9031,33.4504],[-79.8941,33.4537],[-79.8682,33.4345],[-79.8787,33.4271],[-79.8613,33.4178],[-79.8608,33.4085],[-79.8083,33.3733],[-79.7842,33.3761],[-79.7554,33.3295],[-79.7348,33.3202],[-79.7096,33.3212],[-79.6066,33.2793],[-79.5623,33.2725],[-79.5598,33.2605],[-79.5498,33.265],[-79.5458,33.2548],[-79.494,33.236],[-79.4793,33.2461],[-79.4829,33.2354],[-79.4707,33.2394],[-79.4739,33.2298],[-79.4587,33.2352],[-79.462,33.2294],[-79.4537,33.2278],[-79.4551,33.2177],[-79.4466,33.2118],[-79.4837,33.2038],[-79.522,33.1467],[-79.5339,33.1438],[-79.5623,33.1563],[-79.6029,33.1338],[-79.6123,33.1384],[-79.6423,33.1244],[-79.6605,33.0908],[-79.7164,33.0386],[-79.7303,33.0126],[-79.7621,32.9891],[-79.7693,32.9716],[-79.7634,32.9563],[-79.7716,32.9418],[-79.7814,32.9438],[-79.826,32.9186],[-79.8359,32.9198],[-79.853,32.8761],[-79.8959,32.8599],[-79.8975,32.8269],[-79.919,32.8154],[-79.9297,32.8232],[-79.9312,32.85],[-79.9563,32.86],[-79.9637,32.8754],[-79.9624,32.8911],[-79.9482,32.9083],[-80.0118,32.8999],[-80.0415,32.955],[-80.0401,32.9827],[-80.056,32.9994],[-80.0982,32.9881],[-80.1051,32.9925],[-80.1027,33.0013],[-80.1134,32.9981],[-80.3359,33.1455],[-80.311,33.1584],[-80.2964,33.1795],[-80.3308,33.1984],[-80.3354,33.2245],[-80.3613,33.2631]]]}},{"type":"Feature","properties":{"county_fips":"13179","county_name":"Liberty","state":"GA"},"geometry":{"type":"Polygon","coordinates":[[[-81.8244,32.0149],[-81.7617,32.0479],[-81.7141,32.0925],[-81.6984,32.0907],[-81.6728,32.0639],[-81.6512,32.0584],[-81.6195,32.0322],[-81.6021,31.9944],[-81.5928,31.9893],[-81.5933,31.9712],[-81.5779,31.9726],[-81.5642,31.9595],[-81.5474,31.9573],[-81.5321,31.9642],[-81.5205,31.9593],[-81.5127,31.9693],[-81.4848,31.964],[-81.4755,31.9742],[-81.4638,31.95],[-81.4241,31.9382],[-81.4075,31.9442],[-81.3916,31.8936],[-81.3964,31.8832],[-81.3829,31.8761],[-81.3817,31.854],[-81.3448,31.8248],[-81.3558,31.8149],[-81.339,31.8188],[-81.3429,31.8279],[-81.3325,31.834],[-81.3434,31.8391],[-81.3304,31.839],[-81.3282,31.823],[-81.315,31.8168],[-81.32,31.8089],[-81.311,31.7899],[-81.2735,31.7926],[-81.2669,31.7585],[-81.2145,31.7396],[-81.1863,31.7015],[-81.1611,31.6914],[-81.1494,31.6993],[-81.1311,31.6958],[-81.1364,31.6748],[-81.1288,31.6314],[-81.1604,31.5704],[-81.1788,31.5582],[-81.1922,31.5803],[-81.1953,31.6063],[-81.2222,31.6304],[-81.2646,31.6512],[-81.2984,31.6493],[-81.318,31.6599],[-81.3381,31.6471],[-81.3556,31.6547],[-81.3748,31.6473],[-81.373,31.6508],[-81.3781,31.6549],[-81.3916,31.6436],[-81.4178,31.652],[-81.4342,31.6411],[-81.4671,31.6776],[-81.4609,31.6835],[-81.4657,31.6942],[-81.4996,31.7],[-81.6418,31.7655],[-81.6433,31.7857],[-81.6565,31.798],[-81.6954,31.8128],[-81.7654,31.8745],[-81.7454,31.9363],[-81.7469,31.9693],[-81.7764,31.9809],[-81.7939,31.9778],[-81.8244,32.0149]]]}},{"type":"Feature","properties":{"county_fips":"24045","county_name":"Wicomico","state":"MD"},"geometry":{"type":"Polygon","coordinates":[[[-75.9203,38.2644],[-75.9077,38.2726],[-75.9014,38.286],[-75.9083,38.2923],[-75.8825,38.3291],[-75.8725,38.329],[-75.87,38.3424],[-75.8563,38.3495],[-75.8493,38.365],[-75.8647,38.3797],[-75.8383,38.3859],[-75.851,38.4045],[-75.8456,38.4219],[-75.8213,38.4301],[-75.8213,38.4393],[-75.8367,38.4481],[-75.8149,38.4665],[-75.8237,38.481],[-75.765,38.5065],[-75.7469,38.5362],[-75.7245,38.5412],[-75.7061,38.5605],[-75.6937,38.4601],[-75.3413,38.452],[-75.3171,38.4042],[-75.3297,38.3813],[-75.307,38.3548],[-75.3232,38.3319],[-75.3555,38.3145],[-75.3646,38.2904],[-75.6128,38.2786],[-75.6627,38.2988],[-75.6872,38.2899],[-75.6994,38.2649],[-75.7208,38.2671],[-75.7345,38.283],[-75.7633,38.286],[-75.8014,38.2559],[-75.8219,38.2619],[-75.8696,38.2436],[-75.8767,38.2548],[-75.8894,38.2395],[-75.8838,38.229],[-75.8914,38.2276],[-75.9203,38.2644]]]}},{"type":"Feature","properties":{"county_fips":"37165","county_name":"Scotland","state":"NC"},"geometry":{"type":"Polygon","coordinates":[[[-79.6925,34.8068],[-79.6346,34.8255],[-79.6255,34.8178],[-79.6142,34.8153],[-79.6232,34.8216],[-79.6176,34.8396],[-79.6266,34.8523],[-79.5619,34.9104],[-79.5848,34.9454],[-79.578,34.9724],[-79.5667,34.9794],[-79.5734,34.9922],[-79.5105,35.0262],[-79.4588,35.0436],[-79.4495,35.0271],[-79.3965,34.9941],[-79.3531,34.9442],[-79.3489,34.8874],[-79.3373,34.8537],[-79.3576,34.8203],[-79.3317,34.773],[-79.4616,34.6303],[-79.6753,34.8047],[-79.6925,34.8068]]]}},{"type":"Feature","properties":{"county_fips":"45043","county_name":"Georgetown","state":"SC"},"geometry":{"type":"Polygon","coordinates":[[[-79.6809,33.3196],[-79.6772,33.3368],[-79.6338,33.3726],[-79.596,33.4215],[-79.5901,33.4435],[-79.5453,33.4909],[-79.4963,33.5175],[-79.4833,33.5368],[-79.4359,33.5725],[-79.4425,33.596],[-79.4111,33.6858],[-79.3324,33.7771],[-79.317,33.7799],[-79.3088,33.772],[-79.2862,33.7374],[-79.2872,33.7188],[-79.2711,33.7216],[-79.2751,33.7089],[-79.265,33.7103],[-79.2676,33.7034],[-79.2424,33.7059],[-79.2493,33.697],[-79.2347,33.6942],[-79.218,33.7058],[-79.1962,33.7013],[-79.1994,33.7101],[-79.1573,33.6848],[-79.1533,33.6594],[-79.1364,33.6638],[-79.1295,33.6501],[-79.1239,33.6522],[-79.1273,33.6436],[-79.1351,33.6467],[-79.1222,33.6057],[-79.1091,33.6003],[-79.0998,33.609],[-79.1011,33.573],[-79.0018,33.5727],[-79.0286,33.5334],[-79.0388,33.5315],[-79.0846,33.4837],[-79.1354,33.4039],[-79.1585,33.3367],[-79.1721,33.3291],[-79.1638,33.312],[-79.1803,33.2541],[-79.1757,33.2111],[-79.1832,33.1908],[-79.1945,33.1698],[-79.2464,33.126],[-79.2756,33.1168],[-79.2679,33.1327],[-79.2724,33.1397],[-79.3151,33.1457],[-79.3333,33.1558],[-79.3513,33.1535],[-79.404,33.1838],[-79.4275,33.2098],[-79.4551,33.2177],[-79.4587,33.2352],[-79.4739,33.2298],[-79.4707,33.2394],[-79.4829,33.2354],[-79.4793,33.2461],[-79.494,33.236],[-79.5302,33.2475],[-79.5498,33.265],[-79.5611,33.2615],[-79.5623,33.2725],[-79.6643,33.2983],[-79.677,33.3049],[-79.6727,33.3107],[-79.6809,33.3196]]]}},{"type":"Feature","properties":{"county_fips":"13191","county_name":"McIntosh","state":"GA"},"geometry":{"type":"MultiPolygon","coordinates":[[[[-81.2719,31.3041],[-81.2772,31.3112],[-81.2707,31.3105],[-81.2719,31.3041]]],[[[-81.6683,31.5366],[-81.566,31.5765],[-81.4918,31.6996],[-81.4657,31.6942],[-81.4609,31.6835],[-81.4671,31.6776],[-81.4342,31.6411],[-81.4178,31.652],[-81.3916,31.6436],[-81.3781,31.6549],[-81.3748,31.6473],[-81.3556,31.6547],[-81.3381,31.6471],[-81.318,31.6599],[-81.2984,31.6493],[-81.2646,31.6512],[-81.2344,31.6378],[-81.192,31.6023],[-81.1922,31.5803],[-81.2161,31.5584],[-81.2765,31.5485],[-81.2983,31.5335],[-81.2952,31.5215],[-81.2588,31.5291],[-81.2639,31.5158],[-81.2823,31.5044],[-81.2629,31.4958],[-81.2367,31.5292],[-81.2135,31.5282],[-81.1983,31.537],[-81.1787,31.5182],[-81.2686,31.383],[-81.2943,31.3686],[-81.286,31.3497],[-81.2835,31.2934],[-81.2982,31.2925],[-81.316,31.3089],[-81.3331,31.3064],[-81.3688,31.3187],[-81.3872,31.3149],[-81.4086,31.2912],[-81.4044,31.3092],[-81.4359,31.3133],[-81.4361,31.3309],[-81.4537,31.3263],[-81.4702,31.3397],[-81.4722,31.3325],[-81.4748,31.3391],[-81.4829,31.3368],[-81.5343,31.3678],[-81.5381,31.3778],[-81.5515,31.3761],[-81.5473,31.3864],[-81.5776,31.3994],[-81.5874,31.4163],[-81.6046,31.4255],[-81.6113,31.4459],[-81.6249,31.4507],[-81.6124,31.4704],[-81.6231,31.4848],[-81.6472,31.495],[-81.6583,31.5109],[-81.6526,31.529],[-81.6683,31.5366]]]]}},{"type":"Feature","properties":{"county_fips":"13215","county_name":"Muscogee","state":"GA"},"geometry":{"type":"Polygon","coordinates":[[[-85.0806,32.6081],[-84.9077,32.6076],[-84.9079,32.5834],[-84.6946,32.5839],[-84.6947,32.5637],[-84.6675,32.5639],[-84.6899,32.5213],[-84.7246,32.5074],[-84.7451,32.4589],[-84.7667,32.4349],[-84.7677,32.4207],[-84.7819,32.4248],[-84.7922,32.414],[-84.8068,32.4226],[-84.819,32.4128],[-84.8747,32.4128],[-84.9327,32.3806],[-84.9632,32.374],[-84.9886,32.3841],[-84.9834,32.3918],[-84.9687,32.3915],[-84.9811,32.4028],[-84.963,32.4242],[-84.9718,32.4428],[-84.9953,32.4532],[-85.0015,32.5147],[-85.0225,32.5429],[-85.0675,32.5795],[-85.0806,32.6081]]]}},{"type":"Feature","properties":{"county_fips":"01051","county_name":"Elmore","state":"AL"},"geometry":{"type":"Polygon","coordinates":[[[-86.4133,32.7506],[-86.3368,32.7538],[-86.3367,32.7681],[-86.3192,32.7678],[-86.3195,32.7537],[-85.9722,32.7549],[-85.9728,32.7692],[-85.9556,32.7691],[-85.9549,32.7548],[-85.8799,32.7545],[-85.8803,32.74],[-85.8934,32.7277],[-85.8913,32.715],[-85.9075,32.6993],[-85.9117,32.6778],[-85.8877,32.6476],[-85.8946,32.6147],[-85.8854,32.5431],[-85.8904,32.5001],[-85.8529,32.4754],[-85.8745,32.4729],[-85.8784,32.4519],[-85.8896,32.4475],[-85.93,32.4543],[-85.9558,32.4407],[-85.9777,32.4539],[-85.9743,32.4463],[-85.9827,32.4394],[-85.9921,32.4525],[-85.9926,32.4301],[-86.0207,32.4195],[-86.0378,32.4214],[-86.0497,32.4063],[-86.077,32.4119],[-86.0862,32.4216],[-86.1153,32.416],[-86.1185,32.4242],[-86.1304,32.4233],[-86.1255,32.434],[-86.151,32.4246],[-86.1547,32.4349],[-86.1718,32.4404],[-86.1901,32.4325],[-86.1948,32.4409],[-86.1807,32.448],[-86.1889,32.4563],[-86.2002,32.4509],[-86.2127,32.4742],[-86.228,32.4701],[-86.2214,32.4798],[-86.2295,32.4893],[-86.2367,32.486],[-86.2371,32.495],[-86.262,32.5017],[-86.2609,32.4872],[-86.2781,32.486],[-86.2886,32.4726],[-86.3132,32.489],[-86.3077,32.4683],[-86.3253,32.4424],[-86.3118,32.4302],[-86.3107,32.4117],[-86.3503,32.4334],[-86.399,32.4265],[-86.3963,32.4144],[-86.4112,32.4099],[-86.4133,32.7506]]]}},{"type":"Feature","properties":{"county_fips":"37013","county_name":"Beaufort","state":"NC"},"geometry":{"type":"Polygon","coordinates":[[[-77.1958,35.6998],[-77.1857,35.7197],[-77.1709,35.7163],[-77.1751,35.7295],[-77.1638,35.7395],[-76.9858,35.6588],[-76.8473,35.72],[-76.8446,35.7057],[-76.6375,35.7052],[-76.602,35.6701],[-76.6062,35.6469],[-76.5776,35.6112],[-76.5343,35.5956],[-76.5384,35.5826],[-76.5016,35.5797],[-76.5014,35.5716],[-76.4689,35.5578],[-76.4872,35.5371],[-76.5199,35.5307],[-76.5568,35.5289],[-76.5704,35.5385],[-76.5992,35.5399],[-76.6379,35.513],[-76.6147,35.4874],[-76.5974,35.4819],[-76.607,35.4555],[-76.5928,35.4367],[-76.5776,35.3876],[-76.6479,35.4034],[-76.6608,35.4129],[-76.6629,35.4255],[-76.6807,35.4159],[-76.7107,35.4286],[-76.7592,35.4189],[-76.8088,35.4406],[-76.8172,35.452],[-76.8309,35.4479],[-76.906,35.4594],[-76.9576,35.483],[-76.9792,35.4834],[-77.0097,35.5137],[-77.043,35.5368],[-77.0532,35.5352],[-77.0213,35.4985],[-77.0451,35.5033],[-77.0047,35.4758],[-76.9864,35.4725],[-76.9662,35.434],[-76.925,35.4488],[-76.8839,35.4262],[-76.8445,35.4237],[-76.8217,35.3999],[-76.8003,35.3908],[-76.7729,35.391],[-76.7691,35.383],[-76.7195,35.3751],[-76.6707,35.3456],[-76.6163,35.3427],[-76.6112,35.3355],[-76.6194,35.3023],[-76.6138,35.2708],[-76.6326,35.2353],[-76.8453,35.2161],[-76.9588,35.301],[-77.1904,35.419],[-77.1912,35.435],[-77.1738,35.4566],[-77.1671,35.4969],[-77.1765,35.5013],[-77.1762,35.5191],[-77.1274,35.5538],[-77.0846,35.5526],[-77.0902,35.5687],[-77.1105,35.5696],[-77.1067,35.5814],[-77.1172,35.5814],[-77.1144,35.5886],[-77.1254,35.5846],[-77.1246,35.5969],[-77.1508,35.6026],[-77.1402,35.6063],[-77.1436,35.6205],[-77.174,35.6353],[-77.1807,35.6645],[-77.1671,35.6726],[-77.1698,35.6843],[-77.1958,35.6998]]]}},{"type":"Feature","properties":{"county_fips":"13089","county_name":"DeKalb","state":"GA"},"geometry":{"type":"Polygon","coordinates":[[[-84.3499,33.6479],[-84.3474,33.9681],[-84.3373,33.9709],[-84.2715,33.9559],[-84.256,33.9144],[-84.2013,33.8719],[-84.1584,33.8536],[-84.0759,33.7775],[-84.0237,33.7528],[-84.0566,33.7266],[-84.1158,33.6147],[-84.1545,33.6457],[-84.162,33.6378],[-84.1731,33.641],[-84.1702,33.6459],[-84.224,33.6466],[-84.2242,33.6307],[-84.2455,33.6307],[-84.2458,33.6469],[-84.3499,33.6479]]]}},{"type":"Feature","properties":{"county_fips":"13075","county_name":"Cook","state":"GA"},"geometry":{"type":"Polygon","coordinates":[[[-83.5767,31.0805],[-83.5573,31.1105],[-83.5559,31.1445],[-83.5435,31.148],[-83.5415,31.1774],[-83.51,31.206],[-83.5136,31.2329],[-83.5056,31.269],[-83.5153,31.3023],[-83.5126,31.3274],[-83.4606,31.3263],[-83.4605,31.333],[-83.4455,31.336],[-83.4449,31.3496],[-83.4345,31.3504],[-83.439,31.3188],[-83.4306,31.2947],[-83.4094,31.2868],[-83.3812,31.2556],[-83.3476,31.2521],[-83.3342,31.2416],[-83.3342,31.1915],[-83.3056,31.1672],[-83.3045,31.1564],[-83.3225,31.1183],[-83.3219,31.0977],[-83.3042,31.0918],[-83.296,31.0702],[-83.2798,31.0634],[-83.2835,31.0409],[-83.2951,31.0273],[-83.4819,31.0326],[-83.5026,31.0531],[-83.5499,31.0534],[-83.5767,31.0805]]]}},{"type":"Feature","properties":{"county_fips":"13189","county_name":"McDuffie","state":"GA"},"geometry":{"type":"Polygon","coordinates":[[[-82.6485,33.6084],[-82.643,33.607],[-82.6435,33.6181],[-82.6171,33.6121],[-82.6239,33.6217],[-82.6136,33.634],[-82.6078,33.6257],[-82.6084,33.6335],[-82.588,33.642],[-82.5811,33.6326],[-82.5814,33.6519],[-82.5735,33.6395],[-82.5656,33.6459],[-82.5565,33.6339],[-82.5557,33.6427],[-82.5436,33.6386],[-82.5362,33.6494],[-82.5225,33.6449],[-82.5104,33.6597],[-82.4807,33.639],[-82.4773,33.6442],[-82.4593,33.637],[-82.4507,33.6506],[-82.4309,33.6551],[-82.425,33.6473],[-82.4427,33.6307],[-82.4303,33.6186],[-82.433,33.6081],[-82.4127,33.5976],[-82.4342,33.5671],[-82.4368,33.5497],[-82.3849,33.5299],[-82.4024,33.5165],[-82.3991,33.4925],[-82.3832,33.4777],[-82.3848,33.4673],[-82.3753,33.456],[-82.336,33.4196],[-82.3392,33.4022],[-82.2942,33.3546],[-82.3535,33.3123],[-82.372,33.3109],[-82.3981,33.3138],[-82.4174,33.3323],[-82.45,33.3405],[-82.4985,33.3377],[-82.5358,33.3575],[-82.5481,33.3528],[-82.5443,33.3747],[-82.5536,33.4158],[-82.5846,33.4497],[-82.6485,33.6084]]]}},{"type":"Feature","properties":{"county_fips":"13269","county_name":"Taylor","state":"GA"},"geometry":{"type":"MultiPolygon","coordinates":[[[[-84.0533,32.522],[-84.0085,32.5218],[-84.0088,32.5165],[-84.0223,32.5056],[-84.0173,32.4971],[-84.0341,32.4974],[-84.0343,32.5135],[-84.0536,32.5133],[-84.0533,32.522]]],[[[-84.3728,32.3975],[-84.3632,32.3976],[-84.3629,32.3894],[-84.3727,32.3894],[-84.3728,32.3975]]],[[[-84.4532,32.5424],[-84.4437,32.5422],[-84.4444,32.5621],[-84.4089,32.5619],[-84.4084,32.6105],[-84.3744,32.6377],[-84.3642,32.6794],[-84.3389,32.679],[-84.3379,32.7206],[-84.2888,32.7362],[-84.2862,32.7476],[-84.2627,32.7393],[-84.2564,32.7227],[-84.2358,32.7383],[-84.2292,32.7327],[-84.2363,32.721],[-84.219,32.7198],[-84.2026,32.69],[-84.1851,32.6798],[-84.1626,32.6778],[-84.1435,32.6854],[-84.1282,32.6744],[-84.1059,32.685],[-84.105,32.6734],[-84.0745,32.6363],[-84.0568,32.6365],[-84.0628,32.6265],[-84.0739,32.6254],[-84.0652,32.5821],[-84.0486,32.5743],[-84.0527,32.5673],[-84.0463,32.5675],[-84.0454,32.5563],[-84.0354,32.5585],[-84.0215,32.545],[-84.016,32.5503],[-84.013,32.5377],[-84.002,32.5325],[-84.053,32.5306],[-84.0533,32.522],[-84.0722,32.5219],[-84.0723,32.5142],[-84.1112,32.5141],[-84.1113,32.5057],[-84.1223,32.5059],[-84.1978,32.401],[-84.2484,32.4006],[-84.2546,32.3721],[-84.3238,32.3725],[-84.3233,32.3978],[-84.3437,32.3978],[-84.3435,32.385],[-84.3531,32.385],[-84.3532,32.3978],[-84.3632,32.3976],[-84.3624,32.428],[-84.3818,32.428],[-84.3821,32.4142],[-84.3923,32.414],[-84.3921,32.4353],[-84.4084,32.444],[-84.4078,32.4853],[-84.4244,32.4851],[-84.4239,32.4932],[-84.4336,32.4932],[-84.4335,32.5187],[-84.443,32.5185],[-84.4433,32.5342],[-84.4532,32.5343],[-84.4532,32.5424]]]]}},{"type":"Feature","properties":{"county_fips":"37147","county_name":"Pitt","state":"NC"},"geometry":{"type":"Polygon","coordinates":[[[-77.7007,35.6523],[-77.5163,35.7613],[-77.4723,35.8011],[-77.4523,35.7999],[-77.4464,35.8086],[-77.4255,35.8054],[-77.4122,35.8253],[-77.3971,35.8252],[-77.3902,35.8331],[-77.2552,35.7864],[-77.2644,35.7752],[-77.2598,35.7652],[-77.2159,35.7601],[-77.2024,35.7464],[-77.1787,35.7394],[-77.1709,35.7163],[-77.1857,35.7197],[-77.1958,35.6998],[-77.1698,35.6843],[-77.1671,35.6726],[-77.1807,35.6645],[-77.174,35.6353],[-77.1436,35.6205],[-77.1402,35.6063],[-77.1508,35.6026],[-77.1246,35.5969],[-77.1254,35.5846],[-77.1144,35.5886],[-77.1172,35.5814],[-77.1067,35.5814],[-77.1105,35.5696],[-77.0902,35.5687],[-77.0846,35.5526],[-77.1274,35.5538],[-77.1762,35.5191],[-77.1765,35.5013],[-77.1671,35.4969],[-77.1738,35.4566],[-77.1912,35.435],[-77.1897,35.4159],[-77.2016,35.3987],[-77.2271,35.3998],[-77.2396,35.3814],[-77.2391,35.3609],[-77.2605,35.3517],[-77.2702,35.3597],[-77.2693,35.3692],[-77.2943,35.3791],[-77.3525,35.3277],[-77.3826,35.3343],[-77.4082,35.3534],[-77.4252,35.3491],[-77.4315,35.367],[-77.4482,35.3715],[-77.4452,35.38],[-77.455,35.3855],[-77.4485,35.3927],[-77.4707,35.4098],[-77.4767,35.4454],[-77.4842,35.4451],[-77.4805,35.4513],[-77.4927,35.4615],[-77.4941,35.4774],[-77.5116,35.497],[-77.5034,35.5174],[-77.5217,35.5176],[-77.5252,35.5283],[-77.541,35.533],[-77.5579,35.532],[-77.5914,35.5632],[-77.6102,35.5675],[-77.6816,35.6308],[-77.6889,35.6494],[-77.7007,35.6523]]]}},{"type":"Feature","properties":{"county_fips":"51149","county_name":"Prince George","state":"VA"},"geometry":{"type":"Polygon","coordinates":[[[-77.3992,37.1709],[-77.3767,37.1805],[-77.3624,37.1707],[-77.3457,37.1741],[-77.3431,37.1897],[-77.3298,37.1975],[-77.3775,37.2516],[-77.3737,37.2669],[-77.3566,37.2831],[-77.3525,37.3102],[-77.3397,37.3151],[-77.3267,37.2932],[-77.3244,37.2678],[-77.331,37.2576],[-77.2606,37.2828],[-77.2536,37.2967],[-77.2734,37.3165],[-77.284,37.313],[-77.2738,37.321],[-77.2515,37.3089],[-77.2205,37.3193],[-77.1251,37.3029],[-77.0882,37.3131],[-77.0796,37.2743],[-77.0694,37.2697],[-77.007,37.3049],[-76.9902,37.2949],[-76.9914,37.278],[-76.9724,37.2485],[-77.0123,37.2329],[-77.0188,37.2196],[-77.0118,37.2124],[-77.0241,37.201],[-77.0434,37.2023],[-77.044,37.1924],[-77.0726,37.1846],[-77.1554,37.112],[-77.3985,36.993],[-77.3992,37.1709]]]}},{"type":"Feature","properties":{"county_fips":"13103","county_name":"Effingham","state":"GA"},"geometry":{"type":"Polygon","coordinates":[[[-81.548,32.4893],[-81.5386,32.5091],[-81.3893,32.5954],[-81.3698,32.5912],[-81.367,32.577],[-81.3577,32.5821],[-81.3548,32.5711],[-81.3286,32.5611],[-81.298,32.563],[-81.2967,32.5534],[-81.2913,32.5627],[-81.2889,32.5512],[-81.2813,32.5565],[-81.275,32.5448],[-81.2799,32.5366],[-81.2529,32.5183],[-81.2334,32.518],[-81.2387,32.507],[-81.2336,32.4985],[-81.187,32.4636],[-81.1975,32.4491],[-81.2045,32.4528],[-81.1994,32.4442],[-81.2084,32.437],[-81.2055,32.4236],[-81.1787,32.3936],[-81.1818,32.3793],[-81.1679,32.3683],[-81.1738,32.3627],[-81.1548,32.3496],[-81.1598,32.34],[-81.1438,32.3515],[-81.1294,32.3416],[-81.1379,32.3287],[-81.1306,32.3254],[-81.1331,32.309],[-81.1229,32.3073],[-81.1199,32.2862],[-81.127,32.2827],[-81.1234,32.2751],[-81.1419,32.2717],[-81.1369,32.2661],[-81.1466,32.2628],[-81.1457,32.2515],[-81.1566,32.2439],[-81.1447,32.2263],[-81.1957,32.2375],[-81.3917,32.0959],[-81.4029,32.1073],[-81.406,32.1019],[-81.4016,32.1499],[-81.4137,32.1602],[-81.41,32.1848],[-81.4186,32.1972],[-81.4136,32.208],[-81.4292,32.2166],[-81.4384,32.2719],[-81.4499,32.2832],[-81.4532,32.3064],[-81.4655,32.3128],[-81.4655,32.3286],[-81.4878,32.3339],[-81.491,32.3519],[-81.5077,32.3579],[-81.5233,32.3929],[-81.5349,32.3936],[-81.5326,32.4064],[-81.5425,32.4193],[-81.5258,32.4494],[-81.5314,32.4664],[-81.5428,32.4663],[-81.536,32.4814],[-81.548,32.4893]]]}},{"type":"Feature","properties":{"county_fips":"24035","county_name":"Queen Anne's","state":"MD"},"geometry":{"type":"MultiPolygon","coordinates":[[[[-76.2458,38.9051],[-76.2491,38.9133],[-76.2431,38.9121],[-76.2458,38.9051]]],[[[-76.3762,38.8505],[-76.3647,38.8738],[-76.3617,38.9392],[-76.3245,38.9957],[-76.3118,39.0353],[-76.3016,39.0382],[-76.3053,39.0263],[-76.2775,38.9825],[-76.2599,38.9838],[-76.2566,38.9754],[-76.2441,38.9807],[-76.2386,38.9735],[-76.2294,38.9799],[-76.2189,38.9705],[-76.1914,38.9796],[-76.1629,39.0061],[-76.1783,39.0317],[-76.1755,39.0423],[-76.1842,39.0463],[-76.1799,39.0534],[-76.1406,39.0796],[-76.1448,39.093],[-76.1344,39.1044],[-76.1171,39.1071],[-76.075,39.1339],[-76.081,39.1492],[-76.0411,39.1677],[-76.0467,39.1808],[-76.0685,39.1905],[-76.0531,39.2126],[-76.0088,39.2403],[-75.9704,39.2464],[-75.9407,39.2385],[-75.895,39.2471],[-75.8918,39.2541],[-75.8743,39.2497],[-75.8644,39.2615],[-75.8063,39.242],[-75.756,39.2461],[-75.7477,39.1433],[-75.7911,39.1328],[-75.8349,39.1083],[-75.849,39.0714],[-75.8787,39.0469],[-75.8828,39.0279],[-75.8974,39.0143],[-75.9038,39.0168],[-75.9409,38.9763],[-75.9382,38.9589],[-75.9533,38.938],[-75.9493,38.9183],[-76.097,38.9443],[-76.1155,38.9137],[-76.1035,38.8823],[-76.128,38.876],[-76.1625,38.881],[-76.1699,38.8656],[-76.1822,38.8586],[-76.1924,38.8638],[-76.2017,38.8481],[-76.2063,38.8556],[-76.1968,38.8951],[-76.2037,38.8959],[-76.2036,38.9284],[-76.213,38.9336],[-76.2086,38.944],[-76.2348,38.9425],[-76.2486,38.9667],[-76.2511,38.9402],[-76.2609,38.9327],[-76.2497,38.9209],[-76.2622,38.92],[-76.2707,38.9421],[-76.2959,38.9287],[-76.2933,38.9032],[-76.2996,38.9027],[-76.3051,38.9243],[-76.3166,38.923],[-76.318,38.9113],[-76.334,38.9181],[-76.3402,38.9118],[-76.331,38.8643],[-76.3611,38.852],[-76.3682,38.8361],[-76.3762,38.8505]]]]}},{"type":"Feature","properties":{"county_fips":"37095","county_name":"Hyde","state":"NC"},"geometry":{"type":"MultiPolygon","coordinates":[[[[-76.0153,35.0707],[-75.9856,35.0981],[-75.9884,35.1164],[-75.9822,35.1204],[-75.9582,35.1154],[-75.7736,35.1873],[-75.9202,35.1247],[-76.0029,35.0679],[-76.0153,35.0707]]],[[[-76.2815,35.3173],[-76.2742,35.3302],[-76.2624,35.3139],[-76.2712,35.3103],[-76.2815,35.3173]]],[[[-76.6375,35.7052],[-76.2692,35.6908],[-76.2979,35.609],[-76.2155,35.598],[-76.1958,35.6201],[-76.1931,35.646],[-76.1778,35.6549],[-76.1814,35.6667],[-76.1695,35.6725],[-76.1766,35.6862],[-76.1675,35.6908],[-76.1696,35.6986],[-76.1399,35.7021],[-76.1301,35.6908],[-76.1183,35.6919],[-76.1202,35.6806],[-76.0967,35.6696],[-76.0589,35.6748],[-76.0451,35.6656],[-76.0475,35.6529],[-76.038,35.6458],[-76.0188,35.6537],[-76.013,35.6689],[-75.9013,35.669],[-75.8837,35.6289],[-75.8974,35.5981],[-75.8824,35.5761],[-75.9197,35.5615],[-75.9202,35.553],[-75.9085,35.5528],[-75.9128,35.5447],[-75.9437,35.5362],[-75.9617,35.5153],[-75.9784,35.513],[-75.9631,35.4939],[-75.9888,35.4849],[-75.9991,35.4574],[-76.0157,35.4417],[-76.0135,35.4278],[-76.0227,35.4122],[-76.0317,35.4131],[-76.0397,35.4308],[-76.0587,35.4346],[-76.0539,35.4212],[-76.0712,35.4098],[-76.0694,35.3976],[-76.0834,35.391],[-76.0618,35.3832],[-76.0708,35.3706],[-76.0913,35.3695],[-76.1125,35.355],[-76.1369,35.358],[-76.1426,35.3549],[-76.1374,35.3447],[-76.1519,35.3314],[-76.1742,35.347],[-76.2035,35.3377],[-76.2049,35.3458],[-76.2211,35.3404],[-76.2315,35.3588],[-76.2498,35.3677],[-76.26,35.3654],[-76.2531,35.35],[-76.2681,35.34],[-76.3057,35.3549],[-76.3088,35.3697],[-76.3209,35.3701],[-76.3261,35.3863],[-76.3449,35.3925],[-76.3575,35.3836],[-76.3416,35.3423],[-76.376,35.3356],[-76.3772,35.3584],[-76.3893,35.3604],[-76.4119,35.3464],[-76.4114,35.3613],[-76.4243,35.365],[-76.4129,35.3757],[-76.3637,35.3642],[-76.3679,35.3823],[-76.3851,35.3842],[-76.396,35.4011],[-76.3853,35.415],[-76.3955,35.4317],[-76.4176,35.4251],[-76.4373,35.4034],[-76.4383,35.3883],[-76.4435,35.3951],[-76.4549,35.3912],[-76.4609,35.404],[-76.4808,35.4045],[-76.4723,35.3714],[-76.5403,35.4107],[-76.5331,35.4323],[-76.5525,35.4369],[-76.5655,35.4495],[-76.5457,35.4609],[-76.5628,35.475],[-76.5621,35.4913],[-76.5871,35.5089],[-76.4908,35.5044],[-76.4694,35.5193],[-76.467,35.5389],[-76.4523,35.5532],[-76.4993,35.5703],[-76.5016,35.5797],[-76.5384,35.5826],[-76.5343,35.5956],[-76.5776,35.6112],[-76.6062,35.6469],[-76.602,35.6701],[-76.6375,35.7052]]]]}},{"type":"Feature","properties":{"county_fips":"12039","county_name":"Gadsden","state":"FL"},"geometry":{"type":"Polygon","coordinates":[[[-84.9319,30.6069],[-84.9056,30.622],[-84.8881,30.6631],[-84.8583,30.6966],[-84.8647,30.7115],[-84.2826,30.6853],[-84.3035,30.6777],[-84.3006,30.6401],[-84.3248,30.6181],[-84.3321,30.5965],[-84.3409,30.6002],[-84.3784,30.5735],[-84.3924,30.5148],[-84.405,30.5077],[-84.3963,30.4899],[-84.4029,30.4758],[-84.4209,30.4637],[-84.4348,30.4661],[-84.4605,30.4559],[-84.4953,30.4603],[-84.5306,30.4398],[-84.5615,30.4379],[-84.5801,30.4173],[-84.6236,30.4095],[-84.6477,30.3946],[-84.6464,30.3883],[-84.6806,30.388],[-84.6805,30.4173],[-84.7141,30.4172],[-84.7141,30.4604],[-84.7811,30.4598],[-84.7818,30.5187],[-84.8156,30.5185],[-84.8158,30.5331],[-84.8826,30.5331],[-84.8833,30.6056],[-84.9319,30.6069]]]}},{"type":"Feature","properties":{"county_fips":"37031","county_name":"Carteret","state":"NC"},"geometry":{"type":"MultiPolygon","coordinates":[[[[-76.3301,34.8479],[-76.2974,34.8722],[-76.2892,34.8887],[-76.2762,34.8859],[-76.227,34.9257],[-76.1716,34.9805],[-76.1518,34.9868],[-76.1413,35.0057],[-76.0861,35.0481],[-76.0759,35.0699],[-76.054,35.0714],[-76.0378,35.0619],[-76.3226,34.8481],[-76.3301,34.8479]]],[[[-76.5476,34.7106],[-76.5383,34.712],[-76.5195,34.7071],[-76.5228,34.6991],[-76.544,34.7012],[-76.5476,34.7106]]],[[[-76.553,34.6146],[-76.5504,34.6309],[-76.5506,34.616],[-76.5322,34.6105],[-76.4977,34.6668],[-76.502,34.6747],[-76.474,34.7114],[-76.4415,34.7338],[-76.4381,34.7613],[-76.4136,34.7651],[-76.414,34.7792],[-76.4026,34.7914],[-76.3833,34.7949],[-76.3637,34.8234],[-76.3375,34.8388],[-76.4881,34.671],[-76.5355,34.5916],[-76.553,34.6146]]],[[[-76.5863,34.7139],[-76.5606,34.71],[-76.5642,34.7022],[-76.5259,34.6919],[-76.5257,34.6852],[-76.5816,34.6991],[-76.5863,34.7139]]],[[[-76.6655,34.6897],[-76.5893,34.672],[-76.5302,34.6436],[-76.5288,34.6315],[-76.5706,34.6583],[-76.6655,34.6897]]],[[[-77.0985,34.6469],[-77.0679,34.6638],[-77.0146,34.676],[-76.9478,34.6787],[-76.8222,34.7047],[-76.7667,34.7],[-76.7476,34.702],[-76.7421,34.7124],[-76.7306,34.7008],[-76.7026,34.6998],[-76.6989,34.7123],[-76.6757,34.6957],[-76.8474,34.6908],[-77.0985,34.6469]]],[[[-77.1664,34.7914],[-77.1357,34.798],[-77.1162,34.794],[-77.1074,34.8031],[-77.0907,34.7993],[-77.085,34.8111],[-76.9544,34.8091],[-76.9548,34.8245],[-76.8823,34.8367],[-76.8831,34.8449],[-76.758,34.8463],[-76.693,34.8692],[-76.6863,34.8954],[-76.6625,34.9123],[-76.6526,34.9376],[-76.6772,34.9577],[-76.6769,34.9688],[-76.6311,34.9887],[-76.5785,34.9762],[-76.5797,34.9901],[-76.5436,35.002],[-76.5116,35.0051],[-76.498,34.985],[-76.4842,34.9881],[-76.4975,35.0082],[-76.4865,35.0204],[-76.4939,35.0232],[-76.4858,35.0406],[-76.4647,35.0467],[-76.4775,35.0584],[-76.4704,35.0757],[-76.4358,35.0579],[-76.4331,35.0335],[-76.4226,35.0267],[-76.4376,35.0245],[-76.4404,35.0146],[-76.4359,35.001],[-76.4255,35.0015],[-76.4224,34.9772],[-76.43,34.9687],[-76.4228,34.9507],[-76.4031,34.9634],[-76.3984,34.9455],[-76.3874,34.9511],[-76.3815,34.9792],[-76.3634,34.9692],[-76.3618,34.9764],[-76.3404,34.9663],[-76.332,34.9709],[-76.3244,34.9605],[-76.3195,34.9659],[-76.3675,35.0311],[-76.3641,35.0366],[-76.2439,34.9969],[-76.2624,34.9753],[-76.2881,34.9963],[-76.3057,34.9914],[-76.2779,34.9607],[-76.2795,34.9414],[-76.2978,34.9346],[-76.2976,34.9237],[-76.3408,34.9334],[-76.3368,34.9098],[-76.3141,34.9063],[-76.3468,34.8734],[-76.3683,34.8729],[-76.3822,34.857],[-76.3957,34.8609],[-76.3917,34.8786],[-76.4024,34.8866],[-76.4121,34.8322],[-76.4186,34.8267],[-76.4276,34.8314],[-76.4495,34.8148],[-76.4854,34.7549],[-76.498,34.7639],[-76.5141,34.7543],[-76.4984,34.7321],[-76.5158,34.7196],[-76.5757,34.7217],[-76.5821,34.7313],[-76.5752,34.7397],[-76.5859,34.7567],[-76.5757,34.7684],[-76.5937,34.7717],[-76.6044,34.7899],[-76.6173,34.7879],[-76.6272,34.7246],[-76.6156,34.7102],[-76.6194,34.7042],[-76.6727,34.7147],[-76.6807,34.7062],[-76.6905,34.716],[-76.7685,34.7244],[-76.8998,34.7269],[-76.9717,34.7093],[-77.0052,34.6925],[-77.0172,34.6946],[-77.0169,34.6878],[-77.0305,34.6818],[-77.0422,34.6897],[-77.0927,34.6729],[-77.113,34.6814],[-77.106,34.7101],[-77.1218,34.7315],[-77.1256,34.7567],[-77.1578,34.7659],[-77.1508,34.7714],[-77.1603,34.7746],[-77.1593,34.782],[-77.1657,34.7793],[-77.1664,34.7914]]]]}},{"type":"Feature","properties":{"county_fips":"51119","county_name":"Middlesex","state":"VA"},"geometry":{"type":"MultiPolygon","coordinates":[[[[-76.4193,37.5926],[-76.4178,37.5983],[-76.4173,37.592],[-76.4193,37.5926]]],[[[-76.7511,37.7286],[-76.7231,37.7567],[-76.7031,37.7557],[-76.6829,37.7705],[-76.677,37.7561],[-76.6167,37.7419],[-76.6232,37.7394],[-76.6192,37.7309],[-76.5972,37.7173],[-76.5979,37.7029],[-76.5794,37.6733],[-76.5897,37.6658],[-76.5427,37.6169],[-76.4334,37.6129],[-76.4307,37.5995],[-76.4374,37.5969],[-76.4234,37.5922],[-76.4251,37.5844],[-76.298,37.5576],[-76.3119,37.5464],[-76.3306,37.5471],[-76.3311,37.5255],[-76.3383,37.5431],[-76.3588,37.5366],[-76.3608,37.5284],[-76.4041,37.5355],[-76.4199,37.5103],[-76.4812,37.5362],[-76.4992,37.5369],[-76.5479,37.5679],[-76.5559,37.5551],[-76.5735,37.5629],[-76.5749,37.5738],[-76.5958,37.5881],[-76.6125,37.5819],[-76.6117,37.5903],[-76.637,37.5908],[-76.6823,37.6172],[-76.7068,37.6528],[-76.7184,37.6584],[-76.7282,37.6756],[-76.7253,37.692],[-76.7321,37.6881],[-76.7472,37.7058],[-76.7511,37.7286]]]]}},{"type":"Feature","properties":{"county_fips":"51199","county_name":"York","state":"VA"},"geometry":{"type":"Polygon","coordinates":[[[-76.7555,37.3542],[-76.7419,37.3706],[-76.68,37.3669],[-76.6587,37.3801],[-76.6007,37.314],[-76.5364,37.2711],[-76.494,37.2254],[-76.4718,37.216],[-76.3866,37.2278],[-76.4021,37.2065],[-76.3911,37.1946],[-76.3925,37.1756],[-76.408,37.175],[-76.4123,37.1615],[-76.4057,37.16],[-76.4129,37.1558],[-76.3984,37.0967],[-76.4237,37.0918],[-76.4591,37.101],[-76.5061,37.1541],[-76.5168,37.1786],[-76.5266,37.1771],[-76.5652,37.2205],[-76.5913,37.2132],[-76.6013,37.2376],[-76.6273,37.2315],[-76.6513,37.2392],[-76.6658,37.2641],[-76.6844,37.2695],[-76.6783,37.2768],[-76.6819,37.2926],[-76.714,37.2793],[-76.7273,37.2989],[-76.7346,37.3314],[-76.7545,37.3402],[-76.7555,37.3542]]]}},{"type":"Feature","properties":{"county_fips":"37153","county_name":"Richmond","state":"NC"},"geometry":{"type":"Polygon","coordinates":[[[-80.0757,35.1401],[-80.0228,35.1372],[-79.9834,35.1585],[-79.8986,35.1617],[-79.8513,35.1839],[-79.7495,35.173],[-79.6944,35.1796],[-79.6421,35.1577],[-79.6143,35.1637],[-79.6094,35.149],[-79.5733,35.1225],[-79.5828,35.084],[-79.5683,35.0648],[-79.499,35.0638],[-79.4588,35.0436],[-79.5105,35.0262],[-79.5734,34.9922],[-79.5667,34.9794],[-79.578,34.9724],[-79.5848,34.9454],[-79.5619,34.9104],[-79.6266,34.8523],[-79.6176,34.8396],[-79.6232,34.8216],[-79.6142,34.8153],[-79.6346,34.8255],[-79.6929,34.805],[-79.9274,34.8066],[-79.9143,34.8179],[-79.8997,34.8585],[-79.8801,34.8668],[-79.849,34.9013],[-79.8723,34.9504],[-79.8648,34.98],[-79.9006,35.0057],[-79.8767,35.0445],[-79.9079,35.0657],[-79.9125,35.0961],[-79.9279,35.1179],[-79.9585,35.1137],[-79.9866,35.0888],[-80.0005,35.0858],[-80.0682,35.112],[-80.0757,35.1401]]]}},{"type":"Feature","properties":{"county_fips":"37103","county_name":"Jones","state":"NC"},"geometry":{"type":"Polygon","coordinates":[[[-77.731,35.0081],[-77.6013,35.0714],[-77.5075,35.1728],[-77.5272,35.243],[-77.4523,35.219],[-77.1877,35.0811],[-77.1894,35.0667],[-77.1739,35.0591],[-77.1806,35.0552],[-77.1684,35.0606],[-77.1645,35.0655],[-77.1483,35.0547],[-77.1305,35.0723],[-77.1136,35.0726],[-77.1079,35.0381],[-77.0989,35.0267],[-77.1089,34.8308],[-77.0472,34.8364],[-77.0897,34.809],[-77.0907,34.7993],[-77.1617,34.7948],[-77.1727,34.7806],[-77.1711,34.7907],[-77.1963,34.811],[-77.1813,34.8362],[-77.202,34.8348],[-77.2224,34.8871],[-77.2342,34.8863],[-77.2374,34.9],[-77.2602,34.9096],[-77.2674,34.9255],[-77.3316,34.9391],[-77.3633,34.9255],[-77.3668,34.9087],[-77.5028,34.9696],[-77.639,34.9845],[-77.6748,34.9739],[-77.731,35.0081]]]}},{"type":"Feature","properties":{"county_fips":"45029","county_name":"Colleton","state":"SC"},"geometry":{"type":"Polygon","coordinates":[[[-81.0823,33.0266],[-80.9372,33.1026],[-80.906,33.0602],[-80.8961,33.0614],[-80.8769,33.0932],[-80.889,33.1022],[-80.8954,33.1253],[-80.7908,33.1812],[-80.772,33.1716],[-80.7461,33.1745],[-80.7031,33.1525],[-80.6704,33.1036],[-80.6227,33.0663],[-80.5785,33.0573],[-80.5503,33.0583],[-80.532,33.0697],[-80.5097,33.0573],[-80.4748,33.0644],[-80.4521,33.0622],[-80.44,33.049],[-80.4219,33.0549],[-80.412,33.0466],[-80.4007,33.0528],[-80.3878,33.0328],[-80.4065,33.019],[-80.4087,32.9846],[-80.4188,32.9673],[-80.4052,32.9551],[-80.3994,32.936],[-80.4064,32.9102],[-80.3853,32.8861],[-80.3962,32.883],[-80.4033,32.8696],[-80.3941,32.8445],[-80.4054,32.815],[-80.4358,32.7882],[-80.4329,32.7785],[-80.4475,32.7627],[-80.4536,32.7405],[-80.4471,32.7284],[-80.4296,32.7204],[-80.4354,32.7131],[-80.4228,32.7146],[-80.4159,32.6947],[-80.4227,32.6885],[-80.4209,32.6701],[-80.4049,32.6524],[-80.389,32.6523],[-80.4075,32.6271],[-80.428,32.6225],[-80.4204,32.6042],[-80.3991,32.6183],[-80.3872,32.6151],[-80.3972,32.5919],[-80.3891,32.5738],[-80.4153,32.5479],[-80.3368,32.4932],[-80.3267,32.4931],[-80.3246,32.5037],[-80.35,32.5187],[-80.3483,32.5254],[-80.3229,32.5237],[-80.3191,32.5111],[-80.2848,32.5296],[-80.2775,32.5236],[-80.2608,32.5365],[-80.2544,32.5321],[-80.3324,32.4781],[-80.3604,32.4998],[-80.3926,32.4753],[-80.4135,32.4707],[-80.4216,32.4948],[-80.4441,32.5049],[-80.4721,32.497],[-80.477,32.4854],[-80.5029,32.4957],[-80.5178,32.5191],[-80.5365,32.5292],[-80.5515,32.5658],[-80.566,32.5509],[-80.5652,32.5655],[-80.5842,32.5677],[-80.5762,32.5778],[-80.5798,32.5843],[-80.5998,32.581],[-80.6099,32.59],[-80.6209,32.5812],[-80.6478,32.5964],[-80.6607,32.6151],[-80.6544,32.6269],[-80.6751,32.6252],[-80.674,32.6329],[-80.6586,32.6351],[-80.6607,32.6433],[-80.6782,32.6427],[-80.6845,32.6546],[-80.6805,32.6628],[-80.6689,32.6636],[-80.6711,32.6716],[-80.7033,32.6646],[-80.7184,32.6795],[-80.7285,32.6737],[-80.7392,32.6823],[-80.7449,32.6742],[-80.7656,32.6753],[-80.7686,32.6815],[-80.7727,32.6762],[-80.7783,32.6869],[-80.7873,32.6825],[-80.7875,32.6882],[-80.8227,32.6969],[-80.8456,32.7208],[-80.8662,32.7756],[-80.8958,32.8106],[-80.9001,32.8326],[-80.9455,32.8764],[-80.9588,32.8767],[-80.9872,32.9011],[-81.0135,32.9548],[-81.0823,33.0266]]]}},{"type":"Feature","properties":{"county_fips":"13135","county_name":"Gwinnett","state":"GA"},"geometry":{"type":"Polygon","coordinates":[[[-84.2771,33.9576],[-84.2581,33.9682],[-84.2633,33.986],[-84.2533,33.9872],[-84.2483,33.9983],[-84.2125,34.0038],[-84.2021,33.9971],[-84.2048,33.9901],[-84.1924,33.9909],[-84.1809,33.9987],[-84.1695,34.028],[-84.1235,34.0333],[-84.1006,34.0473],[-84.1178,34.0653],[-84.1104,34.097],[-84.0854,34.1488],[-84.0622,34.1685],[-83.8678,34.0987],[-83.8177,34.1275],[-83.8691,34.0043],[-83.8373,33.9822],[-83.832,33.9664],[-83.8137,33.9545],[-83.7991,33.9298],[-84.0237,33.7528],[-84.0759,33.7775],[-84.1584,33.8536],[-84.2013,33.8719],[-84.256,33.9144],[-84.2705,33.944],[-84.2662,33.9477],[-84.2771,33.9576]]]}},{"type":"Feature","properties":{"county_fips":"13271","county_name":"Telfair","state":"GA"},"geometry":{"type":"Polygon","coordinates":[[[-83.2075,31.8965],[-82.9421,32.1241],[-82.9555,32.1353],[-82.9346,32.1533],[-82.9279,32.1353],[-82.9398,32.1249],[-82.9153,32.1236],[-82.902,32.1103],[-82.8952,32.0861],[-82.8556,32.0617],[-82.8073,32.0488],[-82.7869,32.0225],[-82.7668,32.0116],[-82.7254,32.0045],[-82.6952,31.9569],[-82.6457,31.9189],[-82.6818,31.9207],[-82.6769,31.9103],[-82.7418,31.8769],[-82.7573,31.8569],[-82.7679,31.8616],[-82.7697,31.8554],[-82.7757,31.8626],[-82.7911,31.8523],[-82.7847,31.8385],[-82.8247,31.8135],[-82.8249,31.8197],[-82.8387,31.8157],[-82.8631,31.783],[-82.877,31.7809],[-82.8767,31.7871],[-82.8904,31.7804],[-82.8997,31.7833],[-82.8993,31.7914],[-82.9194,31.7787],[-82.9187,31.7841],[-82.9553,31.783],[-82.9785,31.7931],[-82.9832,31.7837],[-82.9907,31.7871],[-82.991,31.7765],[-82.9969,31.7816],[-83.0058,31.7746],[-83.0804,31.8006],[-83.0867,31.8127],[-83.0993,31.8083],[-83.1063,31.8192],[-83.1116,31.8092],[-83.1394,31.815],[-83.1326,31.8152],[-83.1346,31.8241],[-83.152,31.8249],[-83.1718,31.842],[-83.1833,31.8588],[-83.1768,31.8684],[-83.1816,31.8797],[-83.1925,31.8751],[-83.2075,31.8965]]]}},{"type":"Feature","properties":{"county_fips":"13283","county_name":"Treutlen","state":"GA"},"geometry":{"type":"Polygon","coordinates":[[[-82.7476,32.331],[-82.7445,32.3413],[-82.7338,32.3421],[-82.7308,32.3627],[-82.7169,32.373],[-82.7162,32.3926],[-82.6976,32.4072],[-82.7022,32.4316],[-82.6903,32.4438],[-82.694,32.4541],[-82.6486,32.4672],[-82.6331,32.491],[-82.6571,32.5072],[-82.6477,32.5125],[-82.4905,32.4963],[-82.3819,32.4406],[-82.3943,32.4126],[-82.3943,32.3918],[-82.4112,32.3651],[-82.4091,32.3537],[-82.6491,32.3115],[-82.6555,32.2976],[-82.669,32.3039],[-82.6631,32.2978],[-82.673,32.2936],[-82.7084,32.2986],[-82.7134,32.3102],[-82.73,32.3106],[-82.7251,32.3157],[-82.7476,32.331]]]}},{"type":"Feature","properties":{"county_fips":"37017","county_name":"Bladen","state":"NC"},"geometry":{"type":"Polygon","coordinates":[[[-78.902,34.8353],[-78.8274,34.8507],[-78.5161,34.8459],[-78.4947,34.8562],[-78.4877,34.8363],[-78.4658,34.8276],[-78.4592,34.8127],[-78.4498,34.8135],[-78.4245,34.7699],[-78.3907,34.7495],[-78.3919,34.7296],[-78.3794,34.7234],[-78.3823,34.7173],[-78.3686,34.7043],[-78.3734,34.6992],[-78.3493,34.6919],[-78.3469,34.6802],[-78.325,34.6688],[-78.3246,34.6497],[-78.3116,34.6416],[-78.3228,34.6297],[-78.3131,34.6259],[-78.305,34.6024],[-78.2912,34.6005],[-78.275,34.5814],[-78.2663,34.584],[-78.2551,34.5689],[-78.2517,34.562],[-78.2601,34.5557],[-78.2544,34.5536],[-78.2726,34.5378],[-78.2639,34.5196],[-78.2541,34.5198],[-78.2553,34.5081],[-78.1765,34.4654],[-78.2561,34.3995],[-78.3351,34.3676],[-78.4453,34.3774],[-78.594,34.4314],[-78.6468,34.4607],[-78.6594,34.4537],[-78.6564,34.4603],[-78.6676,34.4696],[-78.8252,34.4618],[-78.8581,34.4744],[-78.8694,34.4871],[-78.8444,34.5081],[-78.857,34.5151],[-78.853,34.5278],[-78.8627,34.562],[-78.8361,34.5935],[-78.8412,34.5974],[-78.8315,34.6088],[-78.8344,34.6216],[-78.8136,34.6519],[-78.8192,34.6626],[-78.8094,34.6683],[-78.8054,34.6866],[-78.8544,34.7357],[-78.8836,34.8124],[-78.8924,34.8138],[-78.902,34.8353]]]}},{"type":"Feature","properties":{"county_fips":"45035","county_name":"Dorchester","state":"SC"},"geometry":{"type":"Polygon","coordinates":[[[-80.7899,33.1794],[-80.5028,33.3345],[-80.4947,33.3238],[-80.494,33.2975],[-80.4756,33.2749],[-80.4271,33.2578],[-80.3919,33.2646],[-80.3484,33.2489],[-80.3308,33.1984],[-80.2964,33.1795],[-80.311,33.1584],[-80.3359,33.1455],[-80.1492,33.0216],[-80.1764,33.01],[-80.17,33.0043],[-80.1626,33.0105],[-80.1676,33.0026],[-80.146,32.9843],[-80.1355,32.9989],[-80.1105,32.9855],[-80.1306,32.979],[-80.1392,32.9818],[-80.1413,32.9792],[-80.0798,32.9282],[-80.0977,32.887],[-80.1195,32.8936],[-80.1228,32.9018],[-80.1254,32.8896],[-80.1448,32.8876],[-80.1622,32.8746],[-80.1549,32.8651],[-80.1613,32.8559],[-80.1767,32.8671],[-80.1857,32.8608],[-80.1837,32.8471],[-80.1608,32.8409],[-80.1493,32.8182],[-80.3018,32.8519],[-80.4013,32.8585],[-80.3962,32.883],[-80.3853,32.8861],[-80.4064,32.9102],[-80.3994,32.936],[-80.4052,32.9551],[-80.4188,32.9673],[-80.4087,32.9846],[-80.4065,33.019],[-80.3878,33.0328],[-80.4007,33.0528],[-80.412,33.0466],[-80.4219,33.0549],[-80.44,33.049],[-80.4521,33.0622],[-80.4748,33.0644],[-80.5097,33.0573],[-80.532,33.0697],[-80.5503,33.0583],[-80.6181,33.0648],[-80.6704,33.1036],[-80.7031,33.1525],[-80.7461,33.1745],[-80.7622,33.1703],[-80.7899,33.1794]]]}},{"type":"Feature","properties":{"county_fips":"45063","county_name":"Lexington","state":"SC"},"geometry":{"type":"Polygon","coordinates":[[[-81.5715,33.8773],[-81.4655,34.0873],[-81.4449,34.0777],[-81.4249,34.083],[-81.4028,34.0708],[-81.3901,34.0753],[-81.4372,34.13],[-81.4037,34.1779],[-81.3748,34.179],[-81.3523,34.1967],[-81.339,34.1976],[-81.3145,34.1869],[-81.3023,34.1624],[-81.315,34.1461],[-81.2758,34.0974],[-81.2334,34.1018],[-81.1729,34.0905],[-81.132,34.0623],[-81.0975,34.0177],[-81.0649,34.0086],[-81.0509,33.9958],[-81.017,33.9309],[-81.0301,33.9136],[-81.0088,33.9041],[-81.0214,33.8881],[-81.0123,33.8801],[-81.0379,33.8709],[-81.0585,33.7471],[-81.0361,33.7452],[-81.0329,33.7641],[-81.0235,33.7635],[-81.014,33.7812],[-80.9619,33.779],[-80.9246,33.7569],[-80.9557,33.7378],[-80.9915,33.7321],[-81.1873,33.6529],[-81.2701,33.6939],[-81.2905,33.6942],[-81.3645,33.7281],[-81.4152,33.7321],[-81.4267,33.7431],[-81.4357,33.7757],[-81.4606,33.7973],[-81.515,33.8131],[-81.5464,33.8586],[-81.5611,33.8628],[-81.5715,33.8773]]]}},{"type":"Feature","properties":{"county_fips":"45031","county_name":"Darlington","state":"SC"},"geometry":{"type":"Polygon","coordinates":[[[-80.2887,34.3641],[-80.0455,34.4926],[-80.0265,34.4865],[-79.9834,34.5017],[-79.9625,34.487],[-79.9198,34.4958],[-79.8942,34.4891],[-79.8748,34.4963],[-79.862,34.521],[-79.8361,34.5351],[-79.83,34.5319],[-79.8334,34.5103],[-79.8061,34.4846],[-79.7964,34.4916],[-79.788,34.4843],[-79.7829,34.4978],[-79.7691,34.4965],[-79.7633,34.5191],[-79.7521,34.5135],[-79.7544,34.5041],[-79.7266,34.4955],[-79.7218,34.4854],[-79.7324,34.4771],[-79.7317,34.4664],[-79.7518,34.4665],[-79.7506,34.4368],[-79.7184,34.4171],[-79.7213,34.3925],[-79.6997,34.4066],[-79.6834,34.3991],[-79.6894,34.3818],[-79.6737,34.3711],[-79.6927,34.3565],[-79.6604,34.3223],[-79.6568,34.3091],[-79.6707,34.304],[-79.6856,34.2844],[-79.7296,34.2952],[-79.7526,34.2506],[-79.7494,34.2451],[-79.809,34.2524],[-80.0722,34.0853],[-80.1345,34.1285],[-80.1586,34.1616],[-80.1127,34.197],[-80.1117,34.2286],[-80.1358,34.2725],[-80.1339,34.2824],[-80.1702,34.316],[-80.1772,34.3662],[-80.1913,34.3667],[-80.2063,34.3391],[-80.2436,34.3239],[-80.2529,34.3407],[-80.2756,34.3492],[-80.2887,34.3641]]]}},{"type":"Feature","properties":{"county_fips":"12133","county_name":"Washington","state":"FL"},"geometry":{"type":"Polygon","coordinates":[[[-85.9936,30.4051],[-85.9792,30.4326],[-85.9691,30.4311],[-85.9624,30.4406],[-85.9027,30.4424],[-85.8894,30.4711],[-85.878,30.4668],[-85.8598,30.4901],[-85.8682,30.507],[-85.878,30.5044],[-85.8838,30.5078],[-85.8798,30.5562],[-85.8906,30.5638],[-85.8891,30.5815],[-85.9095,30.5869],[-85.9094,30.598],[-85.9159,30.5968],[-85.9083,30.6125],[-85.9152,30.637],[-85.8906,30.6565],[-85.8671,30.6631],[-85.8756,30.6685],[-85.8755,30.6808],[-85.8673,30.6805],[-85.858,30.6986],[-85.835,30.7106],[-85.8348,30.7263],[-85.8251,30.7261],[-85.8226,30.7388],[-85.83,30.7406],[-85.8243,30.744],[-85.833,30.75],[-85.8277,30.7749],[-85.8164,30.7826],[-85.8216,30.7908],[-85.7519,30.7896],[-85.752,30.7757],[-85.7351,30.7753],[-85.7361,30.7464],[-85.6852,30.7446],[-85.619,30.7439],[-85.6211,30.7708],[-85.6033,30.7963],[-85.5999,30.8306],[-85.4823,30.8295],[-85.4827,30.7859],[-85.4323,30.7855],[-85.4348,30.5676],[-85.4864,30.5676],[-85.488,30.437],[-85.8535,30.4406],[-85.884,30.4103],[-85.9076,30.4058],[-85.9239,30.4164],[-85.9402,30.4086],[-85.965,30.4107],[-85.9927,30.3893],[-85.9936,30.4051]]]}},{"type":"Feature","properties":{"county_fips":"37111","county_name":"McDowell","state":"NC"},"geometry":{"type":"Polygon","coordinates":[[[-82.2949,35.6839],[-82.2812,35.7022],[-82.2584,35.6987],[-82.1938,35.7351],[-82.1605,35.7743],[-82.1679,35.7891],[-82.1605,35.7993],[-82.1023,35.8403],[-82.0994,35.8517],[-82.048,35.8532],[-82.034,35.8622],[-82.0226,35.8849],[-81.9973,35.874],[-81.9802,35.885],[-81.9823,35.9109],[-81.9546,35.9266],[-81.963,35.9418],[-81.9432,35.9601],[-81.9149,35.9164],[-81.9067,35.8834],[-81.9205,35.8471],[-81.9569,35.8197],[-81.9735,35.8212],[-81.9869,35.8069],[-81.8694,35.7196],[-81.8241,35.575],[-81.8427,35.5423],[-81.905,35.5419],[-81.9676,35.526],[-82.0027,35.5518],[-82.0398,35.5327],[-82.0826,35.5334],[-82.1505,35.518],[-82.2068,35.5478],[-82.2513,35.5599],[-82.291,35.5913],[-82.2645,35.6175],[-82.2854,35.6479],[-82.2811,35.6702],[-82.2949,35.6839]]]}},{"type":"Feature","properties":{"county_fips":"37139","county_name":"Pasquotank","state":"NC"},"geometry":{"type":"Polygon","coordinates":[[[-76.4913,36.5107],[-76.4373,36.4678],[-76.3768,36.4459],[-76.3632,36.4291],[-76.3476,36.4282],[-76.3456,36.4214],[-76.3226,36.4276],[-76.3231,36.4173],[-76.2915,36.3866],[-76.2589,36.3843],[-76.2567,36.3633],[-76.2313,36.3721],[-76.227,36.3477],[-76.2142,36.3416],[-76.216,36.3277],[-76.1812,36.321],[-76.188,36.3145],[-76.1992,36.3175],[-76.2007,36.3061],[-76.2179,36.2966],[-76.1904,36.286],[-76.1739,36.2636],[-76.1443,36.2589],[-76.1172,36.2135],[-76.0801,36.1994],[-76.0593,36.1493],[-76.0926,36.1358],[-76.1875,36.1254],[-76.2479,36.1751],[-76.2491,36.1849],[-76.2735,36.1908],[-76.2907,36.2235],[-76.3033,36.2217],[-76.3177,36.2404],[-76.3406,36.2414],[-76.3749,36.2587],[-76.3756,36.2736],[-76.4475,36.3636],[-76.4914,36.4686],[-76.4913,36.5107]]]}},{"type":"Feature","properties":{"county_fips":"13019","county_name":"Berrien","state":"GA"},"geometry":{"type":"Polygon","coordinates":[[[-83.439,31.3188],[-83.4299,31.3639],[-83.4153,31.3632],[-83.4152,31.3759],[-83.3999,31.3764],[-83.3995,31.3893],[-83.385,31.3888],[-83.3848,31.401],[-83.3709,31.4011],[-83.3695,31.4651],[-83.3392,31.4651],[-83.3387,31.476],[-83.1456,31.4723],[-83.1511,31.4616],[-83.1359,31.4305],[-83.1399,31.4008],[-83.1163,31.3887],[-83.1004,31.3548],[-83.0756,31.3473],[-83.0596,31.3299],[-83.059,31.3042],[-83.0335,31.275],[-83.052,31.2253],[-83.0452,31.2203],[-83.0519,31.2078],[-83.0452,31.1943],[-83.0493,31.1762],[-83.0364,31.151],[-83.1651,31.1472],[-83.1674,31.0624],[-83.1979,31.0622],[-83.198,31.0254],[-83.2951,31.0273],[-83.2835,31.0409],[-83.2798,31.0634],[-83.296,31.0702],[-83.3042,31.0918],[-83.3219,31.0977],[-83.3225,31.1183],[-83.3045,31.1564],[-83.3056,31.1672],[-83.3342,31.1915],[-83.3342,31.2416],[-83.3476,31.2521],[-83.3662,31.2491],[-83.3866,31.2588],[-83.4094,31.2868],[-83.4306,31.2947],[-83.439,31.3188]]]}},{"type":"Feature","properties":{"county_fips":"01061","county_name":"Geneva","state":"AL"},"geometry":{"type":"Polygon","coordinates":[[[-86.1935,31.1922],[-86.1255,31.1928],[-86.1254,31.1821],[-86.1167,31.1821],[-86.1167,31.193],[-85.4858,31.1999],[-85.4883,30.9971],[-86.1872,30.994],[-86.1935,31.1922]]]}},{"type":"Feature","properties":{"county_fips":"01039","county_name":"Covington","state":"AL"},"geometry":{"type":"Polygon","coordinates":[[[-86.7001,31.347],[-86.6675,31.369],[-86.6754,31.3895],[-86.6621,31.4028],[-86.6717,31.4342],[-86.7012,31.4366],[-86.7016,31.5239],[-86.3999,31.5271],[-86.3985,31.4513],[-86.3957,31.4507],[-86.3647,31.4871],[-86.3385,31.4876],[-86.2989,31.5285],[-86.2802,31.5285],[-86.277,31.4556],[-86.2602,31.4557],[-86.2619,31.4412],[-86.194,31.4401],[-86.1872,30.994],[-86.6883,30.9946],[-86.6881,31.0002],[-86.7002,31.0004],[-86.7001,31.347]]]}},{"type":"Feature","properties":{"county_fips":"45089","county_name":"Williamsburg","state":"SC"},"geometry":{"type":"Polygon","coordinates":[[[-80.1017,33.4969],[-79.9932,33.7045],[-79.9744,33.7216],[-79.9956,33.7679],[-79.9445,33.8102],[-79.9153,33.8186],[-79.8756,33.8852],[-79.8549,33.8917],[-79.8349,33.8826],[-79.7984,33.8356],[-79.7434,33.8351],[-79.7249,33.8146],[-79.6996,33.814],[-79.688,33.8049],[-79.6773,33.8147],[-79.6358,33.818],[-79.6349,33.8084],[-79.4965,33.7754],[-79.4415,33.7844],[-79.4187,33.7994],[-79.3972,33.8012],[-79.3852,33.8175],[-79.3704,33.8186],[-79.3314,33.8048],[-79.3201,33.7913],[-79.317,33.7799],[-79.3378,33.7746],[-79.3466,33.7553],[-79.41,33.6879],[-79.4425,33.596],[-79.4359,33.5725],[-79.4833,33.5368],[-79.4963,33.5175],[-79.5397,33.496],[-79.5901,33.4435],[-79.596,33.4215],[-79.6338,33.3726],[-79.6772,33.3368],[-79.677,33.3049],[-79.7096,33.3212],[-79.7348,33.3202],[-79.7554,33.3295],[-79.7842,33.3761],[-79.807,33.3726],[-79.8548,33.4029],[-79.8613,33.4178],[-79.8787,33.4271],[-79.8682,33.4345],[-79.8941,33.4537],[-79.9031,33.4504],[-79.9646,33.4986],[-79.9898,33.4983],[-79.9988,33.5067],[-80.0019,33.4947],[-80.0121,33.5052],[-80.0186,33.4983],[-80.0239,33.5063],[-80.0425,33.5009],[-80.0735,33.5072],[-80.1017,33.4969]]]}},{"type":"Feature","properties":{"county_fips":"13209","county_name":"Montgomery","state":"GA"},"geometry":{"type":"Polygon","coordinates":[[[-82.6558,32.3015],[-82.6491,32.3115],[-82.4091,32.3537],[-82.4391,32.2926],[-82.4411,32.218],[-82.4831,31.969],[-82.4995,31.9606],[-82.4808,31.9574],[-82.484,31.9515],[-82.5437,31.9589],[-82.5392,31.9666],[-82.546,31.9806],[-82.5555,31.9799],[-82.5587,31.9923],[-82.5655,31.99],[-82.5917,32.0086],[-82.6014,32.0216],[-82.5975,32.0296],[-82.6075,32.032],[-82.6021,32.0468],[-82.6138,32.0606],[-82.6084,32.0728],[-82.623,32.0823],[-82.613,32.0844],[-82.6172,32.1012],[-82.6113,32.1068],[-82.6174,32.105],[-82.6304,32.1301],[-82.6136,32.15],[-82.6129,32.1615],[-82.626,32.1688],[-82.6238,32.182],[-82.6312,32.1809],[-82.6253,32.206],[-82.6357,32.2205],[-82.6338,32.2328],[-82.6492,32.2464],[-82.6366,32.2691],[-82.6515,32.2868],[-82.6443,32.2908],[-82.6447,32.2954],[-82.6558,32.3015]]]}},{"type":"Feature","properties":{"county_fips":"45065","county_name":"McCormick","state":"SC"},"geometry":{"type":"Polygon","coordinates":[[[-82.5945,34.0139],[-82.5305,34.0719],[-82.4996,34.0721],[-82.4836,34.0812],[-82.4527,34.0603],[-82.3766,34.0574],[-82.3269,34.0641],[-82.3059,33.9718],[-82.2437,34.0179],[-82.2139,33.9861],[-82.1748,33.9724],[-82.1511,33.9865],[-82.0761,33.9788],[-82.0451,33.9834],[-82.047,33.9532],[-82.1556,33.9289],[-82.1483,33.9028],[-82.1591,33.898],[-82.1546,33.8817],[-82.1137,33.8299],[-82.139,33.8185],[-82.1341,33.8102],[-82.1479,33.7898],[-82.1596,33.7914],[-82.1533,33.7826],[-82.1729,33.7647],[-82.1643,33.7413],[-82.1829,33.7237],[-82.1658,33.6901],[-82.1453,33.6861],[-82.1482,33.6765],[-82.1345,33.6739],[-82.1309,33.6588],[-82.1105,33.6553],[-82.0955,33.6339],[-82.1153,33.5966],[-82.1291,33.5899],[-82.1429,33.5943],[-82.1966,33.6306],[-82.1998,33.6618],[-82.2346,33.7002],[-82.2475,33.7526],[-82.2975,33.783],[-82.3002,33.8006],[-82.4022,33.8647],[-82.4249,33.8641],[-82.4551,33.8817],[-82.4929,33.9098],[-82.513,33.937],[-82.5568,33.9454],[-82.5805,33.9821],[-82.5752,33.9914],[-82.5945,34.0139]]]}},{"type":"Feature","properties":{"county_fips":"12059","county_name":"Holmes","state":"FL"},"geometry":{"type":"Polygon","coordinates":[[[-86.0376,30.7046],[-86.035,30.9933],[-85.498,30.9969],[-85.5281,30.9752],[-85.5303,30.9393],[-85.5477,30.9322],[-85.583,30.8845],[-85.5994,30.8445],[-85.6033,30.7963],[-85.6211,30.7708],[-85.619,30.7439],[-85.7361,30.7464],[-85.7351,30.7753],[-85.752,30.7757],[-85.7519,30.7896],[-85.8216,30.7908],[-85.8164,30.7826],[-85.8277,30.7749],[-85.833,30.75],[-85.8225,30.7353],[-85.8261,30.7253],[-85.8348,30.7263],[-85.835,30.7106],[-85.8444,30.7031],[-86.0376,30.7046]]]}},{"type":"Feature","properties":{"county_fips":"12079","county_name":"Madison","state":"FL"},"geometry":{"type":"Polygon","coordinates":[[[-83.8202,30.3035],[-83.8145,30.3176],[-83.7925,30.3192],[-83.7877,30.3284],[-83.8076,30.3487],[-83.8046,30.3769],[-83.79,30.3903],[-83.7832,30.3789],[-83.7573,30.3855],[-83.7511,30.4076],[-83.7217,30.4344],[-83.727,30.4877],[-83.7364,30.5021],[-83.73,30.5188],[-83.7044,30.523],[-83.7043,30.5381],[-83.6711,30.538],[-83.6711,30.5529],[-83.6374,30.5527],[-83.6373,30.5675],[-83.6212,30.5674],[-83.6207,30.582],[-83.6042,30.5819],[-83.6044,30.6382],[-83.6121,30.6387],[-83.6117,30.6513],[-83.272,30.6272],[-83.2566,30.5874],[-83.2627,30.581],[-83.256,30.5622],[-83.2608,30.5528],[-83.2473,30.541],[-83.2389,30.518],[-83.2461,30.5125],[-83.2406,30.5059],[-83.2436,30.473],[-83.2178,30.4642],[-83.2222,30.4235],[-83.2094,30.421],[-83.2062,30.4121],[-83.1948,30.4169],[-83.18,30.4102],[-83.171,30.3852],[-83.1929,30.374],[-83.1912,30.3512],[-83.2126,30.3459],[-83.2099,30.3119],[-83.233,30.292],[-83.2394,30.2604],[-83.4693,30.2604],[-83.4688,30.3042],[-83.8202,30.3035]]]}},{"type":"Feature","properties":{"county_fips":"13285","county_name":"Troup","state":"GA"},"geometry":{"type":"Polygon","coordinates":[[[-85.2365,33.1296],[-85.1174,33.1637],[-85.108,33.1951],[-85.0877,33.1866],[-85.088,33.1717],[-84.939,33.2247],[-84.8621,33.2239],[-84.8622,33.2075],[-84.872,33.2074],[-84.8699,33.1957],[-84.8624,33.1991],[-84.8619,32.8686],[-85.1847,32.8705],[-85.2365,33.1296]]]}},{"type":"Feature","properties":{"county_fips":"13131","county_name":"Grady","state":"GA"},"geometry":{"type":"Polygon","coordinates":[[[-84.3807,30.69],[-84.3766,31.0789],[-84.1166,31.078],[-84.1188,30.971],[-84.0758,30.9119],[-84.0838,30.6758],[-84.3807,30.69]]]}},{"type":"Feature","properties":{"county_fips":"13253","county_name":"Seminole","state":"GA"},"geometry":{"type":"Polygon","coordinates":[[[-85.0285,31.0755],[-84.7309,31.0692],[-84.7316,31.0501],[-84.7529,31.0412],[-84.7559,30.8853],[-84.7669,30.8853],[-84.7695,30.8764],[-84.7689,30.8371],[-84.7891,30.8165],[-84.7877,30.8004],[-84.801,30.8014],[-84.8139,30.7814],[-84.8371,30.7785],[-84.8613,30.7615],[-84.8712,30.7338],[-84.8635,30.7115],[-84.8961,30.7506],[-84.9135,30.7523],[-84.9201,30.766],[-84.918,30.7781],[-84.9374,30.8209],[-84.9257,30.8427],[-84.9366,30.859],[-84.9349,30.8845],[-84.9831,30.9348],[-84.9825,30.9656],[-85.0051,30.9747],[-84.9994,31.0138],[-85.0114,31.0535],[-85.0285,31.0755]]]}},{"type":"Feature","properties":{"county_fips":"13061","county_name":"Clay","state":"GA"},"geometry":{"type":"Polygon","coordinates":[[[-85.141,31.7805],[-85.0738,31.7791],[-85.0739,31.7714],[-84.9586,31.7779],[-84.9593,31.7134],[-84.9494,31.7134],[-84.9498,31.6799],[-84.931,31.6723],[-84.9313,31.6554],[-84.9425,31.6556],[-84.9424,31.6187],[-84.8178,31.6198],[-84.818,31.602],[-84.8279,31.6019],[-84.8281,31.5925],[-84.8182,31.5932],[-84.8184,31.5657],[-84.7991,31.5653],[-84.8103,31.5477],[-84.8189,31.5479],[-84.8196,31.5309],[-84.81,31.5308],[-84.808,31.5144],[-84.8199,31.5144],[-84.8198,31.5012],[-84.9378,31.5033],[-84.9599,31.4928],[-84.9714,31.4973],[-84.9863,31.4889],[-85.0292,31.4861],[-85.0295,31.5186],[-85.0455,31.5171],[-85.0419,31.5447],[-85.058,31.5708],[-85.0575,31.6186],[-85.0845,31.639],[-85.0799,31.6553],[-85.1255,31.695],[-85.1189,31.7327],[-85.1292,31.7587],[-85.1252,31.7671],[-85.141,31.7805]]]}},{"type":"Feature","properties":{"county_fips":"45053","county_name":"Jasper","state":"SC"},"geometry":{"type":"Polygon","coordinates":[[[-81.2813,32.5564],[-81.0146,32.7531],[-80.9765,32.7209],[-80.9648,32.6951],[-80.9459,32.6873],[-80.95,32.6615],[-80.963,32.6522],[-80.9587,32.6425],[-80.9024,32.6216],[-80.8697,32.6609],[-80.8315,32.5934],[-80.836,32.544],[-80.8477,32.5301],[-80.8202,32.4908],[-80.8177,32.4657],[-80.8339,32.4569],[-80.8502,32.4163],[-80.8298,32.4105],[-80.8415,32.3851],[-80.8737,32.3691],[-80.8685,32.3637],[-80.8776,32.3459],[-80.8921,32.3537],[-80.9245,32.3503],[-80.9349,32.3001],[-81.0064,32.3065],[-80.9942,32.2906],[-80.9917,32.2675],[-81.0161,32.2443],[-81.0124,32.2182],[-80.9938,32.188],[-80.9869,32.1934],[-80.9624,32.185],[-80.9693,32.1762],[-80.9618,32.1795],[-80.9486,32.1691],[-80.9576,32.165],[-80.9505,32.1613],[-80.953,32.1416],[-80.961,32.1519],[-80.969,32.1477],[-80.958,32.1377],[-80.9615,32.1262],[-80.9413,32.1373],[-80.9285,32.1386],[-80.9212,32.1301],[-80.9095,32.1347],[-80.9283,32.1214],[-80.8957,32.1077],[-80.9105,32.0799],[-80.8793,32.081],[-80.9075,32.0509],[-80.8895,32.0376],[-80.9251,32.0419],[-80.9539,32.0701],[-80.9835,32.0795],[-81.0043,32.1024],[-81.0381,32.0837],[-81.0883,32.0999],[-81.0912,32.1109],[-81.1154,32.1147],[-81.1199,32.134],[-81.1122,32.1508],[-81.1297,32.1659],[-81.1212,32.1749],[-81.1111,32.1727],[-81.1205,32.1783],[-81.1216,32.1922],[-81.114,32.1954],[-81.1221,32.1955],[-81.1384,32.2193],[-81.1522,32.2223],[-81.1436,32.2293],[-81.1566,32.2439],[-81.1457,32.2515],[-81.1466,32.2628],[-81.1369,32.2661],[-81.1419,32.2717],[-81.1234,32.2751],[-81.127,32.2827],[-81.1199,32.2862],[-81.1229,32.3073],[-81.1331,32.309],[-81.1306,32.3254],[-81.1379,32.3287],[-81.1294,32.3416],[-81.1438,32.3515],[-81.1598,32.34],[-81.1548,32.3496],[-81.1738,32.3627],[-81.1679,32.3683],[-81.1818,32.3793],[-81.1787,32.3936],[-81.2055,32.4236],[-81.2084,32.437],[-81.1994,32.4442],[-81.2045,32.4528],[-81.1975,32.4491],[-81.187,32.4636],[-81.2336,32.4985],[-81.2387,32.507],[-81.2334,32.518],[-81.2529,32.5183],[-81.2799,32.5366],[-81.275,32.5448],[-81.2813,32.5564]]]}},{"type":"Feature","properties":{"county_fips":"13073","county_name":"Columbia","state":"GA"},"geometry":{"type":"Polygon","coordinates":[[[-82.4428,33.6316],[-82.4028,33.6718],[-82.395,33.6642],[-82.3941,33.6725],[-82.3727,33.6754],[-82.3692,33.683],[-82.3607,33.6755],[-82.3613,33.6844],[-82.3515,33.6829],[-82.3526,33.6956],[-82.3435,33.6881],[-82.3059,33.7006],[-82.2712,33.6824],[-82.2407,33.6933],[-82.2186,33.6863],[-82.1998,33.6618],[-82.1966,33.6306],[-82.1799,33.6159],[-82.1335,33.5905],[-82.1062,33.5956],[-82.0941,33.5827],[-82.0463,33.5638],[-82.0282,33.5449],[-82.2942,33.3546],[-82.3392,33.4022],[-82.336,33.4196],[-82.3753,33.456],[-82.3848,33.4673],[-82.3832,33.4777],[-82.3991,33.4925],[-82.4024,33.5165],[-82.3849,33.5299],[-82.4368,33.5497],[-82.4342,33.5671],[-82.4127,33.5976],[-82.433,33.6081],[-82.4303,33.6186],[-82.4428,33.6316]]]}},{"type":"Feature","properties":{"county_fips":"36039","county_name":"Greene","state":"NY"},"geometry":{"type":"Polygon","coordinates":[[[-74.5373,42.2014],[-74.4282,42.3491],[-74.4435,42.355],[-74.3791,42.3739],[-74.3461,42.3557],[-74.2766,42.3633],[-74.2589,42.3792],[-74.2447,42.3772],[-74.2543,42.4082],[-73.8368,42.4586],[-73.7837,42.4642],[-73.7755,42.4602],[-73.7745,42.4353],[-73.7943,42.3768],[-73.7806,42.3057],[-73.7882,42.2698],[-73.803,42.2537],[-73.8326,42.2441],[-73.8478,42.2303],[-73.8553,42.1914],[-73.8923,42.1675],[-73.9107,42.1273],[-74.0024,42.177],[-74.0036,42.1634],[-74.0249,42.1621],[-74.0424,42.1704],[-74.0748,42.0966],[-74.3076,42.1143],[-74.5373,42.2014]]]}},{"type":"Feature","properties":{"county_fips":"51033","county_name":"Caroline","state":"VA"},"geometry":{"type":"Polygon","coordinates":[[[-77.6326,37.9653],[-77.6425,37.9907],[-77.3703,38.2466],[-77.3604,38.2424],[-77.3406,38.2526],[-77.3094,38.2347],[-77.2935,38.2423],[-77.2914,38.2237],[-77.277,38.2272],[-77.2743,38.2484],[-77.2527,38.2511],[-77.2241,38.2402],[-77.2518,38.2296],[-77.2418,38.2128],[-77.2537,38.1891],[-77.2319,38.1866],[-77.2318,38.198],[-77.2198,38.1996],[-77.1723,38.1661],[-77.1453,38.1687],[-77.116,38.1499],[-77.1144,38.1337],[-77.1052,38.1278],[-77.1168,38.1207],[-77.1422,38.1231],[-77.1438,38.0955],[-77.1701,38.0795],[-77.1449,38.0574],[-77.1492,38.0491],[-77.1315,38.0463],[-77.1218,38.0336],[-77.1294,38.0161],[-77.089,38.0136],[-77.0766,38.0008],[-77.0687,37.9715],[-77.0701,37.9648],[-77.1442,37.9722],[-77.167,37.9641],[-77.184,37.9414],[-77.1788,37.929],[-77.1864,37.9112],[-77.1748,37.9032],[-77.187,37.901],[-77.1814,37.8917],[-77.2102,37.8862],[-77.2163,37.8913],[-77.2115,37.9012],[-77.2265,37.8987],[-77.2414,37.9097],[-77.2503,37.8724],[-77.3452,37.7893],[-77.3623,37.7977],[-77.3784,37.7763],[-77.4047,37.7799],[-77.3909,37.7867],[-77.3984,37.7908],[-77.3952,37.8024],[-77.4224,37.8088],[-77.4096,37.8197],[-77.4283,37.8296],[-77.4282,37.8565],[-77.4187,37.8606],[-77.4451,37.8947],[-77.4842,37.8834],[-77.5291,37.9208],[-77.5548,37.9207],[-77.5465,37.9286],[-77.5621,37.9364],[-77.5705,37.9549],[-77.6162,37.949],[-77.6141,37.9593],[-77.6326,37.9653]]]}},{"type":"Feature","properties":{"county_fips":"12005","county_name":"Bay","state":"FL"},"geometry":{"type":"Polygon","coordinates":[[[-85.9957,30.2747],[-85.9927,30.3893],[-85.965,30.4107],[-85.9402,30.4086],[-85.9239,30.4164],[-85.9076,30.4058],[-85.884,30.4103],[-85.8535,30.4406],[-85.488,30.437],[-85.4864,30.5676],[-85.3839,30.5669],[-85.3887,29.9244],[-85.4204,29.9472],[-85.5023,29.9678],[-85.5956,30.0506],[-85.6997,30.0987],[-85.8112,30.1783],[-85.9957,30.2747]]]}},{"type":"Feature","properties":{"county_fips":"13087","county_name":"Decatur","state":"GA"},"geometry":{"type":"Polygon","coordinates":[[[-84.8712,30.7338],[-84.8499,30.7722],[-84.8139,30.7814],[-84.801,30.8014],[-84.7877,30.8004],[-84.7891,30.8165],[-84.7689,30.8371],[-84.7695,30.8764],[-84.7669,30.8853],[-84.7559,30.8853],[-84.7529,31.0412],[-84.7316,31.0501],[-84.7309,31.0692],[-84.6458,31.068],[-84.6447,31.0795],[-84.3766,31.0789],[-84.3807,30.69],[-84.8635,30.7115],[-84.8712,30.7338]]]}},{"type":"Feature","properties":{"county_fips":"37183","county_name":"Wake","state":"NC"},"geometry":{"type":"Polygon","coordinates":[[[-78.995,35.6102],[-78.9094,35.843],[-78.9061,35.8681],[-78.83,35.867],[-78.8048,35.9276],[-78.7591,35.9184],[-78.717,35.9613],[-78.6998,36.0114],[-78.7074,36.0111],[-78.72,36.0296],[-78.7402,36.0236],[-78.7536,36.0314],[-78.7513,36.0708],[-78.6832,36.0745],[-78.4269,35.975],[-78.3943,35.9369],[-78.3533,35.9311],[-78.351,35.9101],[-78.3285,35.8967],[-78.3072,35.8966],[-78.278,35.8673],[-78.2538,35.8274],[-78.256,35.8181],[-78.2789,35.8044],[-78.4716,35.7049],[-78.7089,35.5195],[-78.995,35.6102]]]}},{"type":"Feature","properties":{"county_fips":"37081","county_name":"Guilford","state":"NC"},"geometry":{"type":"Polygon","coordinates":[[[-80.0469,35.9207],[-80.0351,36.2572],[-79.5324,36.2415],[-79.5417,35.8999],[-80.0469,35.9207]]]}},{"type":"Feature","properties":{"county_fips":"51183","county_name":"Sussex","state":"VA"},"geometry":{"type":"Polygon","coordinates":[[[-77.6162,36.8792],[-77.1554,37.112],[-77.1484,37.1014],[-77.1109,37.1003],[-77.1023,37.0845],[-77.0796,37.0845],[-77.0747,37.0663],[-77.0496,37.0626],[-77.0358,37.0701],[-77.005,37.052],[-76.9651,37.0543],[-76.966,37.0004],[-76.9535,36.9445],[-77.431,36.7072],[-77.4894,36.7207],[-77.4587,36.863],[-77.5012,36.8451],[-77.5318,36.8532],[-77.5568,36.8455],[-77.6162,36.8792]]]}},{"type":"Feature","properties":{"county_fips":"51730","county_name":"Petersburg","state":"VA"},"geometry":{"type":"Polygon","coordinates":[[[-77.4546,37.1875],[-77.4415,37.2119],[-77.4474,37.2231],[-77.3768,37.2448],[-77.3613,37.2387],[-77.3469,37.211],[-77.3298,37.1975],[-77.3431,37.1897],[-77.3457,37.1741],[-77.3624,37.1707],[-77.3767,37.1805],[-77.4235,37.1651],[-77.4281,37.185],[-77.4546,37.1875]]]}},{"type":"Feature","properties":{"county_fips":"37191","county_name":"Wayne","state":"NC"},"geometry":{"type":"Polygon","coordinates":[[[-78.3044,35.2907],[-78.2897,35.3151],[-78.2584,35.3255],[-78.2421,35.32],[-78.2156,35.3338],[-78.2155,35.3415],[-78.1532,35.3507],[-78.1624,35.3672],[-78.1443,35.3874],[-78.1537,35.392],[-78.1549,35.4178],[-78.058,35.5978],[-77.9984,35.5856],[-77.8225,35.5854],[-77.8267,35.4241],[-77.8055,35.4075],[-77.7999,35.3823],[-77.8242,35.3438],[-77.8342,35.1778],[-77.8889,35.1599],[-77.8917,35.1466],[-77.926,35.173],[-77.9701,35.1659],[-77.984,35.1836],[-78.0202,35.1937],[-78.0445,35.1925],[-78.0774,35.1751],[-78.1634,35.1897],[-78.1618,35.2043],[-78.2462,35.226],[-78.3044,35.2907]]]}},{"type":"Feature","properties":{"county_fips":"45037","county_name":"Edgefield","state":"SC"},"geometry":{"type":"Polygon","coordinates":[[[-82.1826,33.7266],[-82.1643,33.7413],[-82.1729,33.7647],[-82.1533,33.7826],[-82.1596,33.7914],[-82.1479,33.7898],[-82.1341,33.8102],[-82.139,33.8185],[-82.1137,33.8299],[-82.1546,33.8817],[-82.1591,33.898],[-82.1483,33.9028],[-82.1556,33.9289],[-81.932,33.9769],[-81.8946,33.9754],[-81.8704,33.892],[-81.8368,33.8665],[-81.6518,33.8145],[-82.0125,33.5321],[-82.0463,33.5638],[-82.1153,33.5966],[-82.0955,33.6339],[-82.1105,33.6553],[-82.1309,33.6588],[-82.1345,33.6739],[-82.1482,33.6765],[-82.1453,33.6861],[-82.1658,33.6901],[-82.1826,33.7266]]]}},{"type":"Feature","properties":{"county_fips":"45039","county_name":"Fairfield","state":"SC"},"geometry":{"type":"Polygon","coordinates":[[[-81.4224,34.4822],[-81.4227,34.572],[-80.8776,34.5431],[-80.8817,34.5001],[-80.8987,34.4867],[-80.8882,34.4679],[-80.8332,34.4148],[-80.7935,34.4133],[-80.7832,34.4065],[-80.7836,34.3888],[-80.7699,34.3771],[-80.8259,34.2688],[-80.9619,34.252],[-81.0612,34.228],[-81.0699,34.2322],[-81.0708,34.2251],[-81.0959,34.2139],[-81.1812,34.2203],[-81.1684,34.1977],[-81.1794,34.1871],[-81.1783,34.1746],[-81.2264,34.2057],[-81.2513,34.2029],[-81.2841,34.233],[-81.3142,34.2377],[-81.3423,34.2669],[-81.3396,34.2922],[-81.3652,34.3227],[-81.3715,34.3504],[-81.3965,34.3898],[-81.4212,34.4538],[-81.4125,34.4699],[-81.4224,34.4822]]]}},{"type":"Feature","properties":{"county_fips":"12067","county_name":"Lafayette","state":"FL"},"geometry":{"type":"Polygon","coordinates":[[[-83.3709,29.8879],[-83.3673,30.2604],[-83.2473,30.2607],[-83.2531,30.2511],[-83.2425,30.2482],[-83.2527,30.2357],[-83.2397,30.2267],[-83.25,30.1905],[-83.2316,30.1668],[-83.2387,30.1528],[-83.2251,30.138],[-83.2259,30.1136],[-83.1844,30.0941],[-83.1625,30.11],[-83.1329,30.0969],[-83.1192,30.105],[-83.1111,30.0909],[-83.0696,30.0813],[-83.0665,30.0654],[-83.0133,30.0321],[-83.0013,30.0088],[-82.9794,30.0074],[-82.9638,29.9945],[-82.9524,29.9594],[-82.9318,29.9578],[-82.9262,29.9499],[-82.9205,29.9301],[-82.9259,29.9213],[-82.9121,29.9048],[-82.9155,29.8918],[-82.895,29.9003],[-82.8852,29.8916],[-82.8931,29.8896],[-82.8901,29.8849],[-82.8768,29.8862],[-82.8755,29.867],[-82.8934,29.8268],[-82.904,29.8243],[-83.3529,29.8222],[-83.353,29.8879],[-83.3709,29.8879]]]}},{"type":"Feature","properties":{"county_fips":"13231","county_name":"Pike","state":"GA"},"geometry":{"type":"Polygon","coordinates":[[[-84.5377,33.0131],[-84.5361,33.0402],[-84.5235,33.0539],[-84.5251,33.0785],[-84.5108,33.0841],[-84.5286,33.0984],[-84.5187,33.1014],[-84.5181,33.1225],[-84.5109,33.1263],[-84.5177,33.1416],[-84.5074,33.1545],[-84.5076,33.1747],[-84.4813,33.1885],[-84.4735,33.2019],[-84.4588,33.2011],[-84.4513,33.2089],[-84.3935,33.2083],[-84.3936,33.2003],[-84.3731,33.2004],[-84.3737,33.1896],[-84.2482,33.189],[-84.2487,33.0393],[-84.2692,33.0314],[-84.2701,32.991],[-84.2891,32.9913],[-84.2987,32.9997],[-84.2987,32.9915],[-84.4897,32.9937],[-84.5057,32.9726],[-84.5243,32.9687],[-84.527,33.0001],[-84.5377,33.0131]],[[-84.3027,32.9997],[-84.2987,33.0041],[-84.3027,33.0042],[-84.3027,32.9997]]]}},{"type":"Feature","properties":{"county_fips":"13167","county_name":"Johnson","state":"GA"},"geometry":{"type":"Polygon","coordinates":[[[-82.9562,32.7122],[-82.947,32.7594],[-82.8025,32.8098],[-82.7754,32.7949],[-82.7686,32.7691],[-82.6808,32.7968],[-82.667,32.7829],[-82.5606,32.8201],[-82.5211,32.8224],[-82.4733,32.7776],[-82.4341,32.7623],[-82.4528,32.7193],[-82.4994,32.6863],[-82.4903,32.662],[-82.4639,32.6472],[-82.4929,32.634],[-82.4989,32.6427],[-82.5177,32.6337],[-82.512,32.6252],[-82.5944,32.5792],[-82.5912,32.5577],[-82.5644,32.5324],[-82.5853,32.5252],[-82.5979,32.5329],[-82.6026,32.5095],[-82.603,32.5215],[-82.6477,32.5125],[-82.6745,32.5239],[-82.6686,32.6122],[-82.7945,32.6602],[-82.7858,32.6867],[-82.8628,32.7158],[-82.9562,32.7122]]]}},{"type":"Feature","properties":{"county_fips":"13299","county_name":"Ware","state":"GA"},"geometry":{"type":"Polygon","coordinates":[[[-82.6992,31.2781],[-82.6636,31.2879],[-82.6296,31.2747],[-82.6282,31.4693],[-82.4947,31.4687],[-82.4937,31.4429],[-82.4814,31.4431],[-82.4815,31.4175],[-82.4172,31.4171],[-82.4174,31.405],[-82.4026,31.4048],[-82.4026,31.3909],[-82.417,31.3909],[-82.417,31.3789],[-82.4026,31.3788],[-82.4026,31.365],[-82.3895,31.3649],[-82.3872,31.2971],[-82.3672,31.2853],[-82.3687,31.2768],[-82.3507,31.2556],[-82.3185,31.2369],[-82.3147,31.2259],[-82.2846,31.2244],[-82.2843,31.1922],[-82.2304,31.1686],[-82.2087,31.1709],[-82.2083,31.0848],[-82.1636,31.0486],[-82.1317,31.0107],[-82.4156,31.0136],[-82.4204,30.7952],[-82.1782,30.791],[-82.1499,30.7843],[-82.2148,30.5685],[-82.4189,30.5817],[-82.4188,30.6131],[-82.4309,30.6128],[-82.4289,30.6903],[-82.4351,30.7166],[-82.42,30.7166],[-82.4201,30.7292],[-82.4352,30.7291],[-82.4359,30.8201],[-82.4955,30.8196],[-82.4906,30.9632],[-82.5201,30.9631],[-82.5521,31.0018],[-82.5921,31.0185],[-82.6897,31.2214],[-82.701,31.2232],[-82.6992,31.2781]]]}},{"type":"Feature","properties":{"county_fips":"13125","county_name":"Glascock","state":"GA"},"geometry":{"type":"Polygon","coordinates":[[[-82.7552,33.2547],[-82.6784,33.2742],[-82.6456,33.3014],[-82.5598,33.3273],[-82.432,33.2748],[-82.5849,33.1715],[-82.5739,33.1539],[-82.5827,33.1189],[-82.6619,33.1263],[-82.7023,33.146],[-82.719,33.1701],[-82.7395,33.1744],[-82.7411,33.1963],[-82.7334,33.2081],[-82.7552,33.2547]]]}},{"type":"Feature","properties":{"county_fips":"13273","county_name":"Terrell","state":"GA"},"geometry":{"type":"Polygon","coordinates":[[[-84.6031,31.772],[-84.5998,31.9202],[-84.4533,31.9192],[-84.4531,31.9263],[-84.4452,31.9261],[-84.4438,31.9675],[-84.3834,31.9169],[-84.3576,31.8852],[-84.3403,31.8728],[-84.2931,31.8649],[-84.2596,31.8279],[-84.2645,31.8124],[-84.2585,31.7908],[-84.2865,31.7912],[-84.2954,31.6981],[-84.3049,31.6982],[-84.3052,31.6911],[-84.2956,31.691],[-84.2978,31.622],[-84.5469,31.6212],[-84.5361,31.6461],[-84.5351,31.679],[-84.5703,31.7569],[-84.5632,31.7706],[-84.6031,31.772]],[[-84.3052,31.6911],[-84.3143,31.6912],[-84.3146,31.6832],[-84.3055,31.6832],[-84.3052,31.6911]]]}},{"type":"Feature","properties":{"county_fips":"13173","county_name":"Lanier","state":"GA"},"geometry":{"type":"Polygon","coordinates":[[[-83.1978,31.0572],[-83.1674,31.0624],[-83.1651,31.1472],[-83.0382,31.1467],[-83.0501,31.1836],[-82.9712,31.184],[-82.9713,30.8694],[-82.9822,30.8722],[-83.0071,30.8591],[-83.014,30.8447],[-83.0252,30.852],[-83.0204,30.9043],[-83.0364,30.916],[-83.0321,30.9225],[-83.0403,30.9269],[-83.0429,30.9473],[-83.1795,30.9501],[-83.1806,31.0255],[-83.198,31.0254],[-83.1978,31.0572]]]}},{"type":"Feature","properties":{"county_fips":"13169","county_name":"Jones","state":"GA"},"geometry":{"type":"Polygon","coordinates":[[[-83.8165,33.1307],[-83.4291,33.1854],[-83.415,33.1128],[-83.3577,32.9261],[-83.5234,32.8413],[-83.5651,32.8772],[-83.5793,32.8658],[-83.5982,32.8878],[-83.6586,32.8878],[-83.6633,32.8987],[-83.696,32.9169],[-83.7006,32.944],[-83.7107,32.9528],[-83.7061,32.9644],[-83.7229,32.9773],[-83.719,33.0011],[-83.7296,33.0136],[-83.7212,33.0234],[-83.7254,33.0327],[-83.747,33.0634],[-83.7745,33.0797],[-83.8165,33.1307]]]}},{"type":"Feature","properties":{"county_fips":"51650","county_name":"Hampton","state":"VA"},"geometry":{"type":"MultiPolygon","coordinates":[[[[-76.3027,36.9818],[-76.3026,36.9872],[-76.2999,36.9869],[-76.3027,36.9818]]],[[[-76.3186,36.9992],[-76.3177,37.0019],[-76.3171,36.9991],[-76.3186,36.9992]]],[[[-76.449,37.0792],[-76.4377,37.094],[-76.408,37.0921],[-76.3984,37.0967],[-76.3978,37.1074],[-76.3675,37.113],[-76.3447,37.0968],[-76.296,37.1098],[-76.2714,37.0876],[-76.3043,37.0014],[-76.3146,37.0015],[-76.3169,37.0127],[-76.3407,37.0152],[-76.3877,36.9897],[-76.405,36.9936],[-76.4247,37.0254],[-76.4424,37.0188],[-76.449,37.0792]]]]}},{"type":"Feature","properties":{"county_fips":"13199","county_name":"Meriwether","state":"GA"},"geometry":{"type":"Polygon","coordinates":[[[-84.8618,32.8725],[-84.8624,33.1912],[-84.8523,33.191],[-84.8524,33.2236],[-84.7033,33.2228],[-84.7032,33.2312],[-84.694,33.2313],[-84.694,33.223],[-84.6546,33.2307],[-84.6527,33.2225],[-84.5006,33.219],[-84.4984,33.2016],[-84.4905,33.1976],[-84.5076,33.1747],[-84.5074,33.1545],[-84.5177,33.1416],[-84.5108,33.131],[-84.5182,33.1025],[-84.5286,33.0984],[-84.5108,33.0841],[-84.5251,33.0785],[-84.5235,33.0539],[-84.5361,33.0402],[-84.538,33.0114],[-84.527,33.0001],[-84.5304,32.9859],[-84.5216,32.9761],[-84.5344,32.9642],[-84.5193,32.9524],[-84.527,32.9151],[-84.5116,32.9123],[-84.5071,32.8775],[-84.5707,32.8452],[-84.7005,32.8446],[-84.7515,32.8627],[-84.7513,32.8692],[-84.8476,32.8684],[-84.8618,32.8725]]]}},{"type":"Feature","properties":{"county_fips":"51740","county_name":"Portsmouth","state":"VA"},"geometry":{"type":"Polygon","coordinates":[[[-76.4193,36.8676],[-76.405,36.8815],[-76.4069,36.8975],[-76.3883,36.8972],[-76.3859,36.9232],[-76.3564,36.9241],[-76.3503,36.8953],[-76.3386,36.889],[-76.3513,36.88],[-76.3411,36.861],[-76.3572,36.8568],[-76.374,36.8366],[-76.3582,36.8362],[-76.3398,36.8545],[-76.3185,36.8578],[-76.3073,36.8475],[-76.3017,36.8509],[-76.29,36.822],[-76.2921,36.7987],[-76.3757,36.7861],[-76.4037,36.814],[-76.3835,36.8375],[-76.3874,36.8522],[-76.3994,36.8572],[-76.3985,36.8659],[-76.4193,36.8676]]]}},{"type":"Feature","properties":{"county_fips":"51735","county_name":"Poquoson","state":"VA"},"geometry":{"type":"Polygon","coordinates":[[[-76.395,37.1063],[-76.4129,37.1558],[-76.4057,37.16],[-76.3707,37.1503],[-76.374,37.1604],[-76.3487,37.1687],[-76.3407,37.1508],[-76.2993,37.1301],[-76.296,37.1098],[-76.3447,37.0968],[-76.3675,37.113],[-76.395,37.1063]]]}},{"type":"Feature","properties":{"county_fips":"13177","county_name":"Lee","state":"GA"},"geometry":{"type":"MultiPolygon","coordinates":[[[[-84.3143,31.6912],[-84.3052,31.6911],[-84.3055,31.6832],[-84.3146,31.6832],[-84.3143,31.6912]]],[[[-84.3381,31.9162],[-83.9225,31.9097],[-83.9341,31.8814],[-83.9265,31.8633],[-83.9394,31.8479],[-83.9684,31.8335],[-83.9798,31.8124],[-83.9769,31.8033],[-84.0089,31.8006],[-84.0063,31.7907],[-83.9916,31.7849],[-83.9862,31.7664],[-84.0035,31.7546],[-84.0076,31.7355],[-84.0327,31.7163],[-84.0196,31.6925],[-84.0124,31.663],[-84.0166,31.6515],[-84.0341,31.6432],[-84.0432,31.6236],[-84.2978,31.622],[-84.2956,31.691],[-84.3052,31.6911],[-84.3049,31.6982],[-84.2954,31.6981],[-84.2865,31.7912],[-84.2585,31.7908],[-84.2645,31.8124],[-84.2596,31.8279],[-84.2931,31.8649],[-84.3382,31.8736],[-84.3381,31.9162]]]]}},{"type":"Feature","properties":{"county_fips":"37171","county_name":"Surry","state":"NC"},"geometry":{"type":"Polygon","coordinates":[[[-80.9736,36.4535],[-80.927,36.5011],[-80.9017,36.5617],[-80.7048,36.5623],[-80.4403,36.5506],[-80.4527,36.2417],[-80.471,36.261],[-80.5342,36.2585],[-80.537,36.28],[-80.548,36.2854],[-80.5928,36.2699],[-80.6282,36.2879],[-80.6267,36.2749],[-80.643,36.2726],[-80.6533,36.2526],[-80.6732,36.2522],[-80.6846,36.2688],[-80.734,36.2675],[-80.7373,36.2804],[-80.7523,36.2633],[-80.7765,36.2736],[-80.7784,36.2569],[-80.7972,36.248],[-80.8084,36.2543],[-80.8732,36.2363],[-80.8687,36.3264],[-80.8931,36.3409],[-80.9058,36.3611],[-80.9314,36.3669],[-80.9554,36.3845],[-80.9549,36.3937],[-80.9672,36.402],[-80.9472,36.4191],[-80.9736,36.4535]]]}},{"type":"Feature","properties":{"county_fips":"37045","county_name":"Cleveland","state":"NC"},"geometry":{"type":"Polygon","coordinates":[[[-81.7681,35.1804],[-81.7595,35.2226],[-81.7029,35.3573],[-81.6927,35.583],[-81.6706,35.5666],[-81.649,35.5616],[-81.5962,35.5713],[-81.5732,35.5587],[-81.5453,35.5647],[-81.5154,35.5583],[-81.5092,35.5504],[-81.513,35.5233],[-81.4588,35.4237],[-81.3989,35.3531],[-81.3567,35.3306],[-81.3666,35.3149],[-81.3557,35.2805],[-81.3217,35.2604],[-81.328,35.1634],[-81.7681,35.1804]]]}},{"type":"Feature","properties":{"county_fips":"13071","county_name":"Colquitt","state":"GA"},"geometry":{"type":"Polygon","coordinates":[[[-84.0139,31.1036],[-84.0137,31.1118],[-84.003,31.1119],[-83.9994,31.335],[-83.7591,31.3322],[-83.7589,31.319],[-83.7141,31.3184],[-83.7139,31.3317],[-83.5126,31.3274],[-83.5153,31.3023],[-83.5056,31.269],[-83.5136,31.2329],[-83.51,31.206],[-83.5405,31.1792],[-83.5435,31.148],[-83.5559,31.1445],[-83.5573,31.1105],[-83.5767,31.0846],[-83.574,31.0339],[-83.7808,31.0385],[-83.7811,31.0258],[-83.7961,31.026],[-83.7957,31.0387],[-84.0039,31.0416],[-84.0032,31.1023],[-84.0139,31.1036]]]}},{"type":"Feature","properties":{"county_fips":"13235","county_name":"Pulaski","state":"GA"},"geometry":{"type":"Polygon","coordinates":[[[-83.6158,32.2515],[-83.6064,32.2513],[-83.6061,32.2785],[-83.6064,32.2884],[-83.6156,32.2886],[-83.5794,32.3363],[-83.5237,32.4022],[-83.5067,32.3889],[-83.498,32.4017],[-83.3465,32.2725],[-83.3739,32.2497],[-83.2911,32.1788],[-83.3248,32.1504],[-83.3047,32.1332],[-83.3483,32.1028],[-83.3594,32.1061],[-83.3505,32.1126],[-83.3611,32.1241],[-83.3971,32.1241],[-83.397,32.1326],[-83.4164,32.1331],[-83.4165,32.1252],[-83.4356,32.1252],[-83.4357,32.1172],[-83.5416,32.1181],[-83.5415,32.1261],[-83.5508,32.1262],[-83.551,32.1181],[-83.6085,32.1184],[-83.6069,32.2383],[-83.6158,32.2417],[-83.6158,32.2515]]]}},{"type":"Feature","properties":{"county_fips":"13243","county_name":"Randolph","state":"GA"},"geometry":{"type":"Polygon","coordinates":[[[-84.9586,31.7779],[-84.9103,31.7768],[-84.907,31.9245],[-84.8104,31.9229],[-84.8101,31.9318],[-84.8007,31.9315],[-84.8007,31.9229],[-84.6855,31.9203],[-84.6857,31.929],[-84.6758,31.9287],[-84.6758,31.9205],[-84.5998,31.9202],[-84.6031,31.772],[-84.5632,31.7706],[-84.5703,31.7569],[-84.5355,31.6818],[-84.5361,31.6461],[-84.5469,31.6212],[-84.5688,31.6286],[-84.5688,31.6211],[-84.578,31.6211],[-84.578,31.6373],[-84.5866,31.6374],[-84.5865,31.6212],[-84.5974,31.6214],[-84.5971,31.6376],[-84.6068,31.6378],[-84.6069,31.6283],[-84.6225,31.6285],[-84.6222,31.6378],[-84.6493,31.6437],[-84.6563,31.6379],[-84.6565,31.62],[-84.9424,31.6187],[-84.9425,31.6556],[-84.9313,31.6554],[-84.931,31.6723],[-84.9498,31.6799],[-84.9494,31.7134],[-84.9593,31.7134],[-84.9586,31.7779]]]}},{"type":"Feature","properties":{"county_fips":"13091","county_name":"Dodge","state":"GA"},"geometry":{"type":"Polygon","coordinates":[[[-83.3733,32.2505],[-83.3396,32.2782],[-83.3461,32.2838],[-83.3393,32.2898],[-83.3322,32.284],[-83.284,32.3243],[-83.3047,32.342],[-83.1733,32.4525],[-83.139,32.4231],[-82.991,32.1473],[-82.887,32.198],[-82.8718,32.1827],[-82.9279,32.1353],[-82.9346,32.1533],[-82.9555,32.1353],[-82.9421,32.1241],[-83.2057,31.9003],[-83.2184,31.9157],[-83.2141,31.9218],[-83.2325,31.9308],[-83.2267,31.9383],[-83.2408,31.942],[-83.2358,31.951],[-83.2449,31.945],[-83.2615,31.9521],[-83.2846,31.9842],[-83.2918,31.9832],[-83.2784,31.9944],[-83.2837,32.0029],[-83.2959,32.0017],[-83.2896,32.0264],[-83.2974,32.0276],[-83.2944,32.0385],[-83.3086,32.0498],[-83.3006,32.0551],[-83.3052,32.0733],[-83.2948,32.0784],[-83.3033,32.0777],[-83.3103,32.0924],[-83.318,32.0859],[-83.3244,32.104],[-83.3373,32.1059],[-83.3089,32.1257],[-83.3047,32.1332],[-83.3248,32.1504],[-83.2911,32.1788],[-83.3733,32.2505]]]}},{"type":"Feature","properties":{"county_fips":"13165","county_name":"Jenkins","state":"GA"},"geometry":{"type":"Polygon","coordinates":[[[-82.1479,32.8198],[-82.1237,32.8837],[-82.0813,32.9168],[-81.9564,32.9237],[-81.8579,32.9539],[-81.7836,32.9284],[-81.7676,32.9094],[-81.8679,32.6812],[-81.8657,32.6628],[-81.841,32.6491],[-82.0012,32.6069],[-82.0829,32.6633],[-82.1479,32.8198]]]}},{"type":"Feature","properties":{"county_fips":"51035","county_name":"Carroll","state":"VA"},"geometry":{"type":"Polygon","coordinates":[[[-81.0424,36.8064],[-80.8127,36.8532],[-80.6826,36.8951],[-80.6808,36.9092],[-80.6591,36.9135],[-80.634,36.9318],[-80.4538,36.7004],[-80.466,36.6731],[-80.4893,36.6619],[-80.4887,36.6504],[-80.5012,36.6566],[-80.539,36.641],[-80.5781,36.6621],[-80.5949,36.6614],[-80.6256,36.6062],[-80.615,36.5884],[-80.6121,36.5579],[-80.838,36.5591],[-80.9142,36.6502],[-80.8773,36.6922],[-80.8911,36.696],[-80.9055,36.6869],[-80.9176,36.6941],[-80.9174,36.6798],[-80.9252,36.6823],[-80.9323,36.6716],[-81.0424,36.8064]]]}},{"type":"Feature","properties":{"county_fips":"51810","county_name":"Virginia Beach","state":"VA"},"geometry":{"type":"Polygon","coordinates":[[[-76.2252,36.837],[-76.1973,36.8281],[-76.1795,36.8497],[-76.1769,36.857],[-76.1933,36.8652],[-76.1884,36.8741],[-76.1985,36.8866],[-76.182,36.9067],[-76.1925,36.918],[-76.1768,36.921],[-76.1771,36.9301],[-76.0905,36.9078],[-76.0383,36.9312],[-75.9963,36.922],[-75.9496,36.7612],[-75.8909,36.6308],[-75.8676,36.5504],[-76.1223,36.5505],[-76.122,36.6658],[-76.0692,36.6775],[-76.068,36.6926],[-76.0822,36.7124],[-76.0976,36.7161],[-76.1433,36.757],[-76.2037,36.7697],[-76.2252,36.837]]]}},{"type":"Feature","properties":{"county_fips":"51590","county_name":"Danville","state":"VA"},"geometry":{"type":"Polygon","coordinates":[[[-79.5179,36.6045],[-79.501,36.6181],[-79.4222,36.6005],[-79.3981,36.644],[-79.3694,36.6351],[-79.3649,36.6077],[-79.3547,36.6093],[-79.3512,36.5999],[-79.331,36.6017],[-79.3285,36.5826],[-79.3046,36.5823],[-79.3027,36.5745],[-79.3073,36.569],[-79.3362,36.5717],[-79.3311,36.5685],[-79.3515,36.5512],[-79.3431,36.5412],[-79.47,36.541],[-79.4721,36.5606],[-79.4623,36.5636],[-79.4565,36.577],[-79.4919,36.5809],[-79.5179,36.6045]]]}},{"type":"Feature","properties":{"county_fips":"51115","county_name":"Mathews","state":"VA"},"geometry":{"type":"Polygon","coordinates":[[[-76.4502,37.4862],[-76.4376,37.5144],[-76.4136,37.5129],[-76.4041,37.5355],[-76.3608,37.5284],[-76.3564,37.5081],[-76.3336,37.5028],[-76.3233,37.4853],[-76.3109,37.4871],[-76.3155,37.4899],[-76.2977,37.5154],[-76.281,37.5078],[-76.273,37.4848],[-76.2926,37.495],[-76.3103,37.4911],[-76.2561,37.4526],[-76.2479,37.3944],[-76.2491,37.3758],[-76.2747,37.3496],[-76.2762,37.3108],[-76.3086,37.3294],[-76.3138,37.3455],[-76.3206,37.3441],[-76.3378,37.3658],[-76.3853,37.3843],[-76.399,37.4168],[-76.4479,37.4201],[-76.4487,37.4481],[-76.4421,37.4528],[-76.4502,37.4862]]]}},{"type":"Feature","properties":{"county_fips":"51800","county_name":"Suffolk","state":"VA"},"geometry":{"type":"Polygon","coordinates":[[[-76.9277,36.5624],[-76.9203,36.5776],[-76.9095,36.5792],[-76.9123,36.6179],[-76.8939,36.6257],[-76.8976,36.6441],[-76.5335,36.9156],[-76.5211,36.9063],[-76.4952,36.9225],[-76.4824,36.9174],[-76.4834,36.8962],[-76.4931,36.8918],[-76.4834,36.8782],[-76.4547,36.8841],[-76.4416,36.9061],[-76.4044,36.8945],[-76.4071,36.878],[-76.4575,36.8148],[-76.4915,36.5507],[-76.9159,36.5521],[-76.9277,36.5624]]]}},{"type":"Feature","properties":{"county_fips":"51025","county_name":"Brunswick","state":"VA"},"geometry":{"type":"Polygon","coordinates":[[[-78.0462,36.5442],[-78.0036,37.0228],[-77.9961,37.0225],[-77.996,37.0142],[-77.9681,36.9873],[-77.9539,36.9912],[-77.9205,36.9827],[-77.8826,36.9917],[-77.8507,36.9881],[-77.8409,36.9959],[-77.7655,36.9747],[-77.7553,36.9561],[-77.7456,36.959],[-77.7278,36.9434],[-77.7152,36.9148],[-77.7009,36.9164],[-77.6946,36.9066],[-77.6579,36.8945],[-77.6558,36.7135],[-77.7671,36.5454],[-78.0462,36.5442]]]}},{"type":"Feature","properties":{"county_fips":"37001","county_name":"Alamance","state":"NC"},"geometry":{"type":"Polygon","coordinates":[[[-79.5424,35.8433],[-79.5319,36.2497],[-79.258,36.2434],[-79.2684,35.9109],[-79.2569,35.9021],[-79.2504,35.857],[-79.2373,35.8442],[-79.5424,35.8433]]]}},{"type":"Feature","properties":{"county_fips":"37109","county_name":"Lincoln","state":"NC"},"geometry":{"type":"Polygon","coordinates":[[[-81.5354,35.5681],[-80.96,35.547],[-80.9397,35.5286],[-80.9555,35.5325],[-80.9635,35.506],[-80.9479,35.4905],[-80.9515,35.4671],[-80.9425,35.4577],[-80.9587,35.4326],[-80.9549,35.4001],[-81.4556,35.4198],[-81.513,35.5233],[-81.5092,35.5504],[-81.5354,35.5681]]]}},{"type":"Feature","properties":{"county_fips":"12077","county_name":"Liberty","state":"FL"},"geometry":{"type":"Polygon","coordinates":[[[-85.1538,30.0928],[-85.1449,30.0975],[-85.1486,30.1115],[-85.1409,30.1089],[-85.1419,30.1154],[-85.13,30.1185],[-85.1454,30.1247],[-85.1321,30.1448],[-85.1385,30.1463],[-85.1332,30.161],[-85.1399,30.1635],[-85.1348,30.1808],[-85.1157,30.2],[-85.1189,30.2097],[-85.1099,30.2093],[-85.1114,30.218],[-85.1018,30.2117],[-85.091,30.2297],[-85.0798,30.2297],[-85.0787,30.2488],[-85.0591,30.2632],[-85.0641,30.2693],[-85.0528,30.2874],[-85.0569,30.3035],[-85.0474,30.3031],[-85.0481,30.3127],[-85.0343,30.3125],[-85.0463,30.3202],[-85.05,30.3382],[-85.0414,30.3545],[-85.026,30.363],[-85.0402,30.3721],[-85.0146,30.3874],[-85.0156,30.3962],[-85.0299,30.4033],[-85.0137,30.4106],[-85.0294,30.413],[-85.0319,30.4226],[-84.9812,30.4441],[-85.0008,30.4481],[-84.9867,30.4696],[-85.0043,30.4762],[-84.9945,30.4891],[-84.9912,30.5224],[-84.9615,30.5651],[-84.9654,30.5802],[-84.9443,30.5817],[-84.9449,30.5955],[-84.9325,30.6064],[-84.8833,30.6056],[-84.8826,30.5331],[-84.8158,30.5331],[-84.8156,30.5185],[-84.7818,30.5187],[-84.7811,30.4598],[-84.7141,30.4604],[-84.7141,30.4172],[-84.6805,30.4173],[-84.6806,30.388],[-84.6464,30.3883],[-84.6636,30.3784],[-84.6705,30.3641],[-84.6813,30.3676],[-84.6854,30.3499],[-84.7151,30.3331],[-84.7011,30.3177],[-84.7292,30.2874],[-84.7277,30.2758],[-84.7378,30.2656],[-84.7013,30.2483],[-84.6995,30.2277],[-84.6819,30.2177],[-84.6783,30.1881],[-84.6649,30.1698],[-84.6725,30.1504],[-84.6655,30.1346],[-84.6704,30.1276],[-84.6596,30.1151],[-84.6532,30.1182],[-84.6481,30.1054],[-84.6543,30.0972],[-84.6379,30.0837],[-84.6315,30.0662],[-84.616,30.0654],[-84.6039,30.0463],[-84.5965,30.0464],[-84.5952,30.0334],[-84.5704,30.0169],[-84.5584,30.0221],[-84.543,30.0117],[-85.0076,30.0139],[-85.0254,29.9714],[-85.0298,29.9874],[-85.0497,29.9901],[-85.0551,30.0024],[-85.099,30.0153],[-85.0983,30.0246],[-85.1137,30.0232],[-85.1312,30.038],[-85.1343,30.082],[-85.1538,30.0928]]]}},{"type":"Feature","properties":{"county_fips":"13161","county_name":"Jeff Davis","state":"GA"},"geometry":{"type":"Polygon","coordinates":[[[-82.8366,31.6745],[-82.8364,31.8162],[-82.8249,31.8197],[-82.8247,31.8135],[-82.7874,31.8362],[-82.7899,31.8536],[-82.7817,31.8528],[-82.7757,31.8626],[-82.7697,31.8554],[-82.7679,31.8616],[-82.7573,31.8569],[-82.7418,31.8769],[-82.6769,31.9103],[-82.6818,31.9207],[-82.6577,31.9236],[-82.6486,31.9165],[-82.6146,31.9267],[-82.6034,31.9376],[-82.5948,31.9316],[-82.5553,31.9593],[-82.5331,31.9614],[-82.4923,31.9486],[-82.48,31.9564],[-82.4992,31.9573],[-82.4924,31.9684],[-82.4315,31.9662],[-82.4314,31.838],[-82.5203,31.8384],[-82.5202,31.7492],[-82.5507,31.7491],[-82.5507,31.7363],[-82.5206,31.7362],[-82.5214,31.6725],[-82.8366,31.6745]]]}},{"type":"Feature","properties":{"county_fips":"13197","county_name":"Marion","state":"GA"},"geometry":{"type":"Polygon","coordinates":[[[-84.6589,32.2329],[-84.6573,32.4949],[-84.6382,32.4948],[-84.6373,32.5349],[-84.6196,32.5298],[-84.6049,32.535],[-84.5861,32.5226],[-84.5614,32.5281],[-84.566,32.5401],[-84.5538,32.5487],[-84.551,32.5427],[-84.5325,32.5498],[-84.5326,32.5427],[-84.5048,32.5418],[-84.5047,32.5482],[-84.4918,32.5483],[-84.4921,32.562],[-84.4444,32.5621],[-84.4437,32.5422],[-84.4532,32.5424],[-84.4532,32.5343],[-84.4433,32.5342],[-84.443,32.5185],[-84.4335,32.5187],[-84.4336,32.4932],[-84.4239,32.4932],[-84.4244,32.4851],[-84.4078,32.4853],[-84.4084,32.444],[-84.3921,32.4353],[-84.3899,32.2972],[-84.4133,32.2975],[-84.4104,32.2319],[-84.4295,32.2322],[-84.4298,32.1942],[-84.4201,32.1917],[-84.4205,32.1744],[-84.43,32.1743],[-84.4312,32.1341],[-84.5271,32.1346],[-84.5274,32.1512],[-84.5461,32.1591],[-84.5457,32.1752],[-84.5647,32.1751],[-84.5642,32.1922],[-84.5998,32.1927],[-84.6106,32.2255],[-84.6211,32.2256],[-84.6206,32.2331],[-84.6589,32.2329]]]}},{"type":"Feature","properties":{"county_fips":"13175","county_name":"Laurens","state":"GA"},"geometry":{"type":"Polygon","coordinates":[[[-83.2265,32.5842],[-82.9571,32.7083],[-82.8628,32.7158],[-82.7858,32.6867],[-82.7945,32.6602],[-82.6686,32.6122],[-82.6745,32.5239],[-82.6477,32.5125],[-82.6571,32.5072],[-82.6331,32.491],[-82.6486,32.4672],[-82.6946,32.4533],[-82.6903,32.4438],[-82.7022,32.4316],[-82.6976,32.4072],[-82.7162,32.3926],[-82.7169,32.373],[-82.7308,32.3627],[-82.7338,32.3421],[-82.7445,32.3413],[-82.7487,32.3291],[-82.7393,32.3307],[-82.7357,32.3196],[-82.7251,32.3157],[-82.73,32.3106],[-82.722,32.3093],[-82.762,32.2756],[-82.7552,32.2697],[-82.7619,32.2642],[-82.7687,32.2697],[-82.8583,32.1944],[-82.887,32.198],[-82.991,32.1473],[-83.2265,32.5842]]]}},{"type":"Feature","properties":{"county_fips":"13081","county_name":"Crisp","state":"GA"},"geometry":{"type":"Polygon","coordinates":[[[-83.9613,32.0306],[-83.6097,32.0279],[-83.6126,31.8041],[-83.8075,31.8041],[-83.8174,31.8125],[-83.8278,31.8101],[-83.8455,31.8316],[-83.8456,31.8197],[-83.8553,31.8199],[-83.8557,31.8368],[-83.9376,31.8449],[-83.9367,31.858],[-83.9265,31.8633],[-83.932,31.8988],[-83.9191,31.9231],[-83.9613,32.0306]]]}},{"type":"Feature","properties":{"county_fips":"13003","county_name":"Atkinson","state":"GA"},"geometry":{"type":"Polygon","coordinates":[[[-83.141,31.4067],[-83.1405,31.4204],[-82.9585,31.4173],[-82.9581,31.403],[-82.8393,31.4017],[-82.8172,31.3645],[-82.629,31.3639],[-82.6296,31.2747],[-82.6636,31.2879],[-82.6992,31.2781],[-82.701,31.2232],[-82.6908,31.2234],[-82.6717,31.1837],[-83.0469,31.1837],[-83.0519,31.2078],[-83.0452,31.2203],[-83.052,31.2253],[-83.0335,31.275],[-83.059,31.3042],[-83.0596,31.3299],[-83.0756,31.3473],[-83.1004,31.3548],[-83.1163,31.3887],[-83.141,31.4067]]]}},{"type":"Feature","properties":{"county_fips":"13247","county_name":"Rockdale","state":"GA"},"geometry":{"type":"Polygon","coordinates":[[[-84.1841,33.6462],[-84.162,33.6378],[-84.1545,33.6457],[-84.1158,33.6147],[-84.0566,33.7266],[-83.982,33.7861],[-83.9148,33.7442],[-83.9132,33.7127],[-83.9252,33.7102],[-83.9181,33.6895],[-83.9307,33.6521],[-84.0105,33.5636],[-84.0034,33.5635],[-84.0033,33.5549],[-84.0107,33.5549],[-84.0107,33.5633],[-84.0445,33.5258],[-84.0562,33.5267],[-84.0486,33.5388],[-84.0653,33.549],[-84.1085,33.5668],[-84.131,33.5646],[-84.1816,33.6292],[-84.1841,33.6462]]]}},{"type":"Feature","properties":{"county_fips":"13097","county_name":"Douglas","state":"GA"},"geometry":{"type":"Polygon","coordinates":[[[-84.9016,33.722],[-84.9109,33.731],[-84.9023,33.7306],[-84.9017,33.7807],[-84.8327,33.776],[-84.7241,33.7886],[-84.7241,33.8064],[-84.6227,33.8048],[-84.5778,33.7456],[-84.5854,33.7301],[-84.6317,33.701],[-84.6321,33.6884],[-84.6527,33.6836],[-84.6573,33.6586],[-84.709,33.6472],[-84.7297,33.6369],[-84.7384,33.6233],[-84.7509,33.632],[-84.7623,33.6152],[-84.8052,33.5872],[-84.8092,33.5741],[-84.9058,33.5734],[-84.9016,33.722]]]}},{"type":"Feature","properties":{"county_fips":"13321","county_name":"Worth","state":"GA"},"geometry":{"type":"Polygon","coordinates":[[[-84.0327,31.7163],[-84.0076,31.7355],[-84.0035,31.7546],[-83.9862,31.7664],[-83.9916,31.7849],[-84.0063,31.7907],[-84.0089,31.8006],[-83.9769,31.8033],[-83.9726,31.8277],[-83.9458,31.8495],[-83.8557,31.8368],[-83.8553,31.8199],[-83.8456,31.8197],[-83.8455,31.8316],[-83.8278,31.8101],[-83.8174,31.8125],[-83.7987,31.8012],[-83.7968,31.6229],[-83.7065,31.6191],[-83.6989,31.6028],[-83.67,31.5951],[-83.6674,31.5677],[-83.6494,31.568],[-83.6506,31.4847],[-83.6658,31.4851],[-83.6667,31.4342],[-83.6518,31.4339],[-83.6541,31.3307],[-83.7139,31.3317],[-83.7141,31.3184],[-83.7589,31.319],[-83.7591,31.3322],[-83.9994,31.335],[-83.9977,31.4628],[-83.9826,31.4635],[-83.9824,31.4758],[-83.9975,31.476],[-83.9967,31.5517],[-83.9825,31.5516],[-83.9816,31.5633],[-83.9966,31.5635],[-83.9962,31.6252],[-84.0127,31.6246],[-84.0125,31.6336],[-83.9935,31.6414],[-83.9934,31.65],[-84.0184,31.6503],[-84.0124,31.663],[-84.0327,31.7163]]]}},{"type":"Feature","properties":{"county_fips":"13063","county_name":"Clayton","state":"GA"},"geometry":{"type":"Polygon","coordinates":[[[-84.4587,33.5509],[-84.4579,33.6486],[-84.4531,33.6411],[-84.4458,33.6488],[-84.2817,33.6473],[-84.2721,33.6312],[-84.2626,33.631],[-84.263,33.607],[-84.2439,33.5986],[-84.2531,33.5822],[-84.2636,33.5822],[-84.2637,33.5489],[-84.2926,33.5491],[-84.293,33.533],[-84.2825,33.5329],[-84.2839,33.4843],[-84.2942,33.4843],[-84.2947,33.4357],[-84.3043,33.4356],[-84.3042,33.4274],[-84.3234,33.428],[-84.3232,33.4359],[-84.3536,33.4362],[-84.3544,33.3525],[-84.3881,33.3525],[-84.3951,33.3603],[-84.3963,33.3733],[-84.3865,33.3765],[-84.3948,33.3944],[-84.3845,33.4015],[-84.3931,33.42],[-84.4023,33.4201],[-84.4022,33.4364],[-84.3837,33.4444],[-84.3888,33.4503],[-84.3816,33.463],[-84.3962,33.4849],[-84.4206,33.494],[-84.4204,33.5096],[-84.4336,33.5244],[-84.4394,33.5507],[-84.4587,33.5509]]]}},{"type":"Feature","properties":{"county_fips":"13211","county_name":"Morgan","state":"GA"},"geometry":{"type":"Polygon","coordinates":[[[-83.6874,33.5886],[-83.5264,33.7961],[-83.5027,33.8174],[-83.4752,33.7982],[-83.4786,33.7929],[-83.4581,33.7684],[-83.445,33.7224],[-83.4013,33.6966],[-83.3705,33.6559],[-83.3497,33.6143],[-83.3488,33.5972],[-83.338,33.5974],[-83.3124,33.5642],[-83.3032,33.5631],[-83.3036,33.555],[-83.2784,33.5446],[-83.2693,33.5322],[-83.2835,33.5106],[-83.2799,33.4834],[-83.5337,33.4345],[-83.6822,33.5262],[-83.6777,33.5718],[-83.6874,33.5886]]]}},{"type":"Feature","properties":{"county_fips":"13005","county_name":"Bacon","state":"GA"},"geometry":{"type":"Polygon","coordinates":[[[-82.6283,31.5583],[-82.6273,31.6727],[-82.5214,31.6725],[-82.5214,31.7108],[-82.4959,31.7106],[-82.4509,31.6614],[-82.3496,31.6213],[-82.3157,31.5928],[-82.2408,31.5557],[-82.2266,31.5307],[-82.2393,31.5306],[-82.2388,31.5176],[-82.2559,31.5174],[-82.2558,31.5054],[-82.2696,31.5057],[-82.2697,31.4926],[-82.3004,31.4932],[-82.3009,31.4678],[-82.315,31.4679],[-82.3151,31.4571],[-82.33,31.4571],[-82.3305,31.4421],[-82.345,31.4418],[-82.3448,31.4301],[-82.4015,31.4303],[-82.4018,31.4173],[-82.4815,31.4175],[-82.4814,31.4431],[-82.4937,31.4429],[-82.4947,31.4687],[-82.5975,31.4693],[-82.5963,31.5579],[-82.6283,31.5583]]]}},{"type":"Feature","properties":{"county_fips":"45033","county_name":"Dillon","state":"SC"},"geometry":{"type":"Polygon","coordinates":[[[-79.6334,34.298],[-79.45,34.621],[-79.0713,34.2993],[-79.0861,34.295],[-79.0864,34.285],[-79.11,34.2724],[-79.1257,34.2533],[-79.1735,34.2875],[-79.2143,34.2555],[-79.2394,34.2543],[-79.2944,34.277],[-79.3054,34.2693],[-79.3803,34.3006],[-79.411,34.3002],[-79.4807,34.2881],[-79.4791,34.2786],[-79.4963,34.2748],[-79.5124,34.2575],[-79.5543,34.2476],[-79.5479,34.2309],[-79.5616,34.2579],[-79.5872,34.2814],[-79.6239,34.3006],[-79.6334,34.298]]]}},{"type":"Feature","properties":{"county_fips":"01011","county_name":"Bullock","state":"AL"},"geometry":{"type":"Polygon","coordinates":[[[-85.9992,32.2505],[-85.9865,32.2506],[-85.9866,32.2723],[-85.8987,32.275],[-85.8966,32.3052],[-85.8779,32.2915],[-85.8713,32.2734],[-85.8786,32.2658],[-85.8764,32.2466],[-85.855,32.232],[-85.4335,32.2346],[-85.4274,32.1466],[-85.4102,32.1467],[-85.41,32.1395],[-85.4274,32.1394],[-85.4285,32.015],[-85.4625,32.0144],[-85.463,32.0224],[-85.4711,32.0223],[-85.4706,32.0142],[-85.5126,32.0141],[-85.5124,31.9997],[-85.5906,31.9956],[-85.6048,31.9609],[-85.6488,31.9116],[-85.6577,31.8803],[-85.791,31.8804],[-85.79,31.9673],[-85.8843,31.9673],[-85.8842,31.9819],[-85.8927,31.9891],[-85.8937,32.0474],[-85.9463,32.0546],[-85.9463,32.0619],[-85.9546,32.0618],[-85.9503,32.0545],[-85.9969,32.051],[-85.9992,32.2505]]]}},{"type":"Feature","properties":{"county_fips":"37011","county_name":"Avery","state":"NC"},"geometry":{"type":"Polygon","coordinates":[[[-82.0809,36.1058],[-82.0613,36.1131],[-82.0541,36.1268],[-82.0287,36.1243],[-81.9181,36.2871],[-81.9005,36.2811],[-81.8935,36.2645],[-81.9039,36.2514],[-81.897,36.2427],[-81.9112,36.2293],[-81.9041,36.2091],[-81.8854,36.1895],[-81.8568,36.1937],[-81.8294,36.169],[-81.8115,36.1115],[-81.7755,36.0993],[-81.7608,36.0898],[-81.7537,36.0727],[-81.7357,36.0676],[-81.8072,35.962],[-81.87,35.9763],[-81.8814,35.9929],[-81.8999,35.9999],[-81.963,35.9418],[-81.9546,35.9266],[-81.982,35.9114],[-82.0341,35.9421],[-82.0484,35.964],[-82.059,35.991],[-82.0493,36.0079],[-82.0392,36.0078],[-82.0719,36.0699],[-82.0809,36.1058]]]}},{"type":"Feature","properties":{"county_fips":"37073","county_name":"Gates","state":"NC"},"geometry":{"type":"Polygon","coordinates":[[[-76.9505,36.471],[-76.9344,36.4713],[-76.9345,36.4847],[-76.9065,36.5107],[-76.9051,36.5226],[-76.925,36.5307],[-76.9141,36.5422],[-76.9159,36.5521],[-76.5415,36.5503],[-76.4913,36.5107],[-76.4914,36.4686],[-76.4537,36.3781],[-76.5569,36.3552],[-76.5708,36.3343],[-76.5862,36.3335],[-76.5966,36.3233],[-76.64,36.3294],[-76.6516,36.3106],[-76.67,36.3152],[-76.6726,36.3033],[-76.6966,36.2961],[-76.7795,36.3625],[-76.8227,36.3644],[-76.9343,36.4025],[-76.9471,36.4154],[-76.9505,36.471]]]}},{"type":"Feature","properties":{"county_fips":"37185","county_name":"Warren","state":"NC"},"geometry":{"type":"Polygon","coordinates":[[[-78.3239,36.5438],[-77.8998,36.5447],[-77.8995,36.5043],[-77.9118,36.4428],[-77.9201,36.4361],[-77.9121,36.4248],[-77.912,36.3824],[-77.9424,36.2985],[-78.0066,36.2026],[-78.0449,36.2155],[-78.1098,36.2102],[-78.1327,36.2463],[-78.157,36.2444],[-78.1732,36.2555],[-78.1935,36.2468],[-78.307,36.2662],[-78.2772,36.3061],[-78.3239,36.5438]]]}},{"type":"Feature","properties":{"county_fips":"13145","county_name":"Harris","state":"GA"},"geometry":{"type":"Polygon","coordinates":[[[-85.1849,32.8689],[-84.7513,32.8692],[-84.7515,32.8627],[-84.7005,32.8446],[-84.6924,32.8294],[-84.6931,32.7388],[-84.6829,32.7304],[-84.7032,32.7007],[-84.7032,32.6862],[-84.6938,32.6858],[-84.6946,32.5839],[-84.9079,32.5834],[-84.9077,32.6076],[-85.0806,32.6081],[-85.0894,32.6254],[-85.0836,32.636],[-85.0966,32.6347],[-85.1053,32.6448],[-85.0885,32.6578],[-85.117,32.692],[-85.1227,32.7157],[-85.1133,32.7358],[-85.1322,32.7444],[-85.1426,32.7607],[-85.1222,32.7734],[-85.1679,32.8116],[-85.168,32.8292],[-85.1534,32.8449],[-85.1611,32.856],[-85.1794,32.8553],[-85.1849,32.8689]]]}},{"type":"Feature","properties":{"county_fips":"37003","county_name":"Alexander","state":"NC"},"geometry":{"type":"Polygon","coordinates":[[[-81.3436,35.827],[-81.3334,35.8789],[-81.3429,35.9233],[-81.3283,35.9966],[-81.2685,36.025],[-81.238,36.0308],[-81.1902,36.0372],[-81.1667,36.0257],[-81.1393,36.0376],[-81.1117,36.0377],[-81.0981,36.0282],[-81.0575,36.0316],[-81.0288,36.0457],[-81.0034,35.9967],[-81.0055,35.9583],[-81.0413,35.8579],[-81.0789,35.8028],[-81.1066,35.7784],[-81.1286,35.7898],[-81.1427,35.8277],[-81.2051,35.8228],[-81.2258,35.8095],[-81.249,35.8157],[-81.2624,35.8058],[-81.3343,35.7963],[-81.3436,35.827]]]}},{"type":"Feature","properties":{"county_fips":"37189","county_name":"Watauga","state":"NC"},"geometry":{"type":"Polygon","coordinates":[[[-81.9181,36.2871],[-81.9081,36.302],[-81.8794,36.3138],[-81.8573,36.3348],[-81.7936,36.3622],[-81.7894,36.3482],[-81.7649,36.3387],[-81.736,36.343],[-81.7074,36.3352],[-81.7078,36.346],[-81.7215,36.3512],[-81.7346,36.3796],[-81.7286,36.3912],[-81.6382,36.3496],[-81.5661,36.272],[-81.5522,36.2764],[-81.5217,36.2553],[-81.4775,36.2403],[-81.4558,36.2004],[-81.5004,36.1425],[-81.5455,36.1175],[-81.6748,36.1226],[-81.8115,36.1115],[-81.8294,36.169],[-81.8568,36.1937],[-81.8854,36.1895],[-81.9076,36.2141],[-81.9112,36.2293],[-81.897,36.2427],[-81.9039,36.2514],[-81.8935,36.2645],[-81.9005,36.2811],[-81.9181,36.2871]]]}},{"type":"Feature","properties":{"county_fips":"51157","county_name":"Rappahannock","state":"VA"},"geometry":{"type":"Polygon","coordinates":[[[-78.3352,38.6288],[-78.3259,38.6307],[-78.3156,38.6516],[-78.3238,38.6721],[-78.3164,38.6906],[-78.3322,38.7056],[-78.3188,38.7379],[-78.3049,38.7382],[-78.2793,38.7622],[-78.2533,38.757],[-78.2009,38.7767],[-78.1847,38.7928],[-78.1802,38.8178],[-78.1707,38.8194],[-78.1526,38.8544],[-78.1306,38.8649],[-78.1235,38.8655],[-78.0997,38.8304],[-78.055,38.8085],[-78.0514,38.7992],[-78.0258,38.7958],[-78.0296,38.7867],[-78.0199,38.7783],[-78.0261,38.7766],[-78.0281,38.7575],[-78.0164,38.754],[-78.0191,38.7402],[-78.0062,38.7322],[-78.0151,38.7251],[-77.9543,38.6948],[-77.9354,38.6958],[-78.0901,38.5968],[-78.176,38.5208],[-78.2149,38.5384],[-78.2318,38.5325],[-78.3352,38.6288]]]}},{"type":"Feature","properties":{"county_fips":"51670","county_name":"Hopewell","state":"VA"},"geometry":{"type":"Polygon","coordinates":[[[-77.325,37.2806],[-77.3347,37.3144],[-77.3187,37.3083],[-77.2873,37.3169],[-77.2816,37.3099],[-77.277,37.3177],[-77.2524,37.2935],[-77.2606,37.2828],[-77.2786,37.2803],[-77.3053,37.262],[-77.3224,37.2654],[-77.331,37.2576],[-77.325,37.2806]]]}},{"type":"Feature","properties":{"county_fips":"51640","county_name":"Galax","state":"VA"},"geometry":{"type":"Polygon","coordinates":[[[-80.9496,36.663],[-80.9406,36.6785],[-80.9329,36.6688],[-80.9291,36.6798],[-80.9174,36.6798],[-80.9176,36.6941],[-80.9055,36.6869],[-80.8911,36.696],[-80.8773,36.6922],[-80.9172,36.6471],[-80.9211,36.6255],[-80.9317,36.6285],[-80.9217,36.6435],[-80.9478,36.6484],[-80.9496,36.663]]]}},{"type":"Feature","properties":{"county_fips":"13275","county_name":"Thomas","state":"GA"},"geometry":{"type":"Polygon","coordinates":[[[-84.1183,30.9692],[-84.1166,31.078],[-84.0036,31.0773],[-84.0039,31.0416],[-83.7957,31.0387],[-83.7961,31.026],[-83.7811,31.0258],[-83.7808,31.0385],[-83.7362,31.0377],[-83.7437,30.6584],[-84.0838,30.6758],[-84.0758,30.9119],[-84.1183,30.9692]]]}},{"type":"Feature","properties":{"county_fips":"13259","county_name":"Stewart","state":"GA"},"geometry":{"type":"Polygon","coordinates":[[[-85.068,31.9934],[-85.0493,32.0227],[-85.0588,32.0467],[-85.0558,32.0744],[-85.0455,32.0869],[-85.0621,32.1325],[-85.0113,32.1805],[-84.9646,32.1952],[-84.9632,32.2022],[-84.9802,32.2078],[-84.9721,32.2183],[-84.9301,32.2191],[-84.923,32.2309],[-84.8139,32.2309],[-84.814,32.2211],[-84.8025,32.221],[-84.8025,32.2309],[-84.6493,32.233],[-84.6493,32.2252],[-84.6403,32.2253],[-84.6403,32.1843],[-84.6311,32.1841],[-84.6313,32.1764],[-84.6403,32.1766],[-84.6424,32.1602],[-84.6516,32.1602],[-84.6514,32.1519],[-84.6423,32.1519],[-84.6436,32.037],[-84.6444,32.0289],[-84.6541,32.0285],[-84.6552,31.9844],[-84.6448,31.9843],[-84.645,31.977],[-84.6552,31.9771],[-84.655,31.9696],[-84.6451,31.9697],[-84.6454,31.9615],[-84.655,31.9615],[-84.6558,31.9203],[-84.6758,31.9205],[-84.6758,31.9287],[-84.6857,31.929],[-84.6855,31.9203],[-84.8007,31.9229],[-84.8007,31.9315],[-84.8101,31.9318],[-84.8104,31.9229],[-84.9173,31.9247],[-84.9172,31.9331],[-84.9361,31.9338],[-84.9358,31.9418],[-84.9741,31.9502],[-84.9737,31.9593],[-84.954,31.9668],[-84.9537,31.9748],[-85.0012,31.976],[-85.0011,31.9839],[-85.0118,31.9838],[-85.0119,31.9759],[-85.042,31.9757],[-85.0419,31.9848],[-85.0609,31.9851],[-85.068,31.9934]]]}},{"type":"Feature","properties":{"county_fips":"13065","county_name":"Clinch","state":"GA"},"geometry":{"type":"Polygon","coordinates":[[[-82.9713,30.8694],[-82.9712,31.184],[-82.6717,31.1837],[-82.5921,31.0185],[-82.5521,31.0018],[-82.5201,30.9631],[-82.4906,30.9632],[-82.4955,30.8196],[-82.4359,30.8201],[-82.4352,30.7291],[-82.4201,30.7292],[-82.42,30.7166],[-82.4351,30.7166],[-82.4289,30.6903],[-82.4309,30.6128],[-82.4188,30.6131],[-82.4189,30.5817],[-82.584,30.5918],[-82.5799,30.6587],[-82.5865,30.675],[-82.5788,30.6908],[-82.5898,30.7059],[-82.6918,30.7339],[-82.7298,30.7292],[-82.7954,30.7421],[-82.8158,30.776],[-82.8317,30.7826],[-82.8302,30.8106],[-82.8464,30.8349],[-82.9713,30.8694]]]}},{"type":"Feature","properties":{"county_fips":"01045","county_name":"Dale","state":"AL"},"geometry":{"type":"Polygon","coordinates":[[[-85.7914,31.1963],[-85.7891,31.618],[-85.4164,31.6195],[-85.4171,31.2862],[-85.4854,31.2871],[-85.4862,31.2459],[-85.5461,31.2539],[-85.603,31.2724],[-85.66,31.2709],[-85.6751,31.2556],[-85.6779,31.2402],[-85.6891,31.2361],[-85.6923,31.2106],[-85.7103,31.1952],[-85.7914,31.1963]]]}},{"type":"Feature","properties":{"county_fips":"12091","county_name":"Okaloosa","state":"FL"},"geometry":{"type":"Polygon","coordinates":[[[-86.7995,30.3872],[-86.7857,30.997],[-86.3886,30.9942],[-86.3974,30.3787],[-86.6437,30.397],[-86.7995,30.3872]]]}},{"type":"Feature","properties":{"county_fips":"13099","county_name":"Early","state":"GA"},"geometry":{"type":"Polygon","coordinates":[[[-85.1146,31.2773],[-85.0898,31.295],[-85.0842,31.3283],[-85.0925,31.3629],[-85.0755,31.4248],[-85.0659,31.4306],[-85.0716,31.4684],[-85.0455,31.5171],[-85.0295,31.5186],[-85.0292,31.4861],[-84.9863,31.4889],[-84.9714,31.4973],[-84.9599,31.4928],[-84.9378,31.5033],[-84.8198,31.5012],[-84.8198,31.4916],[-84.7966,31.5013],[-84.7971,31.4736],[-84.8074,31.473],[-84.7894,31.4525],[-84.789,31.4364],[-84.6376,31.4339],[-84.6383,31.3417],[-84.6277,31.3416],[-84.6276,31.3321],[-84.6381,31.3321],[-84.6417,31.2565],[-84.6727,31.2594],[-84.6833,31.2514],[-84.6942,31.2517],[-84.6942,31.2577],[-84.7096,31.2518],[-84.7374,31.2523],[-84.7372,31.2582],[-84.7482,31.2585],[-84.7483,31.2525],[-84.9174,31.256],[-84.9224,31.0726],[-85.0285,31.0755],[-85.0356,31.1082],[-85.0547,31.1208],[-85.0766,31.1569],[-85.1002,31.1655],[-85.0985,31.1802],[-85.1081,31.1956],[-85.0968,31.2257],[-85.1146,31.2773]]]}},{"type":"Feature","properties":{"county_fips":"37143","county_name":"Perquimans","state":"NC"},"geometry":{"type":"Polygon","coordinates":[[[-76.5882,36.2418],[-76.5726,36.2581],[-76.5569,36.3552],[-76.4537,36.3781],[-76.3756,36.2736],[-76.3749,36.2587],[-76.3406,36.2414],[-76.3177,36.2404],[-76.3033,36.2217],[-76.2907,36.2235],[-76.2728,36.1941],[-76.2771,36.1807],[-76.246,36.1586],[-76.2275,36.1253],[-76.1917,36.1072],[-76.2137,36.0961],[-76.2387,36.0986],[-76.3233,36.1348],[-76.3736,36.1382],[-76.3903,36.1625],[-76.4499,36.1934],[-76.458,36.1853],[-76.382,36.1229],[-76.3464,36.121],[-76.3397,36.1091],[-76.3026,36.1003],[-76.304,36.0945],[-76.3235,36.0849],[-76.347,36.0888],[-76.4303,36.075],[-76.4788,36.0936],[-76.4944,36.0846],[-76.5175,36.0974],[-76.5598,36.1011],[-76.5731,36.1118],[-76.5882,36.2418]]]}},{"type":"Feature","properties":{"county_fips":"13101","county_name":"Echols","state":"GA"},"geometry":{"type":"Polygon","coordinates":[[[-83.1366,30.624],[-83.1358,30.722],[-83.1303,30.7222],[-83.1362,30.7752],[-83.1258,30.8033],[-83.1044,30.8037],[-83.1032,30.8314],[-83.0881,30.8312],[-83.0881,30.8487],[-83.014,30.8447],[-83.0071,30.8591],[-82.9822,30.8722],[-82.8464,30.8349],[-82.8302,30.8106],[-82.8317,30.7826],[-82.8158,30.776],[-82.7954,30.7421],[-82.7298,30.7292],[-82.6918,30.7339],[-82.6742,30.7244],[-82.6039,30.7136],[-82.5788,30.6908],[-82.5865,30.675],[-82.5799,30.6587],[-82.584,30.5918],[-83.1366,30.624]]]}},{"type":"Feature","properties":{"county_fips":"13239","county_name":"Quitman","state":"GA"},"geometry":{"type":"Polygon","coordinates":[[[-85.1418,31.7821],[-85.1322,31.7952],[-85.1326,31.8268],[-85.1418,31.8393],[-85.1284,31.8776],[-85.1341,31.8922],[-85.112,31.8948],[-85.1131,31.9119],[-85.0789,31.9402],[-85.0867,31.9592],[-85.0678,31.9674],[-85.0681,31.9919],[-85.0419,31.9848],[-85.042,31.9757],[-85.0119,31.9759],[-85.0118,31.9838],[-85.0011,31.9839],[-85.0012,31.976],[-84.9537,31.9748],[-84.954,31.9668],[-84.9737,31.9593],[-84.9741,31.9502],[-84.9549,31.9503],[-84.9552,31.9423],[-84.9358,31.9418],[-84.9361,31.9338],[-84.9172,31.9331],[-84.9173,31.9247],[-84.907,31.9245],[-84.9103,31.7768],[-85.0265,31.7789],[-85.0266,31.771],[-85.0739,31.7714],[-85.0738,31.7791],[-85.1418,31.7821]]]}},{"type":"Feature","properties":{"county_fips":"37025","county_name":"Cabarrus","state":"NC"},"geometry":{"type":"Polygon","coordinates":[[[-80.7871,35.4949],[-80.7842,35.506],[-80.2954,35.5029],[-80.4829,35.2133],[-80.5059,35.1933],[-80.505,35.185],[-80.6671,35.2688],[-80.6931,35.3464],[-80.7664,35.4015],[-80.7635,35.4121],[-80.7522,35.4141],[-80.7871,35.4949]]]}},{"type":"Feature","properties":{"county_fips":"51089","county_name":"Henry","state":"VA"},"geometry":{"type":"Polygon","coordinates":[[[-80.0951,36.7782],[-80.0613,36.7936],[-80.0415,36.7944],[-80.0314,36.7829],[-80.0153,36.7816],[-80.0272,36.7913],[-80.012,36.7896],[-79.9998,36.8307],[-79.8021,36.7921],[-79.7868,36.8007],[-79.7642,36.7985],[-79.7611,36.7883],[-79.7363,36.8129],[-79.691,36.8288],[-79.6692,36.8278],[-79.6407,36.8561],[-79.7148,36.542],[-80.0535,36.5425],[-80.0502,36.6093],[-80.0605,36.6345],[-80.0585,36.6607],[-80.0936,36.7215],[-80.0847,36.7401],[-80.0947,36.7463],[-80.0889,36.7599],[-80.0951,36.7782]],[[-79.9041,36.6841],[-79.8942,36.672],[-79.8598,36.6619],[-79.8598,36.6504],[-79.8422,36.6438],[-79.838,36.6593],[-79.839,36.6524],[-79.8274,36.6476],[-79.8266,36.6593],[-79.8443,36.6709],[-79.8374,36.7041],[-79.8748,36.7153],[-79.9041,36.6841]]]}},{"type":"Feature","properties":{"county_fips":"51077","county_name":"Grayson","state":"VA"},"geometry":{"type":"Polygon","coordinates":[[[-81.6469,36.6119],[-81.6109,36.617],[-81.6022,36.6419],[-81.564,36.6582],[-81.5472,36.6565],[-81.5312,36.685],[-81.5314,36.6938],[-81.544,36.7015],[-81.5293,36.7064],[-81.4388,36.7169],[-81.384,36.74],[-81.2681,36.7625],[-81.2268,36.7649],[-81.193,36.7576],[-81.1541,36.769],[-81.1367,36.763],[-81.0885,36.7674],[-81.0865,36.7875],[-81.0424,36.8064],[-80.9309,36.6699],[-80.9441,36.6763],[-80.95,36.6553],[-80.9405,36.6453],[-80.9217,36.6435],[-80.9311,36.6253],[-80.916,36.6293],[-80.9142,36.6502],[-80.838,36.5591],[-81.6775,36.5881],[-81.6469,36.6119]]]}},{"type":"Feature","properties":{"county_fips":"45011","county_name":"Barnwell","state":"SC"},"geometry":{"type":"Polygon","coordinates":[[[-81.7717,33.1815],[-81.7661,33.1778],[-81.7571,33.1981],[-81.3748,33.4897],[-81.2969,33.4799],[-81.2537,33.4462],[-81.2222,33.4407],[-81.2132,33.3979],[-81.2179,33.2084],[-81.2278,33.1607],[-81.1931,33.1187],[-81.3649,33.1081],[-81.5419,33.1583],[-81.6141,33.0952],[-81.6423,33.0932],[-81.7217,33.1265],[-81.7631,33.1594],[-81.7717,33.1815]]]}},{"type":"Feature","properties":{"county_fips":"45081","county_name":"Saluda","state":"SC"},"geometry":{"type":"Polygon","coordinates":[[[-82.0103,33.964],[-81.9888,33.9984],[-81.9473,34.0371],[-81.9158,34.091],[-81.9003,34.095],[-81.897,34.1069],[-81.8685,34.1324],[-81.8792,34.1579],[-81.8606,34.1794],[-81.8389,34.1722],[-81.8273,34.1822],[-81.8273,34.1728],[-81.7842,34.1727],[-81.7788,34.1647],[-81.7316,34.1876],[-81.7155,34.1752],[-81.6915,34.1729],[-81.6727,34.156],[-81.637,34.1462],[-81.6227,34.1263],[-81.6076,34.1232],[-81.6005,34.1129],[-81.5896,34.1172],[-81.5389,34.0817],[-81.5139,34.0823],[-81.5025,34.0739],[-81.4851,34.0823],[-81.472,34.0766],[-81.5715,33.8773],[-81.6518,33.8145],[-81.8368,33.8665],[-81.8704,33.892],[-81.8946,33.9754],[-81.932,33.9769],[-82.0103,33.964]]]}},{"type":"Feature","properties":{"county_fips":"45023","county_name":"Chester","state":"SC"},"geometry":{"type":"Polygon","coordinates":[[[-81.4883,34.7355],[-81.4529,34.7628],[-81.4593,34.7975],[-81.4693,34.8028],[-81.4691,34.811],[-81.4874,34.8134],[-81.4766,34.8226],[-80.8982,34.8208],[-80.8764,34.7885],[-80.8777,34.7439],[-80.8599,34.7002],[-80.8886,34.6686],[-80.8965,34.6352],[-80.8893,34.6182],[-80.8922,34.598],[-80.8783,34.5811],[-80.873,34.553],[-80.8776,34.5431],[-80.9509,34.5454],[-81.4227,34.572],[-81.4165,34.6353],[-81.442,34.6537],[-81.4543,34.6752],[-81.4542,34.7209],[-81.4794,34.7239],[-81.4883,34.7355]]]}},{"type":"Feature","properties":{"county_fips":"51045","county_name":"Craig","state":"VA"},"geometry":{"type":"Polygon","coordinates":[[[-80.4728,37.4238],[-80.372,37.4741],[-80.3632,37.48],[-80.3668,37.4849],[-80.2998,37.5083],[-80.2824,37.5335],[-80.3093,37.5274],[-80.3303,37.5362],[-80.3124,37.5462],[-80.3285,37.5643],[-80.2589,37.5955],[-80.221,37.6278],[-80.2052,37.6163],[-80.1703,37.6163],[-80.1444,37.5966],[-80.0327,37.6603],[-80.0206,37.6474],[-80.032,37.6386],[-80.0276,37.6242],[-79.9691,37.5444],[-80.0095,37.5108],[-80.043,37.449],[-80.0696,37.4248],[-80.1476,37.3825],[-80.2003,37.3784],[-80.2622,37.3415],[-80.3248,37.3688],[-80.3914,37.3318],[-80.4309,37.3164],[-80.4422,37.3199],[-80.4469,37.3321],[-80.4361,37.3397],[-80.4728,37.4238]]]}},{"type":"Feature","properties":{"county_fips":"37157","county_name":"Rockingham","state":"NC"},"geometry":{"type":"Polygon","coordinates":[[[-80.0351,36.2572],[-80.0273,36.5425],[-79.5136,36.5408],[-79.5324,36.2415],[-80.0351,36.2572]]]}},{"type":"Feature","properties":{"county_fips":"13297","county_name":"Walton","state":"GA"},"geometry":{"type":"Polygon","coordinates":[[[-83.982,33.7863],[-83.7991,33.9298],[-83.7646,33.9072],[-83.761,33.8948],[-83.7442,33.9057],[-83.7274,33.8982],[-83.6764,33.9176],[-83.6389,33.9083],[-83.6303,33.8866],[-83.5836,33.8836],[-83.5906,33.8634],[-83.5733,33.8474],[-83.5332,33.8209],[-83.5059,33.8178],[-83.6809,33.5969],[-83.6994,33.6094],[-83.6916,33.617],[-83.7344,33.6456],[-83.7583,33.6464],[-83.982,33.7863]]]}},{"type":"Feature","properties":{"county_fips":"13263","county_name":"Talbot","state":"GA"},"geometry":{"type":"Polygon","coordinates":[[[-84.7032,32.7007],[-84.6934,32.7081],[-84.6933,32.7225],[-84.6829,32.7228],[-84.6931,32.7388],[-84.6924,32.8294],[-84.7005,32.8446],[-84.5707,32.8452],[-84.4983,32.8836],[-84.4759,32.8769],[-84.4901,32.8569],[-84.4673,32.853],[-84.4566,32.8287],[-84.4427,32.8252],[-84.4335,32.8385],[-84.4149,32.8345],[-84.3825,32.7803],[-84.3556,32.7736],[-84.3536,32.7836],[-84.3357,32.7596],[-84.3014,32.7613],[-84.2862,32.7476],[-84.2888,32.7362],[-84.3379,32.7206],[-84.3389,32.679],[-84.3642,32.6794],[-84.3744,32.6377],[-84.4084,32.6105],[-84.4089,32.5619],[-84.4921,32.562],[-84.4918,32.5483],[-84.5047,32.5482],[-84.5048,32.5418],[-84.5326,32.5427],[-84.5325,32.5498],[-84.551,32.5427],[-84.5538,32.5487],[-84.566,32.5401],[-84.5614,32.5281],[-84.5861,32.5226],[-84.6049,32.535],[-84.6196,32.5298],[-84.649,32.535],[-84.6786,32.5189],[-84.6945,32.5187],[-84.6785,32.5337],[-84.6675,32.5639],[-84.6947,32.5637],[-84.6938,32.6858],[-84.7032,32.6862],[-84.7032,32.7007]]]}},{"type":"Feature","properties":{"county_fips":"13277","county_name":"Tift","state":"GA"},"geometry":{"type":"Polygon","coordinates":[[[-83.6667,31.4342],[-83.6658,31.4851],[-83.6506,31.4847],[-83.649,31.5965],[-83.5007,31.594],[-83.501,31.5701],[-83.4708,31.5694],[-83.4709,31.556],[-83.4206,31.5535],[-83.397,31.5311],[-83.3822,31.4871],[-83.3387,31.476],[-83.3392,31.4651],[-83.3695,31.4651],[-83.3709,31.4011],[-83.3848,31.401],[-83.385,31.3888],[-83.3995,31.3893],[-83.3999,31.3764],[-83.4152,31.3759],[-83.4153,31.3632],[-83.4299,31.3639],[-83.4302,31.3507],[-83.4449,31.3496],[-83.4455,31.336],[-83.4605,31.333],[-83.4606,31.3263],[-83.6541,31.3307],[-83.6518,31.4339],[-83.6667,31.4342]]]}},{"type":"Feature","properties":{"county_fips":"51710","county_name":"Norfolk","state":"VA"},"geometry":{"type":"Polygon","coordinates":[[[-76.326,36.9037],[-76.3257,36.9632],[-76.3005,36.9564],[-76.2961,36.969],[-76.2799,36.9684],[-76.2286,36.9419],[-76.1771,36.9301],[-76.1768,36.921],[-76.1925,36.918],[-76.182,36.9067],[-76.1985,36.8866],[-76.1884,36.8741],[-76.1933,36.8652],[-76.1769,36.857],[-76.1795,36.8497],[-76.1973,36.8281],[-76.2261,36.8399],[-76.2438,36.8369],[-76.2575,36.8208],[-76.2747,36.828],[-76.29,36.822],[-76.3019,36.853],[-76.3279,36.8761],[-76.3157,36.8882],[-76.3141,36.9025],[-76.2879,36.9034],[-76.3179,36.9115],[-76.326,36.9037]]]}},{"type":"Feature","properties":{"county_fips":"13159","county_name":"Jasper","state":"GA"},"geometry":{"type":"Polygon","coordinates":[[[-83.863,33.3435],[-83.8571,33.3538],[-83.8631,33.3683],[-83.8539,33.3672],[-83.8569,33.3717],[-83.831,33.3935],[-83.8452,33.4147],[-83.8283,33.4151],[-83.8249,33.4373],[-83.8122,33.4347],[-83.7713,33.4525],[-83.7367,33.4809],[-83.7047,33.4885],[-83.7123,33.4951],[-83.7052,33.5008],[-83.6876,33.4831],[-83.6784,33.4836],[-83.6881,33.5106],[-83.6822,33.5262],[-83.5337,33.4345],[-83.5459,33.1719],[-83.816,33.1318],[-83.8141,33.1485],[-83.8246,33.1756],[-83.8073,33.193],[-83.8343,33.2101],[-83.8134,33.2486],[-83.8323,33.2723],[-83.8274,33.2925],[-83.8428,33.3184],[-83.8397,33.3278],[-83.863,33.3435]]]}},{"type":"Feature","properties":{"county_fips":"37105","county_name":"Lee","state":"NC"},"geometry":{"type":"Polygon","coordinates":[[[-79.3599,35.4775],[-79.3519,35.4775],[-79.3359,35.4978],[-79.3488,35.5196],[-79.311,35.532],[-79.3239,35.5438],[-79.2846,35.555],[-79.2901,35.5397],[-79.2676,35.5327],[-79.2452,35.553],[-79.2446,35.5693],[-79.2205,35.5674],[-79.2239,35.5508],[-79.1999,35.5586],[-79.2012,35.5762],[-79.1868,35.5799],[-79.142,35.6231],[-79.1192,35.6283],[-79.0687,35.6089],[-79.0526,35.5961],[-79.0456,35.5684],[-79.024,35.5484],[-78.9908,35.5402],[-78.9696,35.5217],[-79.1836,35.3072],[-79.2733,35.3523],[-79.2896,35.4004],[-79.3302,35.4246],[-79.3267,35.4349],[-79.3599,35.4775]]]}},{"type":"Feature","properties":{"county_fips":"37107","county_name":"Lenoir","state":"NC"},"geometry":{"type":"Polygon","coordinates":[[[-77.8342,35.1778],[-77.8242,35.3438],[-77.8062,35.3688],[-77.6975,35.3771],[-77.6823,35.3497],[-77.6732,35.3479],[-77.6376,35.3543],[-77.6144,35.3776],[-77.5907,35.3736],[-77.5664,35.383],[-77.5342,35.3981],[-77.5283,35.4143],[-77.5099,35.4215],[-77.4839,35.4137],[-77.4744,35.4268],[-77.4634,35.3996],[-77.4485,35.3927],[-77.455,35.3855],[-77.4452,35.38],[-77.4482,35.3715],[-77.4315,35.367],[-77.4264,35.3498],[-77.4082,35.3534],[-77.3918,35.3456],[-77.3916,35.3392],[-77.4313,35.3298],[-77.4311,35.313],[-77.4491,35.3018],[-77.4262,35.2624],[-77.4326,35.2502],[-77.4737,35.229],[-77.5272,35.243],[-77.5075,35.1728],[-77.6013,35.0714],[-77.731,35.0081],[-77.746,35.0223],[-77.7496,35.1086],[-77.7692,35.1456],[-77.8342,35.1778]]]}},{"type":"Feature","properties":{"county_fips":"13193","county_name":"Macon","state":"GA"},"geometry":{"type":"MultiPolygon","coordinates":[[[[-84.053,32.5306],[-84.0034,32.5299],[-84.0006,32.5215],[-84.0533,32.522],[-84.053,32.5306]]],[[[-84.2559,32.2962],[-84.2484,32.4006],[-84.1978,32.401],[-84.1223,32.5059],[-84.1113,32.5057],[-84.1112,32.5141],[-84.0723,32.5142],[-84.0722,32.5219],[-84.0343,32.5135],[-84.0341,32.4974],[-84.0173,32.4971],[-84.0181,32.5064],[-83.9874,32.5061],[-83.9873,32.5143],[-83.9712,32.5142],[-83.9711,32.5059],[-83.9234,32.5114],[-83.9311,32.4837],[-83.923,32.4833],[-83.9228,32.4974],[-83.8827,32.492],[-83.8721,32.479],[-83.8494,32.4729],[-83.8462,32.4394],[-83.8367,32.4393],[-83.837,32.3822],[-83.8565,32.3824],[-83.8566,32.3578],[-83.8468,32.3577],[-83.8484,32.291],[-83.8948,32.2922],[-83.8976,32.2807],[-83.9651,32.248],[-83.9759,32.2287],[-84.0295,32.1825],[-84.0313,32.1705],[-84.0492,32.1851],[-84.0741,32.1841],[-84.0889,32.192],[-84.1347,32.1854],[-84.1341,32.228],[-84.2201,32.2311],[-84.2192,32.2951],[-84.2559,32.2962]]]]}},{"type":"Feature","properties":{"county_fips":"37061","county_name":"Duplin","state":"NC"},"geometry":{"type":"Polygon","coordinates":[[[-78.1985,34.742],[-78.1471,34.9025],[-78.1598,35.0798],[-78.1718,35.0935],[-78.1634,35.1897],[-78.0774,35.1751],[-78.0445,35.1925],[-78.0202,35.1937],[-77.984,35.1836],[-77.9701,35.1659],[-77.926,35.173],[-77.8917,35.1466],[-77.8889,35.1599],[-77.8342,35.1778],[-77.7692,35.1456],[-77.7496,35.1086],[-77.746,35.0223],[-77.6748,34.9739],[-77.6801,34.9711],[-77.6534,34.9405],[-77.6511,34.9235],[-77.6772,34.7981],[-77.6801,34.7206],[-77.938,34.7232],[-77.952,34.7147],[-77.9614,34.7199],[-77.9812,34.714],[-78.0127,34.7326],[-78.0307,34.7248],[-78.1024,34.7254],[-78.1352,34.7102],[-78.1985,34.742]]]}},{"type":"Feature","properties":{"county_fips":"37037","county_name":"Chatham","state":"NC"},"geometry":{"type":"Polygon","coordinates":[[[-79.5558,35.515],[-79.5424,35.8433],[-79.2373,35.8442],[-79.2504,35.857],[-79.2495,35.8768],[-79.0819,35.8608],[-78.9061,35.8681],[-78.9094,35.843],[-78.995,35.6102],[-78.9161,35.5841],[-78.9696,35.5217],[-78.9908,35.5402],[-79.024,35.5484],[-79.0456,35.5684],[-79.0526,35.5961],[-79.0687,35.6089],[-79.1192,35.6283],[-79.142,35.6231],[-79.1868,35.5799],[-79.2012,35.5762],[-79.1999,35.5586],[-79.2239,35.5508],[-79.2205,35.5674],[-79.2446,35.5693],[-79.2452,35.553],[-79.2676,35.5327],[-79.2901,35.5397],[-79.2821,35.5515],[-79.287,35.5551],[-79.3239,35.5438],[-79.3121,35.5305],[-79.3501,35.518],[-79.5558,35.515]]]}},{"type":"Feature","properties":{"county_fips":"13053","county_name":"Chattahoochee","state":"GA"},"geometry":{"type":"Polygon","coordinates":[[[-85.0081,32.3367],[-84.9835,32.3632],[-84.9841,32.3735],[-84.9451,32.376],[-84.8822,32.4105],[-84.819,32.4128],[-84.8078,32.4225],[-84.7922,32.414],[-84.7819,32.4248],[-84.7677,32.4207],[-84.7667,32.4349],[-84.7451,32.4589],[-84.7246,32.5074],[-84.6373,32.5349],[-84.6382,32.4948],[-84.6573,32.4949],[-84.6589,32.2329],[-84.8025,32.2309],[-84.8025,32.221],[-84.814,32.2211],[-84.8139,32.2309],[-84.923,32.2309],[-84.9127,32.2433],[-84.9244,32.2498],[-84.9072,32.249],[-84.8891,32.2609],[-84.9338,32.2983],[-85.0019,32.322],[-85.0081,32.3367]]]}},{"type":"Feature","properties":{"county_fips":"51700","county_name":"Newport News","state":"VA"},"geometry":{"type":"Polygon","coordinates":[[[-76.6256,37.129],[-76.6044,37.1601],[-76.6074,37.1688],[-76.578,37.1871],[-76.5913,37.2132],[-76.5652,37.2205],[-76.5266,37.1771],[-76.5168,37.1786],[-76.5061,37.1541],[-76.4591,37.101],[-76.4377,37.094],[-76.4513,37.077],[-76.4424,37.0188],[-76.4247,37.0254],[-76.405,36.9936],[-76.3877,36.9897],[-76.411,36.963],[-76.4253,36.9664],[-76.4521,36.9982],[-76.4482,37.0077],[-76.4613,37.0245],[-76.5186,37.0557],[-76.5266,37.0785],[-76.5603,37.1113],[-76.57,37.1084],[-76.5505,37.0815],[-76.5589,37.082],[-76.5571,37.0762],[-76.6256,37.129]]]}},{"type":"Feature","properties":{"county_fips":"51550","county_name":"Chesapeake","state":"VA"},"geometry":{"type":"Polygon","coordinates":[[[-76.4915,36.5507],[-76.4575,36.8148],[-76.4204,36.8663],[-76.4015,36.8665],[-76.3835,36.8375],[-76.4037,36.814],[-76.3757,36.7861],[-76.2921,36.7987],[-76.29,36.822],[-76.2747,36.828],[-76.2575,36.8208],[-76.2438,36.8369],[-76.2261,36.8399],[-76.2037,36.7697],[-76.1433,36.757],[-76.0976,36.7161],[-76.0822,36.7124],[-76.0656,36.6855],[-76.0692,36.6775],[-76.122,36.6658],[-76.1223,36.5505],[-76.4915,36.5507]]]}},{"type":"Feature","properties":{"county_fips":"51079","county_name":"Greene","state":"VA"},"geometry":{"type":"Polygon","coordinates":[[[-78.6613,38.2804],[-78.6512,38.2935],[-78.6343,38.292],[-78.6027,38.3069],[-78.5875,38.3248],[-78.5531,38.3348],[-78.5445,38.3625],[-78.5228,38.3695],[-78.5151,38.3937],[-78.4932,38.4063],[-78.4528,38.4755],[-78.4351,38.4518],[-78.4408,38.4097],[-78.4236,38.3827],[-78.4276,38.3636],[-78.3831,38.3187],[-78.3658,38.3174],[-78.3576,38.3006],[-78.3665,38.2958],[-78.3485,38.2885],[-78.3503,38.278],[-78.3195,38.2688],[-78.2953,38.2769],[-78.2885,38.2723],[-78.369,38.1841],[-78.6613,38.2804]]]}},{"type":"Feature","properties":{"county_fips":"51760","county_name":"Richmond","state":"VA"},"geometry":{"type":"Polygon","coordinates":[[[-77.6012,37.5452],[-77.5848,37.5585],[-77.5298,37.5592],[-77.5259,37.5682],[-77.5475,37.5725],[-77.5439,37.5813],[-77.532,37.5826],[-77.5326,37.5918],[-77.4824,37.5731],[-77.4725,37.5787],[-77.4781,37.5989],[-77.4476,37.6028],[-77.4376,37.5987],[-77.4393,37.5855],[-77.4133,37.58],[-77.4117,37.5523],[-77.3951,37.5494],[-77.3932,37.5373],[-77.3855,37.5352],[-77.3939,37.5261],[-77.3874,37.5171],[-77.3943,37.5149],[-77.3939,37.505],[-77.4165,37.5171],[-77.4228,37.4961],[-77.4189,37.4466],[-77.4594,37.4643],[-77.4913,37.4564],[-77.5141,37.4759],[-77.5286,37.5319],[-77.545,37.5281],[-77.5545,37.543],[-77.5924,37.5329],[-77.6012,37.5452]]]}},{"type":"Feature","properties":{"county_fips":"51570","county_name":"Colonial Heights","state":"VA"},"geometry":{"type":"Polygon","coordinates":[[[-77.4317,37.2763],[-77.4123,37.283],[-77.3997,37.2719],[-77.4019,37.282],[-77.3791,37.2841],[-77.3682,37.2985],[-77.3621,37.2839],[-77.3777,37.271],[-77.3816,37.2438],[-77.4099,37.2337],[-77.4165,37.2332],[-77.4156,37.2639],[-77.4224,37.2625],[-77.4317,37.2763]]]}},{"type":"Feature","properties":{"county_fips":"13069","county_name":"Coffee","state":"GA"},"geometry":{"type":"Polygon","coordinates":[[[-83.1511,31.4616],[-83.1456,31.4723],[-83.1117,31.4782],[-83.065,31.5528],[-83.0588,31.6112],[-83.0448,31.6108],[-83.0444,31.6242],[-83.0302,31.6237],[-83.0294,31.6362],[-83.0142,31.6357],[-83.0134,31.6608],[-82.9988,31.6605],[-82.9957,31.781],[-82.991,31.7765],[-82.9907,31.7871],[-82.9832,31.7837],[-82.9785,31.7931],[-82.9553,31.783],[-82.9187,31.7841],[-82.9194,31.7787],[-82.8993,31.7914],[-82.8997,31.7833],[-82.8904,31.7804],[-82.8767,31.7871],[-82.877,31.7809],[-82.8631,31.783],[-82.8364,31.8162],[-82.8366,31.6714],[-82.6273,31.6727],[-82.6283,31.5583],[-82.5963,31.5579],[-82.5975,31.4693],[-82.6282,31.4693],[-82.629,31.3639],[-82.8172,31.3645],[-82.8441,31.4033],[-82.9581,31.403],[-82.9585,31.4173],[-83.1405,31.4204],[-83.1386,31.4415],[-83.1511,31.4616]]]}},{"type":"Feature","properties":{"county_fips":"01081","county_name":"Lee","state":"AL"},"geometry":{"type":"Polygon","coordinates":[[[-85.6968,32.6974],[-85.6797,32.6979],[-85.6799,32.7125],[-85.6103,32.7139],[-85.61,32.7279],[-85.5768,32.7289],[-85.5768,32.7364],[-85.5681,32.7365],[-85.5681,32.729],[-85.4907,32.7306],[-85.4908,32.7377],[-85.4818,32.7378],[-85.482,32.7305],[-85.4305,32.7303],[-85.4305,32.745],[-85.4134,32.7447],[-85.4045,32.7305],[-85.285,32.7307],[-85.2848,32.7451],[-85.1348,32.7468],[-85.1133,32.7358],[-85.1227,32.7157],[-85.117,32.692],[-85.0885,32.6578],[-85.1053,32.6448],[-85.0966,32.6347],[-85.0836,32.636],[-85.0894,32.6254],[-85.0675,32.5795],[-85.0225,32.5429],[-85.0008,32.5102],[-85.0608,32.5092],[-85.0593,32.473],[-85.3338,32.4686],[-85.3301,32.4108],[-85.434,32.4098],[-85.4386,32.4971],[-85.4893,32.4969],[-85.6611,32.5679],[-85.6613,32.5823],[-85.6957,32.582],[-85.6968,32.6974]]]}},{"type":"Feature","properties":{"county_fips":"13035","county_name":"Butts","state":"GA"},"geometry":{"type":"Polygon","coordinates":[[[-84.1238,33.2028],[-84.1226,33.2527],[-84.089,33.2856],[-84.1024,33.3021],[-84.0737,33.3018],[-84.073,33.3176],[-84.0635,33.3176],[-84.0613,33.3097],[-84.0536,33.3295],[-84.0331,33.3428],[-84.0327,33.3616],[-84.0213,33.3569],[-84.0076,33.3683],[-83.9644,33.3752],[-83.966,33.3851],[-83.9732,33.3852],[-83.9731,33.4076],[-83.9631,33.4076],[-83.9631,33.4192],[-83.954,33.4252],[-83.9435,33.4253],[-83.9435,33.4418],[-83.9239,33.4442],[-83.9123,33.4177],[-83.8951,33.4073],[-83.8939,33.3952],[-83.8643,33.3771],[-83.8571,33.3538],[-83.8626,33.3412],[-83.8397,33.3278],[-83.8428,33.3184],[-83.8274,33.2925],[-83.8323,33.2723],[-83.8134,33.2486],[-83.8343,33.2101],[-83.8073,33.193],[-83.8223,33.1802],[-83.8426,33.1968],[-83.8681,33.2019],[-84.1238,33.2028]]]}},{"type":"Feature","properties":{"county_fips":"12063","county_name":"Jackson","state":"FL"},"geometry":{"type":"Polygon","coordinates":[[[-85.6001,30.8338],[-85.5756,30.8986],[-85.5477,30.9322],[-85.5303,30.9393],[-85.5305,30.9716],[-85.498,30.9969],[-85.0019,31.0007],[-85.0059,30.977],[-84.9801,30.9613],[-84.9831,30.9348],[-84.9349,30.8845],[-84.9366,30.859],[-84.9257,30.8427],[-84.9374,30.8209],[-84.9143,30.7536],[-84.8961,30.7506],[-84.8579,30.6984],[-84.8881,30.6631],[-84.9056,30.622],[-84.9325,30.6064],[-85.1677,30.608],[-85.1719,30.5643],[-85.4348,30.5676],[-85.4323,30.7855],[-85.4827,30.7859],[-85.4823,30.8295],[-85.6001,30.8338]]]}},{"type":"Feature","properties":{"county_fips":"13255","county_name":"Spalding","state":"GA"},"geometry":{"type":"Polygon","coordinates":[[[-84.5089,33.2452],[-84.4975,33.2574],[-84.433,33.2565],[-84.4191,33.2935],[-84.4085,33.2942],[-84.4024,33.3055],[-84.3972,33.3015],[-84.3933,33.3169],[-84.3842,33.32],[-84.3881,33.3525],[-84.2474,33.3526],[-84.2473,33.3358],[-84.1506,33.3356],[-84.1509,33.313],[-84.1454,33.3166],[-84.1315,33.3024],[-84.103,33.2988],[-84.089,33.2856],[-84.1226,33.2527],[-84.124,33.1786],[-84.2243,33.1794],[-84.2275,33.1889],[-84.3737,33.1896],[-84.3731,33.2004],[-84.3936,33.2003],[-84.3935,33.2083],[-84.4045,33.2085],[-84.4513,33.2089],[-84.4968,33.1839],[-84.4905,33.1976],[-84.4984,33.2016],[-84.5065,33.2261],[-84.5003,33.2333],[-84.5089,33.2452]]]}},{"type":"Feature","properties":{"county_fips":"13043","county_name":"Candler","state":"GA"},"geometry":{"type":"Polygon","coordinates":[[[-82.2546,32.3515],[-82.1879,32.4336],[-82.1811,32.4741],[-82.1483,32.5204],[-82.0798,32.5601],[-81.971,32.5132],[-81.9798,32.5011],[-81.9741,32.47],[-81.9404,32.4361],[-81.9366,32.4227],[-81.9187,32.4154],[-81.9569,32.2862],[-81.9691,32.2688],[-82.2328,32.3188],[-82.2381,32.3444],[-82.2546,32.3515]]]}},{"type":"Feature","properties":{"county_fips":"13155","county_name":"Irwin","state":"GA"},"geometry":{"type":"Polygon","coordinates":[[[-83.501,31.5701],[-83.4999,31.6195],[-83.4916,31.6194],[-83.4907,31.6961],[-83.4606,31.6954],[-83.4529,31.7086],[-83.4666,31.7418],[-83.4527,31.7506],[-83.4536,31.7579],[-83.3703,31.7571],[-83.3696,31.7697],[-83.3397,31.7696],[-83.3399,31.7566],[-83.3253,31.7566],[-83.3256,31.6806],[-83.2656,31.6799],[-83.2664,31.6542],[-83.1772,31.6517],[-83.1764,31.6784],[-82.9984,31.6732],[-82.9988,31.6605],[-83.0134,31.6608],[-83.0142,31.6357],[-83.0294,31.6362],[-83.0302,31.6237],[-83.0444,31.6242],[-83.0448,31.6108],[-83.0588,31.6112],[-83.06,31.5655],[-83.0683,31.5452],[-83.1198,31.4737],[-83.3765,31.482],[-83.4071,31.5435],[-83.4206,31.5535],[-83.4709,31.556],[-83.4708,31.5694],[-83.501,31.5701]]]}},{"type":"Feature","properties":{"county_fips":"13287","county_name":"Turner","state":"GA"},"geometry":{"type":"Polygon","coordinates":[[[-83.8022,31.8035],[-83.6126,31.8041],[-83.6123,31.8541],[-83.4802,31.8473],[-83.4844,31.8348],[-83.4551,31.7783],[-83.4522,31.7522],[-83.4666,31.7418],[-83.4529,31.7086],[-83.4606,31.6954],[-83.4907,31.6961],[-83.4916,31.6194],[-83.4999,31.6195],[-83.5007,31.594],[-83.649,31.5965],[-83.6494,31.568],[-83.6638,31.5656],[-83.6727,31.5762],[-83.67,31.5951],[-83.6989,31.6028],[-83.7065,31.6191],[-83.7968,31.6229],[-83.8022,31.8035]]]}},{"type":"Feature","properties":{"county_fips":"13109","county_name":"Evans","state":"GA"},"geometry":{"type":"Polygon","coordinates":[[[-82.0253,32.2789],[-81.9532,32.2668],[-81.8927,32.2748],[-81.8563,32.2571],[-81.8417,32.2409],[-81.8163,32.2375],[-81.8039,32.2198],[-81.8034,32.1992],[-81.7809,32.1753],[-81.7773,32.1319],[-81.7539,32.1114],[-81.7563,32.1046],[-81.7268,32.0988],[-81.7187,32.0894],[-81.7617,32.0479],[-81.8891,32.0504],[-81.98,32.0815],[-82.0253,32.2789]]]}},{"type":"Feature","properties":{"county_fips":"13007","county_name":"Baker","state":"GA"},"geometry":{"type":"Polygon","coordinates":[[[-84.6417,31.259],[-84.6381,31.3321],[-84.6276,31.3321],[-84.6277,31.3416],[-84.6383,31.3417],[-84.6376,31.4339],[-84.5466,31.4319],[-84.546,31.4408],[-84.5244,31.4315],[-84.5243,31.44],[-84.5135,31.4396],[-84.5138,31.431],[-84.4908,31.4279],[-84.4908,31.4354],[-84.4686,31.4388],[-84.4591,31.4548],[-84.436,31.4463],[-84.4481,31.4366],[-84.1411,31.4402],[-84.1536,31.4135],[-84.1771,31.4106],[-84.1776,31.3932],[-84.1826,31.3992],[-84.1957,31.3914],[-84.198,31.3575],[-84.2251,31.356],[-84.2401,31.3384],[-84.2675,31.3416],[-84.2756,31.3298],[-84.3109,31.324],[-84.3163,31.3117],[-84.3409,31.3049],[-84.3355,31.2915],[-84.3407,31.2787],[-84.3594,31.2597],[-84.3658,31.2405],[-84.406,31.2189],[-84.4043,31.1991],[-84.4129,31.1884],[-84.4201,31.1872],[-84.4169,31.1932],[-84.4202,31.1976],[-84.4826,31.1567],[-84.481,31.139],[-84.5068,31.1233],[-84.5001,31.118],[-84.5081,31.0784],[-84.5427,31.079],[-84.5371,31.2559],[-84.6417,31.259]]]}},{"type":"Feature","properties":{"county_fips":"13293","county_name":"Upson","state":"GA"},"geometry":{"type":"MultiPolygon","coordinates":[[[[-84.3027,32.9997],[-84.2987,33.0041],[-84.2987,32.9997],[-84.3027,32.9997]]],[[[-84.5344,32.9642],[-84.5057,32.9726],[-84.4897,32.9937],[-84.2987,32.9915],[-84.2987,32.9997],[-84.2891,32.9913],[-84.1224,32.9896],[-84.1243,32.8009],[-84.1493,32.8012],[-84.2026,32.69],[-84.219,32.7198],[-84.2363,32.721],[-84.2292,32.7327],[-84.2358,32.7383],[-84.2564,32.7227],[-84.2627,32.7393],[-84.2843,32.7445],[-84.3014,32.7613],[-84.3357,32.7596],[-84.3536,32.7836],[-84.3556,32.7736],[-84.3825,32.7803],[-84.4205,32.8384],[-84.4342,32.8381],[-84.4427,32.8252],[-84.4566,32.8287],[-84.4673,32.853],[-84.4901,32.8569],[-84.4759,32.8769],[-84.5069,32.8818],[-84.5116,32.9123],[-84.5266,32.9135],[-84.5193,32.9524],[-84.5344,32.9642]]]]}},{"type":"Feature","properties":{"county_fips":"37187","county_name":"Washington","state":"NC"},"geometry":{"type":"Polygon","coordinates":[[[-76.8473,35.72],[-76.8174,35.7481],[-76.8035,35.7839],[-76.793,35.7899],[-76.8026,35.8052],[-76.7827,35.8242],[-76.7892,35.8376],[-76.7806,35.8539],[-76.7391,35.8766],[-76.72,35.9173],[-76.7014,35.923],[-76.693,35.9424],[-76.6624,35.9321],[-76.5538,35.9402],[-76.3996,35.9821],[-76.3749,35.9554],[-76.3822,35.9482],[-76.3662,35.9348],[-76.38,35.9147],[-76.3536,35.8613],[-76.4056,35.7863],[-76.406,35.6976],[-76.8446,35.7057],[-76.8473,35.72]]]}},{"type":"Feature","properties":{"county_fips":"01067","county_name":"Henry","state":"AL"},"geometry":{"type":"Polygon","coordinates":[[[-85.4174,31.315],[-85.416,31.7067],[-85.2161,31.7024],[-85.2043,31.743],[-85.1654,31.76],[-85.1543,31.7739],[-85.127,31.7623],[-85.1189,31.7327],[-85.1255,31.695],[-85.0799,31.6553],[-85.0845,31.639],[-85.0582,31.6202],[-85.058,31.5708],[-85.0413,31.541],[-85.045,31.5182],[-85.0716,31.4684],[-85.0659,31.4306],[-85.0755,31.4248],[-85.0925,31.3629],[-85.0859,31.3531],[-85.0877,31.3087],[-85.4174,31.315]]]}},{"type":"Feature","properties":{"county_fips":"01031","county_name":"Coffee","state":"AL"},"geometry":{"type":"Polygon","coordinates":[[[-86.1935,31.1922],[-86.1948,31.5299],[-86.1566,31.5302],[-86.1568,31.5375],[-86.144,31.5377],[-86.1459,31.6177],[-85.7891,31.618],[-85.7914,31.1963],[-86.1167,31.193],[-86.1167,31.1821],[-86.1254,31.1821],[-86.1255,31.1928],[-86.1935,31.1922]]]}},{"type":"Feature","properties":{"county_fips":"37071","county_name":"Gaston","state":"NC"},"geometry":{"type":"Polygon","coordinates":[[[-81.4556,35.4198],[-80.9549,35.4001],[-80.9575,35.391],[-80.9856,35.3811],[-80.9837,35.3684],[-80.9733,35.3642],[-80.9613,35.3755],[-80.923,35.3599],[-80.9436,35.3506],[-80.9727,35.3503],[-81.0009,35.3054],[-81.0151,35.2687],[-81.0083,35.2481],[-81.0141,35.222],[-81.0024,35.1808],[-81.0095,35.1531],[-81.0314,35.1484],[-81.328,35.1634],[-81.3217,35.2604],[-81.3557,35.2805],[-81.3666,35.3149],[-81.3567,35.3306],[-81.3989,35.3531],[-81.4556,35.4198]]]}},{"type":"Feature","properties":{"county_fips":"13095","county_name":"Dougherty","state":"GA"},"geometry":{"type":"Polygon","coordinates":[[[-84.4577,31.584],[-84.447,31.6051],[-84.4504,31.6219],[-84.0432,31.6236],[-84.0289,31.6484],[-83.9934,31.65],[-83.9935,31.6414],[-84.0125,31.6336],[-84.0127,31.6246],[-83.9962,31.6252],[-83.9966,31.5635],[-83.9816,31.5633],[-83.9825,31.5516],[-83.9967,31.5517],[-83.9975,31.476],[-83.9824,31.4758],[-83.9826,31.4635],[-83.9977,31.4628],[-83.9978,31.4438],[-84.4299,31.4367],[-84.4125,31.4569],[-84.4473,31.5442],[-84.4549,31.5483],[-84.4577,31.584]]]}},{"type":"Feature","properties":{"county_fips":"13059","county_name":"Clarke","state":"GA"},"geometry":{"type":"Polygon","coordinates":[[[-83.5374,33.9659],[-83.4982,33.9875],[-83.5016,33.9902],[-83.5037,33.9981],[-83.5031,33.9996],[-83.4845,33.9928],[-83.384,34.031],[-83.393,34.0337],[-83.3844,34.0385],[-83.3777,34.0334],[-83.3595,34.0403],[-83.2942,34.0082],[-83.2633,34.0061],[-83.2584,33.9991],[-83.269,34.0006],[-83.2756,33.9775],[-83.2659,33.9631],[-83.2791,33.9547],[-83.2776,33.9467],[-83.2409,33.9044],[-83.2759,33.848],[-83.3231,33.8547],[-83.3275,33.8689],[-83.3462,33.8787],[-83.36,33.8756],[-83.3662,33.8878],[-83.3734,33.8856],[-83.4219,33.9271],[-83.4383,33.9225],[-83.5083,33.9312],[-83.5374,33.9659]]]}},{"type":"Feature","properties":{"county_fips":"13017","county_name":"Ben Hill","state":"GA"},"geometry":{"type":"Polygon","coordinates":[[[-83.4845,31.8355],[-83.4802,31.8473],[-83.2096,31.8446],[-83.1825,31.8518],[-83.152,31.8249],[-83.1346,31.8241],[-83.1326,31.8152],[-83.1408,31.8181],[-83.129,31.81],[-83.1116,31.8092],[-83.1063,31.8192],[-83.0993,31.8083],[-83.0867,31.8127],[-83.0804,31.8006],[-83.039,31.7906],[-83.028,31.7783],[-83.0058,31.7746],[-82.9957,31.781],[-82.9984,31.6732],[-83.1764,31.6784],[-83.1772,31.6517],[-83.2664,31.6542],[-83.2656,31.6799],[-83.3256,31.6806],[-83.3253,31.7566],[-83.3399,31.7566],[-83.3397,31.7696],[-83.3696,31.7697],[-83.3703,31.7571],[-83.4536,31.7579],[-83.4589,31.7936],[-83.4845,31.8355]]]}},{"type":"Feature","properties":{"county_fips":"13037","county_name":"Calhoun","state":"GA"},"geometry":{"type":"Polygon","coordinates":[[[-84.8279,31.6019],[-84.818,31.602],[-84.8178,31.6198],[-84.6565,31.62],[-84.6563,31.6379],[-84.6493,31.6437],[-84.6222,31.6378],[-84.6225,31.6285],[-84.6069,31.6283],[-84.6068,31.6378],[-84.5971,31.6376],[-84.5974,31.6214],[-84.5865,31.6212],[-84.5866,31.6374],[-84.578,31.6373],[-84.578,31.6211],[-84.5688,31.6211],[-84.5688,31.6286],[-84.5571,31.6284],[-84.557,31.6212],[-84.4504,31.6219],[-84.4549,31.5483],[-84.4473,31.5442],[-84.4125,31.4569],[-84.4299,31.4367],[-84.4481,31.4366],[-84.436,31.4463],[-84.4591,31.4548],[-84.4686,31.4388],[-84.4908,31.4354],[-84.4908,31.4279],[-84.5138,31.431],[-84.5135,31.4396],[-84.5353,31.4317],[-84.535,31.4404],[-84.546,31.4408],[-84.5466,31.4319],[-84.789,31.4364],[-84.7894,31.4525],[-84.8074,31.473],[-84.7971,31.4736],[-84.7966,31.5013],[-84.8198,31.4916],[-84.8199,31.5144],[-84.8078,31.5189],[-84.81,31.5308],[-84.8196,31.5309],[-84.8189,31.5479],[-84.8103,31.5477],[-84.7991,31.5653],[-84.8184,31.5657],[-84.8182,31.5932],[-84.8281,31.5925],[-84.8279,31.6019]]]}},{"type":"Feature","properties":{"county_fips":"13225","county_name":"Peach","state":"GA"},"geometry":{"type":"Polygon","coordinates":[[[-84.0164,32.5082],[-84.0073,32.523],[-84.0011,32.5206],[-84.0031,32.5302],[-83.9547,32.563],[-83.955,32.5527],[-83.9452,32.5527],[-83.9454,32.5696],[-83.9297,32.5873],[-83.9201,32.587],[-83.7666,32.6926],[-83.7011,32.6916],[-83.7092,32.6513],[-83.7281,32.6508],[-83.7282,32.6351],[-83.7186,32.635],[-83.7187,32.6106],[-83.7127,32.6106],[-83.7192,32.5978],[-83.7219,32.5233],[-83.7487,32.5342],[-83.749,32.5052],[-83.778,32.5055],[-83.7779,32.5129],[-83.7873,32.5128],[-83.7878,32.4965],[-83.7977,32.4966],[-83.7977,32.447],[-83.8276,32.4391],[-83.8278,32.4576],[-83.8866,32.4938],[-83.9228,32.4974],[-83.923,32.4833],[-83.9311,32.4837],[-83.9234,32.5114],[-83.9325,32.5057],[-83.9711,32.5059],[-83.9712,32.5142],[-83.9873,32.5143],[-83.9874,32.5061],[-84.0164,32.5082]]]}},{"type":"Feature","properties":{"county_fips":"13093","county_name":"Dooly","state":"GA"},"geometry":{"type":"Polygon","coordinates":[[[-84.0332,32.1539],[-84.0262,32.1723],[-84.0311,32.1789],[-84.0126,32.2014],[-83.9759,32.2287],[-83.9651,32.248],[-83.8976,32.2807],[-83.8948,32.2922],[-83.7184,32.2902],[-83.7188,32.2831],[-83.7003,32.2826],[-83.7004,32.29],[-83.6064,32.2884],[-83.6064,32.2513],[-83.6158,32.2515],[-83.6158,32.2417],[-83.6069,32.2383],[-83.6097,32.0279],[-83.9613,32.0306],[-83.9684,32.0461],[-83.9799,32.044],[-83.9768,32.0616],[-83.9872,32.0716],[-83.9748,32.0922],[-83.9978,32.1005],[-83.9965,32.1126],[-84.0106,32.1179],[-84.0091,32.1313],[-84.0215,32.136],[-84.0332,32.1539]]]}},{"type":"Feature","properties":{"county_fips":"13207","county_name":"Monroe","state":"GA"},"geometry":{"type":"Polygon","coordinates":[[[-84.1243,32.8496],[-84.1233,32.9322],[-84.0542,32.9315],[-84.0536,32.948],[-84.0441,32.9479],[-84.0415,33.2026],[-83.877,33.2024],[-83.84,33.1951],[-83.8223,33.1802],[-83.8164,33.1246],[-83.799,33.1166],[-83.7745,33.0797],[-83.747,33.0634],[-83.7254,33.0327],[-83.7212,33.0234],[-83.7296,33.0136],[-83.719,33.0011],[-83.7229,32.9773],[-83.7061,32.9644],[-83.7107,32.9528],[-83.7341,32.9524],[-83.7259,32.9449],[-83.8919,32.8484],[-83.9684,32.8489],[-83.9683,32.8571],[-83.9781,32.8571],[-83.9784,32.8489],[-84.1243,32.8496]]]}},{"type":"Feature","properties":{"county_fips":"37033","county_name":"Caswell","state":"NC"},"geometry":{"type":"Polygon","coordinates":[[[-79.5319,36.2497],[-79.5136,36.5408],[-79.1383,36.5417],[-79.154,36.2419],[-79.5319,36.2497]]]}}]}