{"type":"FeatureCollection","features":[{"type":"Feature","id":"NV","geometry":{"type":"MultiPolygon","coordinates":[[[[-114.04,40.69],[-114.05,40.5],[-114.05,40.3],[-114.05,40.1],[-114.05,40.0],[-114.05,39.76],[-114.05,39.61],[-114.05,39.46],[-114.05,39.36],[-114.05,39.24],[-114.05,39.09],[-114.05,38.91],[-114.05,38.75],[-114.05,38.55],[-114.05,38.2],[-114.05,37.95],[-114.05,37.78],[-114.05,37.71],[-114.05,37.47],[-114.05,37.13],[-114.05,37.0],[-114.05,37.0],[-114.05,36.82],[-114.05,36.6],[-114.04,36.38],[-114.04,36.21],[-114.11,36.1],[-114.23,36.01],[-114.32,36.1],[-114.51,36.15],[-114.67,36.12],[-114.74,36.05],[-114.74,35.99],[-114.71,35.92],[-114.67,35.86],[-114.7,35.81],[-114.7,35.74],[-114.69,35.67],[-114.65,35.61],[-114.66,35.54],[-114.68,35.49],[-114.61,35.37],[-114.58,35.22],[-114.57,35.14],[-114.63,35.12],[-114.61,35.08],[-114.63,35.0],[-114.63,35.0],[-114.63,35.0],[-114.82,35.15],[-115.12,35.39],[-115.37,35.59],[-115.65,35.81],[-115.9,36.0],[-116.08,36.15],[-116.38,36.37],[-116.87,36.75],[-117.32,37.08],[-117.8,37.44],[-118.04,37.62],[-118.23,37.75],[-118.52,37.96],[-119.0,38.3],[-119.44,38.61],[-119.76,38.83],[-119.97,38.98],[-120.01,39.38],[-120.0,39.58],[-120.0,39.8],[-120.0,40.09],[-120.0,40.4],[-120.0,40.87],[-120.0,41.27],[-120.0,41.98],[-120.0,41.99],[-120.0,41.99],[-119.91,42.0],[-119.8,42.0],[-119.7,42.0],[-119.61,42.0],[-119.48,42.0],[-119.36,41.99],[-119.25,41.99],[-119.0,41.99],[-118.78,41.99],[-118.54,41.99],[-118.43,42.0],[-118.35,42.0],[-118.2,42.0],[-118.1,42.0],[-118.06,42.0],[-117.99,42.0],[-117.9,42.0],[-117.79,42.0],[-117.72,42.0],[-117.62,42.0],[-117.52,42.0],[-117.46,42.0],[-117.33,42.0],[-117.18,42.0],[-117.03,42.0],[-117.03,42.0],[-117.02,42.0],[-116.86,42.0],[-116.71,42.0],[-116.55,42.0],[-116.49,42.0],[-116.38,42.0],[-116.21,42.0],[-116.13,42.0],[-116.01,42.0],[-115.99,42.0],[-115.85,42.0],[-115.7,42.0],[-115.53,42.0],[-115.4,42.0],[-115.31,42.0],[-115.25,42.0],[-115.12,42.0],[-114.92,42.0],[-114.76,42.0],[-114.65,42.0],[-114.61,42.0],[-114.5,41.99],[-114.4,42.0],[-114.3,41.99],[-114.18,41.99],[-114.05,41.99],[-114.04,41.99],[-114.04,41.89],[-114.04,41.59],[-114.04,41.36],[-114.04,41.06],[-114.04,40.76],[-114.04,40.69]]]]},"properties":{"state":"NV"}},{"type":"Feature","id":"AZ","geometry":{"type":"MultiPolygon","coordinates":[[[[-114.63,34.87],[-114.63,35.0],[-114.63,35.0],[-114.61,35.08],[-114.63,35.12],[-114.57,35.14],[-114.58,35.22],[-114.61,35.37],[-114.68,35.49],[-114.66,35.54],[-114.65,35.61],[-114.69,35.67],[-114.7,35.74],[-114.7,35.81],[-114.67,35.86],[-114.71,35.92],[-114.74,35.99],[-114.74,36.05],[-114.67,36.12],[-114.51,36.15],[-114.32,36.1],[-114.23,36.01],[-114.11,36.1],[-114.04,36.21],[-114.04,36.38],[-114.05,36.6],[-114.05,36.82],[-114.05,37.0],[-114.05,37.0],[-114.05,37.0],[-113.95,37.0],[-113.87,37.0],[-113.62,37.0],[-113.47,37.0],[-113.32,37.0],[-113.18,37.0],[-113.02,37.0],[-112.99,37.0],[-112.97,37.0],[-112.75,37.0],[-112.48,37.0],[-112.33,37.0],[-111.99,37.0],[-111.59,37.0],[-111.4,37.0],[-111.25,37.0],[-111.04,37.0],[-110.74,37.0],[-110.55,37.0],[-110.27,37.0],[-110.14,37.0],[-109.83,37.0],[-109.44,37.0],[-109.27,37.0],[-109.05,37.0],[-109.05,37.0],[-109.05,37.0],[-109.05,36.85],[-109.05,36.7],[-109.05,36.55],[-109.05,36.42],[-109.05,36.29],[-109.05,36.19],[-109.05,36.03],[-109.05,35.93],[-109.05,35.81],[-109.05,35.65],[-109.05,35.46],[-109.05,35.31],[-109.05,34.91],[-109.05,34.71],[-109.05,34.45],[-109.05,34.08],[-109.05,33.71],[-109.05,33.35],[-109.05,33.07],[-109.05,32.7],[-109.05,32.41],[-109.05,32.18],[-109.05,31.87],[-109.05,31.64],[-109.05,31.33],[-109.06,31.33],[-109.25,31.33],[-109.3,31.33],[-109.34,31.33],[-109.38,31.33],[-109.45,31.33],[-109.53,31.33],[-109.63,31.33],[-109.79,31.33],[-109.98,31.33],[-110.21,31.33],[-110.49,31.33],[-110.57,31.33],[-110.65,31.33],[-110.78,31.33],[-110.88,31.33],[-110.94,31.33],[-110.94,31.33],[-110.98,31.33],[-111.13,31.35],[-111.24,31.39],[-111.29,31.4],[-111.33,31.41],[-111.36,31.42],[-111.38,31.43],[-111.44,31.45],[-111.48,31.46],[-111.5,31.47],[-111.53,31.48],[-111.57,31.49],[-111.62,31.51],[-111.66,31.52],[-111.73,31.54],[-111.79,31.56],[-111.92,31.6],[-111.97,31.62],[-111.99,31.62],[-112.03,31.64],[-112.09,31.66],[-112.14,31.67],[-112.16,31.68],[-112.21,31.69],[-112.33,31.73],[-112.4,31.75],[-112.44,31.76],[-112.52,31.79],[-112.57,31.8],[-112.63,31.82],[-112.68,31.84],[-112.72,31.85],[-112.76,31.86],[-112.81,31.88],[-112.83,31.89],[-112.87,31.9],[-112.91,31.91],[-113.21,32.0],[-113.23,32.01],[-113.3,32.03],[-113.61,32.13],[-113.78,32.18],[-113.91,32.22],[-113.97,32.24],[-114.11,32.28],[-114.21,32.31],[-114.26,32.33],[-114.29,32.34],[-114.38,32.36],[-114.61,32.43],[-114.78,32.48],[-114.81,32.5],[-114.82,32.51],[-114.81,32.51],[-114.81,32.52],[-114.81,32.52],[-114.81,32.53],[-114.81,32.54],[-114.79,32.55],[-114.79,32.57],[-114.8,32.57],[-114.81,32.56],[-114.81,32.57],[-114.8,32.58],[-114.8,32.6],[-114.81,32.6],[-114.81,32.61],[-114.8,32.62],[-114.8,32.62],[-114.78,32.62],[-114.77,32.64],[-114.76,32.65],[-114.75,32.66],[-114.75,32.67],[-114.75,32.67],[-114.74,32.68],[-114.74,32.68],[-114.74,32.69],[-114.74,32.69],[-114.73,32.7],[-114.73,32.71],[-114.72,32.71],[-114.72,32.72],[-114.72,32.72],[-114.69,32.74],[-114.64,32.73],[-114.59,32.73],[-114.47,32.87],[-114.48,32.97],[-114.63,33.03],[-114.68,33.23],[-114.72,33.4],[-114.61,33.47],[-114.54,33.59],[-114.5,33.7],[-114.53,33.84],[-114.51,33.91],[-114.5,33.96],[-114.44,34.04],[-114.36,34.13],[-114.26,34.17],[-114.15,34.31],[-114.29,34.42],[-114.38,34.48],[-114.44,34.64],[-114.48,34.71],[-114.57,34.79],[-114.63,34.87]]]]},"properties":{"state":"AZ"}},{"type":"Feature","id":"WI","geometry":{"type":"MultiPolygon","coordinates":[[[[-87.82,42.49],[-87.93,42.49],[-88.1,42.5],[-88.21,42.5],[-88.27,42.49],[-88.34,42.49],[-88.52,42.49],[-88.75,42.49],[-88.93,42.49],[-89.0,42.5],[-89.03,42.5],[-89.05,42.5],[-89.12,42.5],[-89.17,42.5],[-89.31,42.5],[-89.4,42.5],[-89.54,42.5],[-89.61,42.5],[-89.71,42.51],[-89.84,42.51],[-89.96,42.51],[-90.15,42.51],[-90.29,42.51],[-90.5,42.51],[-90.56,42.51],[-90.64,42.51],[-90.64,42.51],[-90.64,42.53],[-90.68,42.58],[-90.76,42.65],[-90.86,42.67],[-90.93,42.68],[-91.0,42.72],[-91.05,42.74],[-91.06,42.75],[-91.07,42.77],[-91.08,42.82],[-91.09,42.83],[-91.1,42.87],[-91.12,42.9],[-91.14,42.93],[-91.16,42.99],[-91.18,43.05],[-91.18,43.12],[-91.14,43.17],[-91.08,43.23],[-91.08,43.28],[-91.14,43.33],[-91.21,43.36],[-91.2,43.4],[-91.23,43.45],[-91.22,43.5],[-91.22,43.5],[-91.22,43.5],[-91.24,43.77],[-91.31,43.86],[-91.47,44.01],[-91.77,44.15],[-92.03,44.39],[-92.37,44.56],[-92.55,44.57],[-92.69,44.69],[-92.77,44.86],[-92.79,45.08],[-92.75,45.21],[-92.7,45.34],[-92.66,45.39],[-92.68,45.46],[-92.85,45.57],[-92.88,45.68],[-92.77,45.8],[-92.68,45.91],[-92.55,45.97],[-92.38,46.02],[-92.29,46.08],[-92.29,46.32],[-92.29,46.64],[-92.2,46.71],[-89.97,47.29],[-89.96,47.29],[-89.97,47.28],[-90.34,46.55],[-90.27,46.51],[-90.22,46.5],[-90.18,46.46],[-90.16,46.41],[-90.13,46.38],[-90.12,46.36],[-89.76,46.27],[-89.43,46.2],[-88.93,46.07],[-88.73,46.03],[-88.67,45.99],[-88.58,46.01],[-88.5,46.0],[-88.38,45.99],[-88.29,45.95],[-88.1,45.92],[-88.08,45.78],[-87.86,45.74],[-87.79,45.57],[-87.85,45.41],[-87.72,45.38],[-87.7,45.27],[-87.69,45.15],[-87.02,42.49],[-87.02,42.49],[-87.81,42.49]]]]},"properties":{"state":"WI"}},{"type":"Feature","id":"GA","geometry":{"type":"MultiPolygon","coordinates":[[[[-81.12,32.3],[-81.16,32.24],[-81.02,32.09],[-80.75,32.03],[-80.75,32.03],[-80.77,32.02],[-80.78,32.01],[-80.78,32.0],[-80.78,32.0],[-80.78,31.99],[-80.79,31.98],[-80.79,31.96],[-80.81,31.94],[-80.84,31.92],[-80.87,31.89],[-80.88,31.88],[-80.9,31.85],[-80.92,31.83],[-80.94,31.81],[-80.97,31.79],[-80.99,31.76],[-81.0,31.75],[-81.01,31.73],[-81.05,31.69],[-81.07,31.63],[-81.08,31.59],[-81.09,31.54],[-81.09,31.52],[-81.1,31.52],[-81.11,31.5],[-81.12,31.48],[-81.13,31.48],[-81.14,31.47],[-81.15,31.47],[-81.15,31.46],[-81.16,31.45],[-81.16,31.44],[-81.16,31.43],[-81.17,31.43],[-81.17,31.42],[-81.17,31.41],[-81.18,31.41],[-81.18,31.41],[-81.19,31.4],[-81.19,31.4],[-81.19,31.4],[-81.18,31.39],[-81.17,31.38],[-81.17,31.38],[-81.17,31.36],[-81.18,31.34],[-81.19,31.33],[-81.19,31.33],[-81.18,31.31],[-81.18,31.3],[-81.18,31.3],[-81.18,31.27],[-81.19,31.25],[-81.2,31.24],[-81.21,31.22],[-81.21,31.21],[-81.22,31.2],[-81.23,31.18],[-81.24,31.17],[-81.25,31.16],[-81.26,31.16],[-81.28,31.16],[-81.3,31.15],[-81.29,31.14],[-81.29,31.13],[-81.29,31.12],[-81.29,31.11],[-81.29,31.1],[-81.3,31.08],[-81.31,31.07],[-81.33,31.06],[-81.34,31.06],[-81.35,31.04],[-81.34,31.02],[-81.33,31.01],[-81.32,31.0],[-81.31,31.0],[-81.3,30.99],[-81.3,30.97],[-81.32,30.95],[-81.33,30.94],[-81.35,30.92],[-81.35,30.9],[-81.36,30.88],[-81.36,30.86],[-81.36,30.85],[-81.37,30.84],[-81.37,30.82],[-81.39,30.8],[-81.39,30.8],[-81.39,30.79],[-81.4,30.77],[-81.39,30.76],[-81.38,30.76],[-81.37,30.76],[-81.37,30.75],[-81.35,30.74],[-81.35,30.72],[-81.35,30.71],[-81.35,30.71],[-81.6,30.73],[-81.68,30.75],[-81.77,30.76],[-81.88,30.81],[-81.96,30.8],[-82.02,30.76],[-82.04,30.69],[-82.03,30.61],[-82.01,30.55],[-82.02,30.47],[-82.04,30.41],[-82.06,30.36],[-82.11,30.37],[-82.15,30.36],[-82.18,30.37],[-82.2,30.4],[-82.21,30.43],[-82.21,30.46],[-82.21,30.49],[-82.24,30.53],[-82.66,30.6],[-83.83,30.66],[-84.69,30.7],[-84.93,30.84],[-85.0,31.0],[-85.0,31.0],[-85.0,31.0],[-85.06,31.14],[-85.11,31.26],[-85.08,31.41],[-85.06,31.58],[-85.1,31.67],[-85.13,31.76],[-85.13,31.87],[-85.08,31.95],[-85.05,32.08],[-84.97,32.19],[-84.92,32.23],[-84.91,32.27],[-84.98,32.37],[-85.0,32.51],[-85.09,32.62],[-85.1,32.64],[-85.11,32.68],[-85.12,32.72],[-85.13,32.78],[-85.16,32.84],[-85.22,33.04],[-85.35,33.73],[-85.46,34.27],[-85.52,34.55],[-85.6,34.98],[-85.61,34.98],[-85.6,34.98],[-85.52,34.98],[-85.46,34.98],[-85.41,34.98],[-85.36,34.98],[-85.32,34.98],[-85.3,34.98],[-85.27,34.98],[-85.25,34.99],[-85.22,34.99],[-85.2,34.99],[-85.16,34.99],[-85.12,34.99],[-85.1,34.99],[-85.05,34.99],[-84.98,34.99],[-84.93,34.99],[-84.86,34.99],[-84.78,34.99],[-84.72,34.99],[-84.64,34.99],[-84.57,34.99],[-84.49,34.99],[-84.39,34.99],[-84.36,34.99],[-84.32,34.99],[-84.32,34.99],[-84.32,34.99],[-84.27,34.99],[-84.24,34.99],[-84.2,34.99],[-84.16,34.99],[-84.13,34.99],[-84.09,34.99],[-84.06,34.99],[-84.03,34.99],[-84.0,34.99],[-83.97,34.99],[-83.95,34.99],[-83.92,34.99],[-83.89,34.99],[-83.83,34.99],[-83.81,34.99],[-83.78,34.99],[-83.73,34.99],[-83.69,34.99],[-83.62,34.99],[-83.55,34.99],[-83.43,34.99],[-83.36,35.0],[-83.32,35.0],[-83.21,35.0],[-83.11,35.0],[-83.11,35.0],[-83.11,34.94],[-83.21,34.89],[-83.29,34.82],[-83.35,34.7],[-83.14,34.57],[-82.96,34.48],[-82.85,34.41],[-82.78,34.29],[-82.66,34.1],[-82.51,33.94],[-82.19,33.63],[-81.93,33.38],[-81.89,33.32],[-81.83,33.27],[-81.78,33.22],[-81.56,33.05],[-81.43,32.77],[-81.33,32.56],[-81.23,32.52],[-81.2,32.45],[-81.17,32.37],[-81.14,32.35],[-81.12,32.3]]]]},"properties":{"state":"GA"}},{"type":"Feature","id":"KS","geometry":{"type":"MultiPolygon","coordinates":[[[[-96.28,37.0],[-96.55,37.0],[-96.91,37.0],[-97.12,37.0],[-97.41,37.0],[-97.72,37.0],[-98.04,37.0],[-98.44,37.0],[-98.69,37.0],[-99.21,37.0],[-99.6,37.0],[-99.8,37.0],[-100.22,37.0],[-100.73,37.0],[-101.09,37.0],[-101.5,37.0],[-101.78,36.99],[-101.97,36.99],[-102.04,36.99],[-102.04,36.99],[-102.04,37.11],[-102.04,37.22],[-102.04,37.34],[-102.04,37.46],[-102.04,37.49],[-102.04,37.69],[-102.04,37.81],[-102.04,37.94],[-102.04,38.06],[-102.04,38.18],[-102.04,38.27],[-102.04,38.31],[-102.04,38.42],[-102.05,38.47],[-102.04,38.53],[-102.05,38.6],[-102.05,38.66],[-102.05,38.84],[-102.05,39.24],[-102.05,39.34],[-102.05,39.41],[-102.05,39.54],[-102.05,39.68],[-102.05,39.87],[-102.05,40.0],[-102.05,40.0],[-102.04,40.0],[-101.42,40.0],[-101.1,40.0],[-100.73,40.0],[-100.57,40.0],[-100.39,40.0],[-100.16,40.0],[-99.95,40.0],[-99.67,40.0],[-99.31,40.0],[-99.02,40.0],[-98.75,40.0],[-98.46,40.0],[-98.24,40.0],[-97.98,40.0],[-97.74,40.0],[-97.43,40.0],[-97.14,40.0],[-96.88,40.0],[-96.63,40.0],[-96.47,40.0],[-96.26,40.0],[-96.0,40.0],[-95.73,40.0],[-95.54,40.0],[-95.31,40.0],[-95.31,40.0],[-95.31,40.0],[-95.12,39.87],[-94.93,39.87],[-94.88,39.8],[-94.92,39.76],[-94.86,39.77],[-94.95,39.75],[-94.97,39.68],[-95.05,39.64],[-95.1,39.53],[-94.89,39.36],[-94.81,39.21],[-94.61,39.1],[-94.61,39.0],[-94.61,38.89],[-94.61,38.76],[-94.61,38.62],[-94.61,38.34],[-94.61,38.17],[-94.61,38.01],[-94.62,37.81],[-94.62,37.65],[-94.62,37.45],[-94.62,37.26],[-94.62,37.11],[-94.62,37.0],[-94.62,37.0],[-94.77,37.0],[-94.96,37.0],[-95.16,37.0],[-95.41,37.0],[-95.59,37.0],[-95.79,37.0],[-96.05,37.0],[-96.28,37.0]]]]},"properties":{"state":"KS"}},{"type":"Feature","id":"CT","geometry":{"type":"MultiPolygon","coordinates":[[[[-72.64,42.03],[-72.6,42.02],[-72.57,42.03],[-72.46,42.03],[-72.32,42.03],[-72.18,42.03],[-72.11,42.03],[-72.03,42.03],[-71.95,42.03],[-71.87,42.02],[-71.82,42.02],[-71.8,42.01],[-71.8,42.0],[-71.8,41.95],[-71.8,41.92],[-71.8,41.87],[-71.79,41.82],[-71.79,41.77],[-71.79,41.71],[-71.79,41.66],[-71.79,41.63],[-71.79,41.59],[-71.79,41.57],[-71.79,41.56],[-71.79,41.52],[-71.8,41.46],[-71.8,41.44],[-71.8,41.42],[-71.81,41.42],[-71.83,41.41],[-71.84,41.41],[-71.84,41.39],[-71.83,41.38],[-71.83,41.38],[-71.84,41.36],[-71.83,41.34],[-71.87,41.32],[-71.91,41.3],[-71.91,41.3],[-71.91,41.31],[-72.11,41.26],[-72.55,41.17],[-72.97,41.09],[-73.25,41.03],[-73.54,40.97],[-73.66,40.99],[-73.66,41.02],[-73.68,41.04],[-73.69,41.06],[-73.71,41.11],[-73.65,41.14],[-73.61,41.15],[-73.57,41.17],[-73.52,41.2],[-73.51,41.25],[-73.55,41.32],[-73.54,41.39],[-73.54,41.45],[-73.54,41.46],[-73.53,41.49],[-73.52,41.63],[-73.51,41.75],[-73.5,41.88],[-73.49,41.96],[-73.49,42.05],[-73.49,42.05],[-73.43,42.05],[-73.34,42.05],[-73.28,42.05],[-73.2,42.04],[-73.13,42.04],[-73.05,42.04],[-72.92,42.04],[-72.82,42.04],[-72.76,42.01],[-72.76,42.02],[-72.76,42.02],[-72.76,42.02],[-72.75,42.03],[-72.75,42.04],[-72.64,42.03]]]]},"properties":{"state":"CT"}},{"type":"Feature","id":"IN","geometry":{"type":"MultiPolygon","coordinates":[[[[-87.53,41.43],[-87.52,41.57],[-87.52,41.7],[-87.21,41.76],[-87.19,41.76],[-86.81,41.76],[-86.78,41.76],[-86.69,41.76],[-86.53,41.76],[-86.51,41.76],[-86.37,41.76],[-86.27,41.76],[-86.24,41.76],[-86.2,41.76],[-86.06,41.76],[-85.96,41.76],[-85.88,41.76],[-85.79,41.76],[-85.71,41.76],[-85.63,41.76],[-85.52,41.76],[-85.37,41.76],[-85.27,41.76],[-85.18,41.76],[-85.1,41.76],[-85.06,41.76],[-84.99,41.76],[-84.87,41.76],[-84.81,41.75],[-84.81,41.7],[-84.81,41.7],[-84.81,41.69],[-84.81,41.6],[-84.8,41.56],[-84.8,41.47],[-84.8,41.41],[-84.8,41.31],[-84.8,41.27],[-84.8,41.19],[-84.8,41.07],[-84.8,40.98],[-84.8,40.89],[-84.8,40.82],[-84.8,40.69],[-84.8,40.57],[-84.8,40.47],[-84.8,40.35],[-84.8,40.29],[-84.81,40.19],[-84.81,39.97],[-84.81,39.8],[-84.81,39.68],[-84.82,39.57],[-84.82,39.41],[-84.82,39.32],[-84.82,39.25],[-84.82,39.11],[-84.82,39.11],[-84.82,39.11],[-84.83,38.97],[-84.78,38.88],[-84.96,38.78],[-85.19,38.69],[-85.43,38.73],[-85.56,38.45],[-85.64,38.38],[-85.77,38.29],[-85.85,38.23],[-85.91,38.09],[-86.06,37.97],[-86.34,38.16],[-86.52,37.96],[-86.65,37.84],[-86.77,37.93],[-86.89,37.96],[-87.06,37.82],[-87.22,37.85],[-87.37,37.93],[-87.45,37.94],[-87.54,37.92],[-87.6,37.97],[-87.68,37.84],[-87.83,37.88],[-88.03,37.8],[-88.03,37.8],[-88.07,37.87],[-88.01,38.03],[-87.93,38.15],[-87.94,38.26],[-87.86,38.28],[-87.75,38.45],[-87.64,38.58],[-87.5,38.76],[-87.54,38.89],[-87.56,38.99],[-87.65,39.15],[-87.61,39.29],[-87.53,39.48],[-87.53,39.9],[-87.53,40.07],[-87.53,40.27],[-87.53,40.41],[-87.53,40.55],[-87.53,40.68],[-87.53,40.81],[-87.53,41.04],[-87.53,41.15],[-87.53,41.42]]]]},"properties":{"state":"IN"}},{"type":"Feature","id":"ME","geometry":{"type":"MultiPolygon","coordinates":[[[[-67.46,45.41],[-67.43,45.36],[-67.46,45.31],[-67.48,45.28],[-67.41,45.16],[-67.3,45.16],[-67.29,45.19],[-67.17,45.16],[-66.98,44.86],[-67.09,44.64],[-67.34,44.52],[-67.72,44.39],[-68.17,44.19],[-68.64,43.95],[-69.06,43.86],[-69.51,43.75],[-70.35,43.34],[-70.42,43.09],[-70.58,42.92],[-70.83,43.16],[-70.82,43.23],[-70.84,43.25],[-70.89,43.28],[-70.94,43.34],[-70.98,43.37],[-70.98,43.42],[-70.97,43.47],[-70.96,43.5],[-70.95,43.51],[-70.96,43.54],[-70.95,43.55],[-70.96,43.56],[-70.97,43.57],[-70.98,43.63],[-70.98,43.7],[-70.98,43.72],[-70.98,43.73],[-70.99,43.88],[-71.0,44.07],[-71.01,44.26],[-71.02,44.44],[-71.04,44.78],[-71.06,45.05],[-71.08,45.31],[-71.08,45.31],[-71.03,45.31],[-71.0,45.34],[-70.91,45.3],[-70.86,45.23],[-70.81,45.3],[-70.81,45.38],[-70.75,45.43],[-70.66,45.38],[-70.63,45.43],[-70.71,45.5],[-70.69,45.57],[-70.6,45.63],[-70.52,45.67],[-70.43,45.71],[-70.39,45.75],[-70.39,45.82],[-70.31,45.86],[-70.26,45.93],[-70.28,45.96],[-70.29,46.0],[-70.29,46.04],[-70.3,46.08],[-70.25,46.12],[-70.26,46.16],[-70.28,46.21],[-70.25,46.26],[-70.21,46.3],[-70.16,46.36],[-70.11,46.39],[-70.09,46.41],[-69.46,47.23],[-69.14,47.45],[-69.07,47.43],[-69.04,47.41],[-69.05,47.38],[-68.98,47.22],[-68.91,47.19],[-68.74,47.23],[-68.6,47.25],[-68.47,47.3],[-68.38,47.3],[-68.34,47.36],[-68.27,47.35],[-68.15,47.32],[-68.09,47.28],[-68.02,47.24],[-67.95,47.2],[-67.9,47.14],[-67.84,47.09],[-67.79,46.87],[-67.79,46.77],[-67.78,46.35],[-67.78,46.15],[-67.78,45.98],[-67.78,45.94],[-67.77,45.93],[-67.77,45.93],[-67.76,45.93],[-67.75,45.92],[-67.75,45.92],[-67.75,45.91],[-67.76,45.91],[-67.77,45.9],[-67.77,45.9],[-67.79,45.89],[-67.8,45.88],[-67.8,45.87],[-67.79,45.85],[-67.77,45.83],[-67.78,45.82],[-67.79,45.68],[-67.72,45.68],[-67.61,45.61],[-67.5,45.59],[-67.44,45.59],[-67.43,45.54],[-67.42,45.5],[-67.47,45.51],[-67.48,45.5],[-67.49,45.47],[-67.48,45.44],[-67.46,45.41]]]]},"properties":{"state":"ME"}},{"type":"Feature","id":"MA","geometry":{"type":"MultiPolygon","coordinates":[[[[-72.64,42.03],[-72.64,42.03],[-72.75,42.04],[-72.75,42.03],[-72.76,42.02],[-72.76,42.02],[-72.76,42.02],[-72.76,42.01],[-72.82,42.04],[-72.92,42.04],[-73.05,42.04],[-73.13,42.04],[-73.2,42.04],[-73.28,42.05],[-73.34,42.05],[-73.43,42.05],[-73.49,42.05],[-73.49,42.05],[-73.51,42.09],[-73.49,42.12],[-73.48,42.16],[-73.47,42.19],[-73.45,42.23],[-73.45,42.25],[-73.42,42.33],[-73.41,42.34],[-73.41,42.35],[-73.41,42.35],[-73.4,42.38],[-73.4,42.39],[-73.39,42.4],[-73.38,42.43],[-73.38,42.45],[-73.37,42.46],[-73.37,42.46],[-73.36,42.48],[-73.36,42.5],[-73.34,42.54],[-73.33,42.57],[-73.32,42.59],[-73.31,42.61],[-73.28,42.71],[-73.27,42.74],[-73.26,42.75],[-73.26,42.75],[-73.21,42.74],[-73.21,42.74],[-73.18,42.74],[-73.12,42.74],[-73.1,42.74],[-73.07,42.74],[-73.05,42.74],[-73.02,42.74],[-72.98,42.74],[-72.93,42.74],[-72.92,42.74],[-72.87,42.74],[-72.85,42.74],[-72.79,42.74],[-72.76,42.74],[-72.72,42.73],[-72.69,42.73],[-72.68,42.73],[-72.66,42.73],[-72.61,42.73],[-72.6,42.73],[-72.57,42.73],[-72.57,42.73],[-72.46,42.73],[-72.46,42.73],[-72.46,42.73],[-72.46,42.73],[-72.37,42.72],[-72.22,42.72],[-72.09,42.72],[-72.01,42.71],[-71.96,42.71],[-71.81,42.71],[-71.66,42.71],[-71.55,42.7],[-71.47,42.7],[-71.42,42.7],[-71.35,42.7],[-71.29,42.7],[-71.23,42.75],[-71.2,42.74],[-71.19,42.79],[-71.11,42.82],[-71.07,42.81],[-71.05,42.84],[-71.0,42.86],[-70.98,42.87],[-70.94,42.88],[-70.9,42.89],[-70.87,42.87],[-70.83,42.87],[-70.73,42.87],[-70.74,42.87],[-70.75,42.86],[-70.74,42.84],[-70.74,42.83],[-70.73,42.81],[-70.73,42.8],[-70.74,42.79],[-70.73,42.77],[-70.73,42.76],[-70.72,42.74],[-70.63,42.74],[-70.5,42.64],[-70.57,42.56],[-70.65,42.41],[-70.69,42.27],[-70.66,42.24],[-70.64,42.18],[-70.41,42.13],[-70.25,42.13],[-70.17,42.13],[-70.12,42.13],[-70.01,42.07],[-69.94,41.99],[-69.9,41.91],[-69.87,41.84],[-69.87,41.81],[-69.86,41.77],[-69.86,41.71],[-69.87,41.65],[-69.89,41.62],[-69.92,41.58],[-69.93,41.53],[-69.97,41.5],[-70.0,41.49],[-70.02,41.47],[-70.08,41.47],[-70.12,41.5],[-70.13,41.53],[-70.09,41.56],[-70.07,41.59],[-70.07,41.61],[-70.09,41.61],[-70.14,41.6],[-70.18,41.59],[-70.21,41.58],[-70.25,41.56],[-70.3,41.57],[-70.35,41.57],[-70.39,41.56],[-70.42,41.53],[-70.46,41.51],[-70.49,41.5],[-70.51,41.5],[-70.49,41.47],[-70.48,41.47],[-70.41,41.46],[-70.38,41.38],[-70.35,41.38],[-70.29,41.39],[-70.25,41.39],[-70.22,41.37],[-70.19,41.36],[-70.13,41.35],[-70.1,41.35],[-70.12,41.4],[-70.07,41.44],[-69.99,41.43],[-69.96,41.4],[-69.94,41.36],[-69.91,41.32],[-69.89,41.29],[-69.89,41.27],[-69.9,41.25],[-69.93,41.21],[-69.98,41.19],[-70.05,41.19],[-70.14,41.19],[-70.23,41.22],[-70.34,41.27],[-70.39,41.27],[-70.44,41.27],[-70.51,41.3],[-70.57,41.3],[-70.63,41.3],[-70.67,41.29],[-70.69,41.29],[-70.71,41.27],[-70.73,41.26],[-70.74,41.23],[-70.81,41.2],[-70.88,41.22],[-70.89,41.26],[-70.87,41.29],[-70.89,41.32],[-70.9,41.36],[-70.9,41.37],[-70.96,41.35],[-71.01,41.36],[-71.03,41.38],[-71.04,41.41],[-71.09,41.43],[-71.09,41.43],[-71.13,41.54],[-71.14,41.6],[-71.13,41.65],[-71.15,41.66],[-71.19,41.67],[-71.2,41.68],[-71.29,41.76],[-71.33,41.78],[-71.33,41.79],[-71.33,41.79],[-71.33,41.79],[-71.34,41.8],[-71.35,41.83],[-71.34,41.85],[-71.34,41.89],[-71.36,41.9],[-71.38,41.91],[-71.38,41.95],[-71.38,42.01],[-71.45,42.02],[-71.51,42.02],[-71.54,42.01],[-71.61,42.01],[-71.7,42.01],[-71.79,42.01],[-71.8,42.01],[-71.82,42.02],[-71.87,42.02],[-71.95,42.03],[-72.03,42.03],[-72.11,42.03],[-72.18,42.03],[-72.32,42.03],[-72.46,42.03],[-72.57,42.03],[-72.6,42.02]]]]},"properties":{"state":"MA"}},{"type":"Feature","id":"MT","geometry":{"type":"MultiPolygon","coordinates":[[[[-113.19,44.8],[-113.46,44.88],[-113.45,45.04],[-113.75,45.4],[-113.9,45.62],[-114.09,45.59],[-114.47,45.56],[-114.5,45.85],[-114.51,46.03],[-114.48,46.16],[-114.38,46.42],[-114.32,46.65],[-114.64,46.67],[-114.78,46.73],[-114.93,46.92],[-115.42,47.28],[-115.69,47.49],[-115.87,47.84],[-116.05,48.4],[-116.04,49.0],[-115.94,49.0],[-115.71,49.0],[-115.64,49.0],[-115.5,49.0],[-115.28,49.0],[-115.21,49.0],[-115.06,49.0],[-114.9,49.0],[-114.8,49.0],[-114.73,49.0],[-114.48,49.0],[-114.15,49.0],[-114.0,49.0],[-113.91,49.0],[-113.86,49.0],[-113.68,49.0],[-113.59,49.0],[-113.51,49.0],[-113.35,49.0],[-113.24,49.0],[-113.13,49.0],[-113.09,49.0],[-113.02,49.0],[-113.0,49.0],[-112.86,49.0],[-112.66,49.0],[-112.5,49.0],[-112.37,49.0],[-112.16,49.0],[-112.0,49.0],[-111.95,49.0],[-111.81,49.0],[-111.6,49.0],[-111.4,49.0],[-111.3,49.0],[-111.23,49.0],[-111.07,49.0],[-110.98,49.0],[-110.79,49.0],[-110.64,49.0],[-110.61,49.0],[-110.54,49.0],[-110.5,49.0],[-110.28,49.0],[-110.19,49.0],[-110.07,49.0],[-109.87,49.0],[-109.68,49.0],[-109.55,49.0],[-109.49,49.0],[-109.43,49.0],[-109.29,49.0],[-109.19,49.0],[-109.08,49.0],[-109.02,49.0],[-108.97,49.0],[-108.63,49.0],[-108.09,49.0],[-108.0,49.0],[-107.89,49.0],[-107.8,49.0],[-107.74,49.0],[-107.59,49.0],[-107.52,49.0],[-107.41,49.0],[-107.28,49.0],[-107.19,49.0],[-107.15,49.0],[-106.98,49.0],[-106.91,49.0],[-106.84,49.0],[-106.78,49.0],[-106.68,49.0],[-106.62,49.0],[-106.5,49.0],[-106.42,49.0],[-106.37,49.0],[-106.32,49.0],[-106.25,49.0],[-106.16,49.0],[-106.02,49.0],[-105.97,49.0],[-105.79,49.0],[-105.73,49.0],[-105.63,49.0],[-105.53,49.0],[-105.43,49.0],[-105.39,49.0],[-105.31,49.0],[-105.24,49.0],[-105.13,49.0],[-105.01,49.0],[-104.92,49.0],[-104.77,49.0],[-104.66,49.0],[-104.55,49.0],[-104.46,49.0],[-104.31,49.0],[-104.23,49.0],[-104.08,49.0],[-104.05,49.0],[-104.05,48.94],[-104.05,48.87],[-104.05,48.74],[-104.05,48.64],[-104.05,48.51],[-104.05,48.34],[-104.05,48.25],[-104.05,48.17],[-104.04,48.02],[-104.04,47.89],[-104.04,47.81],[-104.04,47.68],[-104.04,47.51],[-104.05,47.34],[-104.05,47.2],[-104.04,47.09],[-104.05,47.02],[-104.05,46.93],[-104.05,46.83],[-104.05,46.73],[-104.05,46.58],[-104.05,46.38],[-104.05,46.26],[-104.05,46.11],[-104.05,45.95],[-104.05,45.95],[-104.05,45.94],[-104.04,45.92],[-104.04,45.92],[-104.04,45.89],[-104.04,45.87],[-104.04,45.76],[-104.04,45.68],[-104.04,45.61],[-104.04,45.57],[-104.04,45.55],[-104.04,45.54],[-104.04,45.52],[-104.04,45.5],[-104.04,45.49],[-104.04,45.47],[-104.04,45.46],[-104.04,45.41],[-104.04,45.37],[-104.04,45.34],[-104.04,45.33],[-104.04,45.26],[-104.04,45.2],[-104.04,45.11],[-104.04,45.05],[-104.04,45.02],[-104.06,45.0],[-104.06,45.0],[-104.06,45.0],[-104.43,45.0],[-104.69,45.0],[-104.8,45.0],[-104.98,45.0],[-105.22,45.0],[-105.46,45.0],[-105.7,45.0],[-106.01,44.99],[-106.42,44.99],[-106.76,45.0],[-106.97,45.0],[-107.23,45.0],[-107.5,45.0],[-107.9,45.0],[-108.2,45.0],[-108.37,45.0],[-108.61,45.0],[-108.84,45.0],[-109.06,45.0],[-109.47,45.0],[-109.85,45.0],[-110.16,45.0],[-110.57,44.99],[-111.06,44.93],[-111.05,44.48],[-111.05,44.47],[-111.23,44.58],[-111.48,44.69],[-111.78,44.52],[-112.31,44.56],[-112.63,44.49],[-112.97,44.43],[-113.19,44.8]]]]},"properties":{"state":"MT"}},{"type":"Feature","id":"MD","geometry":{"type":"MultiPolygon","coordinates":[[[[-77.96,39.72],[-77.79,39.72],[-77.72,39.72],[-77.54,39.72],[-77.47,39.72],[-77.35,39.72],[-77.23,39.72],[-77.07,39.72],[-76.93,39.72],[-76.82,39.72],[-76.7,39.72],[-76.52,39.72],[-76.4,39.72],[-76.26,39.72],[-76.02,39.72],[-75.8,39.72],[-75.79,39.72],[-75.79,39.72],[-75.79,39.68],[-75.79,39.64],[-75.78,39.56],[-75.77,39.48],[-75.77,39.38],[-75.75,39.21],[-75.75,39.11],[-75.74,39.06],[-75.73,38.96],[-75.72,38.85],[-75.72,38.74],[-75.71,38.62],[-75.7,38.54],[-75.67,38.46],[-75.6,38.46],[-75.56,38.46],[-75.53,38.45],[-75.5,38.45],[-75.44,38.45],[-75.38,38.45],[-75.24,38.45],[-75.16,38.45],[-75.12,38.45],[-75.06,38.45],[-74.99,38.45],[-74.99,38.45],[-74.99,38.44],[-74.99,38.43],[-74.99,38.42],[-74.99,38.41],[-75.0,38.38],[-75.0,38.38],[-75.0,38.37],[-75.02,38.32],[-75.02,38.31],[-75.02,38.3],[-75.03,38.29],[-75.04,38.29],[-75.06,38.25],[-75.07,38.23],[-75.09,38.19],[-75.1,38.15],[-75.11,38.13],[-75.12,38.09],[-75.14,38.07],[-75.16,38.04],[-75.17,38.03],[-75.63,37.98],[-76.35,37.95],[-76.6,38.11],[-76.84,38.16],[-76.96,38.24],[-77.11,38.37],[-77.29,38.52],[-77.18,38.62],[-77.1,38.7],[-77.07,38.71],[-77.04,38.73],[-77.04,38.79],[-77.04,38.79],[-77.0,38.83],[-76.99,38.83],[-76.97,38.84],[-76.97,38.85],[-76.95,38.86],[-76.95,38.86],[-76.94,38.87],[-76.93,38.87],[-76.92,38.88],[-76.92,38.89],[-76.91,38.89],[-76.91,38.9],[-76.92,38.9],[-76.92,38.9],[-76.93,38.91],[-76.94,38.92],[-76.96,38.94],[-76.97,38.94],[-76.99,38.95],[-76.99,38.96],[-77.0,38.96],[-77.03,38.98],[-77.06,38.98],[-77.09,38.96],[-77.12,38.93],[-77.12,38.93],[-77.13,38.95],[-77.17,38.97],[-77.2,38.97],[-77.25,38.99],[-77.25,39.03],[-77.29,39.04],[-77.33,39.06],[-77.46,39.07],[-77.52,39.12],[-77.52,39.15],[-77.48,39.19],[-77.46,39.22],[-77.57,39.31],[-77.72,39.32],[-77.72,39.32],[-77.72,39.32],[-77.75,39.42],[-77.78,39.5],[-77.85,39.56],[-77.93,39.61],[-78.03,39.62],[-78.15,39.69],[-78.24,39.65],[-78.36,39.64],[-78.43,39.61],[-78.43,39.56],[-78.45,39.54],[-78.57,39.52],[-78.71,39.56],[-78.77,39.62],[-78.82,39.56],[-78.94,39.47],[-79.04,39.48],[-79.1,39.46],[-79.16,39.39],[-79.23,39.36],[-79.28,39.31],[-79.41,39.24],[-79.46,39.21],[-79.49,39.21],[-79.48,39.72],[-79.48,39.72],[-79.3,39.72],[-79.08,39.72],[-78.9,39.72],[-78.77,39.72],[-78.62,39.72],[-78.45,39.72],[-78.34,39.72],[-78.24,39.72],[-78.12,39.72],[-77.97,39.72]]]]},"properties":{"state":"MD"}},{"type":"Feature","id":"AR","geometry":{"type":"MultiPolygon","coordinates":[[[[-94.27,33.57],[-94.3,33.57],[-94.35,33.55],[-94.4,33.56],[-94.42,33.58],[-94.47,33.6],[-94.46,33.63],[-94.46,33.64],[-94.49,33.64],[-94.49,33.64],[-94.48,33.8],[-94.48,33.89],[-94.47,34.04],[-94.47,34.25],[-94.47,34.36],[-94.47,34.38],[-94.46,34.42],[-94.46,34.64],[-94.45,34.86],[-94.45,34.91],[-94.44,35.13],[-94.44,35.22],[-94.44,35.29],[-94.43,35.32],[-94.43,35.36],[-94.43,35.41],[-94.46,35.56],[-94.48,35.67],[-94.5,35.79],[-94.52,35.91],[-94.53,35.99],[-94.56,36.13],[-94.58,36.24],[-94.59,36.35],[-94.62,36.5],[-94.62,36.5],[-94.62,36.5],[-94.17,36.5],[-93.73,36.5],[-93.43,36.5],[-93.08,36.5],[-92.8,36.5],[-92.29,36.5],[-91.93,36.5],[-91.6,36.5],[-91.42,36.5],[-90.9,36.5],[-90.61,36.5],[-90.33,36.5],[-90.16,36.48],[-90.14,36.42],[-90.07,36.39],[-90.07,36.32],[-90.11,36.27],[-90.14,36.23],[-90.19,36.2],[-90.24,36.16],[-90.28,36.12],[-90.33,36.07],[-90.38,36.0],[-90.13,36.0],[-89.73,36.0],[-89.73,36.0],[-89.73,36.0],[-89.68,35.89],[-89.72,35.81],[-89.8,35.79],[-89.89,35.75],[-89.96,35.72],[-89.89,35.65],[-89.88,35.63],[-89.95,35.6],[-89.95,35.56],[-89.91,35.55],[-89.94,35.52],[-89.96,35.54],[-89.99,35.56],[-90.03,35.56],[-90.05,35.51],[-90.03,35.43],[-90.07,35.46],[-90.11,35.47],[-90.15,35.43],[-90.11,35.41],[-90.13,35.3],[-90.13,35.25],[-90.11,35.17],[-90.2,35.03],[-90.31,35.0],[-90.31,35.0],[-90.31,34.99],[-90.31,34.85],[-90.43,34.86],[-90.47,34.78],[-90.5,34.77],[-90.54,34.76],[-90.47,34.7],[-90.55,34.63],[-90.58,34.64],[-90.57,34.43],[-90.68,34.37],[-90.84,34.25],[-90.86,34.18],[-90.89,34.1],[-90.97,33.96],[-91.07,33.86],[-91.07,33.78],[-91.03,33.69],[-91.17,33.58],[-91.17,33.46],[-91.2,33.4],[-91.11,33.38],[-91.13,33.28],[-91.06,33.24],[-91.2,33.13],[-91.17,33.0],[-91.17,33.0],[-91.17,33.0],[-91.32,33.01],[-91.37,33.01],[-91.49,33.01],[-91.63,33.01],[-91.88,33.01],[-92.1,33.01],[-92.23,33.01],[-92.28,33.01],[-92.35,33.01],[-92.43,33.01],[-92.52,33.01],[-92.54,33.01],[-92.66,33.01],[-92.72,33.01],[-92.81,33.02],[-92.92,33.02],[-93.1,33.02],[-93.21,33.02],[-93.31,33.02],[-93.37,33.02],[-93.48,33.02],[-93.66,33.02],[-93.85,33.02],[-93.98,33.02],[-94.04,33.02],[-94.04,33.02],[-94.04,33.14],[-94.04,33.28],[-94.04,33.35],[-94.04,33.39],[-94.04,33.41],[-94.04,33.42],[-94.04,33.44],[-94.04,33.45],[-94.04,33.47],[-94.04,33.49],[-94.04,33.55],[-94.07,33.55],[-94.08,33.58],[-94.13,33.56],[-94.17,33.59],[-94.2,33.57],[-94.23,33.55],[-94.27,33.57]]]]},"properties":{"state":"AR"}},{"type":"Feature","id":"AL","geometry":{"type":"MultiPolygon","coordinates":[[[[-87.59,31.0],[-87.6,30.94],[-87.62,30.89],[-87.63,30.86],[-87.6,30.83],[-87.57,30.8],[-87.54,30.75],[-87.48,30.72],[-87.43,30.69],[-87.39,30.63],[-87.41,30.59],[-87.43,30.56],[-87.45,30.52],[-87.43,30.48],[-87.4,30.42],[-87.46,30.34],[-87.45,30.3],[-87.57,30.22],[-87.6,30.21],[-87.63,30.21],[-87.66,30.2],[-87.68,30.2],[-87.72,30.19],[-87.75,30.19],[-87.8,30.18],[-87.81,30.18],[-87.81,30.18],[-87.83,30.18],[-87.84,30.18],[-87.87,30.18],[-87.93,30.18],[-87.96,30.18],[-87.97,30.18],[-87.98,30.18],[-87.98,30.18],[-87.98,30.18],[-87.98,30.18],[-87.99,30.18],[-87.99,30.18],[-87.99,30.18],[-87.99,30.18],[-88.0,30.18],[-88.0,30.17],[-88.0,30.17],[-88.0,30.17],[-88.01,30.17],[-88.01,30.16],[-88.01,30.16],[-88.02,30.16],[-88.02,30.16],[-88.03,30.15],[-88.04,30.15],[-88.04,30.15],[-88.04,30.15],[-88.05,30.14],[-88.06,30.14],[-88.06,30.14],[-88.07,30.15],[-88.07,30.15],[-88.08,30.15],[-88.09,30.15],[-88.09,30.15],[-88.09,30.16],[-88.1,30.16],[-88.1,30.17],[-88.11,30.17],[-88.11,30.17],[-88.11,30.17],[-88.12,30.17],[-88.12,30.17],[-88.12,30.17],[-88.12,30.17],[-88.13,30.17],[-88.13,30.17],[-88.13,30.18],[-88.14,30.18],[-88.14,30.18],[-88.14,30.18],[-88.15,30.18],[-88.15,30.19],[-88.15,30.19],[-88.15,30.19],[-88.15,30.19],[-88.16,30.19],[-88.16,30.2],[-88.16,30.2],[-88.16,30.2],[-88.16,30.2],[-88.16,30.2],[-88.17,30.2],[-88.18,30.2],[-88.18,30.2],[-88.19,30.2],[-88.2,30.2],[-88.21,30.19],[-88.21,30.19],[-88.22,30.19],[-88.23,30.19],[-88.25,30.18],[-88.25,30.18],[-88.27,30.18],[-88.28,30.18],[-88.29,30.18],[-88.3,30.18],[-88.31,30.18],[-88.32,30.18],[-88.32,30.18],[-88.33,30.18],[-88.34,30.18],[-88.34,30.19],[-88.35,30.19],[-88.35,30.19],[-88.35,30.18],[-88.36,30.17],[-88.36,30.17],[-88.37,30.17],[-88.38,30.16],[-88.38,30.16],[-88.38,30.16],[-88.4,30.53],[-88.41,30.59],[-88.41,30.68],[-88.41,30.79],[-88.42,30.94],[-88.43,31.15],[-88.44,31.28],[-88.45,31.44],[-88.46,31.7],[-88.47,31.87],[-88.45,32.04],[-88.43,32.23],[-88.4,32.49],[-88.36,32.82],[-88.32,33.2],[-88.28,33.49],[-88.26,33.66],[-88.23,33.86],[-88.22,33.99],[-88.18,34.28],[-88.16,34.45],[-88.13,34.65],[-88.11,34.81],[-88.1,34.88],[-88.2,35.0],[-88.2,35.0],[-88.2,35.0],[-88.13,35.01],[-87.98,35.01],[-87.86,35.01],[-87.76,35.0],[-87.62,35.0],[-87.51,35.0],[-87.42,35.0],[-87.38,35.0],[-87.32,35.0],[-87.24,35.0],[-87.14,35.0],[-87.0,34.99],[-86.9,34.99],[-86.84,34.99],[-86.78,34.99],[-86.73,34.99],[-86.68,34.99],[-86.63,34.99],[-86.56,34.99],[-86.47,34.99],[-86.4,34.99],[-86.23,34.99],[-85.97,34.99],[-85.82,34.99],[-85.61,34.98],[-85.61,34.98],[-85.6,34.98],[-85.52,34.55],[-85.46,34.27],[-85.35,33.73],[-85.22,33.04],[-85.16,32.84],[-85.13,32.78],[-85.12,32.72],[-85.11,32.68],[-85.1,32.64],[-85.09,32.62],[-85.0,32.51],[-84.98,32.37],[-84.91,32.27],[-84.92,32.23],[-84.97,32.19],[-85.05,32.08],[-85.08,31.95],[-85.13,31.87],[-85.13,31.76],[-85.1,31.67],[-85.06,31.58],[-85.08,31.41],[-85.11,31.26],[-85.06,31.14],[-85.0,31.0],[-85.0,31.0],[-85.15,31.0],[-85.49,31.0],[-86.02,30.99],[-86.37,30.99],[-86.67,30.99],[-87.04,31.0],[-87.31,31.0],[-87.44,31.0],[-87.58,31.0]]]]},"properties":{"state":"AL"}},{"type":"Feature","id":"VA","geometry":{"type":"MultiPolygon","coordinates":[[[[-77.08,38.9],[-77.07,38.9],[-77.07,38.9],[-77.06,38.89],[-77.06,38.88],[-77.05,38.88],[-77.05,38.87],[-77.04,38.87],[-77.04,38.86],[-77.04,38.86],[-77.03,38.86],[-77.03,38.85],[-77.03,38.85],[-77.04,38.84],[-77.05,38.84],[-77.04,38.83],[-77.04,38.82],[-77.04,38.79],[-77.04,38.73],[-77.07,38.71],[-77.1,38.7],[-77.18,38.62],[-77.29,38.52],[-77.11,38.37],[-76.96,38.24],[-76.84,38.16],[-76.6,38.11],[-76.35,37.95],[-75.63,37.98],[-75.17,38.03],[-75.18,38.01],[-75.25,37.92],[-75.26,37.9],[-75.28,37.87],[-75.29,37.85],[-75.31,37.83],[-75.35,37.81],[-75.38,37.81],[-75.41,37.82],[-75.46,37.77],[-75.47,37.76],[-75.47,37.75],[-75.47,37.75],[-75.47,37.74],[-75.47,37.74],[-75.47,37.74],[-75.48,37.74],[-75.48,37.73],[-75.48,37.73],[-75.48,37.73],[-75.49,37.73],[-75.49,37.72],[-75.49,37.72],[-75.49,37.72],[-75.49,37.71],[-75.49,37.71],[-75.5,37.71],[-75.5,37.71],[-75.5,37.7],[-75.5,37.7],[-75.5,37.69],[-75.51,37.69],[-75.51,37.69],[-75.51,37.68],[-75.51,37.67],[-75.52,37.67],[-75.52,37.67],[-75.52,37.66],[-75.52,37.65],[-75.52,37.65],[-75.52,37.65],[-75.52,37.64],[-75.53,37.64],[-75.53,37.63],[-75.53,37.63],[-75.54,37.61],[-75.54,37.6],[-75.54,37.6],[-75.54,37.6],[-75.54,37.6],[-75.53,37.6],[-75.53,37.59],[-75.53,37.59],[-75.53,37.59],[-75.53,37.59],[-75.53,37.58],[-75.53,37.58],[-75.53,37.58],[-75.53,37.58],[-75.53,37.57],[-75.53,37.57],[-75.53,37.57],[-75.53,37.57],[-75.53,37.56],[-75.53,37.56],[-75.53,37.56],[-75.53,37.56],[-75.53,37.55],[-75.53,37.55],[-75.53,37.55],[-75.54,37.55],[-75.54,37.54],[-75.54,37.54],[-75.54,37.54],[-75.54,37.54],[-75.55,37.53],[-75.55,37.53],[-75.55,37.53],[-75.56,37.53],[-75.58,37.49],[-75.6,37.47],[-75.6,37.45],[-75.62,37.4],[-75.64,37.36],[-75.68,37.31],[-75.72,37.27],[-75.72,37.26],[-75.73,37.25],[-75.74,37.2],[-75.75,37.18],[-75.8,37.13],[-75.83,37.11],[-75.87,37.07],[-75.91,37.0],[-75.93,36.94],[-75.91,36.86],[-75.88,36.76],[-75.87,36.73],[-75.85,36.69],[-75.83,36.64],[-75.8,36.56],[-75.8,36.55],[-76.15,36.55],[-76.78,36.55],[-77.03,36.54],[-77.46,36.54],[-77.8,36.55],[-78.02,36.54],[-78.16,36.54],[-78.32,36.54],[-78.53,36.54],[-78.76,36.54],[-78.96,36.54],[-79.21,36.54],[-79.47,36.54],[-79.73,36.54],[-80.01,36.54],[-80.24,36.54],[-80.43,36.55],[-80.74,36.56],[-80.95,36.56],[-81.1,36.57],[-81.24,36.57],[-81.37,36.57],[-81.46,36.58],[-81.54,36.58],[-81.67,36.59],[-81.68,36.59],[-81.68,36.59],[-81.75,36.61],[-81.85,36.61],[-81.93,36.6],[-82.03,36.59],[-82.13,36.59],[-82.17,36.59],[-82.18,36.59],[-82.19,36.6],[-82.21,36.6],[-82.23,36.6],[-82.27,36.6],[-82.47,36.59],[-82.56,36.59],[-82.63,36.59],[-82.72,36.59],[-82.79,36.59],[-82.89,36.59],[-83.0,36.59],[-83.15,36.59],[-83.25,36.59],[-83.37,36.6],[-83.52,36.6],[-83.57,36.6],[-83.63,36.6],[-83.68,36.6],[-83.68,36.6],[-83.68,36.6],[-83.64,36.62],[-83.49,36.67],[-83.4,36.68],[-83.3,36.71],[-83.19,36.74],[-83.13,36.76],[-83.11,36.8],[-83.06,36.85],[-82.96,36.86],[-82.89,36.88],[-82.86,36.93],[-82.86,36.96],[-82.87,36.98],[-82.84,36.99],[-82.81,37.01],[-82.75,37.03],[-82.73,37.07],[-82.7,37.13],[-82.62,37.17],[-82.53,37.21],[-82.46,37.24],[-82.37,37.26],[-82.31,37.3],[-82.17,37.4],[-81.97,37.54],[-81.97,37.54],[-81.97,37.54],[-81.98,37.49],[-81.93,37.37],[-81.87,37.33],[-81.8,37.29],[-81.74,37.25],[-81.54,37.22],[-81.45,37.27],[-81.37,37.33],[-80.93,37.3],[-80.8,37.4],[-80.32,37.54],[-80.23,37.79],[-80.0,38.0],[-79.92,38.17],[-79.78,38.33],[-79.66,38.52],[-79.5,38.5],[-79.22,38.48],[-79.16,38.59],[-79.09,38.69],[-78.87,38.76],[-78.61,38.98],[-78.41,39.27],[-78.12,39.32],[-77.72,39.32],[-77.72,39.32],[-77.72,39.32],[-77.57,39.31],[-77.46,39.22],[-77.48,39.19],[-77.52,39.15],[-77.52,39.12],[-77.46,39.07],[-77.33,39.06],[-77.29,39.04],[-77.25,39.03],[-77.25,38.99],[-77.2,38.97],[-77.17,38.97],[-77.13,38.95],[-77.12,38.93],[-77.12,38.93],[-77.12,38.93],[-77.11,38.92],[-77.11,38.92],[-77.1,38.91],[-77.1,38.91],[-77.09,38.91],[-77.09,38.9],[-77.08,38.9]]]]},"properties":{"state":"VA"}},{"type":"Feature","id":"NE","geometry":{"type":"MultiPolygon","coordinates":[[[[-95.85,40.7],[-95.77,40.59],[-95.77,40.58],[-95.76,40.53],[-95.72,40.53],[-95.7,40.52],[-95.7,40.54],[-95.68,40.56],[-95.65,40.54],[-95.67,40.51],[-95.69,40.51],[-95.7,40.5],[-95.69,40.47],[-95.66,40.44],[-95.64,40.39],[-95.63,40.36],[-95.63,40.33],[-95.61,40.31],[-95.55,40.29],[-95.51,40.25],[-95.48,40.2],[-95.44,40.16],[-95.4,40.12],[-95.4,40.09],[-95.4,40.07],[-95.42,40.05],[-95.38,40.03],[-95.31,40.0],[-95.31,40.0],[-95.31,40.0],[-95.54,40.0],[-95.73,40.0],[-96.0,40.0],[-96.26,40.0],[-96.47,40.0],[-96.63,40.0],[-96.88,40.0],[-97.14,40.0],[-97.43,40.0],[-97.74,40.0],[-97.98,40.0],[-98.24,40.0],[-98.46,40.0],[-98.75,40.0],[-99.02,40.0],[-99.31,40.0],[-99.67,40.0],[-99.95,40.0],[-100.16,40.0],[-100.39,40.0],[-100.57,40.0],[-100.73,40.0],[-101.1,40.0],[-101.42,40.0],[-102.04,40.0],[-102.05,40.0],[-102.05,40.01],[-102.05,40.16],[-102.05,40.31],[-102.05,40.49],[-102.05,40.56],[-102.05,40.61],[-102.05,40.65],[-102.05,40.7],[-102.05,40.72],[-102.05,40.76],[-102.05,40.82],[-102.05,40.88],[-102.05,40.93],[-102.05,40.98],[-102.13,41.0],[-102.24,41.0],[-102.38,41.0],[-102.56,41.0],[-102.77,41.0],[-102.89,41.0],[-103.0,41.0],[-103.31,41.0],[-103.46,41.0],[-103.62,41.0],[-103.91,41.0],[-104.05,41.0],[-104.05,41.0],[-104.05,41.02],[-104.05,41.18],[-104.05,41.28],[-104.05,41.42],[-104.05,41.45],[-104.05,41.5],[-104.05,41.55],[-104.05,41.64],[-104.05,41.73],[-104.05,41.8],[-104.05,41.84],[-104.05,41.88],[-104.05,41.93],[-104.05,41.97],[-104.05,42.0],[-104.05,42.03],[-104.05,42.1],[-104.05,42.12],[-104.05,42.15],[-104.05,42.2],[-104.05,42.26],[-104.05,42.47],[-104.05,42.62],[-104.05,42.65],[-104.05,42.82],[-104.05,43.0],[-104.05,43.0],[-104.05,43.0],[-103.69,43.0],[-103.34,43.0],[-102.88,43.0],[-102.47,43.0],[-101.81,43.0],[-101.11,43.0],[-100.67,43.0],[-100.29,43.0],[-99.87,43.0],[-99.56,43.0],[-99.25,43.0],[-99.0,43.0],[-98.6,43.0],[-98.33,42.89],[-98.12,42.81],[-97.96,42.77],[-97.82,42.86],[-97.47,42.85],[-97.31,42.87],[-97.21,42.82],[-97.05,42.77],[-96.92,42.73],[-96.73,42.67],[-96.65,42.56],[-96.45,42.49],[-96.45,42.49],[-96.38,42.46],[-96.32,42.24],[-96.35,42.2],[-96.32,42.15],[-96.27,42.09],[-96.23,42.04],[-96.19,42.01],[-96.14,41.95],[-96.15,41.88],[-96.07,41.8],[-96.09,41.75],[-96.08,41.72],[-96.09,41.7],[-96.08,41.58],[-96.01,41.48],[-95.93,41.42],[-95.92,41.32],[-95.89,41.28],[-95.91,41.3],[-95.92,41.25],[-95.92,41.19],[-95.88,41.16],[-95.87,41.05],[-95.83,40.87],[-95.85,40.7]]]]},"properties":{"state":"NE"}},{"type":"Feature","id":"KY","geometry":{"type":"MultiPolygon","coordinates":[[[[-89.55,36.58],[-89.53,36.58],[-89.52,36.58],[-89.5,36.58],[-89.49,36.57],[-89.48,36.57],[-89.47,36.56],[-89.47,36.55],[-89.47,36.54],[-89.47,36.53],[-89.47,36.52],[-89.48,36.51],[-89.48,36.5],[-89.48,36.5],[-89.49,36.5],[-89.49,36.5],[-89.49,36.5],[-89.49,36.5],[-89.49,36.5],[-89.49,36.5],[-89.49,36.5],[-89.49,36.5],[-89.49,36.5],[-89.5,36.5],[-89.5,36.5],[-89.5,36.5],[-89.5,36.5],[-89.5,36.5],[-89.5,36.5],[-89.5,36.5],[-89.5,36.5],[-89.51,36.5],[-89.51,36.5],[-89.51,36.5],[-89.51,36.5],[-89.52,36.5],[-89.52,36.5],[-89.53,36.5],[-89.53,36.5],[-89.53,36.5],[-89.53,36.5],[-89.54,36.5],[-89.54,36.5],[-89.54,36.5],[-89.54,36.51],[-89.55,36.51],[-89.55,36.52],[-89.56,36.53],[-89.56,36.53],[-89.56,36.53],[-89.57,36.55],[-89.57,36.56],[-89.57,36.56],[-89.55,36.58]]],[[[-87.54,37.92],[-87.45,37.94],[-87.37,37.93],[-87.22,37.85],[-87.06,37.82],[-86.89,37.96],[-86.77,37.93],[-86.65,37.84],[-86.52,37.96],[-86.34,38.16],[-86.06,37.97],[-85.91,38.09],[-85.85,38.23],[-85.77,38.29],[-85.64,38.38],[-85.56,38.45],[-85.43,38.73],[-85.19,38.69],[-84.96,38.78],[-84.78,38.88],[-84.83,38.97],[-84.82,39.11],[-84.82,39.11],[-84.82,39.11],[-84.58,39.08],[-84.49,39.1],[-84.3,38.98],[-84.21,38.81],[-83.99,38.78],[-83.85,38.75],[-83.77,38.65],[-83.68,38.63],[-83.64,38.64],[-83.64,38.67],[-83.61,38.69],[-83.53,38.7],[-83.38,38.66],[-83.32,38.62],[-83.25,38.63],[-83.19,38.62],[-83.16,38.62],[-83.04,38.72],[-82.93,38.75],[-82.87,38.72],[-82.86,38.65],[-82.82,38.57],[-82.69,38.54],[-82.63,38.48],[-82.6,38.42],[-82.6,38.42],[-82.6,38.42],[-82.6,38.36],[-82.6,38.25],[-82.64,38.14],[-82.53,38.03],[-82.47,37.96],[-82.49,37.92],[-82.42,37.89],[-82.41,37.84],[-82.36,37.79],[-82.32,37.76],[-82.32,37.73],[-82.3,37.69],[-82.27,37.67],[-82.22,37.64],[-82.2,37.63],[-82.19,37.65],[-82.18,37.63],[-82.17,37.61],[-82.15,37.59],[-82.13,37.57],[-82.13,37.55],[-82.09,37.55],[-82.05,37.53],[-82.01,37.53],[-81.97,37.54],[-81.97,37.54],[-81.97,37.54],[-82.17,37.4],[-82.31,37.3],[-82.37,37.26],[-82.46,37.24],[-82.53,37.21],[-82.62,37.17],[-82.7,37.13],[-82.73,37.07],[-82.75,37.03],[-82.81,37.01],[-82.84,36.99],[-82.87,36.98],[-82.86,36.96],[-82.86,36.93],[-82.89,36.88],[-82.96,36.86],[-83.06,36.85],[-83.11,36.8],[-83.13,36.76],[-83.19,36.74],[-83.3,36.71],[-83.4,36.68],[-83.49,36.67],[-83.64,36.62],[-83.68,36.6],[-83.68,36.6],[-83.68,36.6],[-83.89,36.59],[-84.11,36.59],[-84.44,36.6],[-84.87,36.61],[-85.22,36.63],[-85.37,36.62],[-85.58,36.62],[-85.86,36.62],[-86.34,36.65],[-86.8,36.65],[-87.23,36.64],[-87.56,36.64],[-88.05,36.68],[-88.09,36.5],[-88.31,36.5],[-88.49,36.5],[-88.54,36.5],[-88.57,36.5],[-88.68,36.5],[-88.71,36.5],[-88.76,36.5],[-88.81,36.5],[-88.9,36.5],[-89.05,36.5],[-89.41,36.5],[-89.42,36.5],[-89.42,36.5],[-89.39,36.57],[-89.3,36.6],[-89.26,36.57],[-89.24,36.57],[-89.2,36.6],[-89.17,36.66],[-89.17,36.68],[-89.18,36.7],[-89.2,36.72],[-89.2,36.73],[-89.19,36.75],[-89.18,36.75],[-89.16,36.76],[-89.14,36.76],[-89.13,36.75],[-89.13,36.79],[-89.15,36.79],[-89.17,36.8],[-89.18,36.81],[-89.18,36.83],[-89.17,36.84],[-89.15,36.85],[-89.11,36.93],[-89.1,36.97],[-89.13,36.98],[-89.13,36.98],[-89.14,36.98],[-89.17,37.07],[-89.12,37.12],[-89.08,37.17],[-89.0,37.22],[-88.92,37.22],[-88.82,37.19],[-88.73,37.14],[-88.68,37.14],[-88.6,37.11],[-88.55,37.07],[-88.43,37.13],[-88.47,37.22],[-88.51,37.26],[-88.51,37.29],[-88.48,37.36],[-88.36,37.41],[-88.31,37.44],[-88.19,37.46],[-88.09,37.47],[-88.06,37.52],[-88.13,37.57],[-88.15,37.63],[-88.13,37.7],[-88.07,37.73],[-88.03,37.8],[-88.03,37.8],[-88.03,37.8],[-87.83,37.88],[-87.68,37.84],[-87.6,37.97]]]]},"properties":{"state":"KY"}},{"type":"Feature","id":"NY","geometry":{"type":"MultiPolygon","coordinates":[[[[-74.05,40.69],[-74.05,40.69],[-74.05,40.69],[-74.05,40.69],[-74.04,40.69],[-74.04,40.69],[-74.04,40.69],[-74.04,40.69],[-74.04,40.69],[-74.04,40.69],[-74.04,40.69],[-74.04,40.69],[-74.04,40.69],[-74.04,40.69],[-74.04,40.69],[-74.04,40.69],[-74.04,40.69],[-74.04,40.69],[-74.04,40.69],[-74.04,40.69],[-74.04,40.69],[-74.04,40.69],[-74.04,40.69],[-74.04,40.69],[-74.05,40.69],[-74.05,40.69],[-74.05,40.69],[-74.05,40.69],[-74.05,40.69],[-74.05,40.69],[-74.05,40.69],[-74.05,40.69],[-74.05,40.69],[-74.05,40.69],[-74.05,40.69],[-74.05,40.69],[-74.05,40.69],[-74.05,40.69],[-74.05,40.69],[-74.05,40.69],[-74.05,40.69],[-74.05,40.69],[-74.05,40.69],[-74.05,40.69],[-74.05,40.69]]],[[[-74.04,40.7],[-74.04,40.7],[-74.04,40.7],[-74.04,40.7],[-74.04,40.7],[-74.04,40.7],[-74.04,40.7],[-74.04,40.7],[-74.04,40.7],[-74.04,40.7],[-74.04,40.7],[-74.04,40.7],[-74.04,40.7],[-74.04,40.7],[-74.04,40.7],[-74.04,40.7],[-74.04,40.7],[-74.04,40.7],[-74.04,40.7],[-74.04,40.7],[-74.04,40.7],[-74.04,40.7],[-74.04,40.7],[-74.04,40.7],[-74.04,40.7],[-74.04,40.7],[-74.04,40.7],[-74.04,40.7],[-74.04,40.7],[-74.04,40.7],[-74.04,40.7],[-74.04,40.7],[-74.04,40.7],[-74.04,40.7],[-74.04,40.7],[-74.04,40.7],[-74.04,40.7],[-74.04,40.7],[-74.04,40.7],[-74.04,40.7],[-74.04,40.7],[-74.04,40.7],[-74.04,40.7],[-74.04,40.7]]],[[[-77.04,42.0],[-77.43,42.0],[-78.11,42.0],[-78.51,42.0],[-79.09,42.0],[-79.43,42.0],[-79.76,42.18],[-79.75,42.52],[-79.34,42.68],[-78.96,42.83],[-78.91,42.92],[-78.96,42.96],[-79.01,43.03],[-79.04,43.07],[-79.06,43.1],[-79.06,43.11],[-79.06,43.13],[-79.04,43.15],[-79.05,43.17],[-79.05,43.19],[-79.05,43.23],[-79.06,43.25],[-79.11,43.31],[-79.06,43.5],[-78.7,43.63],[-78.51,43.63],[-78.19,43.63],[-77.8,43.63],[-77.39,43.63],[-77.13,43.63],[-76.86,43.63],[-76.73,43.71],[-76.44,44.09],[-76.37,44.12],[-76.25,44.2],[-76.13,44.3],[-76.01,44.34],[-75.98,44.35],[-75.98,44.35],[-75.95,44.35],[-75.87,44.39],[-75.81,44.47],[-75.77,44.51],[-75.75,44.53],[-75.7,44.57],[-75.63,44.61],[-75.52,44.69],[-75.48,44.72],[-75.44,44.74],[-75.4,44.77],[-75.34,44.81],[-75.31,44.84],[-75.26,44.86],[-75.25,44.86],[-75.21,44.88],[-75.18,44.89],[-75.14,44.9],[-75.13,44.92],[-75.1,44.93],[-75.06,44.93],[-75.03,44.95],[-75.0,44.97],[-74.97,44.98],[-74.92,44.98],[-74.89,45.0],[-74.86,45.0],[-74.84,45.01],[-74.81,45.01],[-74.78,45.01],[-74.75,44.99],[-74.74,44.99],[-74.71,45.0],[-74.68,45.0],[-74.66,45.0],[-74.63,45.0],[-74.6,45.0],[-74.54,45.0],[-74.5,45.0],[-74.45,45.0],[-74.4,44.99],[-74.36,44.99],[-74.31,44.99],[-74.26,44.99],[-74.22,44.99],[-74.17,44.99],[-74.12,44.99],[-74.08,44.99],[-74.02,45.0],[-73.97,45.0],[-73.8,45.0],[-73.68,45.0],[-73.55,45.01],[-73.45,45.01],[-73.37,45.01],[-73.37,45.01],[-73.34,45.01],[-73.37,44.83],[-73.35,44.76],[-73.37,44.67],[-73.37,44.57],[-73.33,44.53],[-73.31,44.51],[-73.3,44.45],[-73.32,44.24],[-73.39,44.19],[-73.41,44.1],[-73.41,43.99],[-73.37,43.88],[-73.38,43.8],[-73.37,43.72],[-73.41,43.67],[-73.42,43.63],[-73.39,43.58],[-73.36,43.62],[-73.3,43.62],[-73.29,43.58],[-73.26,43.57],[-73.24,43.53],[-73.25,43.4],[-73.27,43.05],[-73.28,42.75],[-73.26,42.75],[-73.27,42.74],[-73.28,42.71],[-73.31,42.61],[-73.32,42.59],[-73.33,42.57],[-73.34,42.54],[-73.36,42.5],[-73.36,42.48],[-73.37,42.46],[-73.37,42.46],[-73.38,42.45],[-73.38,42.43],[-73.39,42.4],[-73.4,42.39],[-73.4,42.38],[-73.41,42.35],[-73.41,42.35],[-73.41,42.34],[-73.42,42.33],[-73.45,42.25],[-73.45,42.23],[-73.47,42.19],[-73.48,42.16],[-73.49,42.12],[-73.51,42.09],[-73.49,42.05],[-73.49,42.05],[-73.49,42.05],[-73.49,41.96],[-73.5,41.88],[-73.51,41.75],[-73.52,41.63],[-73.53,41.49],[-73.54,41.46],[-73.54,41.45],[-73.54,41.39],[-73.55,41.32],[-73.51,41.25],[-73.52,41.2],[-73.57,41.17],[-73.61,41.15],[-73.65,41.14],[-73.71,41.11],[-73.69,41.06],[-73.68,41.04],[-73.66,41.02],[-73.66,40.99],[-73.54,40.97],[-73.25,41.03],[-72.97,41.09],[-72.55,41.17],[-72.11,41.26],[-71.91,41.31],[-71.91,41.3],[-71.88,41.28],[-71.87,41.27],[-71.86,41.25],[-71.86,41.25],[-71.85,41.25],[-71.81,41.2],[-71.79,41.18],[-71.79,41.18],[-71.78,41.08],[-71.87,41.0],[-71.9,40.99],[-71.98,40.96],[-72.26,40.86],[-72.62,40.75],[-73.01,40.63],[-73.06,40.61],[-73.25,40.56],[-73.41,40.54],[-73.51,40.52],[-73.71,40.53],[-73.88,40.5],[-73.89,40.49],[-74.25,40.49],[-74.25,40.52],[-74.21,40.57],[-74.2,40.64],[-74.13,40.64],[-74.05,40.66],[-74.01,40.76],[-73.95,40.85],[-73.92,40.91],[-73.9,40.96],[-73.92,41.01],[-73.95,41.02],[-73.98,41.03],[-74.02,41.05],[-74.04,41.06],[-74.08,41.08],[-74.15,41.11],[-74.16,41.11],[-74.22,41.13],[-74.24,41.15],[-74.34,41.19],[-74.42,41.23],[-74.54,41.28],[-74.61,41.32],[-74.69,41.36],[-74.69,41.36],[-74.74,41.43],[-74.82,41.43],[-74.91,41.46],[-74.98,41.48],[-75.02,41.53],[-75.06,41.59],[-75.04,41.62],[-75.05,41.68],[-75.05,41.74],[-75.09,41.8],[-75.11,41.84],[-75.18,41.87],[-75.24,41.87],[-75.3,41.95],[-75.35,42.0],[-75.89,42.0],[-76.45,42.0],[-76.62,42.0],[-77.04,42.0]]]]},"properties":{"state":"NY"}},{"type":"Feature","id":"CO","geometry":{"type":"MultiPolygon","coordinates":[[[[-109.05,38.22],[-109.06,38.4],[-109.06,38.61],[-109.06,38.81],[-109.05,38.96],[-109.05,39.12],[-109.05,39.23],[-109.05,39.36],[-109.05,39.57],[-109.05,39.8],[-109.05,40.04],[-109.05,40.19],[-109.05,40.29],[-109.05,40.41],[-109.05,40.51],[-109.05,40.68],[-109.05,40.87],[-109.05,41.0],[-109.03,41.0],[-108.84,41.0],[-108.7,41.0],[-108.6,41.0],[-108.47,41.0],[-108.26,41.0],[-108.11,41.0],[-107.91,41.0],[-107.75,41.0],[-107.55,41.0],[-107.36,41.0],[-107.27,41.0],[-107.13,41.0],[-106.92,41.0],[-106.59,41.0],[-106.33,41.0],[-106.06,41.0],[-105.82,41.0],[-105.6,41.0],[-105.47,41.0],[-105.28,41.0],[-105.08,41.0],[-104.87,41.0],[-104.59,41.0],[-104.25,41.0],[-104.05,41.0],[-104.05,41.0],[-104.05,41.0],[-103.91,41.0],[-103.62,41.0],[-103.46,41.0],[-103.31,41.0],[-103.0,41.0],[-102.89,41.0],[-102.77,41.0],[-102.56,41.0],[-102.38,41.0],[-102.24,41.0],[-102.13,41.0],[-102.05,40.98],[-102.05,40.93],[-102.05,40.88],[-102.05,40.82],[-102.05,40.76],[-102.05,40.72],[-102.05,40.7],[-102.05,40.65],[-102.05,40.61],[-102.05,40.56],[-102.05,40.49],[-102.05,40.31],[-102.05,40.16],[-102.05,40.01],[-102.05,40.0],[-102.05,40.0],[-102.05,39.87],[-102.05,39.68],[-102.05,39.54],[-102.05,39.41],[-102.05,39.34],[-102.05,39.24],[-102.05,38.84],[-102.05,38.66],[-102.05,38.6],[-102.04,38.53],[-102.05,38.47],[-102.04,38.42],[-102.04,38.31],[-102.04,38.27],[-102.04,38.18],[-102.04,38.06],[-102.04,37.94],[-102.04,37.81],[-102.04,37.69],[-102.04,37.49],[-102.04,37.46],[-102.04,37.34],[-102.04,37.22],[-102.04,37.11],[-102.04,36.99],[-102.04,36.99],[-102.05,36.99],[-102.05,36.99],[-102.07,36.99],[-102.09,36.99],[-102.18,36.99],[-102.2,36.99],[-102.25,36.99],[-102.26,36.99],[-102.3,36.99],[-102.34,36.99],[-102.36,36.99],[-102.4,36.99],[-102.49,36.99],[-102.52,36.99],[-102.57,37.0],[-102.63,37.0],[-102.68,37.0],[-102.71,37.0],[-102.77,37.0],[-102.82,37.0],[-102.87,37.0],[-102.89,37.0],[-102.93,37.0],[-102.98,37.0],[-102.99,37.0],[-103.0,37.0],[-103.0,37.0],[-103.01,37.0],[-103.26,37.0],[-103.54,37.0],[-103.93,37.0],[-104.17,37.0],[-104.49,36.99],[-104.76,36.99],[-105.16,37.0],[-105.51,37.0],[-105.66,37.0],[-105.94,37.0],[-106.15,36.99],[-106.47,36.99],[-106.62,36.99],[-106.73,36.99],[-106.89,37.0],[-107.01,37.0],[-107.25,37.0],[-107.41,37.0],[-107.5,37.0],[-107.87,37.0],[-108.2,37.0],[-108.53,37.0],[-108.75,37.0],[-108.9,37.0],[-109.05,37.0],[-109.05,37.0],[-109.05,37.02],[-109.05,37.1],[-109.05,37.2],[-109.05,37.35],[-109.04,37.57],[-109.04,37.79],[-109.04,37.97],[-109.04,38.1],[-109.05,38.21]]]]},"properties":{"state":"CO"}},{"type":"Feature","id":"VT","geometry":{"type":"MultiPolygon","coordinates":[[[[-72.79,42.74],[-72.85,42.74],[-72.87,42.74],[-72.92,42.74],[-72.93,42.74],[-72.98,42.74],[-73.02,42.74],[-73.05,42.74],[-73.07,42.74],[-73.1,42.74],[-73.12,42.74],[-73.18,42.74],[-73.21,42.74],[-73.21,42.74],[-73.26,42.75],[-73.26,42.75],[-73.28,42.75],[-73.27,43.05],[-73.25,43.4],[-73.24,43.53],[-73.26,43.57],[-73.29,43.58],[-73.3,43.62],[-73.36,43.62],[-73.39,43.58],[-73.42,43.63],[-73.41,43.67],[-73.37,43.72],[-73.38,43.8],[-73.37,43.88],[-73.41,43.99],[-73.41,44.1],[-73.39,44.19],[-73.32,44.24],[-73.3,44.45],[-73.31,44.51],[-73.33,44.53],[-73.37,44.57],[-73.37,44.67],[-73.35,44.76],[-73.37,44.83],[-73.34,45.01],[-73.34,45.01],[-73.31,45.01],[-73.3,45.01],[-73.28,45.01],[-73.24,45.01],[-73.21,45.01],[-73.19,45.01],[-73.17,45.01],[-73.13,45.01],[-73.09,45.02],[-73.06,45.01],[-73.05,45.02],[-73.03,45.02],[-73.01,45.02],[-73.01,45.02],[-73.01,45.01],[-73.0,45.01],[-72.98,45.01],[-72.94,45.01],[-72.93,45.02],[-72.9,45.02],[-72.89,45.02],[-72.84,45.02],[-72.83,45.02],[-72.78,45.02],[-72.75,45.02],[-72.72,45.02],[-72.7,45.02],[-72.67,45.02],[-72.67,45.02],[-72.64,45.01],[-72.62,45.01],[-72.59,45.01],[-72.59,45.01],[-72.58,45.01],[-72.58,45.01],[-72.55,45.01],[-72.5,45.01],[-72.45,45.01],[-72.44,45.01],[-72.43,45.01],[-72.41,45.01],[-72.41,45.01],[-72.4,45.01],[-72.4,45.01],[-72.4,45.01],[-72.39,45.01],[-72.38,45.01],[-72.37,45.01],[-72.37,45.01],[-72.36,45.01],[-72.34,45.01],[-72.28,45.0],[-72.27,45.0],[-72.26,45.0],[-72.25,45.0],[-72.23,45.01],[-72.21,45.01],[-72.19,45.01],[-72.18,45.01],[-72.16,45.01],[-72.16,45.01],[-72.15,45.01],[-72.14,45.01],[-72.11,45.01],[-72.11,45.01],[-72.11,45.01],[-72.11,45.01],[-72.11,45.01],[-72.1,45.01],[-72.1,45.01],[-72.09,45.01],[-72.09,45.01],[-72.09,45.01],[-72.08,45.01],[-72.05,45.01],[-72.03,45.01],[-71.99,45.01],[-71.98,45.01],[-71.98,45.01],[-71.95,45.01],[-71.95,45.01],[-71.92,45.01],[-71.9,45.01],[-71.86,45.01],[-71.82,45.01],[-71.8,45.01],[-71.79,45.01],[-71.79,45.01],[-71.73,45.01],[-71.69,45.01],[-71.64,45.01],[-71.64,45.01],[-71.63,45.01],[-71.61,45.01],[-71.6,45.01],[-71.59,45.01],[-71.56,45.01],[-71.56,45.01],[-71.51,45.01],[-71.5,45.01],[-71.5,45.01],[-71.54,44.99],[-71.51,44.92],[-71.55,44.84],[-71.62,44.72],[-71.55,44.63],[-71.57,44.56],[-71.64,44.48],[-71.8,44.39],[-72.0,44.33],[-72.06,44.27],[-72.06,44.2],[-72.05,44.12],[-72.09,44.02],[-72.09,43.97],[-72.18,43.84],[-72.24,43.74],[-72.31,43.68],[-72.38,43.56],[-72.41,43.36],[-72.44,43.2],[-72.44,43.13],[-72.46,43.0],[-72.53,42.91],[-72.54,42.82],[-72.46,42.73],[-72.46,42.73],[-72.46,42.73],[-72.46,42.73],[-72.57,42.73],[-72.57,42.73],[-72.6,42.73],[-72.61,42.73],[-72.66,42.73],[-72.68,42.73],[-72.69,42.73],[-72.72,42.73],[-72.76,42.74]]]]},"properties":{"state":"VT"}},{"type":"Feature","id":"SD","geometry":{"type":"MultiPolygon","coordinates":[[[[-96.45,45.17],[-96.45,44.99],[-96.45,44.87],[-96.45,44.74],[-96.45,44.61],[-96.45,44.44],[-96.45,44.27],[-96.45,44.18],[-96.45,44.08],[-96.45,43.97],[-96.45,43.89],[-96.45,43.84],[-96.45,43.78],[-96.45,43.67],[-96.45,43.52],[-96.45,43.5],[-96.45,43.5],[-96.58,43.47],[-96.6,43.44],[-96.56,43.41],[-96.53,43.37],[-96.53,43.33],[-96.55,43.29],[-96.58,43.28],[-96.57,43.24],[-96.49,43.22],[-96.47,43.18],[-96.46,43.14],[-96.46,43.1],[-96.5,43.05],[-96.5,43.0],[-96.52,42.94],[-96.53,42.89],[-96.56,42.85],[-96.58,42.82],[-96.61,42.78],[-96.62,42.75],[-96.63,42.72],[-96.6,42.7],[-96.57,42.68],[-96.5,42.6],[-96.45,42.49],[-96.45,42.49],[-96.45,42.49],[-96.65,42.56],[-96.73,42.67],[-96.92,42.73],[-97.05,42.77],[-97.21,42.82],[-97.31,42.87],[-97.47,42.85],[-97.82,42.86],[-97.96,42.77],[-98.12,42.81],[-98.33,42.89],[-98.6,43.0],[-99.0,43.0],[-99.25,43.0],[-99.56,43.0],[-99.87,43.0],[-100.29,43.0],[-100.67,43.0],[-101.11,43.0],[-101.81,43.0],[-102.47,43.0],[-102.88,43.0],[-103.34,43.0],[-103.69,43.0],[-104.05,43.0],[-104.05,43.0],[-104.05,43.0],[-104.05,43.13],[-104.05,43.2],[-104.05,43.29],[-104.05,43.35],[-104.05,43.43],[-104.05,43.5],[-104.06,43.58],[-104.05,43.65],[-104.06,43.75],[-104.06,43.87],[-104.05,43.95],[-104.05,44.03],[-104.05,44.11],[-104.05,44.18],[-104.06,44.26],[-104.06,44.33],[-104.06,44.43],[-104.06,44.54],[-104.06,44.58],[-104.06,44.67],[-104.06,44.7],[-104.06,44.77],[-104.06,44.8],[-104.06,44.9],[-104.06,45.0],[-104.06,45.0],[-104.06,45.0],[-104.04,45.02],[-104.04,45.05],[-104.04,45.11],[-104.04,45.2],[-104.04,45.26],[-104.04,45.33],[-104.04,45.34],[-104.04,45.37],[-104.04,45.41],[-104.04,45.46],[-104.04,45.47],[-104.04,45.49],[-104.04,45.5],[-104.04,45.52],[-104.04,45.54],[-104.04,45.55],[-104.04,45.57],[-104.04,45.61],[-104.04,45.68],[-104.04,45.76],[-104.04,45.87],[-104.04,45.89],[-104.04,45.92],[-104.04,45.92],[-104.05,45.94],[-104.05,45.95],[-104.03,45.95],[-103.45,45.95],[-103.16,45.95],[-102.98,45.95],[-102.79,45.95],[-102.41,45.94],[-102.2,45.94],[-102.04,45.94],[-101.78,45.94],[-101.72,45.94],[-101.33,45.94],[-100.94,45.94],[-100.57,45.94],[-100.43,45.94],[-100.07,45.94],[-99.88,45.94],[-99.66,45.94],[-99.2,45.94],[-98.68,45.94],[-98.35,45.94],[-97.98,45.94],[-97.65,45.94],[-97.43,45.94],[-97.23,45.94],[-96.87,45.94],[-96.56,45.94],[-96.56,45.94],[-96.57,45.91],[-96.57,45.89],[-96.58,45.84],[-96.64,45.77],[-96.78,45.68],[-96.85,45.6],[-96.77,45.52],[-96.69,45.41],[-96.55,45.38],[-96.45,45.3],[-96.45,45.17]]]]},"properties":{"state":"SD"}},{"type":"Feature","id":"MI","geometry":{"type":"MultiPolygon","coordinates":[[[[-89.97,47.28],[-89.96,47.29],[-89.95,47.31],[-89.92,47.35],[-89.91,47.37],[-89.89,47.39],[-89.84,47.47],[-89.82,47.5],[-89.79,47.54],[-89.75,47.61],[-89.74,47.62],[-89.71,47.67],[-89.68,47.71],[-89.66,47.75],[-89.64,47.78],[-89.63,47.8],[-89.58,47.87],[-89.55,47.92],[-89.5,47.99],[-89.49,48.0],[-89.49,48.01],[-89.48,48.01],[-89.48,48.01],[-89.27,48.0],[-88.75,48.22],[-88.38,48.3],[-88.17,48.23],[-87.65,48.03],[-87.06,47.8],[-86.63,47.62],[-86.25,47.47],[-85.75,47.26],[-85.25,47.05],[-84.79,46.7],[-84.6,46.5],[-84.42,46.5],[-84.38,46.51],[-84.34,46.51],[-84.27,46.49],[-84.16,46.53],[-84.15,46.53],[-84.11,46.5],[-84.12,46.34],[-84.1,46.25],[-84.01,46.15],[-83.93,46.06],[-83.76,46.1],[-83.5,45.93],[-83.15,45.63],[-82.66,45.4],[-82.41,44.88],[-82.33,44.51],[-82.28,44.3],[-82.21,44.0],[-82.12,43.59],[-82.31,43.22],[-82.37,43.09],[-82.42,43.0],[-82.42,43.0],[-82.42,42.99],[-82.42,42.99],[-82.42,42.98],[-82.42,42.98],[-82.41,42.97],[-82.42,42.97],[-82.43,42.95],[-82.45,42.94],[-82.46,42.93],[-82.47,42.89],[-82.47,42.88],[-82.47,42.87],[-82.47,42.86],[-82.47,42.85],[-82.47,42.84],[-82.48,42.82],[-82.48,42.82],[-82.48,42.81],[-82.48,42.8],[-82.48,42.8],[-82.48,42.79],[-82.47,42.79],[-82.47,42.79],[-82.47,42.79],[-82.47,42.78],[-82.47,42.78],[-82.47,42.77],[-82.47,42.76],[-82.48,42.73],[-82.49,42.71],[-82.49,42.7],[-82.5,42.69],[-82.51,42.66],[-82.51,42.65],[-82.51,42.64],[-82.51,42.63],[-82.52,42.62],[-82.52,42.62],[-82.52,42.61],[-82.55,42.59],[-82.55,42.58],[-82.56,42.58],[-82.57,42.57],[-82.58,42.56],[-82.58,42.55],[-82.6,42.55],[-82.62,42.55],[-82.64,42.55],[-82.66,42.54],[-82.67,42.53],[-82.67,42.53],[-82.69,42.51],[-82.72,42.48],[-82.87,42.36],[-82.92,42.35],[-82.96,42.34],[-83.03,42.33],[-83.08,42.31],[-83.12,42.25],[-83.13,42.21],[-83.12,42.13],[-83.13,42.1],[-83.15,42.04],[-83.12,41.99],[-83.11,41.96],[-83.42,41.73],[-83.47,41.73],[-83.49,41.73],[-83.5,41.73],[-83.52,41.73],[-83.53,41.73],[-83.57,41.73],[-83.59,41.73],[-83.63,41.73],[-83.66,41.73],[-83.68,41.73],[-83.71,41.73],[-83.76,41.72],[-83.86,41.72],[-83.94,41.72],[-84.07,41.71],[-84.15,41.71],[-84.22,41.71],[-84.33,41.71],[-84.4,41.71],[-84.46,41.7],[-84.57,41.7],[-84.67,41.7],[-84.71,41.7],[-84.8,41.7],[-84.81,41.7],[-84.81,41.7],[-84.81,41.75],[-84.87,41.76],[-84.99,41.76],[-85.06,41.76],[-85.1,41.76],[-85.18,41.76],[-85.27,41.76],[-85.37,41.76],[-85.52,41.76],[-85.63,41.76],[-85.71,41.76],[-85.79,41.76],[-85.88,41.76],[-85.96,41.76],[-86.06,41.76],[-86.2,41.76],[-86.24,41.76],[-86.27,41.76],[-86.37,41.76],[-86.51,41.76],[-86.53,41.76],[-86.69,41.76],[-86.78,41.76],[-86.81,41.76],[-87.19,41.76],[-87.21,41.76],[-87.21,41.77],[-87.2,41.78],[-87.19,41.85],[-87.18,41.85],[-87.18,41.86],[-87.18,41.88],[-87.17,41.9],[-87.17,41.9],[-87.17,41.91],[-87.17,41.91],[-87.17,41.93],[-87.15,41.99],[-87.15,42.0],[-87.15,42.0],[-87.13,42.07],[-87.13,42.07],[-87.13,42.1],[-87.13,42.1],[-87.12,42.13],[-87.11,42.15],[-87.1,42.18],[-87.1,42.19],[-87.09,42.24],[-87.07,42.31],[-87.05,42.38],[-87.02,42.49],[-87.02,42.49],[-87.02,42.49],[-87.69,45.15],[-87.7,45.27],[-87.72,45.38],[-87.85,45.41],[-87.79,45.57],[-87.86,45.74],[-88.08,45.78],[-88.1,45.92],[-88.29,45.95],[-88.38,45.99],[-88.5,46.0],[-88.58,46.01],[-88.67,45.99],[-88.73,46.03],[-88.93,46.07],[-89.43,46.2],[-89.76,46.27],[-90.12,46.36],[-90.13,46.38],[-90.16,46.41],[-90.18,46.46],[-90.22,46.5],[-90.27,46.51],[-90.34,46.55]]]]},"properties":{"state":"MI"}},{"type":"Feature","id":"MO","geometry":{"type":"MultiPolygon","coordinates":[[[[-91.43,39.94],[-91.33,39.7],[-91.03,39.44],[-90.72,39.23],[-90.59,38.87],[-90.48,38.95],[-90.38,38.96],[-90.15,38.87],[-90.18,38.64],[-90.35,38.37],[-90.32,38.18],[-90.11,38.03],[-90.05,38.0],[-89.96,37.94],[-89.9,37.87],[-89.8,37.88],[-89.67,37.8],[-89.61,37.74],[-89.52,37.64],[-89.45,37.45],[-89.52,37.28],[-89.38,37.08],[-89.3,37.07],[-89.13,36.98],[-89.13,36.98],[-89.1,36.97],[-89.11,36.93],[-89.15,36.85],[-89.17,36.84],[-89.18,36.83],[-89.18,36.81],[-89.17,36.8],[-89.15,36.79],[-89.13,36.79],[-89.13,36.75],[-89.14,36.76],[-89.16,36.76],[-89.18,36.75],[-89.19,36.75],[-89.2,36.73],[-89.2,36.72],[-89.18,36.7],[-89.17,36.68],[-89.17,36.66],[-89.2,36.6],[-89.24,36.57],[-89.26,36.57],[-89.3,36.6],[-89.39,36.57],[-89.42,36.5],[-89.42,36.5],[-89.42,36.5],[-89.45,36.46],[-89.49,36.5],[-89.48,36.5],[-89.48,36.5],[-89.48,36.51],[-89.47,36.52],[-89.47,36.53],[-89.47,36.54],[-89.47,36.55],[-89.47,36.56],[-89.48,36.57],[-89.49,36.57],[-89.5,36.58],[-89.52,36.58],[-89.53,36.58],[-89.55,36.58],[-89.55,36.58],[-89.57,36.56],[-89.57,36.56],[-89.57,36.55],[-89.56,36.53],[-89.56,36.53],[-89.56,36.53],[-89.55,36.52],[-89.55,36.51],[-89.54,36.51],[-89.54,36.5],[-89.54,36.5],[-89.54,36.5],[-89.54,36.5],[-89.52,36.46],[-89.51,36.38],[-89.55,36.34],[-89.62,36.34],[-89.6,36.3],[-89.55,36.28],[-89.53,36.25],[-89.55,36.25],[-89.56,36.25],[-89.6,36.24],[-89.64,36.25],[-89.68,36.25],[-89.69,36.25],[-89.71,36.24],[-89.7,36.23],[-89.68,36.21],[-89.63,36.19],[-89.6,36.16],[-89.59,36.13],[-89.61,36.12],[-89.62,36.11],[-89.68,36.07],[-89.73,36.0],[-89.73,36.0],[-89.73,36.0],[-90.13,36.0],[-90.38,36.0],[-90.33,36.07],[-90.28,36.12],[-90.24,36.16],[-90.19,36.2],[-90.14,36.23],[-90.11,36.27],[-90.07,36.32],[-90.07,36.39],[-90.14,36.42],[-90.16,36.48],[-90.33,36.5],[-90.61,36.5],[-90.9,36.5],[-91.42,36.5],[-91.6,36.5],[-91.93,36.5],[-92.29,36.5],[-92.8,36.5],[-93.08,36.5],[-93.43,36.5],[-93.73,36.5],[-94.17,36.5],[-94.62,36.5],[-94.62,36.5],[-94.62,36.5],[-94.62,36.51],[-94.62,36.52],[-94.62,36.54],[-94.62,36.55],[-94.62,36.58],[-94.62,36.59],[-94.62,36.6],[-94.62,36.61],[-94.62,36.63],[-94.62,36.65],[-94.62,36.67],[-94.62,36.68],[-94.62,36.7],[-94.62,36.72],[-94.62,36.76],[-94.62,36.82],[-94.62,36.85],[-94.62,36.87],[-94.62,36.9],[-94.62,36.92],[-94.62,36.94],[-94.62,36.96],[-94.62,36.97],[-94.62,36.98],[-94.62,37.0],[-94.62,37.0],[-94.62,37.0],[-94.62,37.11],[-94.62,37.26],[-94.62,37.45],[-94.62,37.65],[-94.62,37.81],[-94.61,38.01],[-94.61,38.17],[-94.61,38.34],[-94.61,38.62],[-94.61,38.76],[-94.61,38.89],[-94.61,39.0],[-94.61,39.1],[-94.81,39.21],[-94.89,39.36],[-95.1,39.53],[-95.05,39.64],[-94.97,39.68],[-94.95,39.75],[-94.86,39.77],[-94.92,39.76],[-94.88,39.8],[-94.93,39.87],[-95.12,39.87],[-95.31,40.0],[-95.31,40.0],[-95.31,40.0],[-95.38,40.03],[-95.42,40.05],[-95.4,40.07],[-95.4,40.09],[-95.4,40.12],[-95.44,40.16],[-95.48,40.2],[-95.51,40.25],[-95.55,40.29],[-95.61,40.31],[-95.63,40.33],[-95.63,40.36],[-95.64,40.39],[-95.66,40.44],[-95.69,40.47],[-95.7,40.5],[-95.69,40.51],[-95.67,40.51],[-95.65,40.54],[-95.68,40.56],[-95.7,40.54],[-95.7,40.52],[-95.72,40.53],[-95.76,40.53],[-95.77,40.58],[-95.77,40.59],[-95.76,40.59],[-95.53,40.58],[-95.22,40.58],[-94.94,40.58],[-94.73,40.57],[-94.54,40.57],[-94.4,40.57],[-94.09,40.57],[-93.92,40.58],[-93.75,40.58],[-93.57,40.58],[-93.37,40.58],[-93.35,40.58],[-93.29,40.58],[-93.25,40.58],[-93.07,40.58],[-92.89,40.59],[-92.56,40.59],[-92.34,40.6],[-92.2,40.6],[-92.04,40.6],[-91.74,40.61],[-91.62,40.51],[-91.53,40.43],[-91.49,40.39],[-91.42,40.38],[-91.42,40.38],[-91.44,40.36],[-91.51,40.14],[-91.43,39.94]]]]},"properties":{"state":"MO"}},{"type":"Feature","id":"NC","geometry":{"type":"MultiPolygon","coordinates":[[[[-80.8,34.95],[-80.91,35.08],[-81.05,35.09],[-81.2,35.16],[-81.48,35.17],[-81.97,35.19],[-82.28,35.2],[-82.38,35.2],[-82.43,35.19],[-82.45,35.17],[-82.52,35.16],[-82.58,35.14],[-82.64,35.13],[-82.69,35.11],[-82.76,35.07],[-82.78,35.08],[-83.11,35.0],[-83.11,35.0],[-83.21,35.0],[-83.32,35.0],[-83.36,35.0],[-83.43,34.99],[-83.55,34.99],[-83.62,34.99],[-83.69,34.99],[-83.73,34.99],[-83.78,34.99],[-83.81,34.99],[-83.83,34.99],[-83.89,34.99],[-83.92,34.99],[-83.95,34.99],[-83.97,34.99],[-84.0,34.99],[-84.03,34.99],[-84.06,34.99],[-84.09,34.99],[-84.13,34.99],[-84.16,34.99],[-84.2,34.99],[-84.24,34.99],[-84.27,34.99],[-84.32,34.99],[-84.32,34.99],[-84.32,34.99],[-84.27,35.24],[-84.18,35.24],[-84.1,35.25],[-84.02,35.36],[-83.99,35.44],[-83.77,35.56],[-83.41,35.62],[-83.09,35.78],[-82.96,35.79],[-82.9,35.87],[-82.79,35.95],[-82.71,36.03],[-82.62,36.05],[-82.56,35.96],[-82.39,36.1],[-82.24,36.13],[-82.14,36.12],[-82.0,36.17],[-81.82,36.35],[-81.72,36.36],[-81.73,36.42],[-81.71,36.46],[-81.7,36.5],[-81.7,36.54],[-81.68,36.59],[-81.68,36.59],[-81.67,36.59],[-81.54,36.58],[-81.46,36.58],[-81.37,36.57],[-81.24,36.57],[-81.1,36.57],[-80.95,36.56],[-80.74,36.56],[-80.43,36.55],[-80.24,36.54],[-80.01,36.54],[-79.73,36.54],[-79.47,36.54],[-79.21,36.54],[-78.96,36.54],[-78.76,36.54],[-78.53,36.54],[-78.32,36.54],[-78.16,36.54],[-78.02,36.54],[-77.8,36.55],[-77.46,36.54],[-77.03,36.54],[-76.78,36.55],[-76.15,36.55],[-75.8,36.55],[-75.79,36.5],[-75.71,36.24],[-75.65,36.13],[-75.58,36.0],[-75.47,35.8],[-75.44,35.75],[-75.41,35.63],[-75.42,35.5],[-75.42,35.47],[-75.42,35.44],[-75.42,35.42],[-75.42,35.4],[-75.43,35.38],[-75.44,35.33],[-75.45,35.3],[-75.46,35.26],[-75.46,35.23],[-75.48,35.19],[-75.51,35.17],[-75.54,35.17],[-75.56,35.17],[-75.58,35.18],[-75.6,35.18],[-75.62,35.18],[-75.67,35.16],[-75.73,35.14],[-75.79,35.12],[-75.81,35.11],[-75.84,35.1],[-75.87,35.09],[-75.91,35.07],[-75.93,35.06],[-75.94,35.05],[-75.95,35.04],[-75.97,35.02],[-75.99,35.01],[-76.0,35.01],[-76.02,35.01],[-76.14,34.92],[-76.24,34.84],[-76.28,34.81],[-76.32,34.78],[-76.34,34.75],[-76.36,34.73],[-76.37,34.72],[-76.44,34.64],[-76.45,34.62],[-76.48,34.56],[-76.52,34.53],[-76.58,34.55],[-76.61,34.59],[-76.63,34.62],[-76.67,34.63],[-76.71,34.64],[-76.76,34.65],[-76.84,34.64],[-76.87,34.64],[-76.89,34.63],[-76.9,34.63],[-76.93,34.63],[-76.94,34.63],[-76.96,34.62],[-77.08,34.59],[-77.12,34.58],[-77.13,34.58],[-77.2,34.55],[-77.26,34.51],[-77.3,34.49],[-77.32,34.48],[-77.36,34.46],[-77.42,34.44],[-77.48,34.4],[-77.53,34.37],[-77.59,34.32],[-77.61,34.31],[-77.64,34.29],[-77.67,34.26],[-77.69,34.25],[-77.71,34.22],[-77.73,34.19],[-77.75,34.17],[-77.76,34.15],[-77.8,34.09],[-77.83,34.03],[-77.86,33.95],[-77.88,33.9],[-77.89,33.89],[-77.9,33.86],[-77.9,33.84],[-77.89,33.8],[-77.9,33.78],[-77.94,33.75],[-78.0,33.77],[-78.03,33.81],[-78.08,33.85],[-78.18,33.86],[-78.23,33.86],[-78.3,33.86],[-78.36,33.85],[-78.4,33.84],[-78.49,33.82],[-78.56,33.87],[-78.73,34.01],[-78.91,34.16],[-79.14,34.36],[-79.31,34.5],[-79.48,34.65],[-79.97,34.81],[-80.29,34.81],[-80.63,34.82],[-80.8,34.95]]]]},"properties":{"state":"NC"}},{"type":"Feature","id":"RI","geometry":{"type":"MultiPolygon","coordinates":[[[[-71.64,41.23],[-71.64,41.24],[-71.64,41.25],[-71.64,41.25],[-71.63,41.26],[-71.62,41.27],[-71.61,41.28],[-71.59,41.29],[-71.57,41.29],[-71.56,41.29],[-71.54,41.29],[-71.52,41.27],[-71.5,41.25],[-71.5,41.25],[-71.49,41.24],[-71.49,41.24],[-71.49,41.23],[-71.48,41.22],[-71.49,41.21],[-71.49,41.2],[-71.49,41.19],[-71.48,41.19],[-71.48,41.19],[-71.48,41.18],[-71.48,41.18],[-71.48,41.17],[-71.48,41.16],[-71.48,41.16],[-71.48,41.15],[-71.48,41.14],[-71.49,41.13],[-71.49,41.13],[-71.49,41.12],[-71.5,41.12],[-71.5,41.12],[-71.51,41.11],[-71.52,41.11],[-71.53,41.1],[-71.54,41.1],[-71.54,41.1],[-71.55,41.1],[-71.57,41.1],[-71.57,41.1],[-71.58,41.1],[-71.59,41.1],[-71.6,41.1],[-71.61,41.1],[-71.62,41.1],[-71.62,41.1],[-71.63,41.1],[-71.64,41.11],[-71.65,41.11],[-71.66,41.12],[-71.67,41.13],[-71.67,41.13],[-71.67,41.13],[-71.68,41.14],[-71.68,41.15],[-71.68,41.16],[-71.68,41.17],[-71.67,41.18],[-71.67,41.18],[-71.67,41.19],[-71.67,41.2],[-71.66,41.21],[-71.65,41.22],[-71.65,41.22],[-71.65,41.22]]],[[[-71.29,41.76],[-71.2,41.68],[-71.19,41.67],[-71.15,41.66],[-71.13,41.65],[-71.14,41.6],[-71.13,41.54],[-71.09,41.43],[-71.1,41.42],[-71.12,41.41],[-71.12,41.41],[-71.25,41.38],[-71.26,41.38],[-71.37,41.34],[-71.48,41.31],[-71.48,41.31],[-71.49,41.31],[-71.49,41.31],[-71.5,41.31],[-71.51,41.31],[-71.51,41.31],[-71.51,41.31],[-71.53,41.31],[-71.54,41.31],[-71.56,41.32],[-71.58,41.32],[-71.58,41.32],[-71.58,41.32],[-71.59,41.32],[-71.59,41.31],[-71.6,41.31],[-71.6,41.31],[-71.62,41.31],[-71.62,41.31],[-71.63,41.3],[-71.63,41.3],[-71.64,41.3],[-71.64,41.3],[-71.64,41.3],[-71.65,41.3],[-71.65,41.3],[-71.65,41.3],[-71.66,41.3],[-71.66,41.3],[-71.67,41.29],[-71.67,41.29],[-71.68,41.29],[-71.69,41.29],[-71.69,41.29],[-71.69,41.28],[-71.69,41.28],[-71.7,41.28],[-71.7,41.28],[-71.71,41.28],[-71.71,41.28],[-71.72,41.28],[-71.72,41.28],[-71.72,41.28],[-71.73,41.28],[-71.73,41.28],[-71.73,41.28],[-71.74,41.28],[-71.74,41.28],[-71.75,41.27],[-71.75,41.27],[-71.75,41.27],[-71.76,41.27],[-71.77,41.27],[-71.77,41.27],[-71.78,41.28],[-71.79,41.27],[-71.79,41.27],[-71.79,41.27],[-71.79,41.25],[-71.79,41.18],[-71.79,41.18],[-71.79,41.18],[-71.81,41.2],[-71.85,41.25],[-71.86,41.25],[-71.86,41.25],[-71.87,41.27],[-71.88,41.28],[-71.91,41.3],[-71.91,41.3],[-71.87,41.32],[-71.83,41.34],[-71.84,41.36],[-71.83,41.38],[-71.83,41.38],[-71.84,41.39],[-71.84,41.41],[-71.83,41.41],[-71.81,41.42],[-71.8,41.42],[-71.8,41.44],[-71.8,41.46],[-71.79,41.52],[-71.79,41.56],[-71.79,41.57],[-71.79,41.59],[-71.79,41.63],[-71.79,41.66],[-71.79,41.71],[-71.79,41.77],[-71.79,41.82],[-71.8,41.87],[-71.8,41.92],[-71.8,41.95],[-71.8,42.0],[-71.8,42.01],[-71.79,42.01],[-71.7,42.01],[-71.61,42.01],[-71.54,42.01],[-71.51,42.02],[-71.45,42.02],[-71.38,42.01],[-71.38,41.95],[-71.38,41.91],[-71.36,41.9],[-71.34,41.89],[-71.34,41.85],[-71.35,41.83],[-71.34,41.8],[-71.33,41.79],[-71.33,41.79],[-71.33,41.79],[-71.33,41.78]]]]},"properties":{"state":"RI"}},{"type":"Feature","id":"ID","geometry":{"type":"MultiPolygon","coordinates":[[[[-117.03,42.9],[-117.03,43.62],[-116.99,43.87],[-116.96,44.04],[-117.03,44.25],[-117.19,44.34],[-117.22,44.45],[-117.13,44.58],[-117.05,44.74],[-116.91,44.83],[-116.84,44.95],[-116.84,45.03],[-116.72,45.16],[-116.67,45.29],[-116.64,45.37],[-116.59,45.43],[-116.56,45.48],[-116.53,45.54],[-116.48,45.59],[-116.49,45.65],[-116.54,45.7],[-116.59,45.77],[-116.69,45.81],[-116.79,45.84],[-116.92,46.0],[-116.92,46.0],[-116.96,46.08],[-116.94,46.15],[-116.97,46.26],[-117.02,46.32],[-117.05,46.37],[-117.04,46.44],[-117.04,46.63],[-117.04,46.74],[-117.04,46.82],[-117.04,46.92],[-117.04,47.05],[-117.04,47.24],[-117.04,47.41],[-117.04,47.57],[-117.04,47.69],[-117.04,47.74],[-117.04,47.87],[-117.04,47.98],[-117.04,48.17],[-117.04,48.19],[-117.04,48.31],[-117.04,48.43],[-117.03,48.56],[-117.03,48.7],[-117.03,49.0],[-117.03,49.0],[-117.02,49.0],[-117.01,49.0],[-117.0,49.0],[-117.0,49.0],[-116.98,49.0],[-116.96,49.0],[-116.94,49.0],[-116.88,49.0],[-116.84,49.0],[-116.83,49.0],[-116.83,49.0],[-116.83,49.0],[-116.81,49.0],[-116.76,49.0],[-116.76,49.0],[-116.76,49.0],[-116.76,49.0],[-116.75,49.0],[-116.75,49.0],[-116.74,49.0],[-116.74,49.0],[-116.74,49.0],[-116.73,49.0],[-116.72,49.0],[-116.71,49.0],[-116.7,49.0],[-116.7,49.0],[-116.69,49.0],[-116.63,49.0],[-116.62,49.0],[-116.61,49.0],[-116.59,49.0],[-116.57,49.0],[-116.55,49.0],[-116.51,49.0],[-116.51,49.0],[-116.51,49.0],[-116.5,49.0],[-116.5,49.0],[-116.5,49.0],[-116.5,49.0],[-116.5,49.0],[-116.5,49.0],[-116.5,49.0],[-116.5,49.0],[-116.5,49.0],[-116.48,49.0],[-116.48,49.0],[-116.48,49.0],[-116.48,49.0],[-116.47,49.0],[-116.45,49.0],[-116.42,49.0],[-116.39,49.0],[-116.37,49.0],[-116.36,49.0],[-116.35,49.0],[-116.34,49.0],[-116.33,49.0],[-116.33,49.0],[-116.33,49.0],[-116.33,49.0],[-116.33,49.0],[-116.31,49.0],[-116.3,49.0],[-116.29,49.0],[-116.27,49.0],[-116.26,49.0],[-116.26,49.0],[-116.26,49.0],[-116.26,49.0],[-116.24,49.0],[-116.24,49.0],[-116.23,49.0],[-116.23,49.0],[-116.21,49.0],[-116.19,49.0],[-116.18,49.0],[-116.18,49.0],[-116.18,49.0],[-116.18,49.0],[-116.18,49.0],[-116.18,49.0],[-116.18,49.0],[-116.17,49.0],[-116.16,49.0],[-116.15,49.0],[-116.14,49.0],[-116.13,49.0],[-116.08,49.0],[-116.06,49.0],[-116.06,49.0],[-116.06,49.0],[-116.06,49.0],[-116.06,49.0],[-116.06,49.0],[-116.05,49.0],[-116.05,49.0],[-116.05,49.0],[-116.05,49.0],[-116.05,48.4],[-115.87,47.84],[-115.69,47.49],[-115.42,47.28],[-114.93,46.92],[-114.78,46.73],[-114.64,46.67],[-114.32,46.65],[-114.38,46.42],[-114.48,46.16],[-114.51,46.03],[-114.5,45.85],[-114.47,45.56],[-114.09,45.59],[-113.9,45.62],[-113.75,45.4],[-113.45,45.04],[-113.46,44.88],[-113.19,44.8],[-113.19,44.8],[-112.97,44.43],[-112.63,44.49],[-112.31,44.56],[-111.78,44.52],[-111.48,44.69],[-111.23,44.58],[-111.05,44.47],[-111.05,44.47],[-111.05,44.27],[-111.05,44.12],[-111.05,44.01],[-111.05,43.91],[-111.05,43.81],[-111.05,43.78],[-111.05,43.72],[-111.05,43.68],[-111.05,43.5],[-111.04,43.19],[-111.04,43.15],[-111.04,43.09],[-111.04,43.03],[-111.04,42.99],[-111.04,42.93],[-111.04,42.67],[-111.05,42.45],[-111.05,42.37],[-111.05,42.28],[-111.05,42.21],[-111.05,42.2],[-111.05,42.14],[-111.05,42.1],[-111.05,42.06],[-111.05,42.0],[-111.05,42.0],[-111.05,42.0],[-111.15,42.0],[-111.26,42.0],[-111.41,42.0],[-111.52,42.0],[-111.73,42.0],[-111.83,42.0],[-111.88,42.0],[-111.93,42.0],[-111.99,42.0],[-112.1,42.0],[-112.2,42.0],[-112.27,42.0],[-112.45,42.0],[-112.58,42.0],[-112.69,42.0],[-112.78,42.0],[-112.83,42.0],[-112.96,42.0],[-113.11,42.0],[-113.21,42.0],[-113.36,41.99],[-113.5,41.99],[-113.65,41.99],[-113.8,41.99],[-114.04,41.99],[-114.04,41.99],[-114.05,41.99],[-114.18,41.99],[-114.3,41.99],[-114.4,42.0],[-114.5,41.99],[-114.61,42.0],[-114.65,42.0],[-114.76,42.0],[-114.92,42.0],[-115.12,42.0],[-115.25,42.0],[-115.31,42.0],[-115.4,42.0],[-115.53,42.0],[-115.7,42.0],[-115.85,42.0],[-115.99,42.0],[-116.01,42.0],[-116.13,42.0],[-116.21,42.0],[-116.38,42.0],[-116.49,42.0],[-116.55,42.0],[-116.71,42.0],[-116.86,42.0],[-117.02,42.0],[-117.03,42.0],[-117.03,42.06],[-117.03,42.9]]]]},"properties":{"state":"ID"}},{"type":"Feature","id":"DE","geometry":{"type":"MultiPolygon","coordinates":[[[[-75.79,39.64],[-75.79,39.68],[-75.79,39.72],[-75.79,39.72],[-75.79,39.72],[-75.77,39.73],[-75.76,39.75],[-75.75,39.76],[-75.74,39.77],[-75.72,39.79],[-75.7,39.8],[-75.68,39.81],[-75.66,39.82],[-75.65,39.83],[-75.64,39.83],[-75.62,39.83],[-75.61,39.84],[-75.59,39.84],[-75.59,39.84],[-75.58,39.84],[-75.57,39.84],[-75.54,39.84],[-75.52,39.84],[-75.52,39.84],[-75.51,39.84],[-75.5,39.83],[-75.45,39.82],[-75.44,39.82],[-75.43,39.81],[-75.42,39.8],[-75.42,39.8],[-75.41,39.8],[-75.47,39.74],[-75.47,39.74],[-75.48,39.73],[-75.48,39.72],[-75.48,39.71],[-75.49,39.71],[-75.51,39.7],[-75.51,39.69],[-75.51,39.67],[-75.52,39.66],[-75.53,39.65],[-75.54,39.64],[-75.55,39.64],[-75.56,39.63],[-75.55,39.6],[-75.54,39.59],[-75.53,39.59],[-75.51,39.58],[-75.53,39.55],[-75.53,39.53],[-75.53,39.5],[-75.47,39.38],[-75.33,39.26],[-75.17,39.06],[-75.02,38.79],[-75.02,38.79],[-75.02,38.79],[-75.02,38.78],[-75.02,38.78],[-75.01,38.78],[-75.01,38.77],[-75.01,38.77],[-75.01,38.77],[-75.01,38.77],[-75.01,38.76],[-75.01,38.76],[-75.01,38.76],[-75.01,38.75],[-75.01,38.75],[-75.01,38.75],[-75.01,38.75],[-75.01,38.73],[-75.01,38.73],[-75.01,38.72],[-75.01,38.72],[-75.01,38.71],[-75.01,38.7],[-75.01,38.7],[-75.01,38.7],[-75.0,38.69],[-75.0,38.69],[-75.0,38.68],[-75.0,38.68],[-75.0,38.68],[-75.0,38.67],[-75.0,38.67],[-75.0,38.66],[-75.0,38.66],[-75.0,38.65],[-75.0,38.65],[-75.0,38.65],[-75.0,38.64],[-75.0,38.64],[-75.0,38.64],[-75.0,38.63],[-75.0,38.63],[-75.0,38.63],[-75.0,38.63],[-75.0,38.63],[-75.0,38.63],[-75.0,38.63],[-75.0,38.63],[-75.0,38.62],[-74.99,38.62],[-74.99,38.61],[-74.99,38.61],[-74.99,38.6],[-74.99,38.58],[-74.99,38.56],[-74.99,38.55],[-74.99,38.55],[-74.99,38.54],[-74.99,38.53],[-74.98,38.52],[-74.98,38.51],[-74.98,38.5],[-74.98,38.5],[-74.98,38.5],[-74.98,38.49],[-74.98,38.49],[-74.98,38.49],[-74.98,38.48],[-74.99,38.47],[-74.99,38.47],[-74.99,38.45],[-75.06,38.45],[-75.12,38.45],[-75.16,38.45],[-75.24,38.45],[-75.38,38.45],[-75.44,38.45],[-75.5,38.45],[-75.53,38.45],[-75.56,38.46],[-75.6,38.46],[-75.67,38.46],[-75.7,38.54],[-75.71,38.62],[-75.72,38.74],[-75.72,38.85],[-75.73,38.96],[-75.74,39.06],[-75.75,39.11],[-75.75,39.21],[-75.77,39.38],[-75.77,39.48],[-75.78,39.56]]]]},"properties":{"state":"DE"}},{"type":"Feature","id":"DC","geometry":{"type":"MultiPolygon","coordinates":[[[[-77.06,38.98],[-77.03,38.98],[-77.0,38.96],[-76.99,38.96],[-76.99,38.95],[-76.97,38.94],[-76.96,38.94],[-76.94,38.92],[-76.93,38.91],[-76.92,38.9],[-76.92,38.9],[-76.91,38.9],[-76.91,38.89],[-76.92,38.89],[-76.92,38.88],[-76.93,38.87],[-76.94,38.87],[-76.95,38.86],[-76.95,38.86],[-76.97,38.85],[-76.97,38.84],[-76.99,38.83],[-77.0,38.83],[-77.04,38.79],[-77.04,38.79],[-77.04,38.82],[-77.04,38.83],[-77.05,38.84],[-77.04,38.84],[-77.03,38.85],[-77.03,38.85],[-77.03,38.86],[-77.04,38.86],[-77.04,38.86],[-77.04,38.87],[-77.05,38.87],[-77.05,38.88],[-77.06,38.88],[-77.06,38.89],[-77.07,38.9],[-77.07,38.9],[-77.08,38.9],[-77.08,38.9],[-77.09,38.9],[-77.09,38.91],[-77.1,38.91],[-77.1,38.91],[-77.11,38.92],[-77.11,38.92],[-77.12,38.93],[-77.12,38.93],[-77.12,38.93],[-77.12,38.93],[-77.09,38.96]]]]},"properties":{"state":"DC"}},{"type":"Feature","id":"NH","geometry":{"type":"MultiPolygon","coordinates":[[[[-70.95,43.51],[-70.96,43.5],[-70.97,43.47],[-70.98,43.42],[-70.98,43.37],[-70.94,43.34],[-70.89,43.28],[-70.84,43.25],[-70.82,43.23],[-70.83,43.16],[-70.58,42.92],[-70.58,42.92],[-70.68,42.94],[-70.72,42.92],[-70.73,42.87],[-70.83,42.87],[-70.87,42.87],[-70.9,42.89],[-70.94,42.88],[-70.98,42.87],[-71.0,42.86],[-71.05,42.84],[-71.07,42.81],[-71.11,42.82],[-71.19,42.79],[-71.2,42.74],[-71.23,42.75],[-71.29,42.7],[-71.35,42.7],[-71.42,42.7],[-71.47,42.7],[-71.55,42.7],[-71.66,42.71],[-71.81,42.71],[-71.96,42.71],[-72.01,42.71],[-72.09,42.72],[-72.22,42.72],[-72.37,42.72],[-72.46,42.73],[-72.46,42.73],[-72.46,42.73],[-72.54,42.82],[-72.53,42.91],[-72.46,43.0],[-72.44,43.13],[-72.44,43.2],[-72.41,43.36],[-72.38,43.56],[-72.31,43.68],[-72.24,43.74],[-72.18,43.84],[-72.09,43.97],[-72.09,44.02],[-72.05,44.12],[-72.06,44.2],[-72.06,44.27],[-72.0,44.33],[-71.8,44.39],[-71.64,44.48],[-71.57,44.56],[-71.55,44.63],[-71.62,44.72],[-71.55,44.84],[-71.51,44.92],[-71.54,44.99],[-71.5,45.01],[-71.5,45.01],[-71.5,45.02],[-71.5,45.02],[-71.5,45.02],[-71.5,45.03],[-71.5,45.03],[-71.49,45.04],[-71.5,45.04],[-71.51,45.05],[-71.5,45.05],[-71.5,45.06],[-71.5,45.06],[-71.5,45.06],[-71.5,45.07],[-71.5,45.07],[-71.49,45.07],[-71.49,45.08],[-71.48,45.08],[-71.48,45.08],[-71.47,45.08],[-71.47,45.09],[-71.46,45.1],[-71.45,45.1],[-71.45,45.11],[-71.45,45.11],[-71.45,45.11],[-71.44,45.11],[-71.44,45.12],[-71.43,45.12],[-71.43,45.13],[-71.43,45.13],[-71.43,45.14],[-71.43,45.14],[-71.44,45.14],[-71.43,45.15],[-71.43,45.15],[-71.43,45.15],[-71.42,45.16],[-71.42,45.16],[-71.42,45.16],[-71.42,45.16],[-71.42,45.16],[-71.42,45.17],[-71.42,45.17],[-71.42,45.17],[-71.42,45.17],[-71.41,45.18],[-71.42,45.18],[-71.41,45.19],[-71.41,45.19],[-71.41,45.19],[-71.4,45.2],[-71.41,45.2],[-71.4,45.2],[-71.4,45.2],[-71.4,45.2],[-71.4,45.21],[-71.4,45.21],[-71.4,45.21],[-71.4,45.21],[-71.4,45.21],[-71.4,45.22],[-71.41,45.22],[-71.41,45.22],[-71.42,45.22],[-71.42,45.22],[-71.43,45.23],[-71.43,45.23],[-71.43,45.23],[-71.43,45.23],[-71.44,45.23],[-71.44,45.23],[-71.44,45.23],[-71.43,45.23],[-71.41,45.24],[-71.39,45.24],[-71.37,45.25],[-71.36,45.26],[-71.36,45.27],[-71.34,45.27],[-71.31,45.29],[-71.29,45.3],[-71.28,45.3],[-71.26,45.29],[-71.26,45.27],[-71.24,45.26],[-71.23,45.25],[-71.22,45.25],[-71.2,45.25],[-71.19,45.24],[-71.18,45.24],[-71.15,45.25],[-71.13,45.24],[-71.12,45.26],[-71.12,45.27],[-71.11,45.28],[-71.1,45.3],[-71.09,45.31],[-71.08,45.31],[-71.06,45.05],[-71.04,44.78],[-71.02,44.44],[-71.01,44.26],[-71.0,44.07],[-70.99,43.88],[-70.98,43.73],[-70.98,43.72],[-70.98,43.7],[-70.98,43.63],[-70.97,43.57],[-70.96,43.56],[-70.95,43.55],[-70.96,43.54]]]]},"properties":{"state":"NH"}},{"type":"Feature","id":"MN","geometry":{"type":"MultiPolygon","coordinates":[[[[-96.57,46.12],[-96.59,46.22],[-96.6,46.33],[-96.69,46.42],[-96.72,46.47],[-96.74,46.53],[-96.75,46.58],[-96.79,46.62],[-96.8,46.8],[-96.84,47.15],[-96.84,47.22],[-96.84,47.29],[-96.84,47.37],[-96.86,47.44],[-96.86,47.51],[-96.86,47.6],[-96.93,47.72],[-96.99,47.81],[-97.02,47.91],[-97.14,48.18],[-97.13,48.46],[-97.13,48.61],[-97.14,48.75],[-97.18,48.84],[-97.23,48.96],[-97.23,49.0],[-96.8,49.0],[-96.25,49.0],[-95.86,49.0],[-95.66,49.0],[-95.38,49.0],[-95.15,49.25],[-95.15,49.37],[-94.97,49.37],[-94.69,48.86],[-94.68,48.77],[-94.59,48.72],[-94.44,48.69],[-94.33,48.7],[-94.19,48.65],[-93.98,48.64],[-93.89,48.63],[-93.81,48.58],[-93.78,48.52],[-93.71,48.52],[-93.63,48.53],[-93.59,48.53],[-93.5,48.54],[-93.46,48.59],[-93.42,48.6],[-93.39,48.6],[-93.35,48.62],[-93.14,48.62],[-92.71,48.54],[-92.64,48.5],[-92.66,48.44],[-92.48,48.43],[-92.45,48.33],[-92.39,48.26],[-92.39,48.25],[-92.38,48.24],[-92.37,48.22],[-92.37,48.22],[-92.35,48.23],[-92.34,48.23],[-92.32,48.24],[-92.3,48.29],[-92.19,48.35],[-92.05,48.33],[-91.98,48.25],[-91.97,48.25],[-91.96,48.25],[-91.94,48.23],[-91.91,48.24],[-91.87,48.22],[-91.83,48.21],[-91.79,48.2],[-91.76,48.2],[-91.71,48.2],[-91.71,48.15],[-91.7,48.14],[-91.69,48.12],[-91.67,48.11],[-91.63,48.1],[-91.57,48.07],[-91.45,48.07],[-91.44,48.05],[-91.38,48.07],[-91.33,48.07],[-91.29,48.07],[-91.14,48.15],[-91.09,48.18],[-91.05,48.19],[-91.02,48.19],[-90.88,48.24],[-90.84,48.22],[-90.84,48.18],[-90.81,48.18],[-90.79,48.16],[-90.78,48.15],[-90.79,48.14],[-90.78,48.13],[-90.77,48.12],[-90.63,48.11],[-90.56,48.12],[-90.48,48.11],[-90.38,48.09],[-90.31,48.11],[-90.14,48.11],[-90.06,48.1],[-90.0,48.04],[-89.98,48.02],[-89.95,48.02],[-89.93,48.0],[-89.88,47.99],[-89.85,48.0],[-89.82,48.01],[-89.79,48.02],[-89.75,48.02],[-89.72,48.02],[-89.71,48.01],[-89.67,48.01],[-89.64,48.01],[-89.61,48.01],[-89.59,48.0],[-89.49,48.01],[-89.48,48.01],[-89.49,48.01],[-89.49,48.0],[-89.5,47.99],[-89.55,47.92],[-89.58,47.87],[-89.63,47.8],[-89.64,47.78],[-89.66,47.75],[-89.68,47.71],[-89.71,47.67],[-89.74,47.62],[-89.75,47.61],[-89.79,47.54],[-89.82,47.5],[-89.84,47.47],[-89.89,47.39],[-89.91,47.37],[-89.92,47.35],[-89.95,47.31],[-89.96,47.29],[-89.97,47.29],[-92.2,46.71],[-92.29,46.64],[-92.29,46.32],[-92.29,46.08],[-92.38,46.02],[-92.55,45.97],[-92.68,45.91],[-92.77,45.8],[-92.88,45.68],[-92.85,45.57],[-92.68,45.46],[-92.66,45.39],[-92.7,45.34],[-92.75,45.21],[-92.79,45.08],[-92.77,44.86],[-92.69,44.69],[-92.55,44.57],[-92.37,44.56],[-92.03,44.39],[-91.77,44.15],[-91.47,44.01],[-91.31,43.86],[-91.24,43.77],[-91.22,43.5],[-91.22,43.5],[-91.22,43.5],[-91.33,43.5],[-91.59,43.5],[-91.81,43.5],[-91.98,43.5],[-92.16,43.5],[-92.35,43.5],[-92.54,43.5],[-92.73,43.5],[-92.94,43.5],[-93.15,43.5],[-93.41,43.5],[-93.57,43.5],[-93.91,43.5],[-94.19,43.5],[-94.4,43.5],[-94.67,43.5],[-94.87,43.5],[-95.06,43.5],[-95.22,43.5],[-95.45,43.5],[-95.68,43.5],[-95.84,43.5],[-96.12,43.5],[-96.24,43.5],[-96.45,43.5],[-96.45,43.5],[-96.45,43.52],[-96.45,43.67],[-96.45,43.78],[-96.45,43.84],[-96.45,43.89],[-96.45,43.97],[-96.45,44.08],[-96.45,44.18],[-96.45,44.27],[-96.45,44.44],[-96.45,44.61],[-96.45,44.74],[-96.45,44.87],[-96.45,44.99],[-96.45,45.17],[-96.45,45.17],[-96.45,45.3],[-96.55,45.38],[-96.69,45.41],[-96.77,45.52],[-96.85,45.6],[-96.78,45.68],[-96.64,45.77],[-96.58,45.84],[-96.57,45.89],[-96.57,45.91],[-96.56,45.94],[-96.57,46.12]]]]},"properties":{"state":"MN"}},{"type":"Feature","id":"ND","geometry":{"type":"MultiPolygon","coordinates":[[[[-96.57,46.12],[-96.57,46.12],[-96.56,45.94],[-96.56,45.94],[-96.87,45.94],[-97.23,45.94],[-97.43,45.94],[-97.65,45.94],[-97.98,45.94],[-98.35,45.94],[-98.68,45.94],[-99.2,45.94],[-99.66,45.94],[-99.88,45.94],[-100.07,45.94],[-100.43,45.94],[-100.57,45.94],[-100.94,45.94],[-101.33,45.94],[-101.72,45.94],[-101.78,45.94],[-102.04,45.94],[-102.2,45.94],[-102.41,45.94],[-102.79,45.95],[-102.98,45.95],[-103.16,45.95],[-103.45,45.95],[-104.03,45.95],[-104.05,45.95],[-104.05,45.95],[-104.05,46.11],[-104.05,46.26],[-104.05,46.38],[-104.05,46.58],[-104.05,46.73],[-104.05,46.83],[-104.05,46.93],[-104.05,47.02],[-104.04,47.09],[-104.05,47.2],[-104.05,47.34],[-104.04,47.51],[-104.04,47.68],[-104.04,47.81],[-104.04,47.89],[-104.04,48.02],[-104.05,48.17],[-104.05,48.25],[-104.05,48.34],[-104.05,48.51],[-104.05,48.64],[-104.05,48.74],[-104.05,48.87],[-104.05,48.94],[-104.05,49.0],[-104.05,49.0],[-103.99,49.0],[-103.97,49.0],[-103.92,49.0],[-103.86,49.0],[-103.85,49.0],[-103.73,49.0],[-103.6,49.0],[-103.49,49.0],[-103.41,49.0],[-103.38,49.0],[-103.35,49.0],[-103.34,49.0],[-103.31,49.0],[-103.25,49.0],[-103.16,49.0],[-103.06,49.0],[-102.98,49.0],[-102.88,49.0],[-102.84,49.0],[-102.81,49.0],[-102.79,49.0],[-102.68,49.0],[-102.64,49.0],[-102.57,49.0],[-102.55,49.0],[-102.53,49.0],[-102.44,49.0],[-102.35,49.0],[-102.28,49.0],[-102.25,49.0],[-102.17,49.0],[-102.15,49.0],[-102.08,49.0],[-102.07,49.0],[-102.06,49.0],[-102.03,49.0],[-101.97,49.0],[-101.88,49.0],[-101.79,49.0],[-101.63,49.0],[-101.59,49.0],[-101.51,49.0],[-101.43,49.0],[-101.31,49.0],[-101.25,49.0],[-101.23,49.0],[-101.21,49.0],[-101.17,49.0],[-101.12,49.0],[-101.09,49.0],[-101.02,49.0],[-100.92,49.0],[-100.84,49.0],[-100.69,49.0],[-100.5,49.0],[-100.43,49.0],[-100.37,49.0],[-100.31,49.0],[-100.21,49.0],[-100.18,49.0],[-100.13,49.0],[-100.05,49.0],[-99.92,49.0],[-99.88,49.0],[-99.86,49.0],[-99.75,49.0],[-99.68,49.0],[-99.57,49.0],[-99.5,49.0],[-99.37,49.0],[-99.3,49.0],[-99.16,49.0],[-99.04,49.0],[-99.0,49.0],[-98.91,49.0],[-98.75,49.0],[-98.63,49.0],[-98.52,49.0],[-98.48,49.0],[-98.38,49.0],[-98.27,49.0],[-98.25,49.0],[-98.24,49.0],[-98.23,49.0],[-98.21,49.0],[-98.13,49.0],[-98.0,49.0],[-97.95,49.0],[-97.88,49.0],[-97.82,49.0],[-97.78,49.0],[-97.71,49.0],[-97.66,49.0],[-97.56,49.0],[-97.49,49.0],[-97.45,49.0],[-97.39,49.0],[-97.29,49.0],[-97.25,49.0],[-97.23,49.0],[-97.23,48.96],[-97.18,48.84],[-97.14,48.75],[-97.13,48.61],[-97.13,48.46],[-97.14,48.18],[-97.02,47.91],[-96.99,47.81],[-96.93,47.72],[-96.86,47.6],[-96.86,47.51],[-96.86,47.44],[-96.84,47.37],[-96.84,47.29],[-96.84,47.22],[-96.84,47.15],[-96.8,46.8],[-96.79,46.62],[-96.75,46.58],[-96.74,46.53],[-96.72,46.47],[-96.69,46.42],[-96.6,46.33],[-96.59,46.22]]]]},"properties":{"state":"ND"}},{"type":"Feature","id":"OK","geometry":{"type":"MultiPolygon","coordinates":[[[[-94.43,35.36],[-94.43,35.32],[-94.44,35.29],[-94.44,35.22],[-94.44,35.13],[-94.45,34.91],[-94.45,34.86],[-94.46,34.64],[-94.46,34.42],[-94.47,34.38],[-94.47,34.36],[-94.47,34.25],[-94.47,34.04],[-94.48,33.89],[-94.48,33.8],[-94.49,33.64],[-94.49,33.64],[-94.49,33.64],[-94.63,33.67],[-94.76,33.73],[-94.87,33.77],[-95.03,33.86],[-95.1,33.91],[-95.24,33.95],[-95.31,33.88],[-95.52,33.89],[-95.82,33.86],[-95.95,33.86],[-96.17,33.8],[-96.32,33.7],[-96.53,33.82],[-96.87,33.85],[-97.09,33.85],[-97.2,33.81],[-97.59,33.91],[-97.96,33.99],[-98.41,34.09],[-98.96,34.21],[-99.26,34.4],[-99.68,34.38],[-100.0,34.86],[-100.11,36.5],[-103.0,36.5],[-103.0,36.5],[-103.0,36.5],[-103.0,36.51],[-103.0,36.51],[-103.0,36.53],[-103.0,36.55],[-103.0,36.56],[-103.0,36.57],[-103.0,36.59],[-103.0,36.6],[-103.0,36.63],[-103.0,36.65],[-103.0,36.68],[-103.0,36.69],[-103.0,36.7],[-103.0,36.72],[-103.0,36.74],[-103.0,36.77],[-103.0,36.82],[-103.0,36.87],[-103.0,36.9],[-103.0,36.9],[-103.0,36.91],[-103.0,36.92],[-103.0,36.95],[-103.0,36.97],[-103.0,37.0],[-103.0,37.0],[-103.0,37.0],[-102.99,37.0],[-102.98,37.0],[-102.93,37.0],[-102.89,37.0],[-102.87,37.0],[-102.82,37.0],[-102.77,37.0],[-102.71,37.0],[-102.68,37.0],[-102.63,37.0],[-102.57,37.0],[-102.52,36.99],[-102.49,36.99],[-102.4,36.99],[-102.36,36.99],[-102.34,36.99],[-102.3,36.99],[-102.26,36.99],[-102.25,36.99],[-102.2,36.99],[-102.18,36.99],[-102.09,36.99],[-102.07,36.99],[-102.05,36.99],[-102.05,36.99],[-102.04,36.99],[-101.97,36.99],[-101.78,36.99],[-101.5,37.0],[-101.09,37.0],[-100.73,37.0],[-100.22,37.0],[-99.8,37.0],[-99.6,37.0],[-99.21,37.0],[-98.69,37.0],[-98.44,37.0],[-98.04,37.0],[-97.72,37.0],[-97.41,37.0],[-97.12,37.0],[-96.91,37.0],[-96.55,37.0],[-96.28,37.0],[-96.28,37.0],[-96.05,37.0],[-95.79,37.0],[-95.59,37.0],[-95.41,37.0],[-95.16,37.0],[-94.96,37.0],[-94.77,37.0],[-94.62,37.0],[-94.62,37.0],[-94.62,36.98],[-94.62,36.97],[-94.62,36.96],[-94.62,36.94],[-94.62,36.92],[-94.62,36.9],[-94.62,36.87],[-94.62,36.85],[-94.62,36.82],[-94.62,36.76],[-94.62,36.72],[-94.62,36.7],[-94.62,36.68],[-94.62,36.67],[-94.62,36.65],[-94.62,36.63],[-94.62,36.61],[-94.62,36.6],[-94.62,36.59],[-94.62,36.58],[-94.62,36.55],[-94.62,36.54],[-94.62,36.52],[-94.62,36.51],[-94.62,36.5],[-94.62,36.5],[-94.62,36.5],[-94.59,36.35],[-94.58,36.24],[-94.56,36.13],[-94.53,35.99],[-94.52,35.91],[-94.5,35.79],[-94.48,35.67],[-94.46,35.56],[-94.43,35.41]]]]},"properties":{"state":"OK"}},{"type":"Feature","id":"IA","geometry":{"type":"MultiPolygon","coordinates":[[[[-95.85,40.7],[-95.85,40.7],[-95.83,40.87],[-95.87,41.05],[-95.88,41.16],[-95.92,41.19],[-95.92,41.25],[-95.91,41.3],[-95.89,41.28],[-95.92,41.32],[-95.93,41.42],[-96.01,41.48],[-96.08,41.58],[-96.09,41.7],[-96.08,41.72],[-96.09,41.75],[-96.07,41.8],[-96.15,41.88],[-96.14,41.95],[-96.19,42.01],[-96.23,42.04],[-96.27,42.09],[-96.32,42.15],[-96.35,42.2],[-96.32,42.24],[-96.38,42.46],[-96.45,42.49],[-96.45,42.49],[-96.5,42.6],[-96.57,42.68],[-96.6,42.7],[-96.63,42.72],[-96.62,42.75],[-96.61,42.78],[-96.58,42.82],[-96.56,42.85],[-96.53,42.89],[-96.52,42.94],[-96.5,43.0],[-96.5,43.05],[-96.46,43.1],[-96.46,43.14],[-96.47,43.18],[-96.49,43.22],[-96.57,43.24],[-96.58,43.28],[-96.55,43.29],[-96.53,43.33],[-96.53,43.37],[-96.56,43.41],[-96.6,43.44],[-96.58,43.47],[-96.45,43.5],[-96.45,43.5],[-96.45,43.5],[-96.24,43.5],[-96.12,43.5],[-95.84,43.5],[-95.68,43.5],[-95.45,43.5],[-95.22,43.5],[-95.06,43.5],[-94.87,43.5],[-94.67,43.5],[-94.4,43.5],[-94.19,43.5],[-93.91,43.5],[-93.57,43.5],[-93.41,43.5],[-93.15,43.5],[-92.94,43.5],[-92.73,43.5],[-92.54,43.5],[-92.35,43.5],[-92.16,43.5],[-91.98,43.5],[-91.81,43.5],[-91.59,43.5],[-91.33,43.5],[-91.22,43.5],[-91.22,43.5],[-91.22,43.5],[-91.23,43.45],[-91.2,43.4],[-91.21,43.36],[-91.14,43.33],[-91.08,43.28],[-91.08,43.23],[-91.14,43.17],[-91.18,43.12],[-91.18,43.05],[-91.16,42.99],[-91.14,42.93],[-91.12,42.9],[-91.1,42.87],[-91.09,42.83],[-91.08,42.82],[-91.07,42.77],[-91.06,42.75],[-91.05,42.74],[-91.0,42.72],[-90.93,42.68],[-90.86,42.67],[-90.76,42.65],[-90.68,42.58],[-90.64,42.53],[-90.64,42.51],[-90.64,42.51],[-90.64,42.51],[-90.49,42.39],[-90.42,42.3],[-90.36,42.21],[-90.16,42.1],[-90.15,42.02],[-90.17,41.88],[-90.18,41.81],[-90.28,41.76],[-90.32,41.69],[-90.34,41.61],[-90.42,41.55],[-90.51,41.52],[-90.6,41.51],[-90.72,41.45],[-90.82,41.45],[-90.9,41.43],[-90.97,41.43],[-91.05,41.41],[-91.07,41.31],[-91.05,41.18],[-90.96,41.11],[-90.99,40.91],[-91.11,40.75],[-91.38,40.57],[-91.42,40.38],[-91.42,40.38],[-91.42,40.38],[-91.49,40.39],[-91.53,40.43],[-91.62,40.51],[-91.74,40.61],[-92.04,40.6],[-92.2,40.6],[-92.34,40.6],[-92.56,40.59],[-92.89,40.59],[-93.07,40.58],[-93.25,40.58],[-93.29,40.58],[-93.35,40.58],[-93.37,40.58],[-93.57,40.58],[-93.75,40.58],[-93.92,40.58],[-94.09,40.57],[-94.4,40.57],[-94.54,40.57],[-94.73,40.57],[-94.94,40.58],[-95.22,40.58],[-95.53,40.58],[-95.76,40.59],[-95.77,40.59]]]]},"properties":{"state":"IA"}},{"type":"Feature","id":"TN","geometry":{"type":"MultiPolygon","coordinates":[[[[-88.47,35.0],[-88.53,35.0],[-88.63,35.0],[-88.72,35.0],[-88.85,35.0],[-88.95,34.99],[-89.07,34.99],[-89.17,34.99],[-89.25,34.99],[-89.35,34.99],[-89.44,34.99],[-89.56,34.99],[-89.69,35.0],[-89.79,34.99],[-89.82,34.99],[-89.85,34.99],[-89.89,34.99],[-89.94,34.99],[-90.01,34.99],[-90.12,34.99],[-90.2,35.0],[-90.31,35.0],[-90.31,35.0],[-90.31,35.0],[-90.2,35.03],[-90.11,35.17],[-90.13,35.25],[-90.13,35.3],[-90.11,35.41],[-90.15,35.43],[-90.11,35.47],[-90.07,35.46],[-90.03,35.43],[-90.05,35.51],[-90.03,35.56],[-89.99,35.56],[-89.96,35.54],[-89.94,35.52],[-89.91,35.55],[-89.95,35.56],[-89.95,35.6],[-89.88,35.63],[-89.89,35.65],[-89.96,35.72],[-89.89,35.75],[-89.8,35.79],[-89.72,35.81],[-89.68,35.89],[-89.73,36.0],[-89.73,36.0],[-89.73,36.0],[-89.68,36.07],[-89.62,36.11],[-89.61,36.12],[-89.59,36.13],[-89.6,36.16],[-89.63,36.19],[-89.68,36.21],[-89.7,36.23],[-89.71,36.24],[-89.69,36.25],[-89.68,36.25],[-89.64,36.25],[-89.6,36.24],[-89.56,36.25],[-89.55,36.25],[-89.53,36.25],[-89.55,36.28],[-89.6,36.3],[-89.62,36.34],[-89.55,36.34],[-89.51,36.38],[-89.52,36.46],[-89.54,36.5],[-89.54,36.5],[-89.53,36.5],[-89.53,36.5],[-89.53,36.5],[-89.53,36.5],[-89.52,36.5],[-89.52,36.5],[-89.51,36.5],[-89.51,36.5],[-89.51,36.5],[-89.51,36.5],[-89.5,36.5],[-89.5,36.5],[-89.5,36.5],[-89.5,36.5],[-89.5,36.5],[-89.5,36.5],[-89.5,36.5],[-89.5,36.5],[-89.49,36.5],[-89.49,36.5],[-89.49,36.5],[-89.49,36.5],[-89.49,36.5],[-89.49,36.5],[-89.49,36.5],[-89.49,36.5],[-89.49,36.5],[-89.45,36.46],[-89.42,36.5],[-89.42,36.5],[-89.41,36.5],[-89.05,36.5],[-88.9,36.5],[-88.81,36.5],[-88.76,36.5],[-88.71,36.5],[-88.68,36.5],[-88.57,36.5],[-88.54,36.5],[-88.49,36.5],[-88.31,36.5],[-88.09,36.5],[-88.05,36.68],[-87.56,36.64],[-87.23,36.64],[-86.8,36.65],[-86.34,36.65],[-85.86,36.62],[-85.58,36.62],[-85.37,36.62],[-85.22,36.63],[-84.87,36.61],[-84.44,36.6],[-84.11,36.59],[-83.89,36.59],[-83.68,36.6],[-83.68,36.6],[-83.68,36.6],[-83.63,36.6],[-83.57,36.6],[-83.52,36.6],[-83.37,36.6],[-83.25,36.59],[-83.15,36.59],[-83.0,36.59],[-82.89,36.59],[-82.79,36.59],[-82.72,36.59],[-82.63,36.59],[-82.56,36.59],[-82.47,36.59],[-82.27,36.6],[-82.23,36.6],[-82.21,36.6],[-82.19,36.6],[-82.18,36.59],[-82.17,36.59],[-82.13,36.59],[-82.03,36.59],[-81.93,36.6],[-81.85,36.61],[-81.75,36.61],[-81.68,36.59],[-81.68,36.59],[-81.68,36.59],[-81.7,36.54],[-81.7,36.5],[-81.71,36.46],[-81.73,36.42],[-81.72,36.36],[-81.82,36.35],[-82.0,36.17],[-82.14,36.12],[-82.24,36.13],[-82.39,36.1],[-82.56,35.96],[-82.62,36.05],[-82.71,36.03],[-82.79,35.95],[-82.9,35.87],[-82.96,35.79],[-83.09,35.78],[-83.41,35.62],[-83.77,35.56],[-83.99,35.44],[-84.02,35.36],[-84.1,35.25],[-84.18,35.24],[-84.27,35.24],[-84.32,34.99],[-84.32,34.99],[-84.32,34.99],[-84.36,34.99],[-84.39,34.99],[-84.49,34.99],[-84.57,34.99],[-84.64,34.99],[-84.72,34.99],[-84.78,34.99],[-84.86,34.99],[-84.93,34.99],[-84.98,34.99],[-85.05,34.99],[-85.1,34.99],[-85.12,34.99],[-85.16,34.99],[-85.2,34.99],[-85.22,34.99],[-85.25,34.99],[-85.27,34.98],[-85.3,34.98],[-85.32,34.98],[-85.36,34.98],[-85.41,34.98],[-85.46,34.98],[-85.52,34.98],[-85.6,34.98],[-85.61,34.98],[-85.61,34.98],[-85.82,34.99],[-85.97,34.99],[-86.23,34.99],[-86.4,34.99],[-86.47,34.99],[-86.56,34.99],[-86.63,34.99],[-86.68,34.99],[-86.73,34.99],[-86.78,34.99],[-86.84,34.99],[-86.9,34.99],[-87.0,34.99],[-87.14,35.0],[-87.24,35.0],[-87.32,35.0],[-87.38,35.0],[-87.42,35.0],[-87.51,35.0],[-87.62,35.0],[-87.76,35.0],[-87.86,35.01],[-87.98,35.01],[-88.13,35.01],[-88.2,35.0],[-88.2,35.0],[-88.25,35.0],[-88.31,35.0],[-88.38,35.0],[-88.47,35.0]]]]},"properties":{"state":"TN"}},{"type":"Feature","id":"FL","geometry":{"type":"MultiPolygon","coordinates":[[[[-82.88,24.72],[-82.87,24.72],[-82.87,24.73],[-82.8,24.73],[-82.77,24.7],[-82.77,24.67],[-82.8,24.63],[-82.8,24.62],[-82.81,24.61],[-82.81,24.61],[-82.8,24.61],[-82.8,24.6],[-82.8,24.6],[-82.82,24.59],[-82.82,24.59],[-82.82,24.59],[-82.83,24.59],[-82.84,24.58],[-82.85,24.58],[-82.86,24.58],[-82.87,24.58],[-82.88,24.58],[-82.88,24.58],[-82.89,24.58],[-82.9,24.58],[-82.9,24.58],[-82.92,24.58],[-82.93,24.58],[-82.94,24.58],[-82.95,24.58],[-82.96,24.58],[-82.97,24.58],[-82.97,24.58],[-82.97,24.59],[-82.98,24.6],[-82.98,24.6],[-82.99,24.61],[-82.99,24.62],[-82.99,24.63],[-82.99,24.63],[-82.99,24.64],[-82.98,24.66],[-82.96,24.67],[-82.95,24.68],[-82.94,24.68],[-82.93,24.68],[-82.93,24.69],[-82.92,24.69],[-82.92,24.7],[-82.9,24.72],[-82.9,24.72]]],[[[-87.59,31.0],[-87.58,31.0],[-87.44,31.0],[-87.31,31.0],[-87.04,31.0],[-86.67,30.99],[-86.37,30.99],[-86.02,30.99],[-85.49,31.0],[-85.15,31.0],[-85.0,31.0],[-85.0,31.0],[-84.93,30.84],[-84.69,30.7],[-83.83,30.66],[-82.66,30.6],[-82.24,30.53],[-82.21,30.49],[-82.21,30.46],[-82.21,30.43],[-82.2,30.4],[-82.18,30.37],[-82.15,30.36],[-82.11,30.37],[-82.06,30.36],[-82.04,30.41],[-82.02,30.47],[-82.01,30.55],[-82.03,30.61],[-82.04,30.69],[-82.02,30.76],[-81.96,30.8],[-81.88,30.81],[-81.77,30.76],[-81.68,30.75],[-81.6,30.73],[-81.35,30.71],[-81.35,30.71],[-81.37,30.53],[-81.33,30.32],[-81.2,29.81],[-81.14,29.65],[-81.07,29.5],[-80.95,29.23],[-80.75,28.92],[-80.5,28.41],[-80.53,28.21],[-80.5,28.08],[-80.39,27.88],[-80.28,27.63],[-80.22,27.44],[-80.01,26.94],[-79.98,26.69],[-80.01,26.43],[-80.09,25.71],[-80.12,25.53],[-80.11,25.41],[-80.23,25.29],[-80.32,25.13],[-80.39,25.04],[-80.52,24.94],[-80.68,24.82],[-80.9,24.71],[-81.03,24.66],[-81.19,24.63],[-81.34,24.58],[-81.5,24.56],[-81.59,24.47],[-81.77,24.49],[-81.9,24.4],[-82.05,24.5],[-82.22,24.57],[-81.95,24.65],[-81.75,24.72],[-81.64,24.77],[-81.53,24.83],[-81.38,24.88],[-81.22,24.87],[-81.05,24.79],[-80.92,24.85],[-81.02,24.93],[-81.16,25.11],[-81.2,25.36],[-81.27,25.52],[-81.41,25.69],[-81.57,25.8],[-81.76,25.86],[-81.85,26.07],[-81.92,26.35],[-82.11,26.38],[-82.32,26.66],[-82.47,27.0],[-82.62,27.26],[-82.82,27.58],[-82.9,27.93],[-82.89,28.06],[-82.91,28.21],[-82.79,28.32],[-82.75,28.44],[-82.74,28.56],[-82.77,28.67],[-82.79,28.75],[-82.81,28.83],[-82.81,28.89],[-82.85,28.97],[-82.87,29.04],[-83.1,29.05],[-83.24,29.28],[-83.32,29.38],[-83.46,29.53],[-83.6,29.69],[-83.7,29.86],[-83.83,29.91],[-84.0,30.01],[-84.13,30.0],[-84.26,29.99],[-84.31,29.86],[-84.5,29.83],[-84.6,29.74],[-84.75,29.65],[-84.92,29.58],[-85.04,29.54],[-85.1,29.56],[-85.17,29.59],[-85.25,29.63],[-85.33,29.6],[-85.39,29.62],[-85.44,29.68],[-85.46,29.74],[-85.47,29.81],[-85.47,29.87],[-85.46,29.91],[-85.56,29.94],[-85.62,29.99],[-85.76,30.07],[-86.12,30.26],[-86.77,30.34],[-87.5,30.23],[-87.45,30.3],[-87.46,30.34],[-87.4,30.42],[-87.43,30.48],[-87.45,30.52],[-87.43,30.56],[-87.41,30.59],[-87.39,30.63],[-87.43,30.69],[-87.48,30.72],[-87.54,30.75],[-87.57,30.8],[-87.6,30.83],[-87.63,30.86],[-87.62,30.89],[-87.6,30.94]]]]},"properties":{"state":"FL"}},{"type":"Feature","id":"LA","geometry":{"type":"MultiPolygon","coordinates":[[[[-93.55,31.09],[-93.61,31.2],[-93.69,31.31],[-93.71,31.44],[-93.74,31.52],[-93.82,31.63],[-93.83,31.74],[-93.88,31.85],[-93.93,31.89],[-94.03,32.0],[-94.04,32.4],[-94.04,32.77],[-94.04,33.02],[-94.04,33.02],[-93.98,33.02],[-93.85,33.02],[-93.66,33.02],[-93.48,33.02],[-93.37,33.02],[-93.31,33.02],[-93.21,33.02],[-93.1,33.02],[-92.92,33.02],[-92.81,33.02],[-92.72,33.01],[-92.66,33.01],[-92.54,33.01],[-92.52,33.01],[-92.43,33.01],[-92.35,33.01],[-92.28,33.01],[-92.23,33.01],[-92.1,33.01],[-91.88,33.01],[-91.63,33.01],[-91.49,33.01],[-91.37,33.01],[-91.32,33.01],[-91.17,33.0],[-91.17,33.0],[-91.17,33.0],[-91.16,32.77],[-91.05,32.49],[-90.98,32.27],[-91.03,32.16],[-91.16,32.07],[-91.13,31.99],[-91.25,31.83],[-91.32,31.76],[-91.4,31.69],[-91.47,31.59],[-91.51,31.37],[-91.65,31.25],[-91.08,31.0],[-90.47,31.0],[-90.01,31.0],[-89.78,30.85],[-89.82,30.74],[-89.84,30.67],[-89.82,30.6],[-89.8,30.56],[-89.76,30.51],[-89.72,30.48],[-89.68,30.41],[-89.63,30.33],[-88.9,30.17],[-88.88,30.1],[-88.82,30.07],[-88.77,30.0],[-88.76,29.93],[-88.77,29.84],[-88.8,29.74],[-88.88,29.65],[-88.97,29.57],[-89.01,29.53],[-89.05,29.48],[-89.12,29.45],[-89.13,29.38],[-89.11,29.34],[-89.02,29.27],[-88.96,29.26],[-88.91,29.21],[-88.91,29.14],[-88.98,29.09],[-89.0,29.07],[-89.01,29.03],[-89.05,29.0],[-89.12,28.92],[-89.21,28.96],[-89.25,28.98],[-89.3,28.96],[-89.34,28.92],[-89.38,28.88],[-89.4,28.86],[-89.46,28.86],[-89.48,28.88],[-89.49,28.92],[-89.47,28.96],[-89.46,29.02],[-89.47,29.1],[-89.48,29.12],[-89.49,29.14],[-89.5,29.16],[-89.55,29.18],[-89.58,29.19],[-89.64,29.19],[-89.74,29.18],[-89.87,29.16],[-90.07,29.11],[-90.14,29.06],[-90.2,29.04],[-90.24,29.03],[-90.31,29.01],[-90.4,29.0],[-90.46,29.0],[-90.59,29.03],[-90.75,28.99],[-90.83,28.99],[-90.92,28.99],[-90.98,29.01],[-91.02,29.06],[-90.99,29.11],[-90.97,29.12],[-91.02,29.12],[-91.06,29.13],[-91.12,29.14],[-91.19,29.17],[-91.32,29.21],[-91.38,29.26],[-91.42,29.3],[-91.56,29.35],[-91.59,29.36],[-91.63,29.37],[-91.67,29.37],[-91.71,29.36],[-91.75,29.38],[-91.79,29.39],[-91.82,29.37],[-91.88,29.36],[-91.91,29.41],[-91.95,29.43],[-91.98,29.46],[-92.04,29.48],[-92.05,29.51],[-92.07,29.53],[-92.13,29.53],[-92.21,29.5],[-92.27,29.48],[-92.4,29.5],[-92.49,29.51],[-92.62,29.53],[-92.71,29.55],[-92.75,29.56],[-92.82,29.59],[-92.9,29.63],[-92.99,29.66],[-93.05,29.68],[-93.15,29.71],[-93.22,29.73],[-93.29,29.72],[-93.32,29.7],[-93.36,29.7],[-93.4,29.72],[-93.59,29.71],[-93.75,29.68],[-93.77,29.63],[-93.81,29.6],[-93.93,29.81],[-93.7,30.06],[-93.7,30.14],[-93.71,30.18],[-93.72,30.21],[-93.71,30.25],[-93.76,30.33],[-93.7,30.44],[-93.73,30.55],[-93.65,30.67],[-93.61,30.76],[-93.57,30.88],[-93.57,30.99],[-93.55,31.09]]]]},"properties":{"state":"LA"}},{"type":"Feature","id":"NM","geometry":{"type":"MultiPolygon","coordinates":[[[[-103.56,32.0],[-104.0,32.0],[-104.64,32.0],[-105.15,32.0],[-105.9,32.0],[-106.56,32.0],[-106.63,31.99],[-106.62,31.94],[-106.63,31.91],[-106.61,31.85],[-106.55,31.81],[-106.53,31.78],[-106.53,31.78],[-106.53,31.78],[-106.56,31.78],[-106.57,31.78],[-106.6,31.78],[-106.61,31.78],[-106.63,31.78],[-106.68,31.78],[-106.68,31.78],[-106.75,31.78],[-106.76,31.78],[-106.77,31.78],[-106.82,31.78],[-106.88,31.78],[-106.9,31.78],[-106.94,31.78],[-106.97,31.78],[-106.99,31.78],[-106.99,31.78],[-107.0,31.78],[-107.0,31.78],[-107.0,31.78],[-107.13,31.78],[-107.28,31.78],[-107.3,31.78],[-107.31,31.78],[-107.32,31.78],[-107.35,31.78],[-107.38,31.78],[-107.4,31.78],[-107.42,31.78],[-107.47,31.78],[-107.5,31.78],[-107.53,31.78],[-107.58,31.78],[-107.62,31.78],[-107.63,31.78],[-107.63,31.78],[-107.63,31.78],[-107.63,31.78],[-107.64,31.78],[-107.64,31.78],[-107.65,31.78],[-107.67,31.78],[-107.7,31.78],[-107.71,31.78],[-107.75,31.78],[-107.79,31.78],[-107.84,31.78],[-107.86,31.78],[-107.87,31.78],[-107.89,31.78],[-107.9,31.78],[-107.96,31.78],[-108.0,31.78],[-108.04,31.78],[-108.06,31.78],[-108.08,31.78],[-108.08,31.78],[-108.11,31.78],[-108.15,31.78],[-108.17,31.78],[-108.2,31.78],[-108.21,31.78],[-108.21,31.74],[-108.21,31.73],[-108.21,31.72],[-108.21,31.72],[-108.21,31.72],[-108.21,31.69],[-108.21,31.63],[-108.21,31.59],[-108.21,31.56],[-108.21,31.53],[-108.21,31.5],[-108.21,31.5],[-108.21,31.48],[-108.21,31.43],[-108.21,31.38],[-108.21,31.36],[-108.21,31.33],[-108.37,31.33],[-108.39,31.33],[-108.45,31.33],[-108.48,31.33],[-108.53,31.33],[-108.62,31.33],[-108.66,31.33],[-108.71,31.33],[-108.72,31.33],[-108.73,31.33],[-108.74,31.33],[-108.74,31.33],[-108.75,31.33],[-108.76,31.33],[-108.82,31.33],[-108.86,31.33],[-108.89,31.33],[-109.0,31.33],[-109.05,31.33],[-109.05,31.33],[-109.05,31.64],[-109.05,31.87],[-109.05,32.18],[-109.05,32.41],[-109.05,32.7],[-109.05,33.07],[-109.05,33.35],[-109.05,33.71],[-109.05,34.08],[-109.05,34.45],[-109.05,34.71],[-109.05,34.91],[-109.05,35.31],[-109.05,35.46],[-109.05,35.65],[-109.05,35.81],[-109.05,35.93],[-109.05,36.03],[-109.05,36.19],[-109.05,36.29],[-109.05,36.42],[-109.05,36.55],[-109.05,36.7],[-109.05,36.85],[-109.05,37.0],[-109.05,37.0],[-109.05,37.0],[-108.9,37.0],[-108.75,37.0],[-108.53,37.0],[-108.2,37.0],[-107.87,37.0],[-107.5,37.0],[-107.41,37.0],[-107.25,37.0],[-107.01,37.0],[-106.89,37.0],[-106.73,36.99],[-106.62,36.99],[-106.47,36.99],[-106.15,36.99],[-105.94,37.0],[-105.66,37.0],[-105.51,37.0],[-105.16,37.0],[-104.76,36.99],[-104.49,36.99],[-104.17,37.0],[-103.93,37.0],[-103.54,37.0],[-103.26,37.0],[-103.01,37.0],[-103.0,37.0],[-103.0,37.0],[-103.0,36.97],[-103.0,36.95],[-103.0,36.92],[-103.0,36.91],[-103.0,36.9],[-103.0,36.9],[-103.0,36.87],[-103.0,36.82],[-103.0,36.77],[-103.0,36.74],[-103.0,36.72],[-103.0,36.7],[-103.0,36.69],[-103.0,36.68],[-103.0,36.65],[-103.0,36.63],[-103.0,36.6],[-103.0,36.59],[-103.0,36.57],[-103.0,36.56],[-103.0,36.55],[-103.0,36.53],[-103.0,36.51],[-103.0,36.51],[-103.0,36.5],[-103.0,36.5],[-103.02,36.5],[-103.04,35.77],[-103.04,35.21],[-103.04,35.14],[-103.04,34.89],[-103.04,34.67],[-103.04,34.54],[-103.04,34.41],[-103.04,34.27],[-103.04,34.04],[-103.05,33.72],[-103.06,33.35],[-103.06,33.0],[-103.06,32.6],[-103.53,32.0]]]]},"properties":{"state":"NM"}},{"type":"Feature","id":"WY","geometry":{"type":"MultiPolygon","coordinates":[[[[-111.05,42.06],[-111.05,42.1],[-111.05,42.14],[-111.05,42.2],[-111.05,42.21],[-111.05,42.28],[-111.05,42.37],[-111.05,42.45],[-111.04,42.67],[-111.04,42.93],[-111.04,42.99],[-111.04,43.03],[-111.04,43.09],[-111.04,43.15],[-111.04,43.19],[-111.05,43.5],[-111.05,43.68],[-111.05,43.72],[-111.05,43.78],[-111.05,43.81],[-111.05,43.91],[-111.05,44.01],[-111.05,44.12],[-111.05,44.27],[-111.05,44.47],[-111.05,44.47],[-111.05,44.48],[-111.06,44.93],[-110.57,44.99],[-110.16,45.0],[-109.85,45.0],[-109.47,45.0],[-109.06,45.0],[-108.84,45.0],[-108.61,45.0],[-108.37,45.0],[-108.2,45.0],[-107.9,45.0],[-107.5,45.0],[-107.23,45.0],[-106.97,45.0],[-106.76,45.0],[-106.42,44.99],[-106.01,44.99],[-105.7,45.0],[-105.46,45.0],[-105.22,45.0],[-104.98,45.0],[-104.8,45.0],[-104.69,45.0],[-104.43,45.0],[-104.06,45.0],[-104.06,45.0],[-104.06,45.0],[-104.06,44.9],[-104.06,44.8],[-104.06,44.77],[-104.06,44.7],[-104.06,44.67],[-104.06,44.58],[-104.06,44.54],[-104.06,44.43],[-104.06,44.33],[-104.06,44.26],[-104.05,44.18],[-104.05,44.11],[-104.05,44.03],[-104.05,43.95],[-104.06,43.87],[-104.06,43.75],[-104.05,43.65],[-104.06,43.58],[-104.05,43.5],[-104.05,43.43],[-104.05,43.35],[-104.05,43.29],[-104.05,43.2],[-104.05,43.13],[-104.05,43.0],[-104.05,43.0],[-104.05,43.0],[-104.05,42.82],[-104.05,42.65],[-104.05,42.62],[-104.05,42.47],[-104.05,42.26],[-104.05,42.2],[-104.05,42.15],[-104.05,42.12],[-104.05,42.1],[-104.05,42.03],[-104.05,42.0],[-104.05,41.97],[-104.05,41.93],[-104.05,41.88],[-104.05,41.84],[-104.05,41.8],[-104.05,41.73],[-104.05,41.64],[-104.05,41.55],[-104.05,41.5],[-104.05,41.45],[-104.05,41.42],[-104.05,41.28],[-104.05,41.18],[-104.05,41.02],[-104.05,41.0],[-104.05,41.0],[-104.25,41.0],[-104.59,41.0],[-104.87,41.0],[-105.08,41.0],[-105.28,41.0],[-105.47,41.0],[-105.6,41.0],[-105.82,41.0],[-106.06,41.0],[-106.33,41.0],[-106.59,41.0],[-106.92,41.0],[-107.13,41.0],[-107.27,41.0],[-107.36,41.0],[-107.55,41.0],[-107.75,41.0],[-107.91,41.0],[-108.11,41.0],[-108.26,41.0],[-108.47,41.0],[-108.6,41.0],[-108.7,41.0],[-108.84,41.0],[-109.03,41.0],[-109.05,41.0],[-109.06,41.0],[-109.3,41.0],[-109.43,41.0],[-109.52,41.0],[-109.63,41.0],[-109.67,41.0],[-109.75,41.0],[-109.91,41.0],[-110.0,41.0],[-110.15,41.0],[-110.25,41.0],[-110.34,41.0],[-110.43,40.99],[-110.56,41.0],[-110.71,41.0],[-110.86,41.0],[-110.94,41.0],[-111.05,41.01],[-111.05,41.1],[-111.05,41.2],[-111.05,41.37],[-111.05,41.42],[-111.05,41.52],[-111.05,41.64],[-111.05,41.84],[-111.05,42.0],[-111.05,42.0],[-111.05,42.0]]]]},"properties":{"state":"WY"}},{"type":"Feature","id":"PA","geometry":{"type":"MultiPolygon","coordinates":[[[[-80.52,41.22],[-80.52,41.24],[-80.52,41.29],[-80.52,41.35],[-80.52,41.44],[-80.52,41.52],[-80.52,41.55],[-80.52,41.64],[-80.52,41.67],[-80.52,41.72],[-80.52,41.76],[-80.52,41.82],[-80.52,41.89],[-80.52,41.96],[-80.5,42.33],[-80.46,42.34],[-80.42,42.34],[-80.37,42.35],[-80.33,42.36],[-80.3,42.36],[-80.26,42.37],[-80.25,42.37],[-80.23,42.37],[-80.21,42.38],[-80.21,42.38],[-80.19,42.38],[-80.17,42.38],[-80.15,42.38],[-80.14,42.39],[-80.12,42.39],[-80.1,42.39],[-80.08,42.39],[-80.06,42.4],[-80.04,42.41],[-80.02,42.42],[-80.0,42.42],[-79.94,42.45],[-79.9,42.46],[-79.87,42.47],[-79.81,42.5],[-79.81,42.5],[-79.76,42.52],[-79.76,42.18],[-79.43,42.0],[-79.09,42.0],[-78.51,42.0],[-78.11,42.0],[-77.43,42.0],[-77.04,42.0],[-77.04,42.0],[-76.62,42.0],[-76.45,42.0],[-75.89,42.0],[-75.35,42.0],[-75.3,41.95],[-75.24,41.87],[-75.18,41.87],[-75.11,41.84],[-75.09,41.8],[-75.05,41.74],[-75.05,41.68],[-75.04,41.62],[-75.06,41.59],[-75.02,41.53],[-74.98,41.48],[-74.91,41.46],[-74.82,41.43],[-74.74,41.43],[-74.69,41.36],[-74.7,41.36],[-74.84,41.28],[-74.91,41.15],[-74.97,41.1],[-75.11,41.0],[-75.11,40.94],[-75.09,40.85],[-75.16,40.78],[-75.2,40.7],[-75.2,40.65],[-75.19,40.57],[-75.12,40.57],[-75.08,40.55],[-75.06,40.5],[-75.06,40.44],[-75.02,40.4],[-74.96,40.38],[-74.91,40.32],[-74.84,40.25],[-74.76,40.2],[-74.78,40.12],[-74.85,40.09],[-74.98,40.04],[-75.13,39.92],[-75.28,39.85],[-75.42,39.8],[-75.42,39.8],[-75.42,39.8],[-75.43,39.81],[-75.44,39.82],[-75.45,39.82],[-75.5,39.83],[-75.51,39.84],[-75.52,39.84],[-75.52,39.84],[-75.54,39.84],[-75.57,39.84],[-75.58,39.84],[-75.59,39.84],[-75.59,39.84],[-75.61,39.84],[-75.62,39.83],[-75.64,39.83],[-75.65,39.83],[-75.66,39.82],[-75.68,39.81],[-75.7,39.8],[-75.72,39.79],[-75.74,39.77],[-75.75,39.76],[-75.76,39.75],[-75.77,39.73],[-75.79,39.72],[-75.79,39.72],[-75.8,39.72],[-76.02,39.72],[-76.26,39.72],[-76.4,39.72],[-76.52,39.72],[-76.7,39.72],[-76.82,39.72],[-76.93,39.72],[-77.07,39.72],[-77.23,39.72],[-77.35,39.72],[-77.47,39.72],[-77.54,39.72],[-77.72,39.72],[-77.79,39.72],[-77.96,39.72],[-77.97,39.72],[-78.12,39.72],[-78.24,39.72],[-78.34,39.72],[-78.45,39.72],[-78.62,39.72],[-78.77,39.72],[-78.9,39.72],[-79.08,39.72],[-79.3,39.72],[-79.48,39.72],[-79.48,39.72],[-79.61,39.72],[-79.72,39.72],[-79.82,39.72],[-79.88,39.72],[-80.05,39.72],[-80.13,39.72],[-80.19,39.72],[-80.21,39.72],[-80.25,39.72],[-80.31,39.72],[-80.37,39.72],[-80.45,39.72],[-80.52,39.79],[-80.52,39.93],[-80.52,39.98],[-80.52,40.08],[-80.52,40.17],[-80.52,40.28],[-80.52,40.32],[-80.52,40.37],[-80.52,40.4],[-80.52,40.47],[-80.52,40.56],[-80.52,40.61],[-80.52,40.64],[-80.52,40.64],[-80.52,40.65],[-80.52,40.72],[-80.52,40.77],[-80.52,40.81],[-80.52,40.87],[-80.52,40.9],[-80.52,40.96],[-80.52,41.01],[-80.52,41.06],[-80.52,41.12],[-80.52,41.19],[-80.52,41.22]]]]},"properties":{"state":"PA"}},{"type":"Feature","id":"SC","geometry":{"type":"MultiPolygon","coordinates":[[[[-81.12,32.3],[-81.12,32.3],[-81.14,32.35],[-81.17,32.37],[-81.2,32.45],[-81.23,32.52],[-81.33,32.56],[-81.43,32.77],[-81.56,33.05],[-81.78,33.22],[-81.83,33.27],[-81.89,33.32],[-81.93,33.38],[-82.19,33.63],[-82.51,33.94],[-82.66,34.1],[-82.78,34.29],[-82.85,34.41],[-82.96,34.48],[-83.14,34.57],[-83.35,34.7],[-83.29,34.82],[-83.21,34.89],[-83.11,34.94],[-83.11,35.0],[-82.78,35.08],[-82.76,35.07],[-82.69,35.11],[-82.64,35.13],[-82.58,35.14],[-82.52,35.16],[-82.45,35.17],[-82.43,35.19],[-82.38,35.2],[-82.28,35.2],[-81.97,35.19],[-81.48,35.17],[-81.2,35.16],[-81.05,35.09],[-80.91,35.08],[-80.8,34.95],[-80.8,34.95],[-80.63,34.82],[-80.29,34.81],[-79.97,34.81],[-79.48,34.65],[-79.31,34.5],[-79.14,34.36],[-78.91,34.16],[-78.73,34.01],[-78.56,33.87],[-78.5,33.81],[-78.53,33.8],[-78.59,33.79],[-78.62,33.78],[-78.64,33.78],[-78.68,33.76],[-78.71,33.75],[-78.73,33.73],[-78.75,33.72],[-78.78,33.71],[-78.79,33.69],[-78.81,33.68],[-78.83,33.66],[-78.84,33.65],[-78.87,33.63],[-78.87,33.62],[-78.89,33.61],[-78.93,33.57],[-78.98,33.51],[-79.03,33.46],[-79.07,33.4],[-79.09,33.35],[-79.1,33.29],[-79.1,33.23],[-79.08,33.19],[-79.13,33.14],[-79.18,33.11],[-79.23,33.06],[-79.27,33.05],[-79.29,33.02],[-79.3,32.99],[-79.32,32.96],[-79.35,32.95],[-79.38,32.95],[-79.39,32.95],[-79.43,32.95],[-79.44,32.96],[-79.47,32.93],[-79.5,32.93],[-79.51,32.91],[-79.52,32.88],[-79.55,32.86],[-79.59,32.84],[-79.62,32.82],[-79.62,32.82],[-79.65,32.8],[-79.66,32.78],[-79.68,32.77],[-79.72,32.75],[-79.74,32.75],[-79.75,32.74],[-79.76,32.72],[-79.77,32.7],[-79.83,32.66],[-79.87,32.63],[-79.89,32.62],[-79.92,32.61],[-79.93,32.59],[-79.95,32.59],[-79.97,32.56],[-80.0,32.55],[-80.03,32.56],[-80.09,32.55],[-80.12,32.5],[-80.12,32.5],[-80.16,32.49],[-80.19,32.49],[-80.22,32.48],[-80.24,32.48],[-80.25,32.44],[-80.27,32.43],[-80.3,32.41],[-80.31,32.39],[-80.34,32.38],[-80.34,32.36],[-80.37,32.35],[-80.37,32.34],[-80.37,32.31],[-80.38,32.3],[-80.41,32.27],[-80.48,32.25],[-80.49,32.25],[-80.51,32.24],[-80.52,32.23],[-80.56,32.18],[-80.58,32.17],[-80.59,32.16],[-80.6,32.16],[-80.62,32.15],[-80.62,32.15],[-80.62,32.15],[-80.63,32.15],[-80.66,32.14],[-80.67,32.13],[-80.69,32.12],[-80.7,32.11],[-80.71,32.1],[-80.73,32.09],[-80.75,32.08],[-80.74,32.06],[-80.75,32.03],[-81.02,32.09],[-81.16,32.24]]]]},"properties":{"state":"SC"}},{"type":"Feature","id":"UT","geometry":{"type":"MultiPolygon","coordinates":[[[[-114.04,40.69],[-114.04,40.69],[-114.04,40.76],[-114.04,41.06],[-114.04,41.36],[-114.04,41.59],[-114.04,41.89],[-114.04,41.99],[-114.04,41.99],[-113.8,41.99],[-113.65,41.99],[-113.5,41.99],[-113.36,41.99],[-113.21,42.0],[-113.11,42.0],[-112.96,42.0],[-112.83,42.0],[-112.78,42.0],[-112.69,42.0],[-112.58,42.0],[-112.45,42.0],[-112.27,42.0],[-112.2,42.0],[-112.1,42.0],[-111.99,42.0],[-111.93,42.0],[-111.88,42.0],[-111.83,42.0],[-111.73,42.0],[-111.52,42.0],[-111.41,42.0],[-111.26,42.0],[-111.15,42.0],[-111.05,42.0],[-111.05,42.0],[-111.05,42.0],[-111.05,41.84],[-111.05,41.64],[-111.05,41.52],[-111.05,41.42],[-111.05,41.37],[-111.05,41.2],[-111.05,41.1],[-111.05,41.01],[-110.94,41.0],[-110.86,41.0],[-110.71,41.0],[-110.56,41.0],[-110.43,40.99],[-110.34,41.0],[-110.25,41.0],[-110.15,41.0],[-110.0,41.0],[-109.91,41.0],[-109.75,41.0],[-109.67,41.0],[-109.63,41.0],[-109.52,41.0],[-109.43,41.0],[-109.3,41.0],[-109.06,41.0],[-109.05,41.0],[-109.05,40.87],[-109.05,40.68],[-109.05,40.51],[-109.05,40.41],[-109.05,40.29],[-109.05,40.19],[-109.05,40.04],[-109.05,39.8],[-109.05,39.57],[-109.05,39.36],[-109.05,39.23],[-109.05,39.12],[-109.05,38.96],[-109.06,38.81],[-109.06,38.61],[-109.06,38.4],[-109.05,38.22],[-109.05,38.21],[-109.04,38.1],[-109.04,37.97],[-109.04,37.79],[-109.04,37.57],[-109.05,37.35],[-109.05,37.2],[-109.05,37.1],[-109.05,37.02],[-109.05,37.0],[-109.05,37.0],[-109.27,37.0],[-109.44,37.0],[-109.83,37.0],[-110.14,37.0],[-110.27,37.0],[-110.55,37.0],[-110.74,37.0],[-111.04,37.0],[-111.25,37.0],[-111.4,37.0],[-111.59,37.0],[-111.99,37.0],[-112.33,37.0],[-112.48,37.0],[-112.75,37.0],[-112.97,37.0],[-112.99,37.0],[-113.02,37.0],[-113.18,37.0],[-113.32,37.0],[-113.47,37.0],[-113.62,37.0],[-113.87,37.0],[-113.95,37.0],[-114.05,37.0],[-114.05,37.0],[-114.05,37.13],[-114.05,37.47],[-114.05,37.71],[-114.05,37.78],[-114.05,37.95],[-114.05,38.2],[-114.05,38.55],[-114.05,38.75],[-114.05,38.91],[-114.05,39.09],[-114.05,39.24],[-114.05,39.36],[-114.05,39.46],[-114.05,39.61],[-114.05,39.76],[-114.05,40.0],[-114.05,40.1],[-114.05,40.3],[-114.05,40.5]]]]},"properties":{"state":"UT"}},{"type":"Feature","id":"WV","geometry":{"type":"MultiPolygon","coordinates":[[[[-80.68,40.19],[-80.62,40.4],[-80.64,40.55],[-80.57,40.62],[-80.52,40.64],[-80.52,40.64],[-80.52,40.61],[-80.52,40.56],[-80.52,40.47],[-80.52,40.4],[-80.52,40.37],[-80.52,40.32],[-80.52,40.28],[-80.52,40.17],[-80.52,40.08],[-80.52,39.98],[-80.52,39.93],[-80.52,39.79],[-80.45,39.72],[-80.37,39.72],[-80.31,39.72],[-80.25,39.72],[-80.21,39.72],[-80.19,39.72],[-80.13,39.72],[-80.05,39.72],[-79.88,39.72],[-79.82,39.72],[-79.72,39.72],[-79.61,39.72],[-79.48,39.72],[-79.48,39.72],[-79.48,39.72],[-79.49,39.21],[-79.46,39.21],[-79.41,39.24],[-79.28,39.31],[-79.23,39.36],[-79.16,39.39],[-79.1,39.46],[-79.04,39.48],[-78.94,39.47],[-78.82,39.56],[-78.77,39.62],[-78.71,39.56],[-78.57,39.52],[-78.45,39.54],[-78.43,39.56],[-78.43,39.61],[-78.36,39.64],[-78.24,39.65],[-78.15,39.69],[-78.03,39.62],[-77.93,39.61],[-77.85,39.56],[-77.78,39.5],[-77.75,39.42],[-77.72,39.32],[-77.72,39.32],[-77.72,39.32],[-78.12,39.32],[-78.41,39.27],[-78.61,38.98],[-78.87,38.76],[-79.09,38.69],[-79.16,38.59],[-79.22,38.48],[-79.5,38.5],[-79.66,38.52],[-79.78,38.33],[-79.92,38.17],[-80.0,38.0],[-80.23,37.79],[-80.32,37.54],[-80.8,37.4],[-80.93,37.3],[-81.37,37.33],[-81.45,37.27],[-81.54,37.22],[-81.74,37.25],[-81.8,37.29],[-81.87,37.33],[-81.93,37.37],[-81.98,37.49],[-81.97,37.54],[-81.97,37.54],[-81.97,37.54],[-82.01,37.53],[-82.05,37.53],[-82.09,37.55],[-82.13,37.55],[-82.13,37.57],[-82.15,37.59],[-82.17,37.61],[-82.18,37.63],[-82.19,37.65],[-82.2,37.63],[-82.22,37.64],[-82.27,37.67],[-82.3,37.69],[-82.32,37.73],[-82.32,37.76],[-82.36,37.79],[-82.41,37.84],[-82.42,37.89],[-82.49,37.92],[-82.47,37.96],[-82.53,38.03],[-82.64,38.14],[-82.6,38.25],[-82.6,38.36],[-82.6,38.42],[-82.6,38.42],[-82.52,38.41],[-82.3,38.49],[-82.2,38.59],[-82.21,38.76],[-82.13,38.91],[-82.09,38.98],[-81.98,39.01],[-81.77,38.92],[-81.78,39.03],[-81.81,39.08],[-81.74,39.14],[-81.66,39.28],[-81.33,39.36],[-81.11,39.48],[-81.0,39.57],[-80.85,39.74],[-80.79,39.92],[-80.74,39.98],[-80.74,40.03],[-80.74,40.07],[-80.71,40.12],[-80.68,40.19]]]]},"properties":{"state":"WV"}},{"type":"Feature","id":"WA","geometry":{"type":"MultiPolygon","coordinates":[[[[-124.04,46.29],[-124.16,46.26],[-124.15,46.31],[-124.14,46.35],[-124.13,46.39],[-124.13,46.45],[-124.13,46.49],[-124.15,46.7],[-124.21,46.87],[-124.24,47.0],[-124.26,47.12],[-124.31,47.25],[-124.41,47.37],[-124.43,47.53],[-124.45,47.6],[-124.47,47.62],[-124.51,47.62],[-124.54,47.64],[-124.56,47.66],[-124.56,47.69],[-124.53,47.72],[-124.55,47.73],[-124.58,47.76],[-124.6,47.78],[-124.63,47.8],[-124.65,47.83],[-124.69,47.85],[-124.71,47.87],[-124.72,47.89],[-124.74,47.9],[-124.76,47.92],[-124.78,47.95],[-124.8,47.98],[-124.8,48.05],[-124.83,48.13],[-124.79,48.23],[-124.77,48.31],[-124.82,48.39],[-124.75,48.45],[-124.75,48.5],[-124.33,48.38],[-123.75,48.25],[-123.42,48.25],[-123.36,48.26],[-123.13,48.41],[-123.18,48.49],[-123.25,48.63],[-123.05,48.76],[-123.01,49.0],[-122.76,49.0],[-122.74,49.0],[-122.61,49.0],[-122.36,49.0],[-122.25,49.0],[-122.1,49.0],[-121.91,49.0],[-121.64,49.0],[-121.47,49.0],[-121.34,49.0],[-121.23,49.0],[-121.02,49.0],[-120.71,49.0],[-120.52,49.0],[-120.33,49.0],[-120.14,49.0],[-120.05,49.0],[-119.93,49.0],[-119.77,49.0],[-119.7,49.0],[-119.66,49.0],[-119.55,49.0],[-119.53,49.0],[-119.47,49.0],[-119.43,49.0],[-119.29,49.0],[-119.18,49.0],[-119.08,49.0],[-118.91,49.0],[-118.84,49.0],[-118.77,49.0],[-118.72,49.0],[-118.61,49.0],[-118.5,49.0],[-118.42,49.0],[-118.33,49.0],[-118.25,49.0],[-118.14,49.0],[-118.05,49.0],[-118.0,49.0],[-117.94,49.0],[-117.89,49.0],[-117.82,49.0],[-117.73,49.0],[-117.67,49.0],[-117.63,49.0],[-117.62,49.0],[-117.52,49.0],[-117.46,49.0],[-117.35,49.0],[-117.27,49.0],[-117.17,49.0],[-117.04,49.0],[-117.03,49.0],[-117.03,48.7],[-117.03,48.56],[-117.04,48.43],[-117.04,48.31],[-117.04,48.19],[-117.04,48.17],[-117.04,47.98],[-117.04,47.87],[-117.04,47.74],[-117.04,47.69],[-117.04,47.57],[-117.04,47.41],[-117.04,47.24],[-117.04,47.05],[-117.04,46.92],[-117.04,46.82],[-117.04,46.74],[-117.04,46.63],[-117.04,46.44],[-117.05,46.37],[-117.02,46.32],[-116.97,46.26],[-116.94,46.15],[-116.96,46.08],[-116.92,46.0],[-116.92,46.0],[-116.99,46.0],[-117.37,46.0],[-117.51,46.0],[-117.99,46.0],[-118.33,46.0],[-118.48,46.0],[-118.63,46.0],[-119.13,45.93],[-119.94,45.83],[-120.4,45.7],[-120.91,45.64],[-121.2,45.62],[-121.53,45.73],[-121.87,45.69],[-122.13,45.58],[-122.61,45.61],[-122.85,46.01],[-123.12,46.19],[-123.27,46.15],[-123.32,46.15],[-123.33,46.15],[-123.35,46.15],[-123.37,46.15],[-123.56,46.26],[-124.04,46.3]]]]},"properties":{"state":"WA"}},{"type":"Feature","id":"MS","geometry":{"type":"MultiPolygon","coordinates":[[[[-88.47,35.0],[-88.47,35.0],[-88.38,35.0],[-88.31,35.0],[-88.25,35.0],[-88.2,35.0],[-88.2,35.0],[-88.1,34.88],[-88.11,34.81],[-88.13,34.65],[-88.16,34.45],[-88.18,34.28],[-88.22,33.99],[-88.23,33.86],[-88.26,33.66],[-88.28,33.49],[-88.32,33.2],[-88.36,32.82],[-88.4,32.49],[-88.43,32.23],[-88.45,32.04],[-88.47,31.87],[-88.46,31.7],[-88.45,31.44],[-88.44,31.28],[-88.43,31.15],[-88.42,30.94],[-88.41,30.79],[-88.41,30.68],[-88.41,30.59],[-88.4,30.53],[-88.38,30.16],[-88.39,30.16],[-88.4,30.15],[-88.4,30.15],[-88.42,30.15],[-88.43,30.15],[-88.45,30.15],[-88.45,30.15],[-88.46,30.15],[-88.48,30.15],[-88.49,30.15],[-88.5,30.16],[-88.5,30.16],[-88.51,30.16],[-88.52,30.16],[-88.53,30.16],[-88.53,30.17],[-88.54,30.17],[-88.54,30.18],[-88.55,30.18],[-88.55,30.17],[-88.56,30.17],[-88.57,30.17],[-88.58,30.17],[-88.59,30.17],[-88.6,30.17],[-88.6,30.17],[-88.62,30.17],[-88.62,30.17],[-88.63,30.17],[-88.63,30.17],[-88.63,30.18],[-88.64,30.18],[-88.64,30.18],[-88.65,30.18],[-88.65,30.18],[-88.66,30.18],[-88.67,30.18],[-88.67,30.18],[-88.68,30.18],[-88.68,30.18],[-88.69,30.18],[-88.7,30.19],[-88.71,30.19],[-88.72,30.19],[-88.72,30.19],[-88.73,30.19],[-88.74,30.19],[-88.75,30.19],[-88.75,30.19],[-88.75,30.19],[-88.76,30.19],[-88.77,30.19],[-88.77,30.19],[-88.78,30.19],[-88.78,30.2],[-88.79,30.2],[-88.8,30.2],[-88.8,30.2],[-88.8,30.2],[-88.81,30.21],[-88.81,30.21],[-88.82,30.21],[-88.82,30.22],[-88.82,30.22],[-88.83,30.21],[-88.84,30.2],[-88.84,30.2],[-88.85,30.19],[-88.86,30.19],[-88.87,30.18],[-88.88,30.18],[-88.88,30.18],[-88.9,30.17],[-88.9,30.17],[-89.63,30.33],[-89.68,30.41],[-89.72,30.48],[-89.76,30.51],[-89.8,30.56],[-89.82,30.6],[-89.84,30.67],[-89.82,30.74],[-89.78,30.85],[-90.01,31.0],[-90.47,31.0],[-91.08,31.0],[-91.65,31.25],[-91.51,31.37],[-91.47,31.59],[-91.4,31.69],[-91.32,31.76],[-91.25,31.83],[-91.13,31.99],[-91.16,32.07],[-91.03,32.16],[-90.98,32.27],[-91.05,32.49],[-91.16,32.77],[-91.17,33.0],[-91.17,33.0],[-91.17,33.0],[-91.2,33.13],[-91.06,33.24],[-91.13,33.28],[-91.11,33.38],[-91.2,33.4],[-91.17,33.46],[-91.17,33.58],[-91.03,33.69],[-91.07,33.78],[-91.07,33.86],[-90.97,33.96],[-90.89,34.1],[-90.86,34.18],[-90.84,34.25],[-90.68,34.37],[-90.57,34.43],[-90.58,34.64],[-90.55,34.63],[-90.47,34.7],[-90.54,34.76],[-90.5,34.77],[-90.47,34.78],[-90.43,34.86],[-90.31,34.85],[-90.31,34.99],[-90.31,35.0],[-90.31,35.0],[-90.2,35.0],[-90.12,34.99],[-90.01,34.99],[-89.94,34.99],[-89.89,34.99],[-89.85,34.99],[-89.82,34.99],[-89.79,34.99],[-89.69,35.0],[-89.56,34.99],[-89.44,34.99],[-89.35,34.99],[-89.25,34.99],[-89.17,34.99],[-89.07,34.99],[-88.95,34.99],[-88.85,35.0],[-88.72,35.0],[-88.63,35.0],[-88.53,35.0]]]]},"properties":{"state":"MS"}},{"type":"Feature","id":"OR","geometry":{"type":"MultiPolygon","coordinates":[[[[-124.04,46.29],[-124.04,46.3],[-123.56,46.26],[-123.37,46.15],[-123.35,46.15],[-123.33,46.15],[-123.32,46.15],[-123.27,46.15],[-123.12,46.19],[-122.85,46.01],[-122.61,45.61],[-122.13,45.58],[-121.87,45.69],[-121.53,45.73],[-121.2,45.62],[-120.91,45.64],[-120.4,45.7],[-119.94,45.83],[-119.13,45.93],[-118.63,46.0],[-118.48,46.0],[-118.33,46.0],[-117.99,46.0],[-117.51,46.0],[-117.37,46.0],[-116.99,46.0],[-116.92,46.0],[-116.79,45.84],[-116.69,45.81],[-116.59,45.77],[-116.54,45.7],[-116.49,45.65],[-116.48,45.59],[-116.53,45.54],[-116.56,45.48],[-116.59,45.43],[-116.64,45.37],[-116.67,45.29],[-116.72,45.16],[-116.84,45.03],[-116.84,44.95],[-116.91,44.83],[-117.05,44.74],[-117.13,44.58],[-117.22,44.45],[-117.19,44.34],[-117.03,44.25],[-116.96,44.04],[-116.99,43.87],[-117.03,43.62],[-117.03,42.9],[-117.03,42.9],[-117.03,42.06],[-117.03,42.0],[-117.03,42.0],[-117.18,42.0],[-117.33,42.0],[-117.46,42.0],[-117.52,42.0],[-117.62,42.0],[-117.72,42.0],[-117.79,42.0],[-117.9,42.0],[-117.99,42.0],[-118.06,42.0],[-118.1,42.0],[-118.2,42.0],[-118.35,42.0],[-118.43,42.0],[-118.54,41.99],[-118.78,41.99],[-119.0,41.99],[-119.25,41.99],[-119.36,41.99],[-119.48,42.0],[-119.61,42.0],[-119.7,42.0],[-119.8,42.0],[-119.91,42.0],[-120.0,41.99],[-120.0,41.99],[-120.0,42.0],[-120.2,41.99],[-120.31,41.99],[-120.6,41.99],[-120.77,41.99],[-120.97,41.99],[-121.26,42.0],[-121.36,42.0],[-121.44,42.0],[-121.52,42.0],[-121.61,42.0],[-121.71,42.0],[-121.82,42.0],[-122.0,42.0],[-122.19,42.01],[-122.41,42.01],[-122.65,42.0],[-122.78,42.0],[-123.03,42.0],[-123.27,42.0],[-123.51,42.0],[-123.62,42.0],[-123.79,42.0],[-123.97,42.0],[-124.12,42.0],[-124.33,42.0],[-124.33,42.0],[-124.36,42.02],[-124.37,42.03],[-124.38,42.04],[-124.41,42.06],[-124.42,42.09],[-124.43,42.11],[-124.43,42.13],[-124.43,42.16],[-124.45,42.19],[-124.48,42.22],[-124.48,42.27],[-124.49,42.3],[-124.49,42.34],[-124.5,42.37],[-124.5,42.39],[-124.5,42.4],[-124.55,42.42],[-124.57,42.47],[-124.54,42.5],[-124.47,42.55],[-124.5,42.62],[-124.55,42.66],[-124.58,42.71],[-124.63,42.72],[-124.7,42.77],[-124.67,42.83],[-124.61,42.9],[-124.52,43.02],[-124.51,43.09],[-124.51,43.13],[-124.47,43.18],[-124.47,43.26],[-124.48,43.32],[-124.43,43.39],[-124.36,43.44],[-124.31,43.56],[-124.28,43.65],[-124.28,43.69],[-124.25,43.78],[-124.23,43.88],[-124.21,44.0],[-124.21,44.03],[-124.2,44.06],[-124.2,44.1],[-124.2,44.13],[-124.19,44.17],[-124.19,44.21],[-124.18,44.26],[-124.18,44.31],[-124.18,44.33],[-124.16,44.41],[-124.16,44.47],[-124.16,44.52],[-124.14,44.57],[-124.15,44.6],[-124.15,44.63],[-124.15,44.65],[-124.15,44.7],[-124.14,44.72],[-124.15,44.76],[-124.14,44.79],[-124.14,44.82],[-124.13,44.86],[-124.1,44.93],[-124.09,44.96],[-124.09,44.98],[-124.09,45.0],[-124.1,45.03],[-124.06,45.12],[-124.05,45.16],[-124.05,45.17],[-124.06,45.2],[-124.05,45.23],[-124.04,45.25],[-124.08,45.33],[-124.05,45.38],[-124.04,45.42],[-124.06,45.45],[-124.06,45.48],[-124.05,45.52],[-124.04,45.57],[-124.03,45.61],[-124.02,45.63],[-124.02,45.65],[-124.02,45.71],[-124.07,45.75],[-124.07,45.78],[-124.04,45.84],[-124.04,45.88],[-124.07,45.9],[-124.06,45.98],[-124.01,46.01],[-124.0,46.03],[-124.01,46.08],[-124.02,46.12],[-124.04,46.15],[-124.07,46.18],[-124.11,46.2],[-124.15,46.23],[-124.16,46.26]]]]},"properties":{"state":"OR"}},{"type":"Feature","id":"IL","geometry":{"type":"MultiPolygon","coordinates":[[[[-91.43,39.94],[-91.43,39.94],[-91.51,40.14],[-91.44,40.36],[-91.42,40.38],[-91.42,40.38],[-91.38,40.57],[-91.11,40.75],[-90.99,40.91],[-90.96,41.11],[-91.05,41.18],[-91.07,41.31],[-91.05,41.41],[-90.97,41.43],[-90.9,41.43],[-90.82,41.45],[-90.72,41.45],[-90.6,41.51],[-90.51,41.52],[-90.42,41.55],[-90.34,41.61],[-90.32,41.69],[-90.28,41.76],[-90.18,41.81],[-90.17,41.88],[-90.15,42.02],[-90.16,42.1],[-90.36,42.21],[-90.42,42.3],[-90.49,42.39],[-90.64,42.51],[-90.64,42.51],[-90.56,42.51],[-90.5,42.51],[-90.29,42.51],[-90.15,42.51],[-89.96,42.51],[-89.84,42.51],[-89.71,42.51],[-89.61,42.5],[-89.54,42.5],[-89.4,42.5],[-89.31,42.5],[-89.17,42.5],[-89.12,42.5],[-89.05,42.5],[-89.03,42.5],[-89.0,42.5],[-88.93,42.49],[-88.75,42.49],[-88.52,42.49],[-88.34,42.49],[-88.27,42.49],[-88.21,42.5],[-88.1,42.5],[-87.93,42.49],[-87.82,42.49],[-87.81,42.49],[-87.02,42.49],[-87.02,42.49],[-87.05,42.38],[-87.07,42.31],[-87.09,42.24],[-87.1,42.19],[-87.1,42.18],[-87.11,42.15],[-87.12,42.13],[-87.13,42.1],[-87.13,42.1],[-87.13,42.07],[-87.13,42.07],[-87.15,42.0],[-87.15,42.0],[-87.15,41.99],[-87.17,41.93],[-87.17,41.91],[-87.17,41.91],[-87.17,41.9],[-87.17,41.9],[-87.18,41.88],[-87.18,41.86],[-87.18,41.85],[-87.19,41.85],[-87.2,41.78],[-87.21,41.77],[-87.21,41.76],[-87.52,41.7],[-87.52,41.57],[-87.53,41.43],[-87.53,41.42],[-87.53,41.15],[-87.53,41.04],[-87.53,40.81],[-87.53,40.68],[-87.53,40.55],[-87.53,40.41],[-87.53,40.27],[-87.53,40.07],[-87.53,39.9],[-87.53,39.48],[-87.61,39.29],[-87.65,39.15],[-87.56,38.99],[-87.54,38.89],[-87.5,38.76],[-87.64,38.58],[-87.75,38.45],[-87.86,38.28],[-87.94,38.26],[-87.93,38.15],[-88.01,38.03],[-88.07,37.87],[-88.03,37.8],[-88.03,37.8],[-88.07,37.73],[-88.13,37.7],[-88.15,37.63],[-88.13,37.57],[-88.06,37.52],[-88.09,37.47],[-88.19,37.46],[-88.31,37.44],[-88.36,37.41],[-88.48,37.36],[-88.51,37.29],[-88.51,37.26],[-88.47,37.22],[-88.43,37.13],[-88.55,37.07],[-88.6,37.11],[-88.68,37.14],[-88.73,37.14],[-88.82,37.19],[-88.92,37.22],[-89.0,37.22],[-89.08,37.17],[-89.12,37.12],[-89.17,37.07],[-89.14,36.98],[-89.13,36.98],[-89.3,37.07],[-89.38,37.08],[-89.52,37.28],[-89.45,37.45],[-89.52,37.64],[-89.61,37.74],[-89.67,37.8],[-89.8,37.88],[-89.9,37.87],[-89.96,37.94],[-90.05,38.0],[-90.11,38.03],[-90.32,38.18],[-90.35,38.37],[-90.18,38.64],[-90.15,38.87],[-90.38,38.96],[-90.48,38.95],[-90.59,38.87],[-90.72,39.23],[-91.03,39.44],[-91.33,39.7]]]]},"properties":{"state":"IL"}},{"type":"Feature","id":"NJ","geometry":{"type":"MultiPolygon","coordinates":[[[[-74.78,40.12],[-74.76,40.2],[-74.84,40.25],[-74.91,40.32],[-74.96,40.38],[-75.02,40.4],[-75.06,40.44],[-75.06,40.5],[-75.08,40.55],[-75.12,40.57],[-75.19,40.57],[-75.2,40.65],[-75.2,40.7],[-75.16,40.78],[-75.09,40.85],[-75.11,40.94],[-75.11,41.0],[-74.97,41.1],[-74.91,41.15],[-74.84,41.28],[-74.7,41.36],[-74.69,41.36],[-74.69,41.36],[-74.61,41.32],[-74.54,41.28],[-74.42,41.23],[-74.34,41.19],[-74.24,41.15],[-74.22,41.13],[-74.16,41.11],[-74.15,41.11],[-74.08,41.08],[-74.04,41.06],[-74.02,41.05],[-73.98,41.03],[-73.95,41.02],[-73.92,41.01],[-73.9,40.96],[-73.92,40.91],[-73.95,40.85],[-74.01,40.76],[-74.05,40.66],[-74.13,40.64],[-74.2,40.64],[-74.21,40.57],[-74.25,40.52],[-74.25,40.49],[-73.89,40.49],[-73.89,40.49],[-73.89,40.48],[-73.89,40.42],[-73.89,40.35],[-73.9,40.27],[-73.91,40.25],[-73.92,40.22],[-73.93,40.19],[-73.96,40.13],[-73.97,40.11],[-73.97,40.1],[-73.97,40.1],[-73.97,40.08],[-73.99,40.02],[-73.99,40.0],[-74.0,39.98],[-74.02,39.88],[-74.02,39.83],[-74.03,39.79],[-74.03,39.76],[-74.04,39.74],[-74.06,39.71],[-74.08,39.67],[-74.11,39.63],[-74.12,39.62],[-74.18,39.53],[-74.21,39.5],[-74.25,39.45],[-74.25,39.44],[-74.29,39.4],[-74.32,39.37],[-74.34,39.35],[-74.35,39.35],[-74.35,39.34],[-74.36,39.33],[-74.37,39.32],[-74.37,39.32],[-74.39,39.31],[-74.43,39.31],[-74.46,39.3],[-74.46,39.3],[-74.46,39.3],[-74.48,39.29],[-74.49,39.28],[-74.49,39.27],[-74.5,39.27],[-74.51,39.26],[-74.51,39.26],[-74.52,39.25],[-74.53,39.23],[-74.56,39.22],[-74.57,39.2],[-74.58,39.19],[-74.59,39.18],[-74.6,39.17],[-74.61,39.15],[-74.62,39.14],[-74.64,39.11],[-74.64,39.1],[-74.64,39.08],[-74.65,39.07],[-74.67,39.06],[-74.68,39.05],[-74.7,39.03],[-74.7,39.02],[-74.72,39.01],[-74.72,39.0],[-74.72,38.99],[-74.72,38.98],[-74.73,38.97],[-74.75,38.95],[-74.76,38.95],[-74.76,38.95],[-74.77,38.94],[-74.79,38.93],[-74.8,38.92],[-74.8,38.92],[-74.8,38.92],[-74.8,38.91],[-74.81,38.91],[-74.82,38.9],[-74.82,38.9],[-74.82,38.9],[-74.83,38.89],[-74.84,38.89],[-74.85,38.89],[-74.85,38.89],[-74.86,38.89],[-74.86,38.89],[-74.87,38.89],[-74.87,38.89],[-74.87,38.89],[-74.88,38.88],[-74.89,38.88],[-74.9,38.88],[-74.9,38.88],[-74.91,38.88],[-74.91,38.88],[-74.91,38.88],[-75.0,38.8],[-75.0,38.8],[-75.02,38.79],[-75.17,39.06],[-75.33,39.26],[-75.47,39.38],[-75.53,39.5],[-75.53,39.53],[-75.53,39.55],[-75.51,39.58],[-75.53,39.59],[-75.54,39.59],[-75.55,39.6],[-75.56,39.63],[-75.55,39.64],[-75.54,39.64],[-75.53,39.65],[-75.52,39.66],[-75.51,39.67],[-75.51,39.69],[-75.51,39.7],[-75.49,39.71],[-75.48,39.71],[-75.48,39.72],[-75.48,39.73],[-75.47,39.74],[-75.47,39.74],[-75.41,39.8],[-75.42,39.8],[-75.42,39.8],[-75.28,39.85],[-75.13,39.92],[-74.98,40.04],[-74.85,40.09]]]]},"properties":{"state":"NJ"}},{"type":"Feature","id":"CA","geometry":{"type":"MultiPolygon","coordinates":[[[[-123.0,37.77],[-123.0,37.77],[-123.0,37.77],[-122.99,37.76],[-122.98,37.76],[-122.98,37.75],[-122.98,37.75],[-122.97,37.75],[-122.97,37.75],[-122.97,37.75],[-122.97,37.75],[-122.96,37.74],[-122.96,37.74],[-122.96,37.74],[-122.95,37.74],[-122.95,37.73],[-122.95,37.73],[-122.94,37.72],[-122.94,37.72],[-122.94,37.71],[-122.94,37.71],[-122.94,37.7],[-122.94,37.7],[-122.94,37.69],[-122.94,37.69],[-122.94,37.68],[-122.94,37.68],[-122.95,37.67],[-122.95,37.66],[-122.95,37.66],[-122.96,37.65],[-122.97,37.65],[-122.98,37.64],[-122.99,37.64],[-122.99,37.64],[-123.0,37.64],[-123.0,37.64],[-123.0,37.64],[-123.01,37.64],[-123.03,37.65],[-123.04,37.65],[-123.05,37.66],[-123.06,37.67],[-123.07,37.67],[-123.07,37.68],[-123.07,37.69],[-123.08,37.69],[-123.08,37.7],[-123.09,37.7],[-123.09,37.71],[-123.09,37.71],[-123.09,37.71],[-123.09,37.71],[-123.1,37.71],[-123.1,37.71],[-123.12,37.71],[-123.12,37.72],[-123.13,37.72],[-123.13,37.72],[-123.14,37.73],[-123.15,37.73],[-123.16,37.74],[-123.16,37.74],[-123.17,37.75],[-123.17,37.76],[-123.17,37.76],[-123.17,37.77],[-123.17,37.78],[-123.17,37.78],[-123.17,37.79],[-123.17,37.8],[-123.16,37.8],[-123.15,37.81],[-123.15,37.81],[-123.15,37.81],[-123.14,37.82],[-123.13,37.82],[-123.13,37.82],[-123.12,37.82],[-123.11,37.82],[-123.1,37.82],[-123.08,37.82],[-123.07,37.81],[-123.05,37.8],[-123.04,37.79],[-123.04,37.78],[-123.03,37.78],[-123.03,37.78],[-123.03,37.78],[-123.02,37.78],[-123.01,37.77],[-123.01,37.77]]],[[[-119.0,33.54],[-119.0,33.54],[-119.0,33.53],[-118.99,33.53],[-118.99,33.53],[-118.99,33.53],[-118.99,33.53],[-118.98,33.52],[-118.98,33.52],[-118.98,33.52],[-118.97,33.51],[-118.97,33.51],[-118.97,33.51],[-118.97,33.5],[-118.96,33.5],[-118.96,33.49],[-118.96,33.47],[-118.96,33.47],[-118.97,33.46],[-118.97,33.45],[-118.97,33.44],[-118.98,33.43],[-118.98,33.43],[-118.99,33.42],[-119.0,33.42],[-119.0,33.42],[-119.0,33.42],[-119.01,33.42],[-119.02,33.42],[-119.03,33.41],[-119.04,33.41],[-119.05,33.41],[-119.06,33.41],[-119.07,33.41],[-119.08,33.42],[-119.09,33.42],[-119.09,33.43],[-119.1,33.44],[-119.1,33.44],[-119.11,33.45],[-119.11,33.45],[-119.11,33.46],[-119.11,33.46],[-119.11,33.47],[-119.11,33.47],[-119.11,33.48],[-119.11,33.49],[-119.11,33.49],[-119.11,33.5],[-119.11,33.5],[-119.11,33.5],[-119.12,33.5],[-119.12,33.51],[-119.12,33.51],[-119.11,33.52],[-119.11,33.52],[-119.1,33.52],[-119.1,33.53],[-119.09,33.53],[-119.08,33.53],[-119.08,33.54],[-119.07,33.54],[-119.07,33.54],[-119.06,33.54],[-119.06,33.54],[-119.05,33.54],[-119.05,33.54],[-119.05,33.54],[-119.05,33.54],[-119.04,33.54],[-119.04,33.54],[-119.03,33.54],[-119.02,33.54],[-119.02,33.54],[-119.01,33.54],[-119.01,33.54]]],[[[-118.33,32.88],[-118.33,32.87],[-118.32,32.86],[-118.3,32.85],[-118.29,32.84],[-118.29,32.82],[-118.29,32.81],[-118.3,32.8],[-118.3,32.79],[-118.32,32.78],[-118.33,32.77],[-118.35,32.77],[-118.36,32.77],[-118.37,32.77],[-118.38,32.77],[-118.38,32.77],[-118.39,32.76],[-118.39,32.76],[-118.4,32.76],[-118.41,32.75],[-118.42,32.75],[-118.44,32.75],[-118.44,32.75],[-118.45,32.76],[-118.46,32.76],[-118.47,32.77],[-118.48,32.77],[-118.48,32.78],[-118.49,32.79],[-118.5,32.79],[-118.51,32.8],[-118.52,32.8],[-118.52,32.8],[-118.53,32.81],[-118.54,32.81],[-118.55,32.82],[-118.55,32.83],[-118.56,32.84],[-118.56,32.85],[-118.57,32.85],[-118.58,32.87],[-118.58,32.87],[-118.59,32.88],[-118.59,32.88],[-118.6,32.89],[-118.6,32.9],[-118.6,32.91],[-118.61,32.91],[-118.61,32.92],[-118.61,32.93],[-118.61,32.93],[-118.62,32.94],[-118.63,32.95],[-118.63,32.95],[-118.63,32.96],[-118.64,32.97],[-118.64,32.98],[-118.64,32.98],[-118.64,32.99],[-118.64,33.0],[-118.67,33.0],[-118.67,33.01],[-118.68,33.03],[-118.68,33.05],[-118.66,33.07],[-118.64,33.08],[-118.63,33.09],[-118.61,33.09],[-118.59,33.09],[-118.56,33.08],[-118.55,33.08],[-118.53,33.07],[-118.51,33.05],[-118.51,33.04],[-118.5,33.03],[-118.49,33.02],[-118.49,33.01],[-118.48,33.0],[-118.48,33.0],[-118.48,33.0],[-118.47,32.99],[-118.46,32.98],[-118.45,32.97],[-118.45,32.96],[-118.44,32.96],[-118.43,32.95],[-118.42,32.94],[-118.41,32.94],[-118.41,32.93],[-118.39,32.92],[-118.39,32.92],[-118.38,32.91],[-118.38,32.91],[-118.38,32.91],[-118.37,32.91],[-118.36,32.9],[-118.36,32.89],[-118.35,32.89],[-118.34,32.88],[-118.34,32.88],[-118.33,32.88]]],[[[-118.31,33.42],[-118.31,33.41],[-118.3,33.4],[-118.29,33.39],[-118.28,33.38],[-118.27,33.38],[-118.26,33.36],[-118.25,33.35],[-118.25,33.34],[-118.24,33.31],[-118.25,33.29],[-118.25,33.28],[-118.26,33.27],[-118.28,33.26],[-118.3,33.25],[-118.31,33.25],[-118.32,33.25],[-118.33,33.25],[-118.34,33.25],[-118.36,33.26],[-118.38,33.26],[-118.39,33.27],[-118.4,33.27],[-118.43,33.27],[-118.44,33.27],[-118.47,33.27],[-118.5,33.28],[-118.51,33.29],[-118.53,33.32],[-118.54,33.33],[-118.55,33.35],[-118.55,33.37],[-118.55,33.38],[-118.55,33.38],[-118.56,33.38],[-118.59,33.39],[-118.62,33.41],[-118.63,33.42],[-118.64,33.43],[-118.66,33.45],[-118.67,33.47],[-118.67,33.49],[-118.66,33.5],[-118.66,33.51],[-118.66,33.51],[-118.65,33.52],[-118.64,33.52],[-118.63,33.53],[-118.61,33.53],[-118.6,33.53],[-118.59,33.53],[-118.59,33.53],[-118.58,33.53],[-118.58,33.53],[-118.57,33.53],[-118.57,33.53],[-118.56,33.53],[-118.56,33.53],[-118.56,33.53],[-118.55,33.53],[-118.55,33.53],[-118.54,33.53],[-118.53,33.53],[-118.53,33.53],[-118.52,33.53],[-118.52,33.53],[-118.51,33.53],[-118.51,33.52],[-118.5,33.52],[-118.5,33.52],[-118.5,33.52],[-118.49,33.52],[-118.49,33.52],[-118.48,33.52],[-118.48,33.52],[-118.47,33.51],[-118.46,33.51],[-118.46,33.51],[-118.45,33.5],[-118.45,33.5],[-118.44,33.49],[-118.43,33.49],[-118.43,33.49],[-118.42,33.48],[-118.42,33.48],[-118.41,33.48],[-118.4,33.48],[-118.4,33.48],[-118.39,33.47],[-118.39,33.47],[-118.38,33.47],[-118.38,33.47],[-118.37,33.47],[-118.36,33.46],[-118.35,33.46],[-118.35,33.46],[-118.34,33.45],[-118.33,33.45],[-118.32,33.44],[-118.32,33.43],[-118.31,33.43]]],[[[-119.38,34.07],[-119.33,34.07],[-119.3,34.04],[-119.3,34.0],[-119.3,33.99],[-119.34,33.97],[-119.37,33.96],[-119.38,33.95],[-119.4,33.95],[-119.43,33.96],[-119.47,33.97],[-119.5,33.98],[-119.52,33.95],[-119.56,33.94],[-119.6,33.94],[-119.62,33.94],[-119.64,33.94],[-119.66,33.93],[-119.68,33.92],[-119.72,33.91],[-119.75,33.91],[-119.78,33.91],[-119.81,33.9],[-119.86,33.91],[-119.88,33.92],[-119.9,33.94],[-119.91,33.92],[-119.95,33.89],[-120.0,33.89],[-120.02,33.88],[-120.04,33.86],[-120.08,33.85],[-120.13,33.84],[-120.16,33.85],[-120.18,33.87],[-120.2,33.88],[-120.23,33.89],[-120.25,33.91],[-120.28,33.94],[-120.29,33.96],[-120.32,33.97],[-120.36,33.96],[-120.4,33.97],[-120.42,33.97],[-120.46,33.98],[-120.49,33.98],[-120.5,34.0],[-120.52,34.02],[-120.53,34.05],[-120.57,34.07],[-120.58,34.1],[-120.58,34.13],[-120.55,34.15],[-120.51,34.15],[-120.49,34.15],[-120.47,34.14],[-120.43,34.16],[-120.4,34.16],[-120.38,34.15],[-120.35,34.14],[-120.34,34.12],[-120.32,34.11],[-120.3,34.1],[-120.27,34.08],[-120.26,34.07],[-120.25,34.06],[-120.23,34.06],[-120.21,34.06],[-120.19,34.06],[-120.16,34.08],[-120.14,34.08],[-120.11,34.08],[-120.1,34.07],[-120.08,34.09],[-120.05,34.09],[-120.01,34.08],[-119.99,34.06],[-119.97,34.1],[-119.97,34.11],[-119.94,34.13],[-119.91,34.13],[-119.88,34.13],[-119.87,34.12],[-119.84,34.12],[-119.79,34.11],[-119.77,34.11],[-119.75,34.11],[-119.72,34.1],[-119.69,34.09],[-119.65,34.07],[-119.64,34.09],[-119.63,34.09],[-119.59,34.11],[-119.57,34.11],[-119.55,34.11],[-119.52,34.1],[-119.5,34.09],[-119.48,34.07],[-119.46,34.06],[-119.42,34.07],[-119.39,34.07]]],[[[-119.63,33.23],[-119.63,33.24],[-119.63,33.25],[-119.63,33.25],[-119.63,33.26],[-119.64,33.27],[-119.63,33.29],[-119.63,33.3],[-119.62,33.31],[-119.61,33.31],[-119.6,33.32],[-119.59,33.33],[-119.58,33.33],[-119.57,33.33],[-119.56,33.33],[-119.55,33.33],[-119.54,33.33],[-119.53,33.34],[-119.53,33.33],[-119.51,33.33],[-119.5,33.33],[-119.5,33.33],[-119.49,33.33],[-119.47,33.32],[-119.44,33.31],[-119.43,33.3],[-119.43,33.3],[-119.43,33.3],[-119.43,33.3],[-119.43,33.3],[-119.42,33.3],[-119.41,33.29],[-119.41,33.28],[-119.4,33.28],[-119.39,33.27],[-119.39,33.27],[-119.38,33.27],[-119.38,33.26],[-119.38,33.26],[-119.37,33.26],[-119.37,33.25],[-119.36,33.25],[-119.36,33.25],[-119.36,33.24],[-119.36,33.23],[-119.36,33.23],[-119.36,33.22],[-119.36,33.21],[-119.37,33.21],[-119.37,33.2],[-119.37,33.2],[-119.37,33.2],[-119.38,33.19],[-119.38,33.19],[-119.38,33.19],[-119.39,33.19],[-119.39,33.18],[-119.43,33.17],[-119.44,33.17],[-119.47,33.16],[-119.47,33.16],[-119.48,33.16],[-119.48,33.16],[-119.48,33.16],[-119.48,33.16],[-119.49,33.17],[-119.49,33.17],[-119.5,33.17],[-119.51,33.17],[-119.51,33.17],[-119.51,33.17],[-119.52,33.17],[-119.52,33.17],[-119.53,33.17],[-119.53,33.17],[-119.53,33.17],[-119.54,33.18],[-119.55,33.18],[-119.55,33.18],[-119.55,33.18],[-119.55,33.18],[-119.55,33.18],[-119.56,33.18],[-119.57,33.18],[-119.57,33.19],[-119.58,33.19],[-119.58,33.19],[-119.59,33.2],[-119.59,33.2],[-119.59,33.2],[-119.6,33.2],[-119.61,33.21],[-119.61,33.21],[-119.61,33.22],[-119.62,33.22],[-119.62,33.23],[-119.62,33.23],[-119.62,33.23],[-119.62,33.23],[-119.62,33.23],[-119.63,33.23]]],[[[-114.63,34.87],[-114.63,34.87],[-114.57,34.79],[-114.48,34.71],[-114.44,34.64],[-114.38,34.48],[-114.29,34.42],[-114.15,34.31],[-114.26,34.17],[-114.36,34.13],[-114.44,34.04],[-114.5,33.96],[-114.51,33.91],[-114.53,33.84],[-114.5,33.7],[-114.54,33.59],[-114.61,33.47],[-114.72,33.4],[-114.68,33.23],[-114.63,33.03],[-114.48,32.97],[-114.47,32.87],[-114.59,32.73],[-114.64,32.73],[-114.69,32.74],[-114.72,32.72],[-114.72,32.72],[-114.96,32.7],[-115.48,32.67],[-115.5,32.66],[-115.8,32.64],[-116.07,32.62],[-116.2,32.61],[-116.35,32.6],[-116.47,32.59],[-116.62,32.58],[-116.76,32.57],[-116.83,32.56],[-116.96,32.55],[-117.03,32.54],[-117.07,32.54],[-117.22,32.62],[-117.31,32.65],[-117.34,32.83],[-117.38,33.07],[-117.57,33.31],[-117.72,33.41],[-117.82,33.49],[-117.95,33.56],[-118.06,33.63],[-118.35,33.66],[-118.51,33.94],[-118.62,33.99],[-118.75,33.98],[-118.88,33.98],[-119.23,34.07],[-119.33,34.24],[-119.56,34.35],[-119.74,34.34],[-119.91,34.36],[-120.12,34.42],[-120.25,34.42],[-120.43,34.4],[-120.56,34.49],[-120.67,34.52],[-120.71,34.61],[-120.68,34.72],[-120.68,34.81],[-120.73,34.9],[-120.69,35.03],[-120.78,35.11],[-120.96,35.24],[-120.93,35.38],[-121.06,35.44],[-121.25,35.6],[-121.46,35.82],[-121.75,36.15],[-121.87,36.2],[-121.93,36.26],[-121.96,36.33],[-121.97,36.38],[-121.99,36.43],[-122.02,36.51],[-122.04,36.59],[-122.07,36.87],[-122.28,37.02],[-122.45,37.15],[-122.47,37.31],[-122.56,37.47],[-122.57,37.63],[-122.63,37.83],[-122.79,37.89],[-122.9,37.98],[-123.08,37.99],[-123.12,38.28],[-123.19,38.4],[-123.33,38.5],[-123.5,38.66],[-123.73,38.84],[-123.76,39.04],[-123.81,39.12],[-123.85,39.22],[-123.89,39.35],[-123.89,39.44],[-123.84,39.55],[-123.87,39.68],[-123.95,39.83],[-124.06,39.96],[-124.23,40.09],[-124.43,40.28],[-124.48,40.45],[-124.33,40.72],[-124.19,40.96],[-124.22,41.03],[-124.25,41.09],[-124.25,41.14],[-124.21,41.18],[-124.17,41.26],[-124.19,41.29],[-124.23,41.32],[-124.24,41.36],[-124.14,41.38],[-124.15,41.51],[-124.23,41.69],[-124.41,41.79],[-124.31,41.86],[-124.33,42.0],[-124.33,42.0],[-124.12,42.0],[-123.97,42.0],[-123.79,42.0],[-123.62,42.0],[-123.51,42.0],[-123.27,42.0],[-123.03,42.0],[-122.78,42.0],[-122.65,42.0],[-122.41,42.01],[-122.19,42.01],[-122.0,42.0],[-121.82,42.0],[-121.71,42.0],[-121.61,42.0],[-121.52,42.0],[-121.44,42.0],[-121.36,42.0],[-121.26,42.0],[-120.97,41.99],[-120.77,41.99],[-120.6,41.99],[-120.31,41.99],[-120.2,41.99],[-120.0,42.0],[-120.0,41.99],[-120.0,41.98],[-120.0,41.27],[-120.0,40.87],[-120.0,40.4],[-120.0,40.09],[-120.0,39.8],[-120.0,39.58],[-120.01,39.38],[-119.97,38.98],[-119.76,38.83],[-119.44,38.61],[-119.0,38.3],[-118.52,37.96],[-118.23,37.75],[-118.04,37.62],[-117.8,37.44],[-117.32,37.08],[-116.87,36.75],[-116.38,36.37],[-116.08,36.15],[-115.9,36.0],[-115.65,35.81],[-115.37,35.59],[-115.12,35.39],[-114.82,35.15],[-114.63,35.0],[-114.63,35.0]]]]},"properties":{"state":"CA"}},{"type":"Feature","id":"OH","geometry":{"type":"MultiPolygon","coordinates":[[[[-80.52,41.22],[-80.52,41.22],[-80.52,41.19],[-80.52,41.12],[-80.52,41.06],[-80.52,41.01],[-80.52,40.96],[-80.52,40.9],[-80.52,40.87],[-80.52,40.81],[-80.52,40.77],[-80.52,40.72],[-80.52,40.65],[-80.52,40.64],[-80.57,40.62],[-80.64,40.55],[-80.62,40.4],[-80.68,40.19],[-80.68,40.19],[-80.71,40.12],[-80.74,40.07],[-80.74,40.03],[-80.74,39.98],[-80.79,39.92],[-80.85,39.74],[-81.0,39.57],[-81.11,39.48],[-81.33,39.36],[-81.66,39.28],[-81.74,39.14],[-81.81,39.08],[-81.78,39.03],[-81.77,38.92],[-81.98,39.01],[-82.09,38.98],[-82.13,38.91],[-82.21,38.76],[-82.2,38.59],[-82.3,38.49],[-82.52,38.41],[-82.6,38.42],[-82.6,38.42],[-82.63,38.48],[-82.69,38.54],[-82.82,38.57],[-82.86,38.65],[-82.87,38.72],[-82.93,38.75],[-83.04,38.72],[-83.16,38.62],[-83.19,38.62],[-83.25,38.63],[-83.32,38.62],[-83.38,38.66],[-83.53,38.7],[-83.61,38.69],[-83.64,38.67],[-83.64,38.64],[-83.68,38.63],[-83.77,38.65],[-83.85,38.75],[-83.99,38.78],[-84.21,38.81],[-84.3,38.98],[-84.49,39.1],[-84.58,39.08],[-84.82,39.11],[-84.82,39.11],[-84.82,39.11],[-84.82,39.25],[-84.82,39.32],[-84.82,39.41],[-84.82,39.57],[-84.81,39.68],[-84.81,39.8],[-84.81,39.97],[-84.81,40.19],[-84.8,40.29],[-84.8,40.35],[-84.8,40.47],[-84.8,40.57],[-84.8,40.69],[-84.8,40.82],[-84.8,40.89],[-84.8,40.98],[-84.8,41.07],[-84.8,41.19],[-84.8,41.27],[-84.8,41.31],[-84.8,41.41],[-84.8,41.47],[-84.8,41.56],[-84.81,41.6],[-84.81,41.69],[-84.81,41.7],[-84.8,41.7],[-84.71,41.7],[-84.67,41.7],[-84.57,41.7],[-84.46,41.7],[-84.4,41.71],[-84.33,41.71],[-84.22,41.71],[-84.15,41.71],[-84.07,41.71],[-83.94,41.72],[-83.86,41.72],[-83.76,41.72],[-83.71,41.73],[-83.68,41.73],[-83.66,41.73],[-83.63,41.73],[-83.59,41.73],[-83.57,41.73],[-83.53,41.73],[-83.52,41.73],[-83.5,41.73],[-83.49,41.73],[-83.47,41.73],[-83.42,41.73],[-83.11,41.96],[-83.07,41.88],[-83.07,41.86],[-83.07,41.86],[-83.07,41.86],[-83.0,41.83],[-83.0,41.83],[-82.87,41.77],[-82.83,41.75],[-82.83,41.75],[-82.81,41.74],[-82.81,41.74],[-82.76,41.72],[-82.75,41.71],[-82.73,41.7],[-82.69,41.68],[-82.68,41.68],[-82.65,41.68],[-82.62,41.68],[-82.5,41.68],[-82.42,41.68],[-82.4,41.68],[-82.37,41.69],[-82.35,41.7],[-82.33,41.71],[-82.25,41.75],[-82.24,41.75],[-82.12,41.8],[-82.0,41.86],[-81.98,41.88],[-81.97,41.88],[-81.87,41.92],[-81.79,41.96],[-81.75,41.98],[-81.71,42.0],[-81.69,42.0],[-81.67,42.01],[-81.62,42.03],[-81.62,42.03],[-81.55,42.07],[-81.5,42.09],[-81.5,42.1],[-81.45,42.12],[-81.44,42.13],[-81.37,42.15],[-81.33,42.18],[-81.29,42.2],[-81.27,42.21],[-81.25,42.22],[-81.21,42.22],[-81.19,42.23],[-81.17,42.23],[-81.12,42.23],[-81.11,42.24],[-81.09,42.24],[-81.03,42.25],[-81.03,42.25],[-81.02,42.25],[-81.01,42.25],[-81.01,42.25],[-81.0,42.25],[-81.0,42.25],[-80.98,42.26],[-80.94,42.26],[-80.9,42.27],[-80.87,42.27],[-80.84,42.28],[-80.79,42.29],[-80.75,42.29],[-80.71,42.3],[-80.67,42.3],[-80.62,42.31],[-80.6,42.31],[-80.58,42.32],[-80.53,42.33],[-80.52,41.96],[-80.52,41.89],[-80.52,41.82],[-80.52,41.76],[-80.52,41.72],[-80.52,41.67],[-80.52,41.64],[-80.52,41.55],[-80.52,41.52],[-80.52,41.44],[-80.52,41.35],[-80.52,41.29],[-80.52,41.24]]]]},"properties":{"state":"OH"}},{"type":"Feature","id":"TX","geometry":{"type":"MultiPolygon","coordinates":[[[[-94.27,33.57],[-94.27,33.57],[-94.23,33.55],[-94.2,33.57],[-94.17,33.59],[-94.13,33.56],[-94.08,33.58],[-94.07,33.55],[-94.04,33.55],[-94.04,33.49],[-94.04,33.47],[-94.04,33.45],[-94.04,33.44],[-94.04,33.42],[-94.04,33.41],[-94.04,33.39],[-94.04,33.35],[-94.04,33.28],[-94.04,33.14],[-94.04,33.02],[-94.04,32.77],[-94.04,32.4],[-94.03,32.0],[-93.93,31.89],[-93.88,31.85],[-93.83,31.74],[-93.82,31.63],[-93.74,31.52],[-93.71,31.44],[-93.69,31.31],[-93.61,31.2],[-93.55,31.09],[-93.55,31.09],[-93.57,30.99],[-93.57,30.88],[-93.61,30.76],[-93.65,30.67],[-93.73,30.55],[-93.7,30.44],[-93.76,30.33],[-93.71,30.25],[-93.72,30.21],[-93.71,30.18],[-93.7,30.14],[-93.7,30.06],[-93.93,29.81],[-93.83,29.6],[-97.17,27.57],[-97.25,25.95],[-97.37,25.91],[-97.4,25.84],[-97.45,25.86],[-97.49,25.88],[-97.58,25.94],[-97.62,26.0],[-97.68,26.03],[-97.75,26.03],[-97.83,26.06],[-97.98,26.07],[-98.16,26.06],[-98.28,26.12],[-98.38,26.16],[-98.48,26.2],[-98.63,26.25],[-98.92,26.38],[-99.1,26.45],[-99.38,26.98],[-99.43,27.18],[-99.49,27.29],[-99.49,27.39],[-99.54,27.59],[-99.75,27.71],[-99.94,27.94],[-100.16,28.17],[-100.31,28.34],[-100.41,28.59],[-100.53,28.8],[-100.64,28.94],[-100.77,29.17],[-100.95,29.35],[-101.24,29.57],[-101.41,29.74],[-101.61,29.77],[-101.82,29.79],[-101.99,29.8],[-102.15,29.81],[-102.27,29.87],[-102.39,29.78],[-102.52,29.76],[-102.67,29.74],[-102.77,29.59],[-102.82,29.45],[-102.88,29.33],[-102.9,29.21],[-103.01,29.14],[-103.1,29.05],[-103.24,28.98],[-103.33,29.04],[-103.46,29.07],[-103.59,29.15],[-103.73,29.19],[-103.81,29.27],[-103.95,29.3],[-104.09,29.36],[-104.18,29.42],[-104.28,29.52],[-104.4,29.56],[-104.48,29.63],[-104.52,29.66],[-104.54,29.7],[-104.55,29.74],[-104.57,29.78],[-104.6,29.82],[-104.62,29.84],[-104.64,29.88],[-104.67,29.9],[-104.68,29.96],[-104.69,30.01],[-104.69,30.08],[-104.69,30.11],[-104.69,30.17],[-104.72,30.25],[-104.77,30.3],[-104.82,30.35],[-104.86,30.44],[-104.87,30.51],[-104.89,30.54],[-104.91,30.58],[-104.94,30.6],[-104.98,30.64],[-105.02,30.68],[-105.06,30.69],[-105.11,30.73],[-105.16,30.75],[-105.2,30.79],[-105.23,30.8],[-105.27,30.81],[-105.31,30.82],[-105.34,30.84],[-105.38,30.85],[-105.39,30.86],[-105.41,30.89],[-105.47,30.92],[-105.52,30.97],[-105.78,31.2],[-106.28,31.56],[-106.53,31.78],[-106.55,31.81],[-106.61,31.85],[-106.63,31.91],[-106.62,31.94],[-106.63,31.99],[-106.56,32.0],[-105.9,32.0],[-105.15,32.0],[-104.64,32.0],[-104.0,32.0],[-103.56,32.0],[-103.53,32.0],[-103.06,32.6],[-103.06,33.0],[-103.06,33.35],[-103.05,33.72],[-103.04,34.04],[-103.04,34.27],[-103.04,34.41],[-103.04,34.54],[-103.04,34.67],[-103.04,34.89],[-103.04,35.14],[-103.04,35.21],[-103.04,35.77],[-103.02,36.5],[-103.0,36.5],[-103.0,36.5],[-100.11,36.5],[-100.0,34.86],[-99.68,34.38],[-99.26,34.4],[-98.96,34.21],[-98.41,34.09],[-97.96,33.99],[-97.59,33.91],[-97.2,33.81],[-97.09,33.85],[-96.87,33.85],[-96.53,33.82],[-96.32,33.7],[-96.17,33.8],[-95.95,33.86],[-95.82,33.86],[-95.52,33.89],[-95.31,33.88],[-95.24,33.95],[-95.1,33.91],[-95.03,33.86],[-94.87,33.77],[-94.76,33.73],[-94.63,33.67],[-94.49,33.64],[-94.49,33.64],[-94.46,33.64],[-94.46,33.63],[-94.47,33.6],[-94.42,33.58],[-94.4,33.56],[-94.35,33.55],[-94.3,33.57]]]]},"properties":{"state":"TX"}}]}